symbol,entry_date,exit_date,entry_price,exit_price,qty,reason,sector,pnl,ret_pct,holding_days,ema13_gt_ema21
CGPOWER,2021-01-01,2021-01-06,44.65,43.25,2687,rebalance,NIFTY ENERGY,-3761.799999999996,-3.135498320268759,5,True
LAURUSLABS,2021-01-01,2021-01-11,353.4795258620689,350.1,232,rebalance,NIFTY MIDSML HLTH,-784.0499999999788,-0.956074005651919,10,True
COFORGE,2021-01-01,2021-01-12,544.5,554.5,149,rebalance,NIFTY MS IT TELCM,1490.0,1.8365472910927492,11,True
SAIL,2021-01-11,2021-01-14,74.85,67.84006357972231,1086,stop,NIFTY METAL,-7612.790952421563,-9.365312518741064,3,True
PGEL,2021-01-12,2021-01-15,14.350034728251432,13.8,5759,rebalance,NIFTY CONSR DURBL,-3167.64999999999,-3.8329853458023866,3,False
CGPOWER,2021-01-15,2021-01-18,43.65,42.0,1820,rebalance,NIFTY ENERGY,-3002.9999999999973,-3.7800687285223344,3,True
TATASTEEL,2021-01-01,2021-01-19,59.32,60.33091339578134,2022,stop,NIFTY METAL,2044.0668862698635,1.7041695815599,18,True
LTM,2021-01-01,2021-01-20,3699.3,4090.95,21,rebalance,NIFTY IT,8224.649999999992,10.58713810720946,19,True
TATASTEEL,2021-01-19,2021-01-27,63.03,57.91865090501086,1936,stop,NIFTY METAL,-9895.571847898984,-8.10939091700642,8,True
JINDALSTEL,2021-01-06,2021-01-28,284.2,263.0,409,stop,NIFTY METAL,-8670.799999999996,-7.459535538353268,22,True
VEDL,2021-01-14,2021-01-28,74.55,66.8,988,stop,NIFTY METAL,-7657.0,-10.395707578806167,14,True
JSWSTEEL,2021-01-01,2021-01-29,389.7,369.3591309245477,205,stop,NIFTY METAL,-4169.878160467722,-5.219622549513037,28,True
MPHASIS,2021-01-01,2021-01-29,1408.0245614035086,1392.2437745009863,57,stop,NIFTY MS IT TELCM,-899.5048534437594,-1.1207749733280203,28,True
PERSISTENT,2021-01-18,2021-02-02,796.2,786.0,96,rebalance,NIFTY MS IT TELCM,-979.2000000000044,-1.2810851544838076,15,True
ASHOKLEY,2021-01-28,2021-02-16,53.9,61.9,1538,rebalance,NIFTY AUTO,12304.0,14.842300556586263,19,True
HAVELLS,2021-01-29,2021-02-23,1044.75,1124.45,69,rebalance,NIFTY CONSR DURBL,5499.300000000003,7.628619286910743,25,True
SHRIRAMFIN,2021-02-02,2021-02-24,273.35,275.6,276,rebalance,NIFTY FINSEREXBNK,621.0,0.823120541430411,22,True
TATAELXSI,2021-01-01,2021-02-26,1867.95,2615.485534491973,64,stop,NIFTY MS IT TELCM,47842.27420748626,40.01903340517534,56,True
TMPV,2021-01-27,2021-03-09,184.15,217.0,608,rebalance,NIFTY AUTO,19972.8,17.838718436057555,41,True
APLAPOLLO,2021-01-01,2021-03-15,429.9,608.0590518882157,279,stop,NIFTY METAL,49706.37547681218,41.441975317100656,73,True
DLF,2021-01-28,2021-03-17,261.0,290.117776366365,348,stop,NIFTY REALTY,10132.986175495013,11.156236155695389,48,True
SBIN,2021-02-23,2021-03-17,395.6,366.9869701550746,196,stop,NIFTY PSU BANK,-5608.153849605388,-7.232818464339097,22,True
PGEL,2021-01-20,2021-03-18,14.25,40.75,6028,stop,NIFTY CONSR DURBL,159742.0,185.96491228070172,57,False
IDFCFIRSTB,2021-01-29,2021-03-18,47.21132879045997,60.16343114126318,1761,stop,NIFTY MS FIN SERV,22808.65223976445,27.434310117152314,48,True
PGEL,2021-03-18,2021-03-19,40.75,38.7,4156,rebalance,NIFTY CONSR DURBL,-8519.799999999988,-5.03067484662576,1,True
NATIONALUM,2021-03-17,2021-03-25,55.06978713110789,49.74276768828552,2067,stop,NIFTY METAL,-11010.949188313836,-9.673215968930515,8,True
ADANIPOWER,2021-03-15,2021-03-30,15.85,18.047692089117263,10707,stop,NIFTY COMMODITIES,23530.68919817857,13.865565231023758,15,True
CHOLAFIN,2021-02-16,2021-04-09,528.05,557.9,180,rebalance,NIFTY FINSEREXBNK,5373.000000000004,5.652873780891965,52,True
ADANIENT,2021-01-01,2021-04-12,476.2,1029.546745958861,251,stop,NIFTY METAL,138890.0332356741,116.20049264150798,101,True
VEDL,2021-02-24,2021-04-12,90.52268842268845,95.66412762657708,1287,stop,NIFTY METAL,6617.032255404695,5.679724380125695,47,True
ADANIENSOL,2021-03-09,2021-04-12,757.65,939.3695646157512,174,stop,NIFTY COMMODITIES,31619.20424314071,23.984632035339693,34,True
APLAPOLLO,2021-03-18,2021-04-15,609.8,593.909239025073,277,stop,NIFTY METAL,-4401.7407900547605,-2.605897175291394,28,True
CGPOWER,2021-03-25,2021-04-15,67.09947814742335,68.16624295810401,1533,stop,NIFTY ENERGY,1635.35045477344,1.589825793185562,21,True
ADANIPOWER,2021-04-09,2021-04-19,19.54538312318138,17.5,5155,rebalance,NIFTY COMMODITIES,-10543.95000000002,-10.46478910283165,10,True
HINDALCO,2021-03-17,2021-05-14,326.5491758241758,374.0346290232858,182,stop,NIFTY METAL,8642.35248223802,14.541593338663828,58,True
SAIL,2021-03-19,2021-05-14,73.5,124.89891524802611,2188,stop,NIFTY METAL,112460.82656268116,69.93049693608997,56,True
JINDALSTEL,2021-04-12,2021-05-14,389.0,431.9144246745226,472,stop,NIFTY METAL,20255.608446374663,11.031985777512231,32,True
NATIONALUM,2021-04-19,2021-05-14,56.1,69.08983301294597,1608,stop,NIFTY METAL,20887.651484817125,23.154782554270906,25,True
SAIL,2021-05-14,2021-05-20,127.15,121.45,1577,rebalance,NIFTY METAL,-8988.900000000005,-4.482894219425882,6,True
JINDALSTEL,2021-05-14,2021-05-20,417.3,401.05,364,rebalance,NIFTY METAL,-5915.0,-3.89408099688473,6,True
NMDC,2021-04-12,2021-05-21,16.2,21.447626431807077,10991,stop,NIFTY METAL,57676.66211199155,32.39275575189553,39,True
TATASTEEL,2021-03-30,2021-05-24,74.66,103.227402880947,2403,stop,NIFTY METAL,68647.46912291567,38.26333094153096,55,True
SAIL,2021-05-24,2021-05-25,124.75,123.95,1862,rebalance,NIFTY METAL,-1489.599999999995,-0.6412825651302634,1,True
ADANIENT,2021-04-12,2021-06-14,1041.6,1397.5,176,stop,NIFTY METAL,62638.400000000016,34.168586789554546,63,True
VEDL,2021-04-15,2021-06-16,98.2,118.4669365366235,1454,stop,NIFTY METAL,29468.12572425057,20.638428245034124,62,True
ADANIENSOL,2021-04-15,2021-06-16,944.15,1374.1,133,stop,NIFTY COMMODITIES,57183.34999999999,45.538314886405765,62,True
NATIONALUM,2021-05-14,2021-06-17,69.87451712028096,65.93727796740446,2278,stop,NIFTY METAL,-8969.03079025267,-5.634728245919751,34,True
ADANIENT,2021-06-14,2021-06-17,1455.6,1280.1164560469265,165,stop,NIFTY METAL,-28954.784752257157,-12.055753225685194,3,True
HINDALCO,2021-05-20,2021-06-17,385.2,369.25,399,rebalance,NIFTY METAL,-6364.049999999996,-4.140706126687432,28,True
ADANIENSOL,2021-06-16,2021-06-17,1374.1,1305.4,145,rebalance,NIFTY COMMODITIES,-9961.499999999976,-4.999636125463924,1,True
JSWSTEEL,2021-05-14,2021-06-18,704.478305785124,662.0348433832378,242,stop,NIFTY METAL,-10271.317901256463,-6.0248075850375615,35,True
TATASTEEL,2021-05-25,2021-06-18,104.46,100.23074259889997,2210,stop,NIFTY METAL,-9346.658856431091,-4.048686005265212,24,True
SAIL,2021-06-16,2021-06-18,131.2,124.0,1187,rebalance,NIFTY METAL,-8546.399999999987,-5.487804878048774,2,True
PNBHOUSING,2021-06-17,2021-06-18,620.95,611.1,277,rebalance,NIFTY MS FIN SERV,-2728.450000000006,-1.5862790884934364,1,True
ADANIENT,2021-06-18,2021-07-02,1442.1,1378.7,153,rebalance,NIFTY METAL,-9700.19999999998,-4.396366410096375,14,True
NMDC,2021-05-21,2021-07-06,21.4,20.75,10822,stop,NIFTY METAL,-7034.299999999985,-3.037383177570085,46,True
HINDZINC,2021-05-20,2021-07-13,344.6,334.85,533,rebalance,NIFTY METAL,-5196.75,-2.8293673824724364,54,True
APLAPOLLO,2021-06-18,2021-07-14,774.95,736.4795932185466,237,stop,NIFTY METAL,-9117.486407204467,-4.964243729460405,26,True
VEDL,2021-07-06,2021-07-20,120.05,113.05,1871,rebalance,NIFTY METAL,-13097.0,-5.8309037900874605,14,False
SAIL,2021-07-14,2021-07-20,124.5,122.85,1409,rebalance,NIFTY METAL,-2324.850000000008,-1.3253012048192847,6,False
MOTILALOFS,2021-07-20,2021-07-30,263.6,235.6407830222218,858,stop,NIFTY CAPITAL MKT,-23989.00816693372,-10.606683223739845,10,True
COFORGE,2021-06-17,2021-08-04,795.5,940.0373492923136,189,stop,NIFTY MS IT TELCM,27317.559016247247,18.169371375526524,48,True
NATIONALUM,2021-07-02,2021-08-09,77.35,83.17420124376115,2727,stop,NIFTY METAL,15882.596791736662,7.529671937635629,38,True
NMDC,2021-08-04,2021-08-09,21.7,21.15,8192,rebalance,NIFTY METAL,-4505.600000000006,-2.5345622119815725,5,True
SAIL,2021-07-30,2021-08-10,142.05,131.73224394223593,1428,stop,NIFTY METAL,-14733.755650487115,-7.263467833695236,11,True
TATAELXSI,2021-02-26,2021-08-11,2657.85,4152.656439167594,58,stop,NIFTY MS IT TELCM,86698.77347172044,56.24118889958402,166,True
ADANIENT,2021-08-09,2021-08-11,1447.8,1393.2,159,rebalance,NIFTY METAL,-8681.399999999985,-3.771239121425607,2,True
APLAPOLLO,2021-07-20,2021-08-16,804.6,790.9898425623547,196,stop,NIFTY METAL,-2667.590857778476,-1.6915433056978957,27,True
VEDL,2021-08-09,2021-08-17,138.85,135.1203699600447,1223,stop,NIFTY METAL,-4561.337538865309,-2.6860857327729804,8,True
SAIL,2021-08-11,2021-08-18,134.75,128.4,1836,rebalance,NIFTY METAL,-11658.59999999999,-4.712430426716141,7,True
TATASTEEL,2021-06-18,2021-08-20,103.24,131.36693810821885,1428,stop,NIFTY METAL,40165.26761853652,27.24422521137044,63,True
JSWSTEEL,2021-08-11,2021-08-20,749.1,704.9629688008201,287,stop,NIFTY METAL,-12667.327954164628,-5.89200790270723,9,True
VEDL,2021-08-18,2021-08-20,132.25,118.67565484097808,1784,stop,NIFTY METAL,-24216.6317636951,-10.264155129695208,2,True
APLAPOLLO,2021-08-16,2021-08-23,809.7,771.7,192,rebalance,NIFTY METAL,-7296.0,-4.693096208472269,7,True
JSWENERGY,2021-06-18,2021-08-24,157.95,213.85,934,stop,NIFTY COMMODITIES,52210.600000000006,35.39094650205763,67,True
FORTIS,2021-08-23,2021-09-17,280.0,267.95,529,rebalance,NIFTY MIDSML HLTH,-6374.450000000006,-4.303571428571429,25,True
TATASTEEL,2021-08-20,2021-09-20,130.9,127.8142169381122,1854,stop,NIFTY METAL,-5721.041796739973,-2.3573590999906746,31,True
HINDALCO,2021-08-24,2021-09-20,420.85,445.6327590045394,475,stop,NIFTY METAL,11771.810527156214,5.888739219327399,27,True
ADANIENSOL,2021-09-17,2021-09-21,1820.35,1642.9,77,stop,NIFTY COMMODITIES,-13663.649999999989,-9.748125360507586,4,True
OFSS,2021-07-13,2021-09-28,3551.5,4009.346561439125,50,stop,NIFTY MS IT TELCM,22892.32807195626,12.891639066285387,77,True
COFORGE,2021-08-10,2021-09-28,962.5,1035.6279281148863,195,stop,NIFTY MS IT TELCM,14259.945982402838,7.597706817131056,49,True
WIPRO,2021-08-20,2021-09-28,296.4942446043166,309.3019029866056,556,stop,NIFTY IT,7121.058060552679,4.319698818903328,39,True
APLAPOLLO,2021-09-20,2021-09-28,918.55,841.2440287415419,207,stop,NIFTY METAL,-16002.336050500817,-8.416087448528442,8,True
PERSISTENT,2021-06-17,2021-09-29,1277.9,1719.0382757017164,176,stop,NIFTY MS IT TELCM,77640.33652350208,34.52056308801286,104,True
TECHM,2021-09-20,2021-09-29,1343.2,1313.3,192,stop,NIFTY IT,-5740.8000000000175,-2.2260273972602773,9,True
MPHASIS,2021-06-17,2021-10-11,1894.9,2809.8092375024626,79,stop,NIFTY MS IT TELCM,72277.82976269454,48.282718745182464,116,True
SRF,2021-08-20,2021-10-20,1777.8,2266.7534433871665,110,stop,,53784.87877258832,27.503287399435617,61,True
PRESTIGE,2021-09-21,2021-10-20,432.66164556962025,425.990575187642,395,stop,NIFTY REALTY,-2635.072800881416,-1.5418677505364409,29,True
PHOENIXLTD,2021-09-28,2021-10-21,485.2,454.3,351,rebalance,NIFTY REALTY,-10845.899999999992,-6.368507831821924,23,True
TATAELXSI,2021-08-17,2021-10-22,4715.25,5706.607498305167,35,stop,NIFTY MS IT TELCM,34697.51244068083,21.024494953717543,66,True
PERSISTENT,2021-09-29,2021-10-22,1771.4,1881.6844272320789,144,stop,NIFTY MS IT TELCM,15880.957521419345,6.225834212040127,23,True
MPHASIS,2021-10-20,2021-10-22,3260.8,2958.505721536964,54,stop,NIFTY MS IT TELCM,-16323.891037003965,-9.270555644720202,2,True
COFORGE,2021-09-28,2021-10-25,1043.0,1035.1009274940286,163,stop,NIFTY MS IT TELCM,-1287.5488184733365,-0.7573415633721381,27,True
DLF,2021-09-28,2021-10-25,410.1924528301887,394.5948907824424,424,stop,NIFTY REALTY,-6613.366308244429,-3.8024985443121606,27,True
INDHOTEL,2021-09-29,2021-10-28,179.7,191.7799498947488,1424,stop,NIFTY IND TOURISM,17201.84865012226,6.722287086671552,29,True
JSWENERGY,2021-10-20,2021-10-29,376.2,340.9577314686096,637,stop,NIFTY COMMODITIES,-22449.32505449567,-9.367960800475917,9,True
ADANIENSOL,2021-10-25,2021-11-09,1869.9,1859.8,89,rebalance,NIFTY COMMODITIES,-898.9000000000121,-0.5401358361409758,15,True
BANKBARODA,2021-10-25,2021-11-16,83.25,83.5,2024,rebalance,NIFTY PSU BANK,506.0,0.3003003003003046,22,True
GODREJPROP,2021-10-11,2021-11-18,2368.95,2178.774868438123,93,stop,NIFTY REALTY,-17686.28723525453,-8.027823785300525,38,True
DLF,2021-11-09,2021-11-18,437.2931937172775,405.8022757336561,382,stop,NIFTY REALTY,-12029.53066974337,-7.201328178910826,9,True
OBEROIRLTY,2021-09-28,2021-11-22,886.6,897.5908565663126,268,stop,NIFTY REALTY,2945.549559771769,1.239663497215493,55,True
GMRAIRPORT,2021-10-21,2021-11-22,41.18861202185793,37.89209611848706,4575,stop,NIFTY IND TOURISM,-15081.560257921716,-8.00346440812688,32,True
TATAELXSI,2021-10-22,2021-11-22,6032.3,6016.765068713109,42,stop,NIFTY MS IT TELCM,-652.4671140494283,-0.2575291561575432,31,True
PRESTIGE,2021-10-29,2021-11-22,426.1,445.2969607527541,509,stop,NIFTY REALTY,9771.253023151798,4.505271239792075,24,False
LTM,2021-11-16,2021-11-22,7291.3,6831.100821883274,23,stop,NIFTY IT,-10584.581096684702,-6.311620398512286,6,True
DLF,2021-11-18,2021-11-22,415.9,400.45,408,rebalance,NIFTY REALTY,-6303.599999999995,-3.714835296946384,4,True
INDIGO,2021-11-22,2021-11-25,2162.8,2071.6,75,rebalance,NIFTY IND TOURISM,-6840.00000000002,-4.216756056963211,3,True
PERSISTENT,2021-10-22,2021-11-26,1935.95,1947.6639852783076,107,stop,NIFTY MS IT TELCM,1253.39642477888,0.6050768500378334,35,True
MPHASIS,2021-10-22,2021-11-26,3055.1,2890.980386400409,55,stop,NIFTY MS IT TELCM,-9026.578747977508,-5.371988268783056,35,True
INDHOTEL,2021-10-28,2021-11-26,193.25,188.8446873600904,1280,stop,NIFTY IND TOURISM,-5638.800179084283,-2.2795925691640906,29,True
PHOENIXLTD,2021-11-18,2021-11-26,540.9,482.54025441238286,347,stop,NIFTY REALTY,-20250.831718903137,-10.789377997340932,8,True
COFORGE,2021-11-22,2021-11-26,1085.5,1053.5,224,rebalance,NIFTY MS IT TELCM,-7168.0,-2.947950253339471,4,True
PRESTIGE,2021-11-25,2021-11-26,467.45,440.2,335,rebalance,NIFTY REALTY,-9128.75,-5.829500481334904,1,True
ADANIENSOL,2021-11-26,2021-11-30,1993.85,1800.406665658964,111,stop,NIFTY COMMODITIES,-21472.210111854973,-9.70200036818396,4,True
VEDL,2021-11-26,2021-11-30,160.25,153.0,980,rebalance,NIFTY METAL,-7105.0,-4.524180967238689,4,True
BHARTIARTL,2021-11-26,2021-12-03,738.7007042253521,718.35,213,rebalance,NIFTY INFRA,-4334.699999999986,-2.75493228975503,7,True
COFORGE,2021-11-30,2021-12-06,1086.5,1025.0,142,rebalance,NIFTY MS IT TELCM,-8733.0,-5.660377358490565,6,True
APOLLOHOSP,2021-11-26,2021-12-09,5687.6,5215.024152646725,41,stop,NIFTY HEALTHCARE,-19375.60974148428,-8.308879797335877,13,True
BSE,2021-11-26,2021-12-17,168.5,216.244085734321,931,stop,NIFTY MS FIN SERV,44449.74381865285,28.33476898179288,21,True
BEL,2021-12-06,2021-12-17,69.3,67.1,2100,rebalance,NIFTY IND DEFENCE,-4620.000000000006,-3.1746031746031744,11,False
IEX,2021-11-22,2021-12-20,256.5,250.0,951,stop,NIFTY MS FIN SERV,-6181.5,-2.5341130604288558,28,True
GMRAIRPORT,2021-12-03,2021-12-20,42.43224273689926,38.8494659736582,3683,stop,NIFTY IND TOURISM,-13195.36681901684,-8.443524386528512,17,False
MPHASIS,2021-12-17,2021-12-20,3063.2,2834.274671099007,52,stop,NIFTY MS IT TELCM,-11904.117102851636,-7.473404573680886,3,False
PRESTIGE,2021-12-09,2021-12-20,467.5,432.7,457,rebalance,NIFTY REALTY,-15903.600000000006,-7.443850267379681,11,False
BSE,2021-12-17,2021-12-20,217.5,212.5,828,rebalance,NIFTY MS FIN SERV,-4140.0,-2.298850574712641,3,True
PHOENIXLTD,2021-12-20,2021-12-21,505.9,479.1,396,rebalance,NIFTY REALTY,-10612.79999999998,-5.2974896224550205,1,True
BLUESTARCO,2021-12-20,2021-12-28,503.4,506.6,311,rebalance,NIFTY CONSR DURBL,995.200000000014,0.6356773937227,8,True
SIEMENS,2021-12-20,2022-01-05,1794.2,1770.7,87,rebalance,NIFTY ENERGY,-2044.5,-1.3097759447107338,16,True
TATAELXSI,2022-01-05,2022-01-07,5963.8,5799.55,25,rebalance,NIFTY MS IT TELCM,-4106.25,-2.7541165029008385,2,False
PERSISTENT,2021-11-30,2022-01-10,2069.4,2227.517529412348,94,stop,NIFTY MS IT TELCM,14863.047764760642,7.640742698963332,41,True
COFORGE,2021-12-21,2022-01-10,1079.5,1115.7168973923715,176,stop,NIFTY MS IT TELCM,6374.173941057423,3.354969651910311,20,False
GMRAIRPORT,2022-01-10,2022-01-11,48.45,43.75,3458,stop,NIFTY IND TOURISM,-16252.60000000001,-9.70072239422085,1,True
WIPRO,2021-12-20,2022-01-13,318.3,316.95,734,stop,NIFTY IT,-990.9000000000168,-0.4241281809613695,24,True
LTM,2021-11-22,2022-01-17,6829.6,7023.913781180731,34,stop,NIFTY IT,6606.6685601448535,2.845170744710246,56,True
PERSISTENT,2022-01-10,2022-01-17,2246.9,2188.9,106,rebalance,NIFTY MS IT TELCM,-6148.0,-2.581334282789616,7,True
TECHM,2021-11-22,2022-01-18,1448.5,1577.039660467374,116,stop,NIFTY IT,14910.600614215386,8.873984153771076,57,True
LTM,2022-01-17,2022-01-18,7103.0,6869.5,30,rebalance,NIFTY IT,-7005.0,-3.287343376038298,1,True
INFY,2021-12-20,2022-01-20,1760.8,1791.7441157716448,88,stop,NIFTY IT,2723.082187904749,1.7573895826695107,31,True
SRF,2022-01-18,2022-01-21,2615.15,2469.8005425373512,63,stop,,-9157.015820146877,-5.557977839230976,3,True
GMRAIRPORT,2022-01-17,2022-01-21,44.85,42.3,5600,rebalance,NIFTY IND TOURISM,-14280.000000000024,-5.685618729096998,4,True
KEI,2021-11-22,2022-01-24,1032.6,1089.5086993601697,158,stop,NIFTY EV,8991.57449890682,5.511204663971503,63,True
PGEL,2021-11-26,2022-01-24,56.8,72.34315228731624,4141,stop,NIFTY CONSR DURBL,64364.193621776576,27.36470473119057,59,True
PRESTIGE,2021-12-28,2022-01-24,477.8260115606937,458.9879693325548,346,stop,NIFTY REALTY,-6517.962610936051,-3.942448040157831,27,True
TITAN,2022-01-18,2022-01-24,2600.6,2479.1268769178823,86,stop,NIFTY CONSR DURBL,-10446.688585062113,-4.670965280401351,6,True
INDHOTEL,2022-01-20,2022-01-24,209.45,195.3920152096166,752,stop,NIFTY IND TOURISM,-10571.604562368306,-6.711857145086364,4,True
SUZLON,2022-01-07,2022-01-25,9.81391289893617,9.8,15040,stop,NIFTY ENERGY,-209.24999999998815,-0.1417670920808467,18,True
TIINDIA,2022-01-21,2022-01-25,1783.0,1654.478301070194,90,stop,NIFTY AUTO,-11566.95290368254,-7.208171560841614,4,True
TCS,2022-01-24,2022-01-27,3771.35,3649.25,41,rebalance,NIFTY IT,-5006.099999999997,-3.2375674493218543,3,True
PRESTIGE,2022-01-24,2022-02-04,480.75,469.95,485,rebalance,NIFTY REALTY,-5238.0000000000055,-2.246489859594392,11,True
GMRAIRPORT,2022-02-04,2022-02-07,43.15,42.4,5282,rebalance,NIFTY IND TOURISM,-3961.5,-1.7381228273464666,3,False
SUZLON,2022-01-25,2022-02-08,10.100928173639868,9.7,14006,rebalance,NIFTY ENERGY,-5615.400000000007,-3.969221112631616,14,True
PGEL,2022-01-25,2022-02-11,75.59746621621622,71.35,2072,rebalance,NIFTY CONSR DURBL,-8800.750000000018,-5.618529864569865,17,True
POWERGRID,2022-01-21,2022-02-14,157.75,149.86483646453857,1464,stop,NIFTY ENERGY,-11543.879415915531,-4.998518881433556,24,True
INDHOTEL,2022-01-24,2022-02-14,195.25,199.74525172785985,1090,stop,NIFTY IND TOURISM,4899.824383367239,2.3023056224634297,21,True
ADANIENSOL,2022-01-13,2022-02-14,2019.7,1915.25,115,rebalance,NIFTY COMMODITIES,-12011.750000000004,-5.171560132692976,32,True
SIEMENS,2022-02-07,2022-02-14,1840.35,1775.3,121,rebalance,NIFTY ENERGY,-7871.049999999995,-3.5346537343440065,7,True
TATAELXSI,2022-01-11,2022-02-15,5956.417307692308,6767.268859691011,26,stop,NIFTY MS IT TELCM,21082.14035196628,13.613074942743577,35,True
ONGC,2022-01-24,2022-02-15,149.8,142.96449015294857,1558,stop,NIFTY OIL AND GAS,-10649.724341706144,-4.563090685615112,22,True
BANKBARODA,2022-01-27,2022-02-15,89.8,90.97337127661508,1666,stop,NIFTY PSU BANK,1954.836546840733,1.306649528524595,19,True
AMBER,2022-02-14,2022-02-17,3462.2,3405.3,65,rebalance,NIFTY CONSR DURBL,-3698.499999999976,-1.6434636936052072,3,True
ADANIENSOL,2022-02-15,2022-02-21,1926.95,1895.9,78,rebalance,NIFTY COMMODITIES,-2421.8999999999965,-1.6113547315706134,6,True
ADANIPOWER,2022-02-17,2022-02-21,26.4,24.05,8391,rebalance,NIFTY COMMODITIES,-19718.84999999998,-8.901515151515149,4,True
INDIGO,2022-02-08,2022-02-22,2182.6,1996.0,62,stop,NIFTY IND TOURISM,-11569.199999999992,-8.549436451938053,14,True
NATIONALUM,2022-02-14,2022-02-22,116.81,107.41,1676,stop,NIFTY METAL,-15754.400000000009,-8.047256228062672,8,True
TATAELXSI,2022-02-15,2022-02-22,7111.05,6422.9,31,stop,NIFTY MS IT TELCM,-21332.650000000016,-9.67719253837338,7,True
BANKBARODA,2022-02-15,2022-02-22,96.0,86.99319641410868,1858,stop,NIFTY PSU BANK,-16734.64106258607,-9.38208706863679,7,True
OIL,2022-02-14,2022-02-22,150.5,147.0,1501,rebalance,NIFTY OIL AND GAS,-5253.5,-2.3255813953488413,8,True
TMPV,2022-02-21,2022-02-22,340.45,329.3,599,rebalance,NIFTY AUTO,-6678.849999999987,-3.275077103833157,1,False
INDIGO,2022-02-22,2022-02-23,2066.05,2039.4,69,rebalance,NIFTY IND TOURISM,-1838.8500000000065,-1.2899010188524018,1,True
BSE,2022-01-24,2022-02-24,217.5,217.38009715224163,720,stop,NIFTY MS FIN SERV,-86.33005038602505,-0.0551277460958066,31,True
MARUTI,2022-02-14,2022-02-24,8366.4,8210.15,27,rebalance,NIFTY AUTO,-4218.75,-1.867589405240011,10,True
ONGC,2022-02-21,2022-02-24,147.65,141.55,987,rebalance,NIFTY OIL AND GAS,-6020.699999999994,-4.131391804944117,3,True
BANKBARODA,2022-02-22,2022-02-24,91.05,87.0,2345,rebalance,NIFTY PSU BANK,-9497.249999999993,-4.448105436573313,2,True
INDHOTEL,2022-02-22,2022-02-24,204.45,194.3,1044,rebalance,NIFTY IND TOURISM,-10596.599999999977,-4.964539007092183,2,True
SIEMENS,2022-02-22,2022-02-24,1833.4980769230767,1741.25,78,rebalance,NIFTY ENERGY,-7195.349999999984,-5.031261176880253,2,True
TITAN,2022-02-23,2022-02-24,2495.7,2406.6,56,rebalance,NIFTY CONSR DURBL,-4989.599999999995,-3.5701406419040738,1,True
SIEMENS,2022-02-25,2022-02-28,1821.5,1788.3,80,rebalance,NIFTY ENERGY,-2656.000000000004,-1.8226736206423344,3,True
MARUTI,2022-02-25,2022-03-02,8356.1,7799.802399920904,16,stop,NIFTY AUTO,-8900.761601265534,-6.657383229964886,5,True
VOLTAS,2022-02-25,2022-03-03,1252.3,1197.15,127,rebalance,NIFTY CONSR DURBL,-7004.049999999983,-4.403896829833098,6,True
JSWENERGY,2022-02-28,2022-03-03,340.2,337.35,423,rebalance,NIFTY COMMODITIES,-1205.5499999999856,-0.8377425044091558,3,True
BANKBARODA,2022-02-25,2022-03-04,92.9,87.05,2252,rebalance,NIFTY PSU BANK,-13174.20000000002,-6.297093649085051,7,True
TITAN,2022-02-25,2022-03-04,2468.45,2441.0,56,rebalance,NIFTY CONSR DURBL,-1537.1999999999898,-1.11203386740667,7,False
CHOLAFIN,2022-02-24,2022-03-07,647.85,607.9316163173553,315,stop,NIFTY FINSEREXBNK,-12574.29086003309,-6.161670708133782,11,True
BLUESTARCO,2022-02-11,2022-03-07,520.669298245614,504.1,285,rebalance,NIFTY CONSR DURBL,-4722.249999999972,-3.1823075225376085,24,True
VEDL,2022-03-03,2022-03-09,180.55,165.8767947236847,797,stop,NIFTY METAL,-11694.544605223306,-8.126948366832076,6,True
GAIL,2022-03-07,2022-03-10,95.54,88.32365255593476,2030,stop,NIFTY OIL AND GAS,-14649.185311452457,-7.553221105364505,3,True
ONGC,2022-03-04,2022-03-15,149.35,148.95559285171984,1294,stop,NIFTY OIL AND GAS,-510.3628498745165,-0.2640824561634725,11,False
OIL,2022-03-04,2022-03-15,163.1,149.03376550392542,855,stop,NIFTY OIL AND GAS,-12026.63049414376,-8.624300733338174,11,True
NATIONALUM,2022-02-22,2022-03-15,113.09,111.28,1397,rebalance,NIFTY METAL,-2528.570000000004,-1.600495180829431,21,True
BEL,2022-03-07,2022-03-15,71.39853535353535,68.5,1980,rebalance,NIFTY IND DEFENCE,-5739.099999999995,-4.059656601053552,8,True
OIL,2022-03-15,2022-03-17,152.05,146.6,888,rebalance,NIFTY OIL AND GAS,-4839.600000000015,-3.58434725419271,2,True
POWERGRID,2022-03-03,2022-03-21,159.85,150.3862754329009,945,stop,NIFTY ENERGY,-8943.219715908643,-5.920378209007882,18,False
PERSISTENT,2022-03-15,2022-03-21,2163.45,2215.35,62,rebalance,NIFTY MS IT TELCM,3217.8000000000056,2.398946127712676,6,True
TITAN,2022-03-15,2022-03-25,2556.95,2523.9,55,rebalance,NIFTY CONSR DURBL,-1817.749999999985,-1.2925555838010028,10,True
ONGC,2022-03-17,2022-03-30,153.95,146.45,846,rebalance,NIFTY OIL AND GAS,-6345.0,-4.8717115946736005,13,True
NATIONALUM,2022-03-21,2022-03-30,120.2294916739702,114.36,1141,rebalance,NIFTY METAL,-6697.090000000001,-4.88190675369956,9,True
HINDALCO,2022-02-24,2022-03-31,517.65,572.5605906471086,395,stop,NIFTY METAL,21689.683305607905,10.607667467808104,35,True
BSE,2022-03-10,2022-04-12,291.0,297.0746261336518,616,stop,NIFTY MS FIN SERV,3741.969698329512,2.087500389571062,33,True
TATAELXSI,2022-03-09,2022-04-18,6993.0,7934.491467371794,18,stop,NIFTY MS IT TELCM,16946.84641269229,13.463341446758092,40,False
SUZLON,2022-04-12,2022-04-19,10.4,9.8,17607,rebalance,NIFTY ENERGY,-10564.199999999992,-5.769230769230771,7,True
NATIONALUM,2022-03-31,2022-04-20,119.26,116.76,1794,rebalance,NIFTY METAL,-4485.0,-2.096260271675332,20,True
BANKBARODA,2022-03-15,2022-04-25,92.05,95.1042684313862,2187,stop,NIFTY PSU BANK,6679.6850594416,3.3180537005824906,41,False
VEDL,2022-03-21,2022-04-25,182.55703324808184,181.4883794448132,782,stop,NIFTY METAL,-835.6872741560699,-0.585380789912604,35,True
COALINDIA,2022-04-18,2022-04-29,176.35,172.46687264204326,809,stop,NIFTY ENERGY,-3141.4500325870013,-2.201943497565484,11,True
HAL,2022-04-19,2022-05-02,845.3,786.916160704457,204,stop,NIFTY IND DEFENCE,-11910.303216290771,-6.906877948130008,13,True
BDL,2022-04-20,2022-05-02,390.2,357.4,537,rebalance,NIFTY IND DEFENCE,-17613.600000000006,-8.40594566888775,12,True
BANKBARODA,2022-04-25,2022-05-02,96.95,98.45,1529,rebalance,NIFTY PSU BANK,2293.5,1.547189272821048,7,True
BEL,2022-04-25,2022-05-04,81.95,76.84427623516973,2461,stop,NIFTY IND DEFENCE,-12565.186185247305,-6.230291354277329,9,True
ADANIENT,2022-03-30,2022-05-04,1936.2,2185.0,63,rebalance,NIFTY METAL,15674.399999999998,12.849912199152968,35,True
VEDL,2022-04-29,2022-05-04,186.55,180.2,748,rebalance,NIFTY METAL,-4749.8000000000175,-3.4039131600107297,5,True
CGPOWER,2022-05-02,2022-05-04,192.6,180.5,1061,rebalance,NIFTY ENERGY,-12838.099999999991,-6.282450674974038,2,True
ADANIPOWER,2022-03-25,2022-05-05,28.65,51.151169504948186,4845,stop,NIFTY COMMODITIES,109018.16625147396,78.53811345531653,41,True
JINDALSTEL,2022-03-02,2022-05-06,444.4157627118644,513.0,295,stop,NIFTY METAL,20232.35000000001,15.43244930594463,65,True
APLAPOLLO,2022-05-04,2022-05-06,977.75,949.95,149,rebalance,NIFTY METAL,-4142.199999999993,-2.84326259268729,2,True
KEI,2022-05-04,2022-05-06,1240.6,1164.0,117,rebalance,NIFTY EV,-8962.19999999999,-6.174431726583906,2,True
BEL,2022-05-04,2022-05-09,77.05,75.15,2806,rebalance,NIFTY IND DEFENCE,-5331.399999999976,-2.4659312134977185,5,True
ADANIPORTS,2022-05-04,2022-05-09,812.5516203703703,792.6,216,rebalance,NIFTY MOBILITY,-4309.54999999998,-2.455428045454655,5,True
ADANIENSOL,2022-02-22,2022-05-10,1969.1,2482.55,108,rebalance,NIFTY COMMODITIES,55452.60000000003,26.07536437966584,77,True
GAIL,2022-05-09,2022-05-10,92.09,87.6,2313,rebalance,NIFTY OIL AND GAS,-10385.37000000002,-4.875665110218275,1,True
NTPC,2022-05-06,2022-05-11,157.9227201257862,150.40104348591566,1272,stop,NIFTY COMMODITIES,-9567.572685915302,-4.7628844246600295,5,True
NHPC,2022-05-06,2022-05-11,33.7487400839944,30.714120511152217,4286,stop,NIFTY COMMODITIES,-13006.379489201592,-8.991801072542483,5,True
ITC,2022-05-06,2022-05-11,219.9,209.21367823069272,656,stop,NIFTY FMCG,-7010.227080665578,-4.859627907825049,5,True
TIINDIA,2022-05-10,2022-05-11,1804.0,1678.4833892316517,114,stop,NIFTY AUTO,-14308.893627591706,-6.957683523744363,1,True
GODFRYPHLP,2022-05-09,2022-05-11,392.0,376.0,431,rebalance,,-6896.0,-4.081632653061229,2,True
ADANIPOWER,2022-05-05,2022-05-12,55.65,48.70633847875975,3915,stop,NIFTY COMMODITIES,-27184.434855655585,-12.477379193603324,7,True
HAL,2022-05-02,2022-05-12,787.6,758.5,189,rebalance,NIFTY IND DEFENCE,-5499.900000000004,-3.694768918232605,10,True
UPL,2022-05-11,2022-05-12,759.85,733.75,194,rebalance,,-5063.400000000004,-3.4348884648285893,1,True
PHOENIXLTD,2022-05-11,2022-05-12,527.55,516.5,252,rebalance,NIFTY REALTY,-2784.5999999999885,-2.0945881906928143,1,True
NTPC,2022-05-11,2022-05-13,152.55,144.15,1310,rebalance,NIFTY COMMODITIES,-11004.000000000007,-5.506391347099315,2,True
NHPC,2022-05-12,2022-05-13,31.3,31.15,6270,rebalance,NIFTY COMMODITIES,-940.5000000000134,-0.4792332268370725,1,True
TIINDIA,2022-05-13,2022-05-16,1725.0,1729.15,114,rebalance,NIFTY AUTO,473.1000000000104,0.240579710144928,3,True
NTPC,2022-05-17,2022-05-18,150.5,148.5,856,rebalance,NIFTY COMMODITIES,-1712.0,-1.3289036544850474,1,False
POWERGRID,2022-03-30,2022-05-19,159.2569536423841,163.7,906,stop,NIFTY ENERGY,4025.399999999991,2.7898601951114044,50,True
UPL,2022-05-17,2022-05-23,784.05,759.0,171,rebalance,,-4283.549999999992,-3.1949493017026875,6,False
POWERGRID,2022-05-19,2022-05-23,167.65,164.9,884,rebalance,NIFTY ENERGY,-2431.0,-1.6403220996122905,4,True
COLPAL,2022-05-10,2022-05-24,1589.9,1551.05,129,rebalance,NIFTY FMCG,-5011.650000000018,-2.443549908799303,14,True
BDL,2022-05-23,2022-05-25,386.4,353.75,356,rebalance,NIFTY IND DEFENCE,-11623.399999999992,-8.449792960662517,2,True
BEL,2022-05-23,2022-05-25,77.15,75.45,1789,rebalance,NIFTY IND DEFENCE,-3041.300000000005,-2.2034996759559333,2,False
POWERGRID,2022-05-24,2022-05-25,166.7,165.1,1200,rebalance,NIFTY ENERGY,-1919.9999999999927,-0.959808038392318,1,False
BAJAJ-AUTO,2022-05-16,2022-06-02,3624.0,3597.5,38,rebalance,NIFTY AUTO,-1007.0,-0.7312362030905128,17,False
ADANIPOWER,2022-05-13,2022-06-03,50.95,57.115706972570166,3867,stop,NIFTY COMMODITIES,23842.78886292882,12.101485716526316,21,True
NHPC,2022-05-16,2022-06-13,31.8518571090608,31.45,4227,rebalance,NIFTY COMMODITIES,-1698.6500000000133,-1.2616442039308562,28,True
NTPC,2022-05-25,2022-06-13,152.6636363636364,148.9,880,rebalance,NIFTY COMMODITIES,-3312.000000000014,-2.465312928005725,19,False
BAJAJ-AUTO,2022-06-13,2022-06-14,3785.5,3571.064950225659,34,stop,NIFTY AUTO,-7290.791692327602,-5.66464270966428,1,True
ITC,2022-05-11,2022-06-16,210.8,216.2899270152972,948,stop,NIFTY FMCG,5204.450810501758,2.6043297036514312,36,True
COALINDIA,2022-06-03,2022-06-16,183.4,170.89033299426754,1095,stop,NIFTY ENERGY,-13698.085371277051,-6.820974376080957,13,True
OIL,2022-06-13,2022-06-16,189.75,170.3958032988685,696,stop,NIFTY OIL AND GAS,-13470.520903987534,-10.19984015869908,3,True
TATAELXSI,2022-05-18,2022-06-16,8437.7,7991.9,15,rebalance,NIFTY MS IT TELCM,-6687.000000000016,-5.283430318688753,29,False
SIEMENS,2022-05-25,2022-06-16,1787.6,1783.85,108,rebalance,NIFTY ENERGY,-405.0,-0.2097784739315322,22,True
BEL,2022-06-14,2022-06-16,80.45,77.45,1553,rebalance,NIFTY IND DEFENCE,-4659.0,-3.729024238657552,2,True
EICHERMOT,2022-05-25,2022-06-17,2686.15,2604.8,49,rebalance,NIFTY AUTO,-3986.149999999996,-3.0284980362228486,23,True
OIL,2022-06-16,2022-06-17,176.6,169.75,1089,rebalance,NIFTY OIL AND GAS,-7459.649999999994,-3.878822197055487,1,True
KEI,2022-06-16,2022-06-17,1237.9,1193.45,155,rebalance,NIFTY EV,-6889.750000000007,-3.590758542693273,1,True
HAL,2022-05-16,2022-06-20,800.2,858.9243742195071,246,stop,NIFTY IND DEFENCE,14446.196057998724,7.338712099413525,35,False
BDL,2022-06-02,2022-06-20,410.6643044619423,365.58375909279454,381,stop,NIFTY IND DEFENCE,-17175.687785645285,-10.97746867193944,18,True
BEL,2022-06-17,2022-06-20,78.25,75.7,2449,rebalance,NIFTY IND DEFENCE,-6244.949999999993,-3.258785942492004,3,True
TORNTPHARM,2022-06-21,2022-06-22,1411.8,1409.0,89,rebalance,NIFTY PHARMA,-249.19999999999595,-0.1983283751239573,1,True
BDL,2022-06-21,2022-06-27,371.65,363.5,505,rebalance,NIFTY IND DEFENCE,-4115.749999999988,-2.192923449482032,6,True
BAJAJ-AUTO,2022-06-27,2022-06-30,3766.0,3615.0,31,rebalance,NIFTY AUTO,-4681.0,-4.009559214020175,3,True
HAL,2022-06-21,2022-07-01,902.55,868.1,208,rebalance,NIFTY IND DEFENCE,-7165.599999999986,-3.816963049138544,10,True
BEL,2022-06-29,2022-07-01,78.68450536352802,76.6,839,rebalance,NIFTY IND DEFENCE,-1748.900000000012,-2.649194214156214,2,False
TORNTPHARM,2022-06-23,2022-07-08,1430.0522727272728,1466.7,132,rebalance,NIFTY PHARMA,4837.499999999997,2.5626844536833504,15,True
ASHOKLEY,2022-06-17,2022-07-20,63.3,71.8,2568,rebalance,NIFTY AUTO,21828.0,13.428120063191162,33,True
PHOENIXLTD,2022-06-17,2022-07-27,542.3,607.25,235,rebalance,NIFTY REALTY,15263.250000000013,11.976765627881258,40,True
TIINDIA,2022-06-30,2022-08-02,1841.3,1992.507739065883,60,stop,NIFTY AUTO,9072.464343952985,8.212009942208386,33,True
BRITANNIA,2022-07-01,2022-08-08,3584.35,3655.8943695010007,32,stop,NIFTY FMCG,2289.4198240320256,1.9960207429799317,38,True
VBL,2022-05-02,2022-08-22,147.3,187.17200238682832,1016,stop,NIFTY FMCG,40509.95442501757,27.06856916960509,112,True
TIINDIA,2022-08-08,2022-08-22,2325.55,2116.4020483460386,50,stop,NIFTY AUTO,-10457.397582698082,-8.993483333145347,14,True
ADANIPOWER,2022-07-20,2022-08-25,58.0,74.2,3182,stop,NIFTY COMMODITIES,51548.40000000001,27.93103448275862,36,True
BAJAJ-AUTO,2022-07-08,2022-08-25,3730.5,3962.5,52,rebalance,NIFTY AUTO,12064.0,6.219005495241925,48,True
ADANIPOWER,2022-08-25,2022-08-29,78.7,71.62971455372117,2898,stop,NIFTY COMMODITIES,-20489.68722331605,-8.98384427735557,4,True
CGPOWER,2022-06-24,2022-09-02,186.4700686947988,220.83915250365465,1019,stop,NIFTY ENERGY,35022.096401224095,18.43142121919241,70,True
COALINDIA,2022-08-25,2022-09-08,209.4,220.15,1022,rebalance,NIFTY ENERGY,10986.5,5.133715377268389,14,True
ADANIENSOL,2022-07-01,2022-09-26,2400.65,3666.421414978487,54,stop,NIFTY COMMODITIES,68351.65640883827,52.72619561279181,87,True
BEL,2022-07-27,2022-09-26,91.05791481246028,104.78933609262197,1573,stop,NIFTY IND DEFENCE,21599.52567369435,15.07987670093529,61,True
HAL,2022-08-22,2022-09-26,1114.9,1196.2,129,stop,NIFTY IND DEFENCE,10487.699999999992,7.292133823661318,35,True
BANKBARODA,2022-09-08,2022-09-26,122.45,114.6,1840,stop,NIFTY PSU BANK,-14444.000000000016,-6.4107799101674185,18,True
ADANIPOWER,2022-08-29,2022-09-26,78.85,73.3,2634,rebalance,NIFTY COMMODITIES,-14618.699999999992,-7.038681039949268,28,True
VBL,2022-08-22,2022-09-27,183.95,209.56746304482184,827,stop,NIFTY FMCG,21185.641938067667,13.92631858919371,36,True
ITC,2022-06-17,2022-09-28,217.15,271.8126895211766,882,stop,NIFTY FMCG,48212.49215767775,25.172778964391696,103,False
BDL,2022-08-02,2022-09-28,421.73390410958905,414.9416748372889,292,stop,NIFTY IND DEFENCE,-1983.3309475116516,-1.6105485487681317,57,True
ADANIENSOL,2022-09-26,2022-09-29,3713.0,3361.5462362734324,41,stop,NIFTY COMMODITIES,-14409.60431278927,-9.465493232603494,3,True
EICHERMOT,2022-06-21,2022-10-03,2702.8,3446.204789556264,62,stop,NIFTY AUTO,46091.09695248834,27.50498703404851,104,True
ADANIPOWER,2022-09-27,2022-10-03,74.5,70.95,2326,rebalance,NIFTY COMMODITIES,-8257.299999999994,-4.765100671140932,6,True
HINDUNILVR,2022-09-26,2022-10-10,2660.55,2547.710261310117,58,stop,NIFTY FMCG,-6544.704844013228,-4.241218495795351,14,True
VBL,2022-09-28,2022-10-14,205.95,205.3,1004,rebalance,NIFTY FMCG,-652.5999999999772,-0.315610585093462,16,True
UNOMINDA,2022-10-14,2022-10-17,557.25,545.9,370,rebalance,NIFTY AUTO,-4199.500000000008,-2.0367877972184867,3,True
AMBUJACEM,2022-09-26,2022-10-24,511.2,516.9,307,rebalance,,1749.8999999999965,1.1150234741784004,28,True
BRITANNIA,2022-10-03,2022-10-25,3768.95,3713.1,41,rebalance,NIFTY FMCG,-2289.8499999999963,-1.4818450762148605,22,True
KEI,2022-10-25,2022-11-04,1630.35,1522.692703911056,93,stop,NIFTY EV,-10012.128536271784,-6.603324199646943,10,True
TIINDIA,2022-09-02,2022-11-10,2292.3,2547.2040810782537,98,stop,NIFTY AUTO,24980.599945668844,11.120014006816458,69,True
EICHERMOT,2022-10-03,2022-11-11,3463.35,3545.906545496175,64,stop,NIFTY AUTO,5283.618911755213,2.383719390075356,39,True
ITC,2022-09-28,2022-11-15,268.0,282.4260010165236,575,stop,NIFTY FMCG,8294.950584501086,5.382836200195373,48,True
BEL,2022-10-10,2022-11-30,104.4528188865398,105.1,1419,rebalance,NIFTY IND DEFENCE,918.3500000000126,0.6195918122259503,51,False
PIIND,2022-11-11,2022-12-09,3434.95,3452.85,66,rebalance,,1181.400000000006,0.5211138444518815,28,True
INDIANB,2022-10-24,2022-12-12,223.25,255.8472412002628,710,stop,NIFTY PSU BANK,23144.04125218657,14.601227861259924,49,True
BDL,2022-09-29,2022-12-12,434.8564814814816,466.7,324,rebalance,NIFTY IND DEFENCE,10317.299999999965,7.322765067231596,74,True
HAL,2022-09-26,2022-12-15,1169.8,1302.3077079471198,189,stop,NIFTY IND DEFENCE,25043.956802005643,11.327381428203086,80,True
COCHINSHIP,2022-09-26,2022-12-21,208.35,299.12461649946005,1119,stop,NIFTY IND DEFENCE,101576.7958628958,43.56833045330457,86,True
BANKBARODA,2022-10-17,2022-12-21,120.4,158.7039060406972,1677,stop,NIFTY PSU BANK,64235.6504302492,31.81387544908405,65,True
SBIN,2022-11-10,2022-12-21,605.75,597.4204011076961,412,stop,NIFTY PSU BANK,-3431.794743629215,-1.3750885501120802,41,True
UNIONBANK,2022-11-15,2022-12-21,55.9,72.9844251122851,2906,stop,NIFTY PSU BANK,49647.33937630049,30.56247783950823,36,True
PNB,2022-12-09,2022-12-21,53.13,50.393064472983255,4289,stop,NIFTY PSU BANK,-11738.71647537483,-5.151393802026627,12,True
BANKINDIA,2022-12-15,2022-12-22,88.26,78.78956404726131,2788,stop,NIFTY PSU BANK,-26403.57543623549,-10.730156302672444,7,True
UNIONBANK,2022-12-21,2022-12-22,72.91,68.16,3558,rebalance,NIFTY PSU BANK,-16900.5,-6.514881360581537,1,True
NMDC,2022-11-30,2022-12-23,33.15405049396268,32.5,4555,stop,NIFTY METAL,-2979.2000000000007,-1.972761952817137,23,True
INDIANB,2022-12-12,2022-12-23,257.1,252.91897056838135,590,stop,NIFTY PSU BANK,-2466.8073646549974,-1.6262269278952357,11,True
JINDALSTEL,2022-12-12,2022-12-23,554.45,524.9156885778498,326,stop,NIFTY METAL,-9628.185523620989,-5.3267763409054485,11,True
GODFRYPHLP,2022-12-21,2022-12-23,648.0,586.9128931123375,400,stop,,-24434.842755064983,-9.42702266784915,2,True
HINDZINC,2022-12-21,2022-12-23,323.35,310.15466326346336,735,stop,NIFTY METAL,-9698.572501354443,-4.080821628741815,2,True
PNB,2022-12-22,2022-12-23,50.76,46.94,4988,rebalance,NIFTY PSU BANK,-19054.16,-7.525610717100085,1,True
TIINDIA,2022-12-22,2022-12-26,2925.75,2759.4,71,rebalance,NIFTY AUTO,-11810.849999999991,-5.685721609843631,4,True
PIIND,2022-12-23,2023-01-04,3459.6,3340.5,46,rebalance,,-5478.599999999996,-3.442594519597641,12,True
JSWSTEEL,2022-12-23,2023-01-06,727.85,728.2734601249293,222,stop,NIFTY METAL,94.00814773430602,0.0581795871305024,14,True
HDFCBANK,2022-12-23,2023-01-10,798.8,783.4109548606369,202,stop,NIFTY PVT BANK,-3108.5871181513303,-1.926520423054956,18,True
UNIONBANK,2023-01-06,2023-01-10,72.53,70.94,2230,rebalance,NIFTY PSU BANK,-3545.7000000000075,-2.1921963325520544,4,True
VBL,2022-11-04,2023-01-11,228.2699367088608,250.2461279501017,632,stop,NIFTY FMCG,13888.952864464292,9.627282312374664,68,True
GODFRYPHLP,2023-01-10,2023-01-17,701.0,635.2255789921203,239,stop,,-15720.08662088325,-9.382941655902954,7,True
HINDZINC,2022-12-23,2023-01-20,313.15,345.0,626,stop,NIFTY METAL,19938.100000000013,10.170844643142264,28,True
ABCAPITAL,2022-12-21,2023-01-24,148.6,143.4898601757518,1746,stop,NIFTY MS FIN SERV,-8922.304133137346,-3.4388558709610995,34,True
BANKINDIA,2023-01-04,2023-01-24,87.97263698630138,80.18,1752,rebalance,NIFTY PSU BANK,-13652.700000000008,-8.858023646051215,20,True
UNIONBANK,2023-01-17,2023-01-24,73.13974013474495,72.39,2078,rebalance,NIFTY PSU BANK,-1557.9600000000144,-1.0250790245681871,7,True
BANKBARODA,2022-12-21,2023-01-25,159.15,154.55969503622728,1630,stop,NIFTY PSU BANK,-7482.197090949539,-2.8842632508782384,35,True
BDL,2023-01-24,2023-01-25,464.3,461.3,451,rebalance,NIFTY IND DEFENCE,-1353.0,-0.6461339651087639,1,True
NMDC,2022-12-26,2023-01-27,32.6,34.17838904916959,6014,stop,NIFTY METAL,9492.431741705896,4.841684199906715,32,True
PNB,2023-01-10,2023-01-27,52.042545454545454,50.05100957469446,2860,stop,NIFTY PSU BANK,-5695.792616373839,-3.826745718251656,17,True
HDFCBANK,2023-01-24,2023-01-27,847.8,816.0,195,stop,NIFTY PVT BANK,-6200.999999999991,-3.75088464260438,3,True
JINDALSTEL,2022-12-23,2023-01-30,524.3,566.2879942131121,462,stop,NIFTY METAL,19398.45332645783,8.008391038167506,38,True
HINDZINC,2023-01-20,2023-01-30,353.0,329.6993061519467,611,stop,NIFTY METAL,-14236.723941160566,-6.6007631297601455,10,True
GODFRYPHLP,2023-01-24,2023-01-30,642.0,612.0,259,rebalance,,-7770.0,-4.672897196261683,6,True
HDFCBANK,2023-01-27,2023-01-31,807.9,801.8,200,rebalance,NIFTY PVT BANK,-1220.0000000000043,-0.7550439410818233,4,True
GODFRYPHLP,2023-01-31,2023-02-01,641.0,607.0,250,rebalance,,-8500.0,-5.304212168486744,1,False
NHPC,2023-01-25,2023-02-02,43.7,41.35018691996278,4869,stop,NIFTY COMMODITIES,-11441.239886701236,-5.377146636240782,8,True
HDFCBANK,2023-02-01,2023-02-02,813.8,801.7,186,rebalance,NIFTY PVT BANK,-2250.599999999983,-1.4868518063406166,1,True
JINDALSTEL,2023-01-30,2023-02-06,574.85,556.85,420,rebalance,NIFTY METAL,-7560.0,-3.131251630860221,7,True
TATASTEEL,2023-01-11,2023-02-07,112.62909859154932,106.52,1420,stop,NIFTY METAL,-8674.920000000044,-5.424085487626995,27,True
NMDC,2023-01-27,2023-02-07,34.6,32.67471703043832,5323,stop,NIFTY METAL,-10248.28124697685,-5.564401646132033,11,True
HINDZINC,2023-01-30,2023-02-08,330.0,328.95,664,rebalance,NIFTY METAL,-697.2000000000075,-0.3181818181818174,9,True
INDIANB,2022-12-23,2023-02-13,259.3,269.55,934,rebalance,NIFTY PSU BANK,9573.5,3.952950250674903,52,True
NMDC,2023-02-08,2023-02-13,33.95,33.25,6440,rebalance,NIFTY METAL,-4508.000000000018,-2.061855670103097,5,False
CGPOWER,2023-01-25,2023-02-17,300.4,320.15,823,rebalance,NIFTY ENERGY,16254.25,6.574567243675111,23,True
ABCAPITAL,2023-02-13,2023-02-21,143.95,143.05,1584,rebalance,NIFTY MS FIN SERV,-1425.599999999964,-0.6252170892670939,8,False
HCLTECH,2023-01-27,2023-02-22,1115.6,1092.6,145,rebalance,NIFTY IT,-3335.0,-2.061670849766939,26,True
HDFCBANK,2023-02-06,2023-02-22,825.9,807.1,283,rebalance,NIFTY PVT BANK,-5320.399999999987,-2.276304637365289,16,True
JINDALSTEL,2023-02-07,2023-02-22,570.25,573.25,292,rebalance,NIFTY METAL,876.0,0.5260850504164916,15,False
NMDC,2023-02-17,2023-02-22,34.15,32.55,6962,rebalance,NIFTY METAL,-11139.20000000001,-4.685212298682284,5,False
INDIANB,2023-02-21,2023-02-22,272.45,260.85,871,rebalance,NIFTY PSU BANK,-10103.59999999997,-4.257661956322245,1,False
BRITANNIA,2023-02-02,2023-02-27,4573.05,4409.40055232524,41,stop,NIFTY FMCG,-6709.627354665171,-3.5785623965353563,25,True
PERSISTENT,2023-02-22,2023-02-27,2519.75,2372.0917927266723,92,stop,NIFTY MS IT TELCM,-13584.555069146145,-5.860034022158056,5,True
GODREJCP,2023-02-02,2023-02-27,939.7,914.0,173,rebalance,NIFTY FMCG,-4446.100000000008,-2.7349153985314456,25,True
ALKEM,2023-02-27,2023-03-01,3272.6,3139.0965826858724,53,stop,NIFTY MIDSML HLTH,-7075.68111764876,-4.079429729087803,2,True
COFORGE,2023-02-22,2023-03-10,868.5,827.5,179,rebalance,NIFTY MS IT TELCM,-7339.0,-4.720782959124925,16,True
BDL,2023-02-22,2023-03-13,461.15,443.45,506,rebalance,NIFTY IND DEFENCE,-8956.199999999993,-3.8382305106798182,19,False
SUPREMEIND,2023-01-30,2023-03-14,2549.05,2520.290419264703,63,stop,NIFTY MULTI MFG,-1811.8535863237285,-1.1282470228240804,43,True
PERSISTENT,2023-02-27,2023-03-14,2410.75,2266.2042706342927,95,stop,NIFTY MS IT TELCM,-13731.844289742194,-5.995882168026856,15,True
ABCAPITAL,2023-03-01,2023-03-14,152.0,146.2,1096,stop,NIFTY MS FIN SERV,-6356.800000000012,-3.815789473684217,13,True
INDIANB,2023-03-10,2023-03-14,275.95,255.29058921471213,536,stop,NIFTY PSU BANK,-11073.444180914294,-7.486650039966614,4,False
NMDC,2023-03-13,2023-03-16,33.25,32.9,6755,rebalance,NIFTY METAL,-2364.250000000009,-1.0526315789473717,3,False
PFC,2023-03-14,2023-03-20,128.84801016088062,121.00478950806573,1181,stop,NIFTY FINSEREXBNK,-9262.843590974404,-6.087188031093227,6,True
HAL,2023-02-22,2023-03-21,1279.8,1306.7819660125965,182,stop,NIFTY IND DEFENCE,4910.717814292532,2.1082955159084538,27,True
GAIL,2023-03-14,2023-03-21,97.65,92.67715142468654,1554,stop,NIFTY OIL AND GAS,-7727.806686037122,-5.092522862584192,7,True
GODFRYPHLP,2023-03-14,2023-03-23,623.0,614.0,346,rebalance,,-3114.0,-1.4446227929374,9,True
HAL,2023-03-21,2023-03-23,1327.8,1248.2,120,rebalance,NIFTY IND DEFENCE,-9551.999999999987,-5.994878746799214,2,True
ABCAPITAL,2023-03-16,2023-03-24,148.8,144.05,1493,rebalance,NIFTY MS FIN SERV,-7091.75,-3.192204301075263,8,True
OIL,2023-03-23,2023-03-24,171.25,167.2,1248,rebalance,NIFTY OIL AND GAS,-5054.400000000014,-2.364963503649642,1,True
CUMMINSIND,2023-02-22,2023-03-27,1579.35,1582.7728363534547,107,stop,,366.243489819668,0.2167243710041955,33,True
NTPC,2023-03-14,2023-03-27,177.8958430913349,171.18012855061565,854,stop,NIFTY COMMODITIES,-5735.220217774249,-3.775082331334345,13,True
LT,2023-03-21,2023-03-27,2208.45,2154.0,101,rebalance,NIFTY INFRA,-5499.449999999982,-2.4655301229368987,6,True
HINDZINC,2023-03-27,2023-03-29,329.1,299.0,666,stop,NIFTY METAL,-20046.600000000017,-9.146156183530852,2,True
GAIL,2023-03-27,2023-04-03,91.95,93.4,1593,rebalance,NIFTY OIL AND GAS,2309.8500000000045,1.5769439912996177,7,True
ZYDUSLIFE,2023-02-27,2023-04-06,456.05,494.15,340,rebalance,NIFTY PHARMA,12953.999999999987,8.354347111062378,38,True
ULTRACEMCO,2023-03-24,2023-04-06,7258.0,7548.0,28,rebalance,,8120.0,3.9955910719206456,13,True
ALKEM,2023-03-24,2023-04-10,3153.75,3372.55,69,rebalance,NIFTY MIDSML HLTH,15097.200000000012,6.937772493063821,17,False
DALBHARAT,2023-03-27,2023-04-21,1869.3,1920.5379064296867,90,stop,,4611.411578671807,2.7410210468991947,25,False
GODREJCP,2023-03-20,2023-04-28,960.130844155844,933.0,154,stop,NIFTY FMCG,-4178.149999999991,-2.8257444619121497,39,True
HDFCBANK,2023-04-06,2023-05-05,833.2,819.5,186,stop,NIFTY PVT BANK,-2548.2000000000085,-1.6442630820931448,29,True
HAL,2023-04-10,2023-05-08,1408.1,1479.4,159,rebalance,NIFTY IND DEFENCE,11336.70000000003,5.063560826645852,28,True
INDIANB,2023-04-03,2023-05-09,276.5697715289983,290.1987638561156,569,stop,NIFTY PSU BANK,7754.896634129753,4.927867659495222,36,True
BANKBARODA,2023-04-06,2023-05-10,149.15,157.7,1505,stop,NIFTY PSU BANK,12867.749999999976,5.73248407643312,34,True
SBIN,2023-04-28,2023-05-10,578.3139442231076,572.2,251,rebalance,NIFTY PSU BANK,-1534.5999999999883,-1.057201591658119,12,True
ALKEM,2023-04-21,2023-05-12,3409.0,3418.6381481245708,50,stop,NIFTY MIDSML HLTH,481.9074062285381,0.2827265510287668,21,True
RVNL,2023-05-09,2023-05-12,128.2105242868157,120.4,1297,rebalance,,-10130.24999999997,-6.091952536862754,3,True
COLPAL,2023-05-10,2023-05-12,1604.55,1627.7,98,rebalance,NIFTY FMCG,2268.700000000009,1.4427721167928675,2,True
ABCAPITAL,2023-03-29,2023-05-15,153.1,161.1071979290417,1300,stop,NIFTY MS FIN SERV,10409.357307754202,5.230044369067066,47,True
BANKBARODA,2023-05-10,2023-05-15,160.0,165.05,1392,rebalance,NIFTY PSU BANK,7029.600000000016,3.156250000000016,5,True
RVNL,2023-05-15,2023-05-16,120.7,118.75,1956,rebalance,,-3814.2000000000057,-1.6155758077879057,1,True
PRESTIGE,2023-05-15,2023-05-18,508.85,478.7489921185564,400,stop,NIFTY REALTY,-12040.403152577435,-5.915497274529546,3,True
AUROPHARMA,2023-05-16,2023-05-18,641.45,608.8750369027897,362,stop,NIFTY MIDSML HLTH,-11792.136641190144,-5.07833238712454,2,True
OFSS,2023-05-12,2023-05-18,3119.0,3079.0,50,rebalance,NIFTY MS IT TELCM,-2000.0,-1.2824623276691205,6,True
ITC,2023-02-07,2023-05-19,307.75,339.5149258402821,515,stop,NIFTY FMCG,16358.936807745284,10.32166558579435,101,True
RVNL,2023-05-18,2023-05-19,120.85,116.2,1915,rebalance,,-8904.749999999984,-3.847745138601566,1,True
BDL,2023-05-18,2023-05-25,536.75,507.3338156466441,335,stop,NIFTY IND DEFENCE,-9854.421758374228,-5.480425589819449,7,True
GODREJCP,2023-05-12,2023-06-05,999.2,1052.2,173,rebalance,NIFTY FMCG,9169.0,5.30424339471578,24,True
ABCAPITAL,2023-05-18,2023-06-08,164.8,171.95,938,rebalance,NIFTY MS FIN SERV,6706.699999999979,4.338592233009697,21,True
VBL,2023-02-13,2023-06-12,256.8,310.7884303114764,926,stop,NIFTY FMCG,49993.28646842716,21.0235320527556,119,True
HINDUNILVR,2023-05-12,2023-06-12,2623.4,2643.45,60,rebalance,NIFTY FMCG,1202.9999999999836,0.7642753678432479,31,True
KPITTECH,2023-05-05,2023-06-14,884.55,1049.0280141409453,172,stop,NIFTY MS IT TELCM,28290.2184322426,18.594541195064764,40,True
INDHOTEL,2023-05-19,2023-06-15,372.35,393.45,447,rebalance,NIFTY IND TOURISM,9431.699999999984,5.666711427420434,27,True
BAJAJ-AUTO,2023-03-23,2023-06-19,3767.5,4487.908667881542,39,stop,NIFTY AUTO,28095.938047380136,19.121663381062824,88,True
PGEL,2023-06-05,2023-06-21,164.3,159.35,1108,rebalance,NIFTY CONSR DURBL,-5484.600000000019,-3.012781497261119,16,True
CHOLAFIN,2023-06-12,2023-06-26,1073.1,1068.468060474005,224,stop,NIFTY FINSEREXBNK,-1037.5544538228787,-0.4316409958060707,14,True
RVNL,2023-06-08,2023-07-10,125.3196401225115,122.25,1306,rebalance,,-4008.95000000002,-2.4494485617024164,32,True
GLENMARK,2023-05-25,2023-07-13,607.4,683.25,280,rebalance,NIFTY MIDSML HLTH,21238.000000000007,12.487652288442552,49,True
KPITTECH,2023-06-14,2023-07-21,1039.7,1001.5783563679116,173,stop,NIFTY MS IT TELCM,-6595.044348351316,-3.666600330103731,37,True
ITC,2023-05-19,2023-07-24,346.25,386.2398268767189,667,stop,NIFTY FMCG,26673.214526771502,11.549408484250945,66,True
COFORGE,2023-06-15,2023-07-28,916.5,934.5,191,rebalance,NIFTY MS IT TELCM,3438.0,1.9639934533551615,43,True
KEI,2023-05-08,2023-08-01,1986.9,2300.0,118,stop,NIFTY EV,36945.79999999999,15.75821631687553,85,True
HAL,2023-06-26,2023-08-02,1850.5,1859.35516210148,129,stop,NIFTY IND DEFENCE,1142.3159110908766,0.478528078977547,37,True
CHOLAFIN,2023-07-24,2023-08-02,1145.35,1084.5839983332091,224,stop,NIFTY FINSEREXBNK,-13611.584373361133,-5.305452627300888,9,True
BAJAJ-AUTO,2023-06-19,2023-08-02,4483.5,4712.5,39,rebalance,NIFTY AUTO,8931.0,5.107616817218696,44,True
BSE,2023-07-21,2023-08-16,245.98305084745763,278.9782326012668,708,stop,NIFTY MS FIN SERV,23360.588681696867,13.41359969320428,26,True
SHRIRAMFIN,2023-07-13,2023-08-16,357.8,359.2,534,rebalance,NIFTY FINSEREXBNK,747.5999999999879,0.3912800447177122,34,True
GLENMARK,2023-07-28,2023-08-21,798.75,761.654771682283,223,stop,NIFTY MIDSML HLTH,-8272.235914850888,-4.644160039776779,24,True
MANAPPURAM,2023-08-21,2023-08-25,147.1,137.01170685303651,1156,stop,NIFTY MS FIN SERV,-11662.066877889783,-6.858119066596524,4,True
PFC,2023-07-10,2023-09-01,179.60235690235692,201.3461475987605,891,stop,NIFTY FINSEREXBNK,19373.71751049559,12.106628816806042,53,True
AUROPHARMA,2023-06-12,2023-09-04,663.7,818.5091059873428,310,stop,NIFTY MIDSML HLTH,47990.82285607624,23.325162872885752,84,True
BEL,2023-06-21,2023-09-12,122.8,134.75222372885122,1438,stop,NIFTY IND DEFENCE,17187.29772208806,9.73308121241956,83,True
POLYCAB,2023-08-01,2023-09-12,4630.2,4956.681828547327,55,stop,,17956.500570103013,7.051138796322576,42,True
RBLBANK,2023-08-02,2023-09-12,220.4,219.65684021834397,1154,stop,NIFTY MS FIN SERV,-857.6063880310945,-0.3371868337822437,41,True
MANAPPURAM,2023-09-01,2023-09-12,151.8,141.62126376916325,1186,stop,NIFTY MS FIN SERV,-12071.9811697724,-6.705359835860847,11,True
RECLTD,2023-08-02,2023-09-13,196.3,241.963149986777,892,stop,NIFTY FINSEREXBNK,40731.52978820509,23.26192052306521,42,True
ADANIPOWER,2023-09-12,2023-09-14,77.25,75.45,2400,rebalance,NIFTY COMMODITIES,-4319.999999999993,-2.3300970873786357,2,True
BSE,2023-08-16,2023-09-20,280.0,392.1247679625419,630,stop,NIFTY MS FIN SERV,70638.6038164014,40.0445599866221,35,True
RVNL,2023-09-12,2023-09-21,169.85,158.8,1633,rebalance,,-18044.64999999997,-6.505740359140411,9,True
HAL,2023-08-02,2023-09-22,1869.9,1929.3165160084495,136,stop,NIFTY IND DEFENCE,8080.646177149154,3.177523718297759,51,True
AUROPHARMA,2023-09-12,2023-09-22,871.2,866.4,212,rebalance,NIFTY MIDSML HLTH,-1017.6000000000143,-0.5509641873278293,10,True
OBEROIRLTY,2023-09-14,2023-09-22,1164.2,1120.85,155,rebalance,NIFTY REALTY,-6719.250000000021,-3.723587012540808,8,True
COFORGE,2023-08-25,2023-09-26,1051.0,1042.2127705508055,150,stop,NIFTY MS IT TELCM,-1318.0844173791684,-0.8360827258986125,32,True
UNIONBANK,2023-09-21,2023-10-09,87.19,90.66934377488884,2976,stop,NIFTY PSU BANK,10354.527074069165,3.99053076601541,18,True
RVNL,2023-09-22,2023-10-09,166.85,161.25,1517,rebalance,,-8495.199999999992,-3.356308061132751,17,True
BANKBARODA,2023-09-22,2023-10-13,194.54830328738072,183.51503525090317,943,stop,NIFTY PSU BANK,-10404.371758398358,-5.671222955966659,21,True
INDIANB,2023-09-26,2023-10-17,408.775587467363,409.0,383,rebalance,NIFTY PSU BANK,85.94999999997793,0.0548987120359667,21,True
BEL,2023-09-12,2023-10-20,134.15,134.2,1792,rebalance,NIFTY IND DEFENCE,89.59999999996944,0.0372717107715026,38,True
PHOENIXLTD,2023-08-16,2023-10-23,875.6,902.6505293149906,243,stop,NIFTY REALTY,6573.278623542722,3.0893706389893305,68,True
RBLBANK,2023-09-22,2023-10-23,233.0,232.6563939909418,787,stop,NIFTY MS FIN SERV,-270.41792912879697,-0.1474703901537255,31,True
UNIONBANK,2023-10-09,2023-10-23,89.95,84.72339173137988,2630,stop,NIFTY PSU BANK,-13745.979746470932,-5.810570615475408,14,True
MOTILALOFS,2023-10-17,2023-10-23,254.4894366197183,236.9893660735825,639,stop,NIFTY CAPITAL MKT,-11182.54507898077,-6.876541037845129,6,True
TATAELXSI,2023-10-20,2023-10-23,7564.4,7336.45,31,rebalance,NIFTY MS IT TELCM,-7066.449999999994,-3.013457775897621,3,True
KPITTECH,2023-10-23,2023-10-25,1151.9,1147.85,169,rebalance,NIFTY MS IT TELCM,-684.4500000000307,-0.3515930202274697,2,True
GODREJPROP,2023-10-23,2023-10-25,1630.2,1582.0,116,rebalance,NIFTY REALTY,-5591.200000000005,-2.9566924303766395,2,True
PFC,2023-09-04,2023-10-26,211.35,227.41043114612,1201,stop,NIFTY FINSEREXBNK,19288.57780649013,7.598973809377818,52,True
RECLTD,2023-09-13,2023-10-26,244.4,266.6597850374442,883,stop,NIFTY FINSEREXBNK,19655.390188063207,9.107931684715286,43,True
BAJFINANCE,2023-10-23,2023-10-26,780.0,750.4260893748135,243,stop,NIFTY FINSEREXBNK,-7186.460281920319,-3.791527003229034,3,True
DIXON,2023-10-26,2023-10-30,5340.95,5081.969597597976,41,stop,NIFTY CONSR DURBL,-10618.196498482986,-4.848957627426287,4,True
NBCC,2023-10-25,2023-11-17,42.37125348787293,44.7,4659,rebalance,NIFTY MULTI INFRA,10849.630000000045,5.4960529142561,23,True
360ONE,2023-10-26,2023-11-20,521.4,546.6,365,rebalance,NIFTY MS FIN SERV,9198.000000000016,4.833141542002317,25,True
PERSISTENT,2023-10-26,2023-11-21,2933.3,3232.8,96,rebalance,NIFTY MS IT TELCM,28752.0,10.210343299355683,26,True
BSE,2023-09-20,2023-11-24,400.5,690.9133287809914,618,stop,NIFTY MS FIN SERV,179475.43718665268,72.512691331084,65,True
BAJAJ-AUTO,2023-10-23,2023-12-19,5272.0,6260.5,35,rebalance,NIFTY AUTO,34597.5,18.75,57,True
RECLTD,2023-10-30,2023-12-20,278.4,402.63540861946353,748,stop,NIFTY FINSEREXBNK,92928.08564735872,44.62478757883031,51,True
OBEROIRLTY,2023-11-20,2023-12-20,1349.05,1370.003993719077,148,stop,NIFTY REALTY,3101.191070423405,1.5532407041308316,30,True
GODREJPROP,2023-11-21,2023-12-20,1890.85,1899.7369032345289,164,stop,NIFTY REALTY,1457.4521304627517,0.4699951468666974,29,True
TATAELXSI,2023-10-25,2023-12-20,7545.25,8608.35,24,rebalance,NIFTY MS IT TELCM,25514.40000000001,14.08965905702264,56,True
UNIONBANK,2023-12-19,2023-12-21,111.47,103.98863515254334,1971,stop,NIFTY PSU BANK,-14745.770114337078,-6.711550056030013,2,True
BSE,2023-11-24,2024-01-01,723.5,737.6511179694262,451,stop,NIFTY MS FIN SERV,6382.154204211214,1.955925082159804,38,True
MCX,2023-10-09,2024-01-10,416.0,612.0,668,rebalance,NIFTY MS FIN SERV,130928.0,47.11538461538463,93,True
PHOENIXLTD,2023-11-17,2024-01-17,1155.281647940075,1168.997970498565,267,stop,NIFTY REALTY,3662.258123116889,1.187270877447677,61,True
MOTILALOFS,2023-10-23,2024-01-18,230.4,345.3708156967986,1066,stop,NIFTY CAPITAL MKT,122558.88953278732,49.90052764617996,87,True
PRESTIGE,2023-10-13,2024-01-23,716.05,1191.1690246177827,241,stop,NIFTY REALTY,114503.68493288563,66.35277209940406,102,True
OBEROIRLTY,2024-01-01,2024-01-23,1448.55,1441.769813887543,229,stop,NIFTY REALTY,-1552.6626197526373,-0.4680671093477584,22,True
PHOENIXLTD,2024-01-17,2024-01-25,1209.2,1148.1,258,rebalance,NIFTY REALTY,-15763.800000000036,-5.052927555408548,8,True
BDL,2024-01-10,2024-02-07,868.0,877.35,432,rebalance,NIFTY IND DEFENCE,4039.20000000001,1.0771889400921664,28,True
GODREJPROP,2024-01-23,2024-02-08,2268.95,2226.5007128696634,160,stop,NIFTY REALTY,-6791.8859408538265,-1.8708780330256916,16,True
PFC,2023-12-20,2024-02-09,381.9726072607261,418.7401059549218,606,stop,NIFTY FINSEREXBNK,22281.10420868259,9.625689904276037,51,True
BEL,2023-12-20,2024-02-09,167.30623655913976,178.48584561089123,1395,stop,NIFTY IND DEFENCE,15595.5546271933,6.68212332168483,51,True
NBCC,2024-01-23,2024-02-09,65.73,94.24342450602046,3869,stop,NIFTY MULTI INFRA,110318.43941379317,43.37962042601622,17,True
RECLTD,2023-12-20,2024-02-09,404.45,482.4,815,rebalance,NIFTY FINSEREXBNK,63529.24999999999,19.273086908146865,51,True
HAL,2023-12-20,2024-02-12,2665.9,2829.8151722319003,86,stop,NIFTY IND DEFENCE,14096.704811943418,6.148586677365997,54,True
NBCC,2024-02-09,2024-02-12,98.63,88.77,4014,rebalance,NIFTY MULTI INFRA,-39578.04,-9.996958329108786,3,True
BHEL,2023-12-21,2024-02-13,182.9945038167939,208.48277564042493,1310,stop,NIFTY ENERGY,33389.63608895666,13.92843571364788,54,True
PHOENIXLTD,2024-02-07,2024-02-13,1380.75,1246.7855897893485,274,stop,NIFTY REALTY,-36706.24839771858,-9.70229297198274,6,True
UNIONBANK,2024-02-08,2024-02-13,137.02,126.38803173486758,2599,stop,NIFTY PSU BANK,-27632.485521079183,-7.759428014255166,5,True
PRESTIGE,2024-01-25,2024-02-13,1204.7,1143.3,245,rebalance,NIFTY REALTY,-15043.000000000022,-5.096704573752808,19,True
OFSS,2024-02-12,2024-02-21,6554.5,7077.0,53,rebalance,NIFTY MS IT TELCM,27692.5,7.971622549393542,9,True
MOTILALOFS,2024-01-18,2024-02-22,380.9,412.4160509825046,967,stop,NIFTY CAPITAL MKT,30476.02130008197,8.27410107180484,35,True
COALINDIA,2024-02-09,2024-02-22,428.4,403.81762436307065,786,stop,NIFTY ENERGY,-19321.747250626453,-5.738182921785562,13,True
NBCC,2024-02-22,2024-02-26,97.33,93.13,4021,rebalance,NIFTY MULTI INFRA,-16888.20000000001,-4.315216274529954,4,True
IOC,2024-02-09,2024-02-28,166.66401892744477,152.3117515661272,1585,stop,NIFTY OIL AND GAS,-22748.34376768833,-8.61149722278427,19,True
PRESTIGE,2024-02-26,2024-02-29,1222.9,1166.75,306,rebalance,NIFTY REALTY,-17181.900000000027,-4.591544688854365,3,False
PHOENIXLTD,2024-02-13,2024-03-13,1282.35,1266.9220763880026,292,stop,NIFTY REALTY,-4504.953694703228,-1.203097719967039,29,True
BHEL,2024-02-13,2024-03-13,213.35,230.752641394838,1638,stop,NIFTY ENERGY,28505.526604744668,8.156850899853762,29,True
GODREJPROP,2024-02-13,2024-03-13,2279.15,2280.632757986168,109,stop,NIFTY REALTY,161.6206204923178,0.0650574988995122,29,True
UNIONBANK,2024-02-13,2024-03-13,124.53,127.78244709700448,2016,stop,NIFTY PSU BANK,6556.9333475610265,2.6117779627435,29,True
COALINDIA,2024-02-22,2024-03-13,418.0,395.56777920442687,777,stop,NIFTY ENERGY,-17429.83555816032,-5.366559998940945,20,True
IOC,2024-02-29,2024-03-13,150.58,148.49,2388,rebalance,NIFTY OIL AND GAS,-4990.920000000008,-1.387966529419582,13,True
BANKBARODA,2024-02-09,2024-03-14,239.6,234.31703681062555,1102,stop,NIFTY PSU BANK,-5821.825434690635,-2.204909511425057,34,True
OIL,2024-02-12,2024-03-15,312.6,361.8723833239189,807,stop,NIFTY OIL AND GAS,39762.813342402565,15.762118785642642,32,True
BPCL,2024-02-21,2024-03-15,292.15,267.6607387453496,1284,stop,NIFTY OIL AND GAS,-31444.211450971092,-8.382427264983871,23,True
PHOENIXLTD,2024-03-15,2024-03-20,1362.5,1281.7,193,rebalance,NIFTY REALTY,-15594.39999999999,-5.930275229357795,5,True
TRENT,2024-03-13,2024-03-27,2629.4,2583.5,94,rebalance,NIFTY NONCYC CONS,-4314.600000000009,-1.7456453943865524,14,True
HEROMOTOCO,2024-03-13,2024-04-02,4401.65,4449.15,72,rebalance,NIFTY AUTO,3420.0,1.0791407767541727,20,True
ZYDUSLIFE,2024-03-13,2024-04-03,968.65,987.7,382,rebalance,NIFTY PHARMA,7277.100000000026,1.9666546224126336,21,True
UNIONBANK,2024-03-14,2024-04-04,131.58,146.1,1968,rebalance,NIFTY PSU BANK,28575.359999999964,11.035111719106228,21,True
CGPOWER,2024-03-20,2024-04-12,502.25,492.4252582857168,493,stop,NIFTY ENERGY,-4843.5976651416,-1.956145687263944,23,True
OFSS,2024-03-13,2024-04-15,7340.5,7440.128035565674,50,stop,NIFTY MS IT TELCM,4981.401778283725,1.3572377299322147,33,True
GODREJPROP,2024-04-12,2024-04-19,2671.5,2488.1839213133826,90,stop,NIFTY REALTY,-16498.447081795566,-6.861915728490264,7,True
BAJAJ-AUTO,2024-03-13,2024-04-26,8177.5,8752.5,45,rebalance,NIFTY AUTO,25875.0,7.0314888413329335,44,True
CGPOWER,2024-04-19,2024-05-02,533.9,549.05,419,rebalance,NIFTY ENERGY,6347.84999999999,2.837610039333205,13,True
HAL,2024-04-02,2024-05-07,3543.0,3714.5047835331807,90,stop,NIFTY IND DEFENCE,15435.43051798626,4.840665637402775,35,True
MOTILALOFS,2024-04-04,2024-05-09,458.3,569.3673903639258,627,stop,NIFTY CAPITAL MKT,69639.25375818145,24.234647690143092,35,True
PHOENIXLTD,2024-03-27,2024-05-09,1364.4768156424582,1413.1,179,rebalance,NIFTY REALTY,8703.54999999997,3.563503886626873,43,False
BDL,2024-05-02,2024-05-13,982.9734177215188,908.2590406891992,237,stop,NIFTY IND DEFENCE,-17707.30735665977,-7.600854273913504,11,True
OIL,2024-03-15,2024-05-21,370.45,442.65,1005,rebalance,NIFTY OIL AND GAS,72560.99999999999,19.48980969091645,67,True
NAM-INDIA,2024-04-26,2024-05-21,580.1,599.8,679,rebalance,NIFTY CAPITAL MKT,13376.299999999954,3.3959662127219348,25,True
TRENT,2024-05-09,2024-05-28,2938.6,3077.3,116,rebalance,NIFTY NONCYC CONS,16089.200000000032,4.719934662764591,19,True
PETRONET,2024-04-15,2024-05-30,291.35,281.2946748525521,1285,stop,NIFTY OIL AND GAS,-12921.09281447061,-3.4512871623298302,45,True
CUMMINSIND,2024-03-13,2024-05-31,2675.95,3572.1719544054554,92,stop,,82452.4198053019,33.49173020443041,79,True
SUPREMEIND,2024-05-21,2024-05-31,5582.35,5277.6,72,rebalance,NIFTY MULTI MFG,-21942.0,-5.459170421059234,10,True
ABB,2024-02-28,2024-06-04,5428.6,8045.552932333119,44,stop,NIFTY ENERGY,115145.92902265723,48.20677398101019,97,True
BEL,2024-04-03,2024-06-04,221.5,284.530983215078,1705,stop,NIFTY IND DEFENCE,107467.82638170796,28.45642583073498,62,True
HAL,2024-05-07,2024-06-04,3715.0,4665.954117472403,90,stop,NIFTY IND DEFENCE,85585.87057251624,25.59768822267572,28,True
SIEMENS,2024-05-09,2024-06-04,4670.0,5197.305693169137,57,stop,NIFTY ENERGY,30056.42451064082,11.291342466148556,26,True
MOTILALOFS,2024-05-13,2024-06-04,567.114896373057,534.1065535402593,386,stop,NIFTY CAPITAL MKT,-12741.220333459944,-5.820397778986286,22,True
OBEROIRLTY,2024-05-21,2024-06-04,1724.9,1695.8263759944157,260,stop,NIFTY REALTY,-7559.142241451946,-1.6855251901898294,14,True
MAZDOCK,2024-05-28,2024-06-04,1518.4,1406.3432804007691,235,stop,NIFTY IND DEFENCE,-26333.32910581928,-7.379920943047347,7,True
CUMMINSIND,2024-05-31,2024-06-04,3551.3,3336.557645945493,114,stop,,-24480.62836221384,-6.046866050587319,4,True
SBIN,2024-05-31,2024-06-04,830.35,840.1388066688405,365,stop,NIFTY PSU BANK,3572.91443412678,1.1788771805672835,4,True
COCHINSHIP,2024-06-04,2024-06-05,1811.7,1684.55,238,rebalance,NIFTY IND DEFENCE,-30261.700000000023,-7.01827013302424,1,True
BDL,2024-06-04,2024-06-05,1436.85,1305.25,300,rebalance,NIFTY IND DEFENCE,-39479.99999999997,-9.158924035215922,1,True
HEROMOTOCO,2024-06-04,2024-06-19,5180.7,5509.45,57,rebalance,NIFTY AUTO,18738.75,6.345667573879976,15,True
BAJAJ-AUTO,2024-06-04,2024-06-25,9018.0,9421.0,31,rebalance,NIFTY AUTO,12493.0,4.468840097582616,21,True
OBEROIRLTY,2024-06-04,2024-07-08,1745.25,1765.6293250617518,247,stop,NIFTY REALTY,5033.693290252705,1.1677023384473184,34,True
M&M,2024-06-04,2024-07-10,2572.9,2744.7174645638124,112,stop,NIFTY AUTO,19243.55603114698,6.677969006327977,36,True
ABB,2024-06-04,2024-07-12,7666.75,8256.90465561309,56,stop,NIFTY ENERGY,33048.66071433308,7.697585751629976,38,True
PHOENIXLTD,2024-06-04,2024-07-12,1628.85,1951.4,213,rebalance,NIFTY REALTY,68703.15000000004,19.8023145163766,38,True
SIEMENS,2024-06-05,2024-07-18,4973.2,5498.346639217207,86,stop,NIFTY ENERGY,45162.6109726798,10.559531875195184,43,True
HAL,2024-06-25,2024-07-18,5371.65,5093.831930747249,54,stop,NIFTY IND DEFENCE,-15002.175739648515,-5.171931701669886,23,True
CUMMINSIND,2024-06-05,2024-07-19,3404.1,3755.4996687036128,107,stop,,37599.76455128658,10.32283624757242,44,True
BEL,2024-07-08,2024-07-19,334.6,309.9,1304,stop,NIFTY IND DEFENCE,-32208.80000000006,-7.381948595337729,11,True
BDL,2024-07-12,2024-07-19,1665.55,1497.5691560268706,304,stop,NIFTY IND DEFENCE,-51066.17656783133,-10.085607995744915,7,True
MOTHERSON,2024-07-18,2024-07-19,136.21,128.07781850826473,3140,stop,NIFTY AUTO,-25535.04988404878,-5.97032632826906,1,True
GVT&D,2024-05-30,2024-07-22,1296.4,1439.6,278,stop,NIFTY ENERGY,39809.59999999995,11.04597346497993,53,True
OIL,2024-07-18,2024-07-23,584.8498181818183,522.9676427272535,550,stop,NIFTY OIL AND GAS,-34035.1965000106,-10.580865981448728,5,True
BEL,2024-07-19,2024-07-23,306.3,284.5277770324641,1540,stop,NIFTY IND DEFENCE,-33529.223370005326,-7.108136783394037,4,True
NBCC,2024-07-22,2024-07-23,123.33,110.3921739526657,3245,stop,NIFTY MULTI INFRA,-41983.2455235998,-10.490412752237331,1,True
MAZDOCK,2024-07-10,2024-07-25,2679.4974358974355,2428.25,117,rebalance,NIFTY IND DEFENCE,-29395.94999999995,-9.37666267306152,15,True
ZYDUSLIFE,2024-07-25,2024-07-30,1205.8,1219.4,237,rebalance,NIFTY PHARMA,3223.200000000033,1.127881904130046,5,True
OFSS,2024-07-12,2024-07-31,9944.0,10404.0,37,rebalance,NIFTY MS IT TELCM,17020.0,4.625905068382941,19,True
NBCC,2024-07-23,2024-07-31,118.17,120.81,3860,rebalance,NIFTY MULTI INFRA,10190.4,2.234069560802232,8,True
EICHERMOT,2024-07-23,2024-07-31,4919.55,4962.7,61,rebalance,NIFTY AUTO,2632.149999999978,0.8771127440517779,8,True
COCHINSHIP,2024-06-19,2024-08-05,2255.7167857142854,2416.1,140,stop,NIFTY IND DEFENCE,22453.650000000034,7.11007761707676,47,True
MOTHERSON,2024-07-19,2024-08-05,128.13,119.23324656851318,3681,stop,NIFTY AUTO,-32748.94938130297,-6.943536589000865,17,True
M&M,2024-07-19,2024-08-05,2749.3,2679.65,114,stop,NIFTY AUTO,-7940.10000000001,-2.5333721310879187,17,True
BEL,2024-07-31,2024-08-05,316.05,289.85,1482,stop,NIFTY IND DEFENCE,-38828.39999999998,-8.28982755893054,5,True
DIXON,2024-07-31,2024-08-05,12106.45,10950.05,30,stop,NIFTY CONSR DURBL,-34692.000000000044,-9.551933060476037,5,True
TRENT,2024-07-31,2024-08-05,3892.7,3573.3,83,stop,NIFTY NONCYC CONS,-26510.199999999968,-8.205101857322672,5,True
GODFRYPHLP,2024-07-19,2024-08-05,1403.0,1330.0,289,rebalance,,-21097.0,-5.203136136849606,17,True
MAZDOCK,2024-07-30,2024-08-05,2684.5,2399.75,107,rebalance,NIFTY IND DEFENCE,-30468.25,-10.607189420748742,6,True
TRENT,2024-08-05,2024-08-06,3564.6,3480.5,120,rebalance,NIFTY NONCYC CONS,-10091.999999999987,-2.3593110026370434,1,True
RVNL,2024-06-04,2024-08-08,351.54725274725274,532.1436766085372,819,stop,,147908.47114239202,51.371877450319744,65,True
ZYDUSLIFE,2024-08-05,2024-08-13,1227.55,1194.3538895480233,350,stop,NIFTY PHARMA,-11618.638658191832,-2.7042572972161394,8,True
MAZDOCK,2024-08-08,2024-08-13,2442.55,2416.8,178,rebalance,NIFTY IND DEFENCE,-4583.5,-1.054226116149104,5,True
GVT&D,2024-08-05,2024-08-21,1715.05,1717.5,251,rebalance,NIFTY ENERGY,614.9500000000114,0.1428529780472809,16,True
OIL,2024-08-05,2024-08-21,575.65,671.3,596,rebalance,NIFTY OIL AND GAS,57007.39999999999,16.615999305133332,16,True
BEL,2024-08-21,2024-08-28,305.4,299.95,1571,rebalance,NIFTY IND DEFENCE,-8561.949999999983,-1.7845448592010429,7,False
DIXON,2024-08-13,2024-09-06,11986.15,12229.69652389439,34,stop,NIFTY CONSR DURBL,8280.581812409284,2.0318995164785303,24,True
UNOMINDA,2024-08-21,2024-09-09,1167.95,1076.9151692712956,301,stop,NIFTY AUTO,-27401.48404934005,-7.794411638229759,19,True
RVNL,2024-09-06,2024-09-17,569.55,530.55,730,rebalance,,-28470.0,-6.84751119304714,11,True
CROMPTON,2024-08-05,2024-09-24,428.66639705882346,439.1692496841607,680,stop,NIFTY CONSR DURBL,7141.939785229333,2.450122682206879,50,True
360ONE,2024-08-05,2024-09-25,1016.2224561403508,1034.4,285,rebalance,NIFTY MS FIN SERV,5180.600000000015,1.788736683569092,51,True
GODFRYPHLP,2024-08-06,2024-09-27,1357.0,2341.704273721826,307,stop,,302304.21203260066,72.56479541059883,52,False
NAM-INDIA,2024-09-24,2024-09-27,682.5,657.8,438,rebalance,NIFTY CAPITAL MKT,-10818.60000000002,-3.6190476190476217,3,False
BAJAJ-AUTO,2024-08-05,2024-10-03,9250.5,11442.0,31,stop,NIFTY AUTO,67936.5,23.69061131830712,59,True
MOTILALOFS,2024-08-28,2024-10-03,744.4,699.4066584476743,633,stop,NIFTY CAPITAL MKT,-28480.785202622144,-6.044242551360246,36,True
HAVELLS,2024-09-27,2024-10-03,2031.3,1945.0165519145885,241,stop,NIFTY CONSR DURBL,-20794.310988584217,-4.2476959624581205,6,True
TRENT,2024-08-13,2024-10-04,4254.5,4852.763733770615,103,stop,NIFTY NONCYC CONS,61621.16457837331,14.06190466025654,52,True
VOLTAS,2024-09-09,2024-10-04,1817.95,1801.627533942486,178,stop,NIFTY CONSR DURBL,-2905.398958237496,-0.8978501090521784,25,True
CDSL,2024-09-27,2024-10-04,1463.05,1373.8,353,rebalance,NIFTY MS FIN SERV,-31505.25,-6.100269983937667,7,True
PGEL,2024-07-23,2024-10-07,370.7,582.6521781134056,873,stop,NIFTY CONSR DURBL,185034.25149300316,57.17620127148791,76,True
BLUESTARCO,2024-10-03,2024-10-07,2147.15,1976.602113865112,232,stop,NIFTY CONSR DURBL,-39567.10958329399,-7.942988898534709,4,True
MOTILALOFS,2024-10-04,2024-10-07,727.25,703.9,674,rebalance,NIFTY CAPITAL MKT,-15737.900000000016,-3.210725335166731,3,True
VOLTAS,2024-10-04,2024-10-09,1809.6,1786.5,182,rebalance,NIFTY CONSR DURBL,-4204.199999999983,-1.2765251989389823,5,True
BAJAJ-AUTO,2024-10-03,2024-10-15,11514.5,11236.5,29,rebalance,NIFTY AUTO,-8062.0,-2.414347127534844,12,True
LTM,2024-10-07,2024-10-18,6254.95,6022.070962982503,76,stop,NIFTY IT,-17698.80681332974,-3.723115884499417,11,True
INFY,2024-10-07,2024-10-18,1893.3,1839.8,252,rebalance,NIFTY IT,-13482.0,-2.8257539745418003,11,True
NAUKRI,2024-08-05,2024-10-22,1399.3,1556.908751109802,210,stop,NIFTY INTERNET,33097.837733058404,11.26339963623253,78,True
TRENT,2024-10-04,2024-10-22,4902.2,5020.324407178515,99,stop,NIFTY NONCYC CONS,11694.31631067298,2.409620316970229,18,True
PGEL,2024-10-09,2024-10-22,619.2752371916508,571.9,527,rebalance,NIFTY CONSR DURBL,-24966.75,-7.650110055504989,13,True
NAM-INDIA,2024-10-15,2024-10-22,707.05,659.8,460,rebalance,NIFTY CAPITAL MKT,-21735.0,-6.68269570751715,7,True
CDSL,2024-10-18,2024-10-23,1579.3,1448.1406861020585,313,stop,NIFTY MS FIN SERV,-41052.86525005569,-8.304901785470875,5,True
BLUESTARCO,2024-10-07,2024-10-24,1935.6,1869.55,247,rebalance,NIFTY CONSR DURBL,-16314.34999999999,-3.4123785906178927,17,True
DIXON,2024-09-17,2024-10-25,14091.3,14130.324553635392,27,stop,NIFTY CONSR DURBL,1053.662948155592,0.2769407622816411,38,True
BSE,2024-09-25,2024-10-25,1279.3493723849372,1354.0,239,rebalance,NIFTY MS FIN SERV,17841.50000000002,5.8350462529168645,30,True
MOTILALOFS,2024-10-22,2024-10-25,927.15,872.0,507,rebalance,NIFTY CAPITAL MKT,-27961.04999999999,-5.948336299412171,3,True
PGEL,2024-10-23,2024-10-25,585.8,566.0,774,rebalance,NIFTY CONSR DURBL,-15325.199999999964,-3.379993171730955,2,False
NAM-INDIA,2024-10-24,2024-10-29,679.2,670.7,679,rebalance,NIFTY CAPITAL MKT,-5771.5,-1.2514723203769118,5,True
TRENT,2024-10-22,2024-10-30,4998.2,4835.0,64,rebalance,NIFTY NONCYC CONS,-10444.799999999988,-3.265175463166736,8,True
TECHM,2024-10-18,2024-10-31,1615.6,1540.4901087541853,264,stop,NIFTY IT,-19829.011288895068,-4.649040062256415,13,True
HCLTECH,2024-10-22,2024-10-31,1822.75,1759.5912395806506,175,stop,NIFTY IT,-11052.783073386145,-3.4650259453764543,9,True
SUNPHARMA,2024-10-25,2024-11-04,1860.4,1793.463455451177,170,stop,NIFTY PHARMA,-11379.21257329993,-3.5979651982811838,10,False
MCX,2024-10-22,2024-11-12,1286.0,1221.9647890186618,249,stop,NIFTY MS FIN SERV,-15944.76753435321,-4.979409874132057,21,True
NAM-INDIA,2024-10-31,2024-11-13,708.2,670.05,570,rebalance,NIFTY CAPITAL MKT,-21745.50000000005,-5.386896356961324,13,True
CDSL,2024-11-04,2024-11-13,1521.8,1435.25,200,rebalance,NIFTY MS FIN SERV,-17309.999999999993,-5.687343934814038,9,True
AMBER,2024-10-03,2024-12-04,5163.85,6013.75,84,rebalance,NIFTY CONSR DURBL,71391.59999999998,16.458650038246645,62,True
TECHM,2024-11-13,2024-12-20,1603.8,1617.7048010052908,197,stop,NIFTY IT,2739.245798042306,0.8669909593023384,37,True
MOTILALOFS,2024-10-29,2024-12-26,947.8,915.25,482,rebalance,NIFTY CAPITAL MKT,-15689.09999999998,-3.43426883308714,58,True
NAM-INDIA,2024-12-20,2024-12-30,750.25,716.95,426,rebalance,NIFTY CAPITAL MKT,-14185.79999999998,-4.438520493168941,10,True
DIXON,2024-11-13,2024-12-31,14719.95,17486.938988343067,24,stop,NIFTY CONSR DURBL,66407.73572023358,18.79754339072528,48,True
WIPRO,2024-10-25,2025-01-02,259.7,290.4,1830,rebalance,NIFTY IT,56180.99999999998,11.821332306507504,69,True
BSE,2024-10-31,2025-01-06,1489.8087557603687,1735.2204381724798,217,stop,NIFTY MS FIN SERV,53254.3350834281,16.472697013171867,67,True
MOTILALOFS,2024-12-30,2025-01-06,965.9110410094638,925.25,317,rebalance,NIFTY CAPITAL MKT,-12889.55000000003,-4.20960515856299,7,False
NAM-INDIA,2024-12-31,2025-01-07,727.0,722.75,578,rebalance,NIFTY CAPITAL MKT,-2456.5,-0.5845942228335677,7,True
PERSISTENT,2024-10-25,2025-01-08,5670.9,6218.335114171563,83,stop,NIFTY MS IT TELCM,45437.11447623976,9.653407998228914,75,True
NAUKRI,2024-12-04,2025-01-08,1689.0,1671.430825365694,292,stop,NIFTY INTERNET,-5130.198993217326,-1.0402116420548224,35,True
360ONE,2025-01-02,2025-01-08,1292.9,1195.0,410,stop,NIFTY MS FIN SERV,-40139.00000000004,-7.57212468094981,6,True
LUPIN,2025-01-06,2025-01-08,2360.3,2252.5247036049977,147,stop,NIFTY MIDSML HLTH,-15842.96857006536,-4.566169401982901,2,True
CDSL,2024-12-26,2025-01-09,1806.65,1686.6835415179935,244,stop,NIFTY MS FIN SERV,-29271.81586960956,-6.640271136191645,14,True
MOTILALOFS,2025-01-07,2025-01-09,970.0,901.2,432,rebalance,NIFTY CAPITAL MKT,-29721.59999999998,-7.092783505154632,2,True
PGEL,2024-10-30,2025-01-10,599.95,873.9536740113663,516,stop,NIFTY CONSR DURBL,141385.89578986497,45.67108492563816,72,False
COFORGE,2024-10-25,2025-01-13,1548.0,1827.022499701102,208,stop,NIFTY MS IT TELCM,58036.679937829234,18.02470928301694,80,True
AMBER,2025-01-06,2025-01-13,7664.8,6990.470087264245,42,stop,NIFTY CONSR DURBL,-28321.85633490171,-8.797749618199491,7,True
MAXHEALTH,2025-01-08,2025-01-13,1203.2,1122.3,416,stop,NIFTY HEALTHCARE,-33654.40000000004,-6.7237367021276695,5,True
LUPIN,2025-01-08,2025-01-13,2252.15,2154.45,217,rebalance,NIFTY MIDSML HLTH,-21200.90000000006,-4.338076948693481,5,True
PERSISTENT,2025-01-08,2025-01-13,6230.2,6003.4,53,rebalance,NIFTY MS IT TELCM,-12020.400000000009,-3.640332573593141,5,True
WIPRO,2025-01-10,2025-01-13,287.3,278.95,1572,rebalance,NIFTY IT,-13126.200000000035,-2.906369648451101,3,False
HCLTECH,2024-11-12,2025-01-14,1873.5743902439024,1861.7652466449024,164,stop,NIFTY IT,-1936.6995502360344,-0.6303002250934275,63,True
BAJAJFINSV,2025-01-14,2025-01-15,1713.5,1671.65,178,rebalance,NIFTY FINSEREXBNK,-7449.299999999984,-2.4423694193171808,1,True
AMBER,2025-01-13,2025-01-16,7078.5,6815.85,67,rebalance,NIFTY CONSR DURBL,-17597.549999999974,-3.7105318923500654,3,True
DRREDDY,2025-01-13,2025-01-16,1335.1,1302.75,357,rebalance,NIFTY PHARMA,-11548.949999999968,-2.4230394726986626,3,True
TCS,2025-01-15,2025-01-16,4249.6,4206.3,70,rebalance,NIFTY IT,-3031.0000000000127,-1.0189194277108515,1,False
INFY,2025-01-09,2025-01-17,1876.7,1803.6060602156936,252,stop,NIFTY IT,-18419.672825645237,-3.894812158805694,8,True
PGEL,2025-01-16,2025-01-17,900.85,861.5,537,rebalance,NIFTY CONSR DURBL,-21130.95000000001,-4.3680967974690565,1,True
DIVISLAB,2025-01-17,2025-01-21,5916.05,5818.9,80,rebalance,NIFTY PHARMA,-7772.000000000044,-1.642142983916639,4,False
360ONE,2025-01-21,2025-01-22,1201.85,1148.95,387,rebalance,NIFTY MS FIN SERV,-20472.29999999995,-4.401547614094925,1,False
PATANJALI,2025-01-17,2025-01-24,618.6,605.6,717,rebalance,NIFTY FMCG,-9321.0,-2.101519560297449,7,True
MANAPPURAM,2025-01-24,2025-01-27,196.71,184.46,2208,rebalance,NIFTY MS FIN SERV,-27048.0,-6.227441411214474,3,True
BSE,2025-01-08,2025-01-28,1800.0,1770.0670048673733,278,stop,NIFTY MS FIN SERV,-8321.37264687023,-1.6629441740348194,20,True
BIOCON,2025-01-13,2025-01-28,365.2,362.0973331817189,872,stop,NIFTY MIDSML HLTH,-2705.5254655411013,-0.8495801802522074,15,True
BAJAJFINSV,2025-01-28,2025-02-01,1768.95,1684.6985817547209,261,stop,NIFTY FINSEREXBNK,-21989.620162017865,-4.7627925178936215,4,True
ITC,2025-01-13,2025-02-05,418.63907068062827,427.3,764,rebalance,NIFTY FMCG,6616.950000000014,2.0688296735636102,23,True
EICHERMOT,2025-01-16,2025-02-11,5047.8,5107.941305355118,64,stop,NIFTY AUTO,3849.043542727537,1.1914359791417528,26,True
BSE,2025-02-01,2025-02-11,1801.5,1729.0,244,rebalance,NIFTY MS FIN SERV,-17690.0,-4.02442409103525,10,False
MANAPPURAM,2025-02-05,2025-02-12,205.7392462311558,190.43004196399275,1592,stop,NIFTY MS FIN SERV,-24372.25319332356,-7.441071427841517,7,True
BSE,2025-02-12,2025-02-13,1785.0,1752.0,169,rebalance,NIFTY MS FIN SERV,-5577.0,-1.848739495798324,1,False
INDIGO,2025-02-11,2025-02-14,4316.85,4223.3,73,rebalance,NIFTY IND TOURISM,-6829.150000000013,-2.1670894286343056,3,True
BLUESTARCO,2025-02-13,2025-02-14,1994.8,1963.6,149,rebalance,NIFTY CONSR DURBL,-4648.800000000007,-1.5640665730900394,1,True
SRF,2025-01-13,2025-02-17,2516.0,2711.4258225013587,126,stop,,24623.65363517119,7.76732203900472,35,True
GODFRYPHLP,2025-02-17,2025-02-18,2346.0,2281.0,146,rebalance,,-9490.0,-2.770673486786024,1,True
BHARTIARTL,2025-02-14,2025-02-19,1716.793882978723,1645.4111874540083,188,stop,NIFTY INFRA,-13419.94675864638,-4.157907144966188,5,True
WIPRO,2025-01-22,2025-02-24,295.45,288.20524569132766,1506,stop,NIFTY IT,-10910.599988860526,-2.45210841383392,33,False
BSE,2025-02-24,2025-02-27,1870.0,1721.0,232,rebalance,NIFTY MS FIN SERV,-34568.0,-7.967914438502676,3,True
MARUTI,2025-02-14,2025-02-28,12680.25,12178.933629000909,22,stop,NIFTY AUTO,-11028.960161980009,-3.953521192398346,14,True
MUTHOOTFIN,2025-01-09,2025-02-28,2135.1,2132.8,154,rebalance,NIFTY FINSEREXBNK,-354.199999999958,-0.1077232916490866,50,True
BAJAJHLDNG,2025-01-27,2025-03-03,11193.2,11346.75,36,rebalance,NIFTY FINSEREXBNK,5527.799999999974,1.3718150305542576,35,False
BAJAJFINSV,2025-02-11,2025-03-05,1744.85,1782.7813909977965,248,stop,NIFTY FINSEREXBNK,9406.984967453556,2.1739055504941263,22,True
BLUESTARCO,2025-03-04,2025-03-21,2100.65,2152.7,194,rebalance,NIFTY CONSR DURBL,10097.699999999946,2.477804489086699,17,True
BAJFINANCE,2025-01-13,2025-04-07,715.0,834.0,642,stop,NIFTY FINSEREXBNK,76398.0,16.643356643356633,84,True
SBICARD,2025-01-16,2025-04-07,752.75,763.5,544,stop,NIFTY MS FIN SERV,5848.0,1.428096977748261,81,True
KOTAKBANK,2025-01-28,2025-04-07,377.6,403.7,928,stop,NIFTY PVT BANK,24220.799999999967,6.91207627118644,69,True
SRF,2025-02-18,2025-04-07,2741.1,2570.2,121,stop,,-20678.90000000001,-6.234723286271937,48,True
CHOLAFIN,2025-02-27,2025-04-07,1438.65,1405.4418882373477,277,stop,NIFTY FINSEREXBNK,-9198.646958254772,-2.3082828876135664,39,True
SHRIRAMFIN,2025-02-28,2025-04-07,617.3299785867238,596.0,467,stop,NIFTY FINSEREXBNK,-9961.1,-3.4551988930709765,38,True
INDIGO,2025-02-28,2025-04-07,4477.3,4748.465848614266,69,stop,NIFTY IND TOURISM,18710.443554384357,6.056459219044208,38,True
BAJAJFINSV,2025-03-05,2025-04-07,1801.8,1835.0,245,stop,NIFTY FINSEREXBNK,8134.000000000011,1.8426018426018544,33,True
MUTHOOTFIN,2025-03-21,2025-04-07,2356.6,2150.0,177,stop,NIFTY FINSEREXBNK,-36568.19999999998,-8.766867521004828,17,True
MUTHOOTFIN,2025-04-07,2025-04-09,2254.3,2108.996958271283,202,stop,NIFTY FINSEREXBNK,-29351.21442920089,-6.445594718037406,2,True
MAXHEALTH,2025-04-07,2025-04-15,1075.5,1074.1,284,rebalance,NIFTY HEALTHCARE,-397.6000000000258,-0.1301720130172046,8,True
INDHOTEL,2025-04-15,2025-04-25,836.35,775.6701537367273,364,stop,NIFTY IND TOURISM,-22087.46403983125,-7.255317302956021,10,True
SBICARD,2025-04-09,2025-04-28,846.55,854.0119687596235,503,stop,NIFTY MS FIN SERV,3753.3702860906574,0.8814563533900532,19,True
KOTAKBANK,2025-04-07,2025-04-28,407.62632978723406,445.1,752,rebalance,NIFTY PVT BANK,28180.200000000008,9.193142708010503,21,True
INDHOTEL,2025-04-28,2025-04-29,800.45,790.15,410,rebalance,NIFTY IND TOURISM,-4223.000000000028,-1.2867761883940343,1,True
BAJFINANCE,2025-04-07,2025-04-30,857.0,861.7556844695237,533,stop,NIFTY FINSEREXBNK,2534.7798222561096,0.5549223418347404,23,True
BAJAJFINSV,2025-04-07,2025-04-30,1852.65,1939.7321172983343,164,stop,NIFTY FINSEREXBNK,14281.467236926845,4.700408458064631,23,True
BDL,2025-04-30,2025-05-07,1529.6,1447.9,296,rebalance,NIFTY IND DEFENCE,-24183.199999999943,-5.341265690376562,7,True
INDIGO,2025-04-07,2025-05-08,4988.7,5109.429907986336,91,stop,NIFTY IND TOURISM,10986.421626756575,2.4200675123045245,31,True
BAJFINANCE,2025-05-07,2025-05-09,899.0,864.0,477,rebalance,NIFTY FINSEREXBNK,-16695.0,-3.8932146829810943,2,True
HDFCBANK,2025-04-07,2025-05-20,878.8,957.4,479,rebalance,NIFTY PVT BANK,37649.40000000001,8.94401456531635,43,True
MANAPPURAM,2025-02-19,2025-05-22,202.74043648208476,227.92,1535,stop,NIFTY MS FIN SERV,38650.62999999992,12.419606051376064,92,True
GODFRYPHLP,2025-04-25,2025-05-28,2674.0,2720.046515540558,105,stop,,4834.884131758656,1.7220088085474483,33,True
ICICIBANK,2025-04-07,2025-05-28,1287.55,1453.8,236,rebalance,NIFTY PVT BANK,39235.0,12.912119917673092,51,True
MAZDOCK,2025-04-28,2025-06-11,2786.3,3322.8157328919056,157,stop,NIFTY IND DEFENCE,84232.97006402914,19.25549053913453,44,True
INDIGO,2025-05-08,2025-06-11,5146.0,5631.0,90,rebalance,NIFTY IND TOURISM,43650.0,9.424795958025657,34,True
BSE,2025-04-07,2025-06-13,1727.5,2653.0,264,stop,NIFTY MS FIN SERV,244332.0,53.574529667149065,67,True
HDFCAMC,2025-05-28,2025-06-16,2358.2184782608697,2299.7,184,stop,NIFTY FINSEREXBNK,-10767.400000000056,-2.481469753558452,19,True
MAZDOCK,2025-06-11,2025-06-16,3314.6,3165.6,166,rebalance,NIFTY IND DEFENCE,-24734.0,-4.495263380196701,5,True
PNBHOUSING,2025-04-30,2025-06-19,1010.3938080495356,1036.7350592719529,323,stop,NIFTY MS FIN SERV,8508.22414484076,2.6070281718438397,50,True
BAJFINANCE,2025-05-22,2025-06-19,914.1363636363636,897.9874228922231,385,stop,NIFTY FINSEREXBNK,-6217.342186494105,-1.766578968579835,28,True
MAZDOCK,2025-06-19,2025-06-26,3223.5,3121.9,102,rebalance,NIFTY IND DEFENCE,-10363.19999999999,-3.1518535753063404,7,True
BAJFINANCE,2025-06-26,2025-07-03,951.5,907.216269435818,334,stop,NIFTY FINSEREXBNK,-14790.766008436807,-4.654096748731695,7,True
BSE,2025-06-13,2025-07-08,2711.2,2544.1610116157512,200,stop,NIFTY MS FIN SERV,-33407.79767684972,-6.161072159348202,25,True
MAZDOCK,2025-07-03,2025-07-11,3287.6,3174.5,92,rebalance,NIFTY IND DEFENCE,-10405.199999999992,-3.440199537656652,8,False
BDL,2025-05-09,2025-07-14,1531.8,1820.5860583643944,269,stop,NIFTY IND DEFENCE,77683.44970002216,18.852726097688645,66,True
BEL,2025-04-29,2025-07-16,317.0391262135923,405.8954641208069,1030,stop,NIFTY IND DEFENCE,91522.02804443108,28.026931239821582,78,True
HAL,2025-05-20,2025-07-17,4851.3,4816.547577808902,94,stop,NIFTY IND DEFENCE,-3266.727685963217,-0.7163527753612065,58,True
AUBANK,2025-06-19,2025-07-18,790.1486577181208,787.7920666099376,447,stop,NIFTY MS FIN SERV,-1053.3962253579075,-0.2982465495782627,29,True
AUBANK,2025-07-18,2025-07-21,794.9,760.4485483327923,443,stop,NIFTY MS FIN SERV,-15261.99308857302,-4.3340610979000775,3,True
RBLBANK,2025-07-17,2025-07-25,268.36,251.28572946796592,1687,stop,NIFTY MS FIN SERV,-28804.29438754151,-6.362449892694178,8,True
ABCAPITAL,2025-07-21,2025-07-25,271.05,258.47187405205483,1243,stop,NIFTY MS FIN SERV,-15634.61055329586,-4.6405187042778735,4,True
MANAPPURAM,2025-05-28,2025-07-28,232.08,261.0607443693738,1521,stop,NIFTY MS FIN SERV,44079.71218581757,12.487394161226216,61,True
MCX,2025-07-08,2025-07-28,1699.0,1589.846404811503,299,stop,NIFTY MS FIN SERV,-32636.9249613607,-6.424578881018084,20,True
NAM-INDIA,2025-07-14,2025-07-28,809.7,792.0844396317555,607,stop,NIFTY CAPITAL MKT,-10692.645143524463,-2.1755663045874507,14,True
BEL,2025-07-16,2025-07-28,406.15,389.1495730271662,1030,stop,NIFTY IND DEFENCE,-17510.439782018806,-4.185750824285062,12,True
GLENMARK,2025-07-28,2025-08-06,2144.4,2024.73890867651,241,stop,NIFTY MIDSML HLTH,-28838.323008961128,-5.580166541852738,9,True
LTF,2025-06-16,2025-08-07,191.66,197.06138087312812,2824,stop,NIFTY MS FIN SERV,15253.499585713887,2.818209784581116,52,True
LTF,2025-08-07,2025-08-08,200.28,195.75,2663,rebalance,NIFTY MS FIN SERV,-12063.390000000005,-2.2618334331935275,1,True
MUTHOOTFIN,2025-06-11,2025-08-12,2538.6,2535.226669629332,188,stop,NIFTY FINSEREXBNK,-634.1861096856028,-0.1328815240946967,62,True
NAM-INDIA,2025-07-28,2025-08-28,793.35,798.5,652,rebalance,NIFTY CAPITAL MKT,3357.799999999985,0.649146026343983,31,True
MOTILALOFS,2025-07-28,2025-08-28,883.1,889.0,425,rebalance,NIFTY CAPITAL MKT,2507.4999999999905,0.668101007813382,31,True
HDFCAMC,2025-06-16,2025-08-29,2431.8,2714.5081982787087,167,stop,NIFTY FINSEREXBNK,47212.26911254433,11.625470773859226,74,True
FORTIS,2025-07-28,2025-09-19,846.25,953.95,408,rebalance,NIFTY MIDSML HLTH,43941.60000000002,12.726735598227478,53,True
CUMMINSIND,2025-08-12,2025-09-25,3759.9,3976.9,126,rebalance,,27342.0,5.7714300912258265,44,True
ETERNAL,2025-08-08,2025-09-26,300.9,322.27622414754416,1732,stop,NIFTY INTERNET,37023.62022354652,7.104095761895701,49,True
GODFRYPHLP,2025-07-11,2025-09-26,2838.178571428572,3283.0,112,rebalance,,49819.99999999999,15.67277806440246,77,True
MANAPPURAM,2025-08-28,2025-09-29,263.0,275.2032055884057,1414,stop,NIFTY MS FIN SERV,17255.332702005653,4.64000212486908,32,True
RBLBANK,2025-07-25,2025-09-29,254.48,277.8,1556,rebalance,NIFTY MS FIN SERV,36285.92000000004,9.163784973278856,66,True
ADANIPOWER,2025-09-26,2025-09-30,146.25,144.65,3749,rebalance,NIFTY COMMODITIES,-5998.399999999979,-1.0940170940170857,4,True
GODFRYPHLP,2025-09-29,2025-10-01,3507.3454545454547,3376.5,110,rebalance,,-14393.000000000016,-3.730612117944676,2,False
ABCAPITAL,2025-08-06,2025-10-08,277.15,295.25,1761,rebalance,NIFTY MS FIN SERV,31874.10000000004,6.530759516507323,63,True
UNOMINDA,2025-08-29,2025-10-09,1279.0,1263.5024958915442,354,stop,NIFTY AUTO,-5486.116454393358,-1.2116891406142138,41,True
MARUTI,2025-09-30,2025-10-15,16029.0,16212.0,33,rebalance,NIFTY AUTO,6039.0,1.1416807037244905,15,True
GVT&D,2025-07-25,2025-10-23,2436.5,2897.3451983453883,143,stop,NIFTY ENERGY,65900.86336339053,18.91422935954805,90,True
ETERNAL,2025-09-26,2025-10-23,321.0,331.7355111114142,1178,stop,NIFTY INTERNET,12646.432089245942,3.3443959848642457,27,True
MUTHOOTFIN,2025-10-15,2025-10-23,3260.3,3136.072669039739,164,stop,NIFTY FINSEREXBNK,-20373.28227748281,-3.810303682491212,8,True
NAM-INDIA,2025-09-19,2025-10-29,834.8,870.0,466,stop,NIFTY CAPITAL MKT,16403.200000000023,4.2165788212745525,40,True
MOTILALOFS,2025-10-09,2025-10-29,980.25,1010.9337385395828,456,stop,NIFTY CAPITAL MKT,13991.784774049707,3.13019520934279,20,True
HEROMOTOCO,2025-09-25,2025-11-04,5354.5,5334.311425466045,93,stop,NIFTY AUTO,-1877.5374316578184,-0.3770393974032116,40,True
ADANIPOWER,2025-10-01,2025-11-06,152.5070600244998,152.3961730846927,2449,stop,NIFTY COMMODITIES,-271.5621155875932,-0.0727093813160495,36,True
EICHERMOT,2025-09-29,2025-11-07,6985.0,6735.8369501690495,64,stop,NIFTY AUTO,-15946.435189180833,-3.567115960357204,39,True
RBLBANK,2025-10-23,2025-11-20,317.9,313.65,1749,rebalance,NIFTY MS FIN SERV,-7433.25,-1.3368983957219305,28,True
GVT&D,2025-10-29,2025-11-21,3066.5,2902.0,158,rebalance,NIFTY ENERGY,-25991.0,-5.364421979455402,23,True
BANKINDIA,2025-10-29,2025-12-03,136.3259259259259,135.04261241598502,2808,stop,NIFTY PSU BANK,-3603.544335913997,-0.94135689981536,35,True
INDIANB,2025-11-20,2025-12-03,863.95,828.7540281256752,635,stop,NIFTY PSU BANK,-22349.44214019629,-4.07384361066322,13,True
SBIN,2025-11-21,2025-12-04,972.6,947.0451380893868,471,stop,NIFTY PSU BANK,-12036.339959898827,-2.6274791189197177,13,True
CANBK,2025-11-06,2025-12-08,134.79,137.74350071247605,2770,stop,NIFTY PSU BANK,8181.196973558677,2.1911868183663863,32,True
HEROMOTOCO,2025-12-03,2025-12-09,6211.5,5996.097963765997,82,stop,NIFTY AUTO,-17662.966971188278,-3.4677941919665667,6,True
ABCAPITAL,2025-11-07,2025-12-16,338.1,348.05,1275,rebalance,NIFTY MS FIN SERV,12686.249999999984,2.942916296953557,39,True
HEROMOTOCO,2025-12-09,2025-12-18,6001.0,5741.171958763447,81,stop,NIFTY AUTO,-21046.07134016079,-4.329745729654277,9,True
MCX,2025-10-23,2026-01-05,1852.0,2199.0,206,rebalance,NIFTY MS FIN SERV,71482.0,18.7365010799136,74,True
NMDC,2026-01-05,2026-01-09,81.43,77.92451096293601,5563,stop,NIFTY METAL,-19501.03551318701,-4.304911011990664,4,True
LTF,2025-08-28,2026-01-12,216.44,298.0611786699451,2447,stop,NIFTY MS FIN SERV,199727.02420535564,37.71076449359874,137,True
EICHERMOT,2025-12-04,2026-01-20,7100.0,7223.608711532901,62,stop,NIFTY AUTO,7663.740115039862,1.740967768069024,47,True
NMDC,2026-01-09,2026-01-20,78.11,76.51,5549,rebalance,NIFTY METAL,-8878.399999999969,-2.048393291511963,11,True
NATIONALUM,2025-10-08,2026-01-30,223.62,386.7146736057631,2325,stop,NIFTY METAL,379195.1161333992,72.93384921105586,114,True
HINDZINC,2026-01-12,2026-01-30,628.25,647.2246923040271,1008,stop,NIFTY METAL,19126.489842459363,3.020245492085505,18,True
CANBK,2025-12-18,2026-01-30,145.05,142.71,3206,rebalance,NIFTY PSU BANK,-7502.040000000011,-1.613236814891417,43,True
MUTHOOTFIN,2025-10-23,2026-02-01,3182.1,3700.0,120,stop,NIFTY FINSEREXBNK,62148.000000000015,16.27541560604633,101,True
BANKBARODA,2025-11-04,2026-02-01,279.05,281.7606795602551,1777,stop,NIFTY PSU BANK,4816.877578573265,0.971395649616591,89,True
SBIN,2025-12-08,2026-02-01,967.5189759036144,1024.551936766317,498,stop,NIFTY PSU BANK,28402.414509625996,5.894764059737101,55,True
BANKINDIA,2026-01-20,2026-02-01,154.7,147.07184702545635,2881,stop,NIFTY PSU BANK,-21976.708719660222,-4.930932756653938,12,True
NATIONALUM,2026-01-30,2026-02-01,385.45,352.40908366071045,1699,stop,NIFTY METAL,-56136.516860452924,-8.572036928081339,2,True
MCX,2026-01-30,2026-02-01,2528.0,2300.0,259,stop,NIFTY MS FIN SERV,-59052.0,-9.018987341772156,2,True
SHRIRAMFIN,2025-12-16,2026-02-02,848.4,951.4016966590506,524,stop,NIFTY FINSEREXBNK,53972.88904934251,12.140699747648576,48,True
INDIANB,2026-01-20,2026-02-02,828.95,816.3347882249259,515,stop,NIFTY PSU BANK,-6496.834064163191,-1.5218302400716754,13,True
NATIONALUM,2026-02-02,2026-02-05,369.7,363.85,1363,rebalance,NIFTY METAL,-7973.549999999954,-1.5823640789829452,3,True
AUBANK,2026-02-01,2026-02-23,979.6,952.1480019915156,423,stop,NIFTY MS FIN SERV,-11612.195157588874,-2.8023681102985254,22,False
APLAPOLLO,2026-01-30,2026-03-04,2045.7,2131.603593202479,320,stop,NIFTY METAL,27489.149824793203,4.19922731595439,33,True
BANKINDIA,2026-02-01,2026-03-04,145.68,157.94769555088027,4274,stop,NIFTY PSU BANK,52432.13078446224,8.420988159582832,31,True
NMDC,2026-02-01,2026-03-04,78.01,76.2003039266588,7982,stop,NIFTY METAL,-14444.994057409462,-2.3198257573916137,31,True
SHRIRAMFIN,2026-02-02,2026-03-04,962.2377880184332,1017.8334958277889,434,stop,NIFTY FINSEREXBNK,24128.5371892603,5.77775145620143,30,True
INDIANB,2026-02-23,2026-03-04,962.25,904.6405812461828,418,stop,NIFTY PSU BANK,-24080.737039095533,-5.986949207983072,9,True
SBIN,2026-02-01,2026-03-05,1018.2,1155.7756478961394,611,stop,NIFTY PSU BANK,84058.72086454114,13.511652710286716,32,True
ASHOKLEY,2025-12-03,2026-03-06,162.67256576284908,196.09831677380544,2471,stop,NIFTY AUTO,82595.03074807317,20.547872257505205,93,True
BANKINDIA,2026-03-04,2026-03-06,158.22,154.53,4094,rebalance,NIFTY PSU BANK,-15106.859999999991,-2.3321956769055685,2,True
BANKBARODA,2026-03-04,2026-03-06,290.15196137598065,286.1,1657,rebalance,NIFTY PSU BANK,-6714.099999999895,-1.3964962900009703,2,True
FEDERALBNK,2026-02-01,2026-03-09,285.1270134228189,280.0,1490,stop,NIFTY MS FIN SERV,-7639.250000000147,-1.7981507122988627,36,True
UNIONBANK,2026-02-01,2026-03-09,164.51,176.3,2524,stop,NIFTY PSU BANK,29757.96000000005,7.166737584341387,36,True
INDIANB,2026-03-04,2026-03-09,919.4,861.4188914926905,681,stop,NIFTY PSU BANK,-39485.13489347777,-6.306407277279691,5,True
SBIN,2026-03-05,2026-03-09,1169.5,1115.0,562,stop,NIFTY PSU BANK,-30629.0,-4.660111158614788,4,True
NMDC,2026-03-06,2026-03-09,79.79,79.13,6405,rebalance,NIFTY METAL,-4227.300000000069,-0.827171324727427,3,False
POLYCAB,2026-03-09,2026-03-10,8228.5,7775.521208444848,51,stop,,-23101.918369312727,-5.5049983782603285,1,True
APLAPOLLO,2026-03-06,2026-03-11,2152.8,2044.7860826297376,301,stop,NIFTY METAL,-32512.18912844903,-5.017368885649509,5,True
BHARATFORG,2026-03-04,2026-03-12,1841.8,1756.5955505541774,234,stop,NIFTY AUTO,-19937.84117032248,-4.62615101779903,8,True
HINDALCO,2026-03-09,2026-03-13,945.35,910.05,450,rebalance,NIFTY METAL,-15885.000000000033,-3.7340667477653855,4,True
INDIANB,2026-03-10,2026-03-13,910.35,852.15,435,rebalance,NIFTY PSU BANK,-25317.00000000002,-6.393145493491515,3,True
SHRIRAMFIN,2026-03-11,2026-03-13,1031.7,1003.6,597,rebalance,NIFTY FINSEREXBNK,-16775.700000000015,-2.723659978675974,2,True
NMDC,2026-03-12,2026-03-13,80.87,78.59,5087,rebalance,NIFTY METAL,-11598.360000000006,-2.819339680969457,1,False
GVT&D,2026-03-06,2026-03-16,3869.0,3540.6845371914637,111,stop,NIFTY ENERGY,-36443.01637174757,-8.485796402391744,10,True
BEL,2026-03-09,2026-03-16,457.35,430.6249874173866,1382,stop,NIFTY IND DEFENCE,-36933.96738917176,-5.843448689759145,7,True
CUMMINSIND,2026-03-13,2026-03-19,4649.7,4505.7,88,rebalance,,-12672.0,-3.096973998322472,6,True
NATIONALUM,2026-03-04,2026-03-20,373.5,360.7363913325298,1734,stop,NIFTY METAL,-22132.09742939329,-3.417298170674743,16,True
MCX,2026-02-05,2026-03-23,2410.4,2376.0932455428715,205,stop,NIFTY MS FIN SERV,-7032.884663711361,-1.4232805533159865,46,True
TORNTPHARM,2026-03-09,2026-03-23,4373.7,4169.716714372011,109,stop,NIFTY PHARMA,-22234.17813345081,-4.663860933031283,14,True
BSE,2026-03-13,2026-03-23,2797.0,2691.168043343008,146,stop,NIFTY MS FIN SERV,-15451.46567192085,-3.783766773578556,10,False
GVT&D,2026-03-16,2026-03-23,3522.3,3461.0,166,rebalance,NIFTY ENERGY,-10175.80000000003,-1.7403401186724676,7,True
BHARATFORG,2026-03-19,2026-03-23,1712.4,1648.6,231,rebalance,NIFTY AUTO,-14737.800000000045,-3.7257650081756735,4,True
NATIONALUM,2026-03-20,2026-03-23,368.5,349.75,1635,rebalance,NIFTY METAL,-30656.25,-5.0881953867028535,3,True
COALINDIA,2026-03-13,2026-03-24,467.0,441.1510658203922,1178,stop,NIFTY ENERGY,-30450.044463577982,-5.535103678716869,11,True
MCX,2026-03-24,2026-03-27,2419.0,2398.2,215,rebalance,NIFTY MS FIN SERV,-4472.000000000039,-0.8598594460520914,3,True
TATAPOWER,2026-03-23,2026-03-30,386.9434653465346,378.75,1010,rebalance,NIFTY COMMODITIES,-8275.39999999994,-2.1174838394535933,7,True
TORNTPHARM,2026-03-23,2026-04-01,4213.9,4111.3,138,rebalance,NIFTY PHARMA,-14158.799999999925,-2.43479911720732,9,True
SUNPHARMA,2026-03-23,2026-04-01,1758.4,1728.5,330,rebalance,NIFTY PHARMA,-9867.00000000003,-1.7004094631483224,9,True
LUPIN,2026-03-23,2026-04-02,2296.7,2201.1240891633684,168,stop,NIFTY MIDSML HLTH,-16056.753020554086,-4.161445153334409,10,True
GLENMARK,2026-03-23,2026-04-08,2089.0,2173.5,185,rebalance,NIFTY MIDSML HLTH,15632.5,4.044997606510292,16,True
ONGC,2026-03-23,2026-04-09,265.45,288.6,2020,rebalance,NIFTY OIL AND GAS,46763.00000000007,8.721039743831248,17,False
COALINDIA,2026-03-30,2026-04-10,450.4437353629977,434.1,854,rebalance,NIFTY ENERGY,-13957.550000000016,-3.628363340390739,11,True
AUROPHARMA,2026-03-13,2026-04-13,1296.5,1339.8,317,rebalance,NIFTY MIDSML HLTH,13726.099999999986,3.339760894716548,31,True
SHRIRAMFIN,2026-04-13,2026-04-27,1004.1,974.65,423,rebalance,NIFTY FINSEREXBNK,-12457.35000000002,-2.932974803306443,14,False
INDIANB,2026-04-08,2026-04-28,936.55,877.4,429,rebalance,NIFTY PSU BANK,-25375.34999999999,-6.315733276386737,20,False
NATIONALUM,2026-03-27,2026-04-30,371.0,399.79447966096217,1390,stop,NIFTY METAL,40024.32672873741,7.761315272496549,34,True
ABB,2026-03-09,2026-05-11,5982.5,6662.0,105,stop,NIFTY ENERGY,71347.5,11.358127872962797,63,True
SIEMENS,2026-04-27,2026-05-11,3856.0,3609.005019257718,106,stop,NIFTY ENERGY,-26181.467958681915,-6.405471492279102,14,True
GVT&D,2026-04-01,2026-05-12,3798.7,4233.513680237785,155,stop,NIFTY ENERGY,67396.12043685665,11.446381136646355,41,True
ANGELONE,2026-04-09,2026-05-14,281.8,295.7296166197632,2070,stop,NIFTY MS FIN SERV,28834.306402909784,4.9430860964383205,35,True
ADANIENSOL,2026-04-30,2026-05-15,1342.25,1303.6,414,rebalance,NIFTY COMMODITIES,-16001.10000000004,-2.8794933879679685,15,True
COALINDIA,2026-04-28,2026-05-27,467.0,429.0,806,stop,NIFTY ENERGY,-30628.0,-8.13704496788008,29,True
MCX,2026-04-02,2026-05-29,2443.0,3130.921334302808,151,stop,NIFTY MS FIN SERV,103876.12147972397,28.15887573896061,57,False
PNBHOUSING,2026-05-11,2026-05-29,1072.8,1030.5,592,rebalance,NIFTY MS FIN SERV,-25041.599999999973,-3.942953020134221,18,True
BSE,2026-04-01,2026-06-01,2867.6,4047.402659762728,191,stop,NIFTY MS FIN SERV,225342.30801468107,41.142511499606925,61,False
HINDZINC,2026-05-29,2026-06-03,632.95,610.55,725,rebalance,NIFTY METAL,-16240.000000000064,-3.538984121968569,5,True
BHEL,2026-05-12,2026-06-05,391.75,383.9688858637407,1659,stop,NIFTY ENERGY,-12908.868352054187,-1.986244833761153,24,True
NATIONALUM,2026-05-14,2026-06-05,416.45,394.5863398871996,1469,stop,NIFTY METAL,-32117.71670570379,-5.250008431456454,22,False
SAIL,2026-05-27,2026-06-05,206.06,192.21835200678484,1678,stop,NIFTY METAL,-23226.28533261504,-6.717290106384144,9,True
BSE,2026-06-01,2026-06-08,4066.6,3809.957444970533,164,stop,NIFTY MS FIN SERV,-42089.3790248326,-6.310985959510818,7,True
SAIL,2026-06-05,2026-06-08,190.56,183.78,2314,rebalance,NIFTY METAL,-15688.920000000002,-3.5579345088161185,3,True
ADANIPOWER,2026-03-16,2026-06-10,153.91563309352517,222.6207685861744,2780,stop,NIFTY COMMODITIES,191000.27666956483,44.63817879428875,86,True
ABB,2026-05-29,2026-06-10,7253.0,6795.309502176154,86,stop,NIFTY ENERGY,-39361.38281285078,-6.310361199832437,12,True
COALINDIA,2026-06-03,2026-06-10,472.3,451.0,937,rebalance,NIFTY ENERGY,-19958.10000000001,-4.509845437222104,7,True
NMDC,2026-04-10,2026-06-16,86.63701275691,87.61382069743662,5644,stop,NIFTY METAL,5513.104016332279,1.127471861555751,67,True
ZYDUSLIFE,2026-06-10,2026-06-17,1098.3,1061.4,520,rebalance,NIFTY PHARMA,-19187.999999999927,-3.359737776563765,7,True
ADANIENSOL,2026-06-05,2026-06-23,1579.0,1493.7,278,rebalance,NIFTY COMMODITIES,-23713.399999999987,-5.40215326155794,18,True
GVT&D,2026-05-15,2026-06-29,4342.6,4826.673115213523,124,stop,NIFTY ENERGY,60025.06628647675,11.147080440600622,45,True
CUMMINSIND,2026-06-17,2026-06-29,5833.0,5511.526614799545,94,stop,NIFTY INFRALOG,-30218.498208842742,-5.511287248421992,12,True
CGPOWER,2026-06-05,2026-07-03,937.85,897.0961271009405,703,stop,NIFTY ENERGY,-28649.97264803883,-4.345457471776881,28,True
BSE,2026-06-08,2026-07-03,3916.8,3790.307377130976,159,stop,NIFTY MS FIN SERV,-20112.32703617485,-3.2294889417132437,25,True
GVT&D,2026-06-29,2026-07-03,4956.5,4436.592797161138,128,stop,NIFTY ENERGY,-66548.12196337432,-10.48940185289744,4,True
BHEL,2026-06-10,2026-07-07,377.3,376.45,1122,rebalance,NIFTY ENERGY,-953.7000000000256,-0.2252849191624717,27,True
ADANIGREEN,2026-07-03,2026-07-07,1556.2,1519.0,345,rebalance,NIFTY COMMODITIES,-12834.000000000016,-2.39043824701195,4,True
MOTILALOFS,2026-07-03,2026-07-08,968.35,917.281787563464,653,stop,NIFTY CAPITAL MKT,-33347.542721058075,-5.273734954978682,5,True
ADANIPOWER,2026-06-10,2026-07-08,220.58,216.48,2875,rebalance,NIFTY COMMODITIES,-11787.500000000064,-1.85873605947956,28,True
AUROPHARMA,2026-07-03,2026-07-17,1620.5,1540.5153458547677,390,stop,NIFTY MIDSML HLTH,-31194.015116640687,-4.935800934602441,14,True
ANGELONE,2026-06-16,2026-07-17,348.25,328.95,1419,rebalance,NIFTY MS FIN SERV,-27386.70000000001,-5.5419956927494685,31,True
CUMMINSIND,2026-07-08,2026-07-17,5498.5,5448.0,110,rebalance,NIFTY INFRALOG,-5555.0,-0.9184322997181082,9,False
ADANIENT,2026-06-08,2026-07-22,2969.874305555556,3147.7,144,rebalance,NIFTY METAL,25606.89999999997,5.98765052486554,44,True
NAM-INDIA,2026-05-11,2026-07-23,1065.6,1114.766342294409,419,stop,NIFTY CAPITAL MKT,20600.69742135741,4.613958548649499,73,True
OFSS,2026-06-29,2026-07-23,10874.5,10734.01926516402,44,stop,NIFTY MS IT TELCM,-6181.15233278308,-1.2918362668258632,24,True
CGPOWER,2026-07-07,2026-07-23,910.5,883.8,588,rebalance,NIFTY ENERGY,-15699.600000000028,-2.9324546952224084,16,True
ZYDUSLIFE,2026-07-08,2026-07-28,1148.0,1095.2262499251003,530,stop,NIFTY PHARMA,-27970.08753969671,-4.597016557046995,20,True
ADANIENSOL,2026-07-07,2026-07-28,1650.3602362204724,1649.5,254,rebalance,NIFTY COMMODITIES,-218.49999999999363,-0.0521241485096912,21,True
CUMMINSIND,2026-07-22,2026-07-28,5586.0,5455.5,81,rebalance,NIFTY INFRALOG,-10570.5,-2.336197636949522,6,False
PHOENIXLTD,2026-07-28,2026-07-29,2023.2,1917.5436337135395,216,stop,NIFTY REALTY,-22821.77511787552,-5.222240326535232,1,True
BHEL,2026-07-17,2026-08-05,422.0,412.4,1463,rebalance,NIFTY ENERGY,-14044.800000000034,-2.274881516587679,19,True
LUPIN,2026-07-29,2026-08-05,2447.0,2388.0,169,rebalance,NIFTY MIDSML HLTH,-9971.0,-2.411115651818552,7,True
TORNTPHARM,2026-07-23,2026-08-06,5065.2,4956.0,90,rebalance,NIFTY PHARMA,-9827.999999999984,-2.155887230514097,14,True
SUNPHARMA,2026-07-28,2026-08-17,1976.4106796116507,1914.606292428644,206,stop,NIFTY PHARMA,-12731.703759699409,-3.127102470178456,20,True
ABB,2026-07-17,2026-08-21,7506.0,7424.0,82,rebalance,NIFTY ENERGY,-6724.0,-1.092459365840659,35,True
