symbol,entry_date,exit_date,entry_price,exit_price,qty,reason,pnl,ret_pct,holding_days
HINDALCO,2021-01-04,2021-01-12,254.3,264.35,393,dropped out of top 20 rank (now #21 of 113),3949.6500000000046,3.9520251671254503,8
SAIL,2021-01-12,2021-01-14,75.9,68.85505903831358,1372,stop,-9665.65899943377,-9.281872149784476,2
OBEROIRLTY,2021-01-04,2021-01-15,590.1,559.6,169,failed a technical gate (trend/near-high/RSI) -- not in the top 20 at all,-5154.5,-5.168615488900185,11
TATASTEEL,2021-01-04,2021-01-18,64.2,61.61,1557,failed a technical gate (trend/near-high/RSI) -- not in the top 20 at all,-4032.630000000005,-4.034267912772593,14
DIXON,2021-01-04,2021-01-22,2754.6,2765.3903905608463,36,stop,388.45406019047005,0.3917225935107238,18
JINDALSTEL,2021-01-04,2021-01-22,287.7,281.65,347,failed a technical gate (trend/near-high/RSI) -- not in the top 20 at all,-2099.350000000004,-2.102884949600281,18
VEDL,2021-01-15,2021-01-22,74.2,69.3,1403,failed a technical gate (trend/near-high/RSI) -- not in the top 20 at all,-6874.700000000008,-6.60377358490567,7
PERSISTENT,2021-01-04,2021-01-25,759.9,747.9022559601084,131,stop,-1571.7044692257978,-1.5788582760746905,21
ASHOKLEY,2021-01-22,2021-01-27,58.65,53.76149030897642,1732,stop,-8466.898784852838,-8.335054886655724,5
DLF,2021-01-18,2021-01-27,277.15,258.75,369,failed a technical gate (trend/near-high/RSI) -- not in the top 20 at all,-6789.599999999991,-6.63900414937758,9
MPHASIS,2021-01-25,2021-01-27,1466.7,1461.6,67,failed a technical gate (trend/near-high/RSI) -- not in the top 20 at all,-341.70000000000914,-0.3477193700143322,2
KPITTECH,2021-01-04,2021-01-28,145.45,132.95,687,failed a technical gate (trend/near-high/RSI) -- not in the top 20 at all,-8587.5,-8.594018563080096,24
WIPRO,2021-01-22,2021-01-29,212.55,199.04750555654957,478,stop,-6454.192343969313,-6.352620298024203,7
APLAPOLLO,2021-01-04,2021-01-29,445.5,453.3,224,failed a technical gate (trend/near-high/RSI) -- not in the top 20 at all,1747.2000000000025,1.7508417508417473,25
ADANIENT,2021-01-04,2021-01-29,479.4,491.2,208,failed a technical gate (trend/near-high/RSI) -- not in the top 20 at all,2454.4000000000024,2.461410095953287,25
ASHOKLEY,2021-01-27,2021-01-29,55.1,52.9,1815,failed a technical gate (trend/near-high/RSI) -- not in the top 20 at all,-3993.000000000005,-3.9927404718693382,2
IDFCFIRSTB,2021-01-22,2021-02-01,49.5,44.40836761775664,2052,stop,-10448.029648363377,-10.286126024734067,10
CROMPTON,2021-01-27,2021-02-01,428.05,416.45,233,dropped out of top 20 rank (now #33 of 44),-2702.800000000005,-2.709963789276959,5
ASTRAL,2021-01-29,2021-02-01,970.55,974.15,101,dropped out of top 20 rank (now #23 of 44),363.6000000000023,0.3709237030549817,3
RVNL,2021-01-29,2021-02-02,31.3,29.65,3149,failed a technical gate (trend/near-high/RSI) -- not in the top 20 at all,-5195.850000000007,-5.271565495207675,4
IEX,2021-01-29,2021-02-03,82.1,84.1,1200,dropped out of top 20 rank (now #23 of 62),2400.0,2.436053593179044,5
CUMMINSIND,2021-02-01,2021-02-12,730.0,753.75,137,dropped out of top 20 rank (now #22 of 99),3253.75,3.253424657534243,11
ASHOKLEY,2021-02-03,2021-02-12,64.75,61.65,1617,dropped out of top 20 rank (now #21 of 99),-5012.700000000003,-4.787644787644785,9
VOLTAS,2021-02-12,2021-02-16,1079.2,1037.65,102,dropped out of top 20 rank (now #23 of 94),-4238.099999999995,-3.8500741289844265,4
SHRIRAMFIN,2021-02-01,2021-02-18,266.4,287.75,376,dropped out of top 20 rank (now #23 of 99),8027.600000000009,8.01426426426428,17
LICHSGFIN,2021-02-18,2021-02-19,470.35,440.8,239,dropped out of top 20 rank (now #28 of 82),-7062.450000000003,-6.282555543744017,1
TATAELXSI,2021-01-04,2021-02-22,1881.1,2666.8,53,failed a technical gate (trend/near-high/RSI) -- not in the top 20 at all,41642.10000000001,41.76811440114827,49
TMPV,2021-01-27,2021-02-22,184.15,209.65,543,failed a technical gate (trend/near-high/RSI) -- not in the top 20 at all,13846.5,13.847407005158828,26
DLF,2021-02-02,2021-02-22,294.5,294.1,350,failed a technical gate (trend/near-high/RSI) -- not in the top 20 at all,-139.99999999999204,-0.13582342954159277,20
UNOMINDA,2021-01-29,2021-02-23,228.25,271.7,431,dropped out of top 20 rank (now #21 of 78),18726.949999999993,19.03614457831324,25
SBIN,2021-02-22,2021-03-05,389.5,383.65,280,failed a technical gate (trend/near-high/RSI) -- not in the top 20 at all,-1638.0000000000064,-1.5019255455712477,11
DIXON,2021-02-16,2021-03-08,3724.1,3801.2,29,dropped out of top 20 rank (now #22 of 88),2235.8999999999974,2.0702988641550846,20
MAHABANK,2021-02-22,2021-03-16,21.75,21.061171981031173,5029,stop,-3464.116107394233,-3.167025374569321,22
IDFCFIRSTB,2021-02-01,2021-03-17,46.6,60.9,2151,failed a technical gate (trend/near-high/RSI) -- not in the top 20 at all,30759.299999999996,30.686695278969943,44
ADANIPORTS,2021-02-12,2021-03-17,616.6,688.25,179,failed a technical gate (trend/near-high/RSI) -- not in the top 20 at all,12825.349999999997,11.6201751540707,33
PGEL,2021-01-28,2021-03-18,16.5,40.75,5973,stop,144845.25,146.96969696969697,49
ASTRAL,2021-03-17,2021-03-18,1388.15,1288.8786177392099,88,stop,-8735.88163894954,-7.151344037805007,1
ABCAPITAL,2021-02-23,2021-03-19,112.8,120.8,977,failed a technical gate (trend/near-high/RSI) -- not in the top 20 at all,7816.0,7.092198581560294,24
PGEL,2021-03-18,2021-03-19,40.75,38.7,2978,failed a technical gate (trend/near-high/RSI) -- not in the top 20 at all,-6104.899999999991,-5.03067484662576,1
NMDC,2021-03-18,2021-03-22,15.9,15.45,7634,failed a technical gate (trend/near-high/RSI) -- not in the top 20 at all,-3435.300000000008,-2.8301886792452935,4
DIXON,2021-03-18,2021-03-23,4240.3,3860.2401073394785,28,stop,-10641.676994494606,-8.963042536153608,5
HINDALCO,2021-03-05,2021-03-24,337.85,317.75,359,failed a technical gate (trend/near-high/RSI) -- not in the top 20 at all,-7215.900000000008,-5.9493858221104094,19
PGEL,2021-03-23,2021-03-24,40.8,38.75,3037,failed a technical gate (trend/near-high/RSI) -- not in the top 20 at all,-6225.849999999991,-5.024509803921562,1
AUBANK,2021-03-22,2021-03-25,611.45,575.25,200,failed a technical gate (trend/near-high/RSI) -- not in the top 20 at all,-7240.000000000009,-5.920353258647482,3
APLAPOLLO,2021-03-19,2021-04-05,627.3,617.75,193,failed a technical gate (trend/near-high/RSI) -- not in the top 20 at all,-1843.1499999999912,-1.522397576916934,17
VEDL,2021-02-22,2021-04-12,88.0,95.66412762657708,1243,stop,9526.510639835316,8.709235939292137,49
ADANIENSOL,2021-03-08,2021-04-12,793.9,939.3695646157512,157,stop,22838.72164467294,18.323411590345295,35
ADANIENT,2021-03-17,2021-04-12,847.2,1029.546745958861,144,stop,26257.931418075983,21.52345915472864,26
IEX,2021-02-22,2021-04-12,98.4,112.6,1111,failed a technical gate (trend/near-high/RSI) -- not in the top 20 at all,15776.199999999988,14.430894308943088,49
CGPOWER,2021-03-24,2021-04-15,68.0,68.16624295810401,1788,stop,297.24240908996495,0.24447493838823942,22
ADANIPOWER,2021-04-05,2021-04-19,18.75,17.5,6842,failed a technical gate (trend/near-high/RSI) -- not in the top 20 at all,-8552.5,-6.666666666666665,14
JSWSTEEL,2021-03-19,2021-05-14,440.55,679.5473609180804,275,stop,65724.2742524721,54.24976981456824,56
JINDALSTEL,2021-04-12,2021-05-14,389.0,431.9144246745226,332,stop,14247.5889919415,11.031985777512233,32
SAIL,2021-04-12,2021-05-14,84.7,124.89891524802613,1527,stop,61383.74358373589,47.46034858090451,32
HINDALCO,2021-04-15,2021-05-14,353.55,374.0346290232858,374,stop,7661.251254708881,5.793983601551633,29
SAIL,2021-05-14,2021-05-20,127.15,121.45,1189,failed a technical gate (trend/near-high/RSI) -- not in the top 20 at all,-6777.300000000004,-4.482894219425882,6
TATASTEEL,2021-04-12,2021-05-24,79.69,103.22740288094701,1623,stop,38201.204875777,29.536206400987595,42
JSWSTEEL,2021-05-14,2021-05-24,707.1,681.45,213,failed a technical gate (trend/near-high/RSI) -- not in the top 20 at all,-5463.449999999995,-3.6274925753075893,10
TATASTEEL,2021-05-24,2021-05-26,103.19,102.22,1534,failed a technical gate (trend/near-high/RSI) -- not in the top 20 at all,-1487.9799999999982,-0.9400135672061216,2
VEDL,2021-05-14,2021-05-27,120.9,118.65,1251,failed a technical gate (trend/near-high/RSI) -- not in the top 20 at all,-2814.75,-1.8610421836228297,13
NMDC,2021-05-20,2021-06-08,21.65,21.6,7217,failed a technical gate (trend/near-high/RSI) -- not in the top 20 at all,-360.8499999999795,-0.2309468822170757,19
NATIONALUM,2021-05-14,2021-06-09,69.86,68.98,2165,failed a technical gate (trend/near-high/RSI) -- not in the top 20 at all,-1905.1999999999903,-1.2596621815058606,26
JSWSTEEL,2021-06-08,2021-06-09,707.5,697.85,236,failed a technical gate (trend/near-high/RSI) -- not in the top 20 at all,-2277.3999999999946,-1.3639575971731377,1
ADANIENT,2021-04-12,2021-06-14,1041.6,1397.5,124,stop,44131.60000000001,34.168586789554546,63
BHEL,2021-05-26,2021-06-14,72.5,66.77889559704344,2132,stop,-12197.394587103377,-7.891178486836625,19
ADANIENSOL,2021-04-19,2021-06-15,1012.6,1446.4,130,failed a technical gate (trend/near-high/RSI) -- not in the top 20 at all,56394.00000000001,42.84021331226546,57
ADANIENT,2021-06-14,2021-06-16,1455.6,1404.1,112,failed a technical gate (trend/near-high/RSI) -- not in the top 20 at all,-5768.0,-3.5380599065677365,2
TATASTEEL,2021-06-15,2021-06-17,111.26,103.90716173259997,1470,stop,-10808.672253078046,-6.60869878428908,2
OFSS,2021-06-16,2021-06-17,3260.0,3148.0,49,failed a technical gate (trend/near-high/RSI) -- not in the top 20 at all,-5488.0,-3.435582822085892,1
SAIL,2021-06-14,2021-06-18,137.3,125.12358127856001,1194,stop,-14538.643953399362,-8.86847685465404,4
TATAELXSI,2021-05-27,2021-06-18,3604.25,3639.95,43,failed a technical gate (trend/near-high/RSI) -- not in the top 20 at all,1535.0999999999922,0.9904973295415065,22
CDSL,2021-06-18,2021-06-22,492.45,461.7918215170093,321,stop,-9841.275293040017,-6.22564290445542,4
BSE,2021-06-09,2021-06-24,101.5,98.0,1632,failed a technical gate (trend/near-high/RSI) -- not in the top 20 at all,-5712.0,-3.4482758620689613,15
ADANIENT,2021-06-22,2021-07-01,1494.6,1444.8,106,failed a technical gate (trend/near-high/RSI) -- not in the top 20 at all,-5278.799999999996,-3.3319951826575656,9
APLAPOLLO,2021-06-17,2021-07-09,782.2,771.85,205,failed a technical gate (trend/near-high/RSI) -- not in the top 20 at all,-2121.7500000000045,-1.323190999744317,22
KPITTECH,2021-03-24,2021-07-13,171.95,246.95,707,failed a technical gate (trend/near-high/RSI) -- not in the top 20 at all,53025.0,43.6173306193661,111
SUZLON,2021-07-01,2021-07-14,7.7,7.244112793237431,21912,stop,-9989.400474581422,-5.920613074838565,13
KEI,2021-06-18,2021-07-16,702.1,710.95,225,dropped out of top 20 rank (now #24 of 81),1991.250000000005,1.2605042016806678,28
LAURUSLABS,2021-06-24,2021-07-22,625.8,653.6,252,failed a technical gate (trend/near-high/RSI) -- not in the top 20 at all,7005.600000000017,4.442313838286993,28
TATAELXSI,2021-07-13,2021-07-27,4307.65,4175.75,38,failed a technical gate (trend/near-high/RSI) -- not in the top 20 at all,-5012.199999999986,-3.0619943588731546,14
MOTILALOFS,2021-07-22,2021-07-30,269.95,241.82358423492022,639,stop,-17972.779673885972,-10.41912049086119,8
COFORGE,2021-06-09,2021-08-04,769.5,940.0373492923135,215,stop,36665.5300978474,22.162098673465035,56
NATIONALUM,2021-07-09,2021-08-09,83.57,83.17420124376115,1986,stop,-786.0563298903496,-0.4736134453019569,31
BSE,2021-07-30,2021-08-10,139.0,123.8666681088108,1338,stop,-20248.39807041115,-10.88728913035194,11
PRESTIGE,2021-08-04,2021-08-11,368.2,332.90245710636316,497,stop,-17542.878818137506,-9.58651355068898,7
VEDL,2021-08-11,2021-08-17,146.05,135.2320899522785,1200,stop,-12981.492057265814,-7.406990789264989,6
TATASTEEL,2021-07-16,2021-08-20,121.42,131.36693810821885,1400,stop,13925.713351506383,8.192174360252725,35
INOXWIND,2021-08-09,2021-08-20,33.02,29.28,5490,failed a technical gate (trend/near-high/RSI) -- not in the top 20 at all,-20532.60000000001,-11.326468806783774,11
JSWENERGY,2021-03-25,2021-08-23,83.65,225.1,1420,failed a technical gate (trend/near-high/RSI) -- not in the top 20 at all,200858.99999999997,169.09742976688582,151
KPITTECH,2021-08-10,2021-08-24,303.2,308.8275440615503,585,stop,3292.113276006948,1.8560501522263628,14
KPITTECH,2021-08-24,2021-09-16,315.1,325.2,556,failed a technical gate (trend/near-high/RSI) -- not in the top 20 at all,5615.599999999981,3.205331640748965,23
OFSS,2021-07-14,2021-09-20,3684.0,4196.5,45,failed a technical gate (trend/near-high/RSI) -- not in the top 20 at all,23062.5,13.911509229098806,68
ADANIENSOL,2021-09-20,2021-09-21,1729.35,1642.9,110,failed a technical gate (trend/near-high/RSI) -- not in the top 20 at all,-9509.49999999998,-4.998988059097343,1
APOLLOHOSP,2021-08-20,2021-09-24,4746.5,4731.8,37,failed a technical gate (trend/near-high/RSI) -- not in the top 20 at all,-543.8999999999933,-0.3097018855999112,35
HAL,2021-09-21,2021-09-24,679.6,670.7,283,failed a technical gate (trend/near-high/RSI) -- not in the top 20 at all,-2518.6999999999935,-1.3095938787522021,3
WIPRO,2021-08-23,2021-09-27,300.5,312.55,585,failed a technical gate (trend/near-high/RSI) -- not in the top 20 at all,7049.250000000006,4.009983361064906,35
COFORGE,2021-08-20,2021-09-28,981.5,1035.6279281148863,180,stop,9743.027060679542,5.514816924593613,39
PERSISTENT,2021-05-24,2021-09-28,1214.6,1755.7,130,failed a technical gate (trend/near-high/RSI) -- not in the top 20 at all,70343.00000000001,44.54964597398321,127
MPHASIS,2021-06-17,2021-10-01,1894.9,2836.9,84,failed a technical gate (trend/near-high/RSI) -- not in the top 20 at all,79128.0,49.71238587788274,106
PRESTIGE,2021-09-24,2021-10-14,459.1,453.55,428,failed a technical gate (trend/near-high/RSI) -- not in the top 20 at all,-2375.400000000005,-1.2088869527336121,20
SRF,2021-08-23,2021-10-18,1794.2,2333.3,97,dropped out of top 20 rank (now #25 of 95),52292.70000000001,30.0468175231301,56
OIL,2021-09-28,2021-10-18,155.5,157.05,1226,dropped out of top 20 rank (now #21 of 95),1900.3000000000138,0.9967845659164087,20
GODREJPROP,2021-10-14,2021-10-20,2502.75,2277.75101350859,80,stop,-17999.918919312804,-8.990070382235938,6
OBEROIRLTY,2021-09-24,2021-10-20,932.0,882.2,211,failed a technical gate (trend/near-high/RSI) -- not in the top 20 at all,-10507.79999999999,-5.343347639484975,26
TATAELXSI,2021-08-17,2021-10-21,4715.25,5911.1,38,failed a technical gate (trend/near-high/RSI) -- not in the top 20 at all,45442.30000000002,25.361327607231864,65
DLF,2021-09-27,2021-10-21,420.0,407.1,464,failed a technical gate (trend/near-high/RSI) -- not in the top 20 at all,-5985.599999999989,-3.0714285714285694,24
PERSISTENT,2021-10-18,2021-10-22,2064.25,1912.0879787627155,97,stop,-14759.716060016599,-7.371298110077973,4
GMRAIRPORT,2021-10-18,2021-10-25,43.0,38.94022691829002,4665,stop,-18938.841426177045,-9.441332748162734,7
INDUSTOWER,2021-10-01,2021-10-25,304.15,278.1,637,failed a technical gate (trend/near-high/RSI) -- not in the top 20 at all,-16593.84999999997,-8.56485286865032,24
MPHASIS,2021-10-21,2021-10-25,3190.5,3006.4,59,failed a technical gate (trend/near-high/RSI) -- not in the top 20 at all,-10861.899999999994,-5.770255445854877,4
JSWENERGY,2021-09-16,2021-10-27,311.35,366.55,616,failed a technical gate (trend/near-high/RSI) -- not in the top 20 at all,34003.19999999999,17.72924361650874,41
INDHOTEL,2021-09-28,2021-10-28,181.65,191.77994989474877,1050,stop,10636.4473894862,5.576630825625517,30
ONGC,2021-10-25,2021-10-28,145.85,135.55,1283,stop,-13214.899999999978,-7.062050051422686,3
GODREJPROP,2021-10-20,2021-10-28,2309.7,2270.45,83,failed a technical gate (trend/near-high/RSI) -- not in the top 20 at all,-3257.75,-1.6993548945750558,8
GMRAIRPORT,2021-10-25,2021-10-28,40.8,39.75,4586,failed a technical gate (trend/near-high/RSI) -- not in the top 20 at all,-4815.2999999999865,-2.5735294117646967,3
OBEROIRLTY,2021-10-25,2021-10-28,908.0,891.75,206,failed a technical gate (trend/near-high/RSI) -- not in the top 20 at all,-3347.5,-1.7896475770925124,3
INDIANB,2021-10-21,2021-10-29,166.3,155.77172356438453,1145,stop,-12054.876518779727,-6.33089382779043,8
BANKBARODA,2021-10-27,2021-10-29,88.95,80.3154389630218,2117,stop,-18279.365715282845,-9.707207461470713,2
MPHASIS,2021-10-28,2021-10-29,3070.6,3037.1,58,failed a technical gate (trend/near-high/RSI) -- not in the top 20 at all,-1943.0,-1.0909919885364383,1
GODFRYPHLP,2021-10-28,2021-11-01,457.0,423.0,394,dropped out of top 20 rank (now #25 of 44),-13396.0,-7.4398249452954035,4
LTM,2021-10-28,2021-11-09,6689.35,6839.65,26,dropped out of top 20 rank (now #21 of 68),3907.799999999981,2.2468550756052474,12
INDIANB,2021-10-29,2021-11-12,164.3,161.3,1077,failed a technical gate (trend/near-high/RSI) -- not in the top 20 at all,-3231.0,-1.8259281801582428,14
GMRAIRPORT,2021-11-01,2021-11-15,42.25,40.5,4216,failed a technical gate (trend/near-high/RSI) -- not in the top 20 at all,-7378.0,-4.142011834319526,14
BANKBARODA,2021-10-29,2021-11-16,84.2,83.5,2102,failed a technical gate (trend/near-high/RSI) -- not in the top 20 at all,-1471.400000000006,-0.8313539192399078,18
PRESTIGE,2021-11-09,2021-11-17,514.85,462.8487465163775,362,stop,-18824.453761071352,-10.100272600489957,8
ADANIENSOL,2021-10-22,2021-11-17,1809.0,1857.5,104,dropped out of top 20 rank (now #25 of 65),5044.0,2.6810392482034207,26
OBEROIRLTY,2021-11-17,2021-11-18,957.35,921.5,189,failed a technical gate (trend/near-high/RSI) -- not in the top 20 at all,-6775.650000000004,-3.744711965320935,1
TATAELXSI,2021-11-12,2021-11-22,6552.75,6130.137057669176,28,stop,-11833.16238526307,-6.449398227169112,10
INDIGO,2021-11-16,2021-11-22,2364.4,2158.343911438115,76,stop,-15660.262730703274,-8.714941996357862,6
TMPV,2021-10-20,2021-11-22,335.25,334.7,577,failed a technical gate (trend/near-high/RSI) -- not in the top 20 at all,-317.35000000000656,-0.16405667412379143,33
PGEL,2021-10-28,2021-11-22,49.3,49.4,3660,failed a technical gate (trend/near-high/RSI) -- not in the top 20 at all,366.00000000000523,0.20283975659229903,25
PHOENIXLTD,2021-10-29,2021-11-22,482.0,503.0,367,failed a technical gate (trend/near-high/RSI) -- not in the top 20 at all,7707.0,4.356846473029052,24
INDHOTEL,2021-11-15,2021-11-22,216.25,201.95,847,failed a technical gate (trend/near-high/RSI) -- not in the top 20 at all,-12112.10000000001,-6.612716763005788,7
MAZDOCK,2021-11-18,2021-11-22,144.7,136.2,1220,closed below 200 EMA,-10370.0,-5.874222529371109,4
TECHM,2021-11-22,2021-11-24,1448.5,1445.4,117,failed a technical gate (trend/near-high/RSI) -- not in the top 20 at all,-362.69999999998936,-0.21401449775629855,2
COFORGE,2021-11-22,2021-11-24,1085.5,1075.5,156,failed a technical gate (trend/near-high/RSI) -- not in the top 20 at all,-1560.0,-0.9212344541685846,2
PERSISTENT,2021-10-28,2021-11-25,1994.25,2032.15,90,failed a technical gate (trend/near-high/RSI) -- not in the top 20 at all,3411.000000000008,1.900463833521382,28
BLUESTARCO,2021-11-22,2021-11-25,522.3,492.7,324,failed a technical gate (trend/near-high/RSI) -- not in the top 20 at all,-9590.399999999989,-5.66724104920543,3
INDHOTEL,2021-11-24,2021-11-25,206.15,205.55,833,failed a technical gate (trend/near-high/RSI) -- not in the top 20 at all,-499.7999999999953,-0.2910502061605591,1
TIINDIA,2021-11-22,2021-11-26,1719.35,1568.1324051195572,98,stop,-14819.324298283382,-8.795044341201185,4
IEX,2021-11-17,2021-11-26,272.2,250.95,666,failed a technical gate (trend/near-high/RSI) -- not in the top 20 at all,-14152.5,-7.806759735488611,9
TVSMOTOR,2021-11-22,2021-11-26,709.85,676.8,238,failed a technical gate (trend/near-high/RSI) -- not in the top 20 at all,-7865.900000000016,-4.6559132211030585,4
PHOENIXLTD,2021-11-24,2021-11-26,517.7,484.2,331,closed below 200 EMA,-11088.500000000018,-6.4709291095229045,2
PGEL,2021-11-25,2021-11-29,59.25,51.917021265564244,2888,stop,-21177.64258505046,-12.376335416769212,4
KEI,2021-11-22,2021-11-29,1032.6,1000.35,164,failed a technical gate (trend/near-high/RSI) -- not in the top 20 at all,-5288.999999999982,-3.123184195235318,7
ADANIGREEN,2021-11-25,2021-11-30,1405.05,1287.916494204423,121,stop,-14173.1542012648,-8.336607650658468,5
ADANIENSOL,2021-11-26,2021-11-30,1993.85,1800.4066656589641,82,stop,-15862.353415964933,-9.70200036818396,4
BHARTIARTL,2021-11-26,2021-11-30,738.75,728.25,222,failed a technical gate (trend/near-high/RSI) -- not in the top 20 at all,-2331.0,-1.4213197969543123,4
CIPLA,2021-11-30,2021-12-02,971.3,918.8912422288835,165,stop,-8647.44503223422,-5.395733323495988,2
VEDL,2021-11-25,2021-12-03,166.9,152.25,1025,dropped out of top 20 rank (now #27 of 30),-15016.250000000005,-8.777711204313965,8
APLAPOLLO,2021-11-30,2021-12-03,924.0,925.35,173,dropped out of top 20 rank (now #21 of 30),233.55000000000393,0.14610389610389962,3
TORNTPHARM,2021-11-29,2021-12-06,1518.65,1468.45,105,closed below 200 EMA,-5271.000000000005,-3.30556744477003,7
APOLLOHOSP,2021-11-26,2021-12-09,5687.6,5232.8,28,failed a technical gate (trend/near-high/RSI) -- not in the top 20 at all,-12734.400000000005,-7.996342921443144,13
KEI,2021-12-03,2021-12-13,1179.7,1088.7,137,failed a technical gate (trend/near-high/RSI) -- not in the top 20 at all,-12467.0,-7.713825548868359,10
BAJAJHLDNG,2021-11-30,2021-12-14,5037.8,5487.9,31,dropped out of top 20 rank (now #21 of 50),13953.099999999984,8.93445551629679,14
INOXWIND,2021-12-06,2021-12-15,34.01,31.59,4695,failed a technical gate (trend/near-high/RSI) -- not in the top 20 at all,-11361.89999999999,-7.1155542487503665,9
PRESTIGE,2021-12-13,2021-12-15,460.6,450.1,356,failed a technical gate (trend/near-high/RSI) -- not in the top 20 at all,-3738.0,-2.2796352583586588,2
PHOENIXLTD,2021-12-15,2021-12-16,513.9,506.3,320,failed a technical gate (trend/near-high/RSI) -- not in the top 20 at all,-2431.999999999989,-1.4788869429850138,1
INDHOTEL,2021-12-15,2021-12-16,199.75,195.05,824,failed a technical gate (trend/near-high/RSI) -- not in the top 20 at all,-3872.7999999999906,-2.35294117647058,1
BSE,2021-11-29,2021-12-17,170.0,216.244085734321,939,stop,43423.19650452743,27.202403373130004,18
GMRAIRPORT,2021-12-09,2021-12-17,43.85,41.45,3711,failed a technical gate (trend/near-high/RSI) -- not in the top 20 at all,-8906.399999999994,-5.473204104903074,8
DLF,2021-12-16,2021-12-17,405.15,390.2,402,closed below 200 EMA,-6009.899999999995,-3.689991361224232,1
MPHASIS,2021-12-17,2021-12-20,3063.2,2834.274671099007,52,stop,-11904.117102851636,-7.473404573680886,3
KPITTECH,2021-11-22,2021-12-20,431.1,456.75,393,failed a technical gate (trend/near-high/RSI) -- not in the top 20 at all,10080.449999999992,5.949895615866385,28
TECHM,2021-12-14,2021-12-20,1545.5,1502.8,108,failed a technical gate (trend/near-high/RSI) -- not in the top 20 at all,-4611.600000000005,-2.76285991588483,6
KEI,2021-12-16,2021-12-20,1119.3,1064.95,145,failed a technical gate (trend/near-high/RSI) -- not in the top 20 at all,-7880.749999999987,-4.855713392298755,4
BSE,2021-12-17,2021-12-20,217.5,212.5,732,failed a technical gate (trend/near-high/RSI) -- not in the top 20 at all,-3660.0,-2.298850574712641,3
BLUESTARCO,2021-12-20,2021-12-21,503.4,489.4,306,failed a technical gate (trend/near-high/RSI) -- not in the top 20 at all,-4284.0,-2.7810885975367516,1
POWERGRID,2021-11-26,2021-12-22,147.95,147.6,1112,failed a technical gate (trend/near-high/RSI) -- not in the top 20 at all,-389.1999999999937,-0.2365664075701157,26
TORNTPHARM,2021-12-20,2021-12-24,1533.9,1523.1,100,failed a technical gate (trend/near-high/RSI) -- not in the top 20 at all,-1080.0000000000182,-0.7040876197926926,4
PIDILITIND,2021-12-21,2021-12-24,1205.0,1205.1,128,dropped out of top 20 rank (now #22 of 26),12.799999999988358,0.00829875518670864,3
APLAPOLLO,2021-12-20,2021-12-27,1017.15,991.2,151,dropped out of top 20 rank (now #23 of 32),-3918.44999999999,-2.5512461288895394,7
SIEMENS,2021-12-20,2021-12-30,1794.2,1793.75,86,failed a technical gate (trend/near-high/RSI) -- not in the top 20 at all,-38.70000000000391,-0.025080815962552627,10
PERSISTENT,2021-12-03,2022-01-06,2168.1,2267.1,74,failed a technical gate (trend/near-high/RSI) -- not in the top 20 at all,7326.0,4.566210045662111,34
INFY,2021-12-17,2022-01-06,1782.3,1779.3,89,failed a technical gate (trend/near-high/RSI) -- not in the top 20 at all,-267.0,-0.16832183134152245,20
TECHM,2021-12-24,2022-01-06,1623.2,1592.8,97,failed a technical gate (trend/near-high/RSI) -- not in the top 20 at all,-2948.800000000009,-1.8728437654016772,13
TATAELXSI,2022-01-06,2022-01-07,5873.55,5799.55,27,closed below 200 EMA,-1998.0,-1.2598854185288277,1
COFORGE,2021-12-30,2022-01-10,1172.0,1115.7168973923717,140,stop,-7879.634365067959,-4.802312509183304,11
LTM,2021-12-24,2022-01-10,7166.55,7103.55,22,failed a technical gate (trend/near-high/RSI) -- not in the top 20 at all,-1386.0,-0.8790840781129017,17
GMRAIRPORT,2021-12-27,2022-01-11,46.15,44.85,3474,failed a technical gate (trend/near-high/RSI) -- not in the top 20 at all,-4516.19999999999,-2.8169014084507005,15
WIPRO,2021-12-20,2022-01-12,318.3,330.4,484,failed a technical gate (trend/near-high/RSI) -- not in the top 20 at all,5856.399999999983,3.8014451775054914,23
HCLTECH,2022-01-07,2022-01-17,1290.55,1262.6224842035824,128,stop,-3574.722021941445,-2.1640010690339384,10
TECHM,2022-01-11,2022-01-18,1636.0,1562.9,102,failed a technical gate (trend/near-high/RSI) -- not in the top 20 at all,-7456.199999999991,-4.468215158924204,7
TCS,2022-01-06,2022-01-20,3807.45,3826.55,42,failed a technical gate (trend/near-high/RSI) -- not in the top 20 at all,802.2000000000153,0.5016480846760984,14
TITAN,2022-01-10,2022-01-21,2657.5,2508.7625383876,63,stop,-9370.460081581186,-5.596894134050789,11
NBCC,2022-01-10,2022-01-21,33.87,32.131225003673265,4943,stop,-8594.764806843039,-5.133672855998617,11
PGEL,2021-12-02,2022-01-21,64.55,75.35,2543,failed a technical gate (trend/near-high/RSI) -- not in the top 20 at all,27464.399999999994,16.731216111541446,50
KPITTECH,2021-12-22,2022-01-24,501.7,629.1021241577938,312,stop,39749.462737231675,25.394084942753416,33
PRESTIGE,2022-01-17,2022-01-24,512.45,469.49181179182403,332,stop,-14262.118485114435,-8.382903348263437,7
HAL,2022-01-20,2022-01-24,715.55,672.7654064061953,236,stop,-10097.164088137892,-5.979259813263171,4
KEI,2022-01-21,2022-01-24,1165.8,1108.95,140,failed a technical gate (trend/near-high/RSI) -- not in the top 20 at all,-7958.999999999987,-4.876479670612444,3
SUZLON,2022-01-06,2022-01-25,9.3,9.8,17604,stop,8802.0,5.376344086021501,19
ADANIGREEN,2022-01-12,2022-01-25,1647.55,1766.0969622391997,101,stop,11973.243186159172,7.195348380273714,13
PIDILITIND,2022-01-24,2022-01-25,1320.2,1294.9,119,failed a technical gate (trend/near-high/RSI) -- not in the top 20 at all,-3010.6999999999944,-1.9163763066202044,1
POWERGRID,2022-01-21,2022-02-04,157.75,153.7,1041,failed a technical gate (trend/near-high/RSI) -- not in the top 20 at all,-4216.050000000012,-2.5673534072900184,14
SUZLON,2022-01-25,2022-02-07,10.1,10.2,15578,failed a technical gate (trend/near-high/RSI) -- not in the top 20 at all,1557.7999999999945,0.990099009900991,13
HAL,2022-01-24,2022-02-08,680.45,689.0,231,failed a technical gate (trend/near-high/RSI) -- not in the top 20 at all,1975.0499999999895,1.2565214196487595,15
ADANIENSOL,2022-01-24,2022-02-08,2035.9,1968.3,77,failed a technical gate (trend/near-high/RSI) -- not in the top 20 at all,-5205.200000000011,-3.3203988408075147,15
ONGC,2022-01-24,2022-02-09,149.8,148.2,1050,failed a technical gate (trend/near-high/RSI) -- not in the top 20 at all,-1680.0000000000239,-1.0680907877169687,16
BDL,2022-01-21,2022-02-11,229.55,226.1,716,failed a technical gate (trend/near-high/RSI) -- not in the top 20 at all,-2470.200000000012,-1.5029405358309766,21
INDHOTEL,2022-02-07,2022-02-11,211.8,206.6,760,failed a technical gate (trend/near-high/RSI) -- not in the top 20 at all,-3952.0000000000127,-2.455146364494809,4
TATAELXSI,2022-01-18,2022-02-14,6376.3,6911.35,26,failed a technical gate (trend/near-high/RSI) -- not in the top 20 at all,13911.300000000005,8.391230023681452,27
MARUTI,2022-01-25,2022-02-14,8602.6,8366.4,18,failed a technical gate (trend/near-high/RSI) -- not in the top 20 at all,-4251.600000000013,-2.7456815381396438,20
ADANIENSOL,2022-02-11,2022-02-14,2016.05,1915.25,78,closed below 200 EMA,-7862.399999999996,-4.999875995139003,3
ADANIGREEN,2022-01-25,2022-02-15,1929.0,1792.8244345417575,81,stop,-11030.220802117647,-7.059386493428854,21
BANKBARODA,2022-02-04,2022-02-15,92.65,90.97337127661508,1723,stop,-2888.8312903922215,-1.809637046287016,11
NATIONALUM,2022-02-09,2022-02-15,122.09,112.79597835249683,1320,stop,-12268.108574704187,-7.612434800150025,6
ONGC,2022-02-11,2022-02-15,151.95,142.84724655233154,1044,stop,-9503.27459936586,-5.9906241840529395,4
OIL,2022-02-14,2022-02-15,150.5,149.8,1007,failed a technical gate (trend/near-high/RSI) -- not in the top 20 at all,-704.8999999999885,-0.46511627906975495,1
BDL,2022-02-15,2022-02-16,233.2,230.65,649,failed a technical gate (trend/near-high/RSI) -- not in the top 20 at all,-1654.949999999989,-1.0934819897084003,1
BANKBARODA,2022-02-15,2022-02-18,96.0,91.55,1577,failed a technical gate (trend/near-high/RSI) -- not in the top 20 at all,-7017.650000000004,-4.63541666666667,3
NATIONALUM,2022-02-15,2022-02-18,119.79,112.74,1263,failed a technical gate (trend/near-high/RSI) -- not in the top 20 at all,-8904.150000000014,-5.885299273729039,3
INDIGO,2022-02-08,2022-02-21,2182.6,2086.55,73,failed a technical gate (trend/near-high/RSI) -- not in the top 20 at all,-7011.64999999998,-4.400714743883427,13
HINDALCO,2022-02-15,2022-02-21,533.85,512.0,283,failed a technical gate (trend/near-high/RSI) -- not in the top 20 at all,-6183.550000000007,-4.092909993443861,6
BDL,2022-02-18,2022-02-21,236.35,229.85,638,failed a technical gate (trend/near-high/RSI) -- not in the top 20 at all,-4147.0,-2.750158662999791,3
ADANIPOWER,2022-02-18,2022-02-21,26.3,24.05,5733,failed a technical gate (trend/near-high/RSI) -- not in the top 20 at all,-12899.25,-8.55513307984791,3
BSE,2022-02-08,2022-02-22,231.0,229.5,690,failed a technical gate (trend/near-high/RSI) -- not in the top 20 at all,-1035.0,-0.649350649350644,14
JSWENERGY,2022-02-21,2022-02-22,339.35,327.65,433,failed a technical gate (trend/near-high/RSI) -- not in the top 20 at all,-5066.1000000000195,-3.4477677913658633,1
TVSMOTOR,2022-02-21,2022-02-23,658.4,651.45,223,failed a technical gate (trend/near-high/RSI) -- not in the top 20 at all,-1549.849999999985,-1.0555893074118972,2
BLUESTARCO,2022-02-14,2022-02-24,501.9,507.8,302,failed a technical gate (trend/near-high/RSI) -- not in the top 20 at all,1781.8000000000102,1.1755329746961696,10
CHOLAFIN,2022-02-14,2022-02-24,660.0,647.85,229,failed a technical gate (trend/near-high/RSI) -- not in the top 20 at all,-2782.349999999995,-1.840909090909082,10
ADANIGREEN,2022-02-15,2022-02-24,1889.5,1849.75,80,failed a technical gate (trend/near-high/RSI) -- not in the top 20 at all,-3180.0,-2.103731145805765,9
MARUTI,2022-02-16,2022-02-24,8582.95,8210.15,17,closed below 200 EMA,-6337.600000000019,-4.343494952201765,8
SIEMENS,2022-02-21,2022-02-24,1840.2,1741.25,79,closed below 200 EMA,-7817.050000000004,-5.377132920334748,3
EICHERMOT,2022-02-21,2022-02-24,2699.0,2617.15,54,closed below 200 EMA,-4419.899999999995,-3.0326046683956998,3
VOLTAS,2022-02-22,2022-02-24,1239.15,1196.9,118,closed below 200 EMA,-4985.5,-3.40959528709196,2
CUMMINSIND,2022-02-22,2022-02-24,950.25,927.7,154,closed below 200 EMA,-3472.699999999993,-2.373059721126014,2
VOLTAS,2022-02-28,2022-03-03,1263.15,1197.15,111,closed below 200 EMA,-7326.0,-5.225032656454099,3
CUMMINSIND,2022-02-28,2022-03-03,957.25,951.0,147,failed a technical gate (trend/near-high/RSI) -- not in the top 20 at all,-918.75,-0.6529119874640887,3
BLUESTARCO,2022-02-28,2022-03-04,535.05,513.95,263,failed a technical gate (trend/near-high/RSI) -- not in the top 20 at all,-5549.299999999976,-3.9435566769460584,4
CHOLAFIN,2022-02-28,2022-03-04,690.95,658.5,203,failed a technical gate (trend/near-high/RSI) -- not in the top 20 at all,-6587.3500000000095,-4.696432448078736,4
NATIONALUM,2022-03-03,2022-03-10,126.3,115.46320237775431,1122,stop,-12158.886932159656,-8.580203976441558,7
NATIONALUM,2022-03-10,2022-03-14,119.65,115.29,1167,failed a technical gate (trend/near-high/RSI) -- not in the top 20 at all,-5088.119999999999,-3.6439615545340587,4
HINDALCO,2022-02-28,2022-03-15,573.75,559.75,245,failed a technical gate (trend/near-high/RSI) -- not in the top 20 at all,-3430.0,-2.440087145969494,15
TATASTEEL,2022-03-14,2022-03-15,123.23,117.02,1133,failed a technical gate (trend/near-high/RSI) -- not in the top 20 at all,-7035.930000000009,-5.039357299358926,1
ONGC,2022-03-14,2022-03-15,155.25,148.0,899,closed below 200 EMA,-6517.75,-4.669887278582929,1
POWERGRID,2022-03-04,2022-03-21,157.75,150.1,885,closed below 200 EMA,-6770.2500000000055,-4.849445324881141,17
CIPLA,2022-03-14,2022-03-23,1048.65,1014.45,133,dropped out of top 20 rank (now #21 of 51),-4548.600000000006,-3.261336003432991,9
BSE,2022-03-16,2022-03-28,329.5,292.5579635179534,421,stop,-15552.59735894162,-11.211543697130988,12
HINDALCO,2022-03-21,2022-03-31,589.95,572.5605906471086,235,stop,-4086.51119792949,-2.947607314669287,10
TATAELXSI,2022-03-14,2022-04-18,7169.65,7934.491467371794,19,stop,14531.987880064093,10.66776575386239,35
BANKBARODA,2022-03-16,2022-04-18,93.75,99.55,1480,failed a technical gate (trend/near-high/RSI) -- not in the top 20 at all,8583.999999999996,6.186666666666674,33
JSWSTEEL,2022-04-18,2022-04-22,767.85,723.4,214,failed a technical gate (trend/near-high/RSI) -- not in the top 20 at all,-9512.30000000001,-5.788891059451718,4
VEDL,2022-03-23,2022-04-25,186.7,181.4883794448132,752,stop,-3919.1386575004612,-2.791441111508719,33
JINDALSTEL,2022-03-04,2022-04-25,435.75,526.2,320,failed a technical gate (trend/near-high/RSI) -- not in the top 20 at all,28944.000000000015,20.75731497418245,52
MAZDOCK,2022-04-18,2022-04-29,165.65,150.39563603843553,993,stop,-15147.583413833529,-9.208792008188638,11
HAL,2022-03-16,2022-04-29,731.1,797.55,189,failed a technical gate (trend/near-high/RSI) -- not in the top 20 at all,12559.049999999987,9.08904390644234,44
BDL,2022-03-14,2022-05-02,250.95,357.7938926765821,556,stop,59405.204328179665,42.575769147870936,49
BEL,2022-04-25,2022-05-02,81.95,79.4,1959,failed a technical gate (trend/near-high/RSI) -- not in the top 20 at all,-4995.449999999994,-3.1116534472239166,7
MAZDOCK,2022-04-29,2022-05-02,150.1,146.7,1072,failed a technical gate (trend/near-high/RSI) -- not in the top 20 at all,-3644.800000000006,-2.2651565622918146,3
ADANIPORTS,2022-04-25,2022-05-04,859.55,821.8033332559509,186,stop,-7020.880014393131,-4.391445145023454,9
ADANIENT,2022-03-31,2022-05-04,1953.3,2185.0,74,failed a technical gate (trend/near-high/RSI) -- not in the top 20 at all,17145.800000000003,11.86197716684585,34
APLAPOLLO,2022-05-02,2022-05-04,1029.0,977.75,154,failed a technical gate (trend/near-high/RSI) -- not in the top 20 at all,-7892.5,-4.980563654033043,2
ADANIPOWER,2022-03-28,2022-05-05,30.45,51.151169504948186,4708,stop,97461.10602929606,67.98413630524855,38
ADANIGREEN,2022-04-22,2022-05-10,2882.8,2535.135819436181,56,stop,-19469.194111573874,-12.059947986812103,18
ADANIENSOL,2022-02-28,2022-05-10,2134.4,2482.55,66,closed below 200 EMA,22977.900000000005,16.31137556221889,71
TIINDIA,2022-05-10,2022-05-11,1804.0,1678.4833892316517,84,stop,-10543.395304541256,-6.957683523744363,1
NTPC,2022-05-02,2022-05-11,157.5,152.55,1012,failed a technical gate (trend/near-high/RSI) -- not in the top 20 at all,-5009.399999999989,-3.142857142857136,9
ADANIPOWER,2022-05-10,2022-05-11,53.5,51.05,2834,failed a technical gate (trend/near-high/RSI) -- not in the top 20 at all,-6943.300000000008,-4.579439252336459,1
POWERGRID,2022-05-02,2022-05-18,170.1,167.35,937,failed a technical gate (trend/near-high/RSI) -- not in the top 20 at all,-2576.75,-1.6166960611405101,16
VBL,2022-05-02,2022-05-19,147.3,141.5,1082,failed a technical gate (trend/near-high/RSI) -- not in the top 20 at all,-6275.600000000012,-3.9375424304141315,17
POLYCAB,2022-05-18,2022-05-23,2560.9,2543.2,58,dropped out of top 20 rank (now #22 of 23),-1026.6000000000158,-0.6911632629153952,5
PATANJALI,2022-05-19,2022-05-24,389.6,366.4,382,failed a technical gate (trend/near-high/RSI) -- not in the top 20 at all,-8862.400000000018,-5.954825462012336,5
BDL,2022-05-23,2022-05-25,386.4,353.75,392,failed a technical gate (trend/near-high/RSI) -- not in the top 20 at all,-12798.799999999992,-8.449792960662517,2
BAJAJ-AUTO,2022-05-18,2022-06-01,3697.5,3628.0,40,failed a technical gate (trend/near-high/RSI) -- not in the top 20 at all,-2780.0,-1.8796484110885747,14
ADANIPOWER,2022-05-16,2022-06-02,53.45,59.05,2794,failed a technical gate (trend/near-high/RSI) -- not in the top 20 at all,15646.399999999983,10.477081384471454,17
EICHERMOT,2022-05-18,2022-06-06,2696.0,2653.1,55,failed a technical gate (trend/near-high/RSI) -- not in the top 20 at all,-2359.500000000005,-1.5912462908011848,19
ITC,2022-05-25,2022-06-08,224.85,220.95,655,failed a technical gate (trend/near-high/RSI) -- not in the top 20 at all,-2554.5000000000036,-1.7344896597731863,14
ASHOKLEY,2022-06-02,2022-06-13,69.3,63.99487579215013,2144,stop,-11374.18630163011,-7.655301887229237,11
COALINDIA,2022-06-08,2022-06-15,184.0,176.9,796,failed a technical gate (trend/near-high/RSI) -- not in the top 20 at all,-5651.599999999996,-3.8586956521739046,7
OIL,2022-06-06,2022-06-16,185.95,171.7701437904799,790,stop,-11202.086405520877,-7.625628507405269,10
HAL,2022-05-24,2022-06-16,892.3,898.55,166,failed a technical gate (trend/near-high/RSI) -- not in the top 20 at all,1037.5,0.7004370727333953,23
EICHERMOT,2022-06-13,2022-06-16,2700.8,2652.5,53,failed a technical gate (trend/near-high/RSI) -- not in the top 20 at all,-2559.9000000000096,-1.7883590047393483,3
BEL,2022-06-15,2022-06-16,80.05,77.45,1814,closed below 200 EMA,-4716.39999999999,-3.2479700187382776,1
OIL,2022-06-16,2022-06-17,176.6,169.75,808,failed a technical gate (trend/near-high/RSI) -- not in the top 20 at all,-5534.799999999996,-3.878822197055487,1
BDL,2022-06-01,2022-06-20,406.65,357.5940482537787,366,stop,-17954.478339116995,-12.06343335699528,19
VBL,2022-06-16,2022-06-21,155.85,147.75,916,failed a technical gate (trend/near-high/RSI) -- not in the top 20 at all,-7419.599999999995,-5.197305101058703,5
TORNTPHARM,2022-06-24,2022-07-07,1434.6,1474.25,97,dropped out of top 20 rank (now #23 of 27),3846.050000000009,2.763836609507875,13
ASHOKLEY,2022-06-24,2022-07-14,67.5,68.4,2081,failed a technical gate (trend/near-high/RSI) -- not in the top 20 at all,1872.900000000012,1.333333333333342,20
PHOENIXLTD,2022-06-24,2022-07-20,563.2,601.8,249,dropped out of top 20 rank (now #22 of 43),9611.399999999978,6.853693181818166,26
BAJAJ-AUTO,2022-07-20,2022-07-27,3903.0,3788.0,37,failed a technical gate (trend/near-high/RSI) -- not in the top 20 at all,-4255.0,-2.9464514476044035,7
TIINDIA,2022-07-07,2022-08-02,2010.1,1992.507739065883,71,stop,-1249.0505263222994,-0.8751933204376394,26
BRITANNIA,2022-07-20,2022-08-03,3828.3,3770.0,38,failed a technical gate (trend/near-high/RSI) -- not in the top 20 at all,-2215.400000000007,-1.5228691586343879,14
VBL,2022-06-23,2022-08-22,150.7,187.17200238682832,930,stop,33918.962219750356,24.20172686584494,60
BDL,2022-08-02,2022-08-22,421.6,399.15,356,failed a technical gate (trend/near-high/RSI) -- not in the top 20 at all,-7992.200000000016,-5.324952561669837,20
HINDUNILVR,2022-07-14,2022-08-23,2497.8,2592.75,57,failed a technical gate (trend/near-high/RSI) -- not in the top 20 at all,5412.14999999999,3.801345183761695,40
CGPOWER,2022-07-27,2022-08-26,220.0,227.1,667,failed a technical gate (trend/near-high/RSI) -- not in the top 20 at all,4735.699999999996,3.227272727272723,30
PIIND,2022-08-22,2022-09-06,3379.0,3265.15,45,failed a technical gate (trend/near-high/RSI) -- not in the top 20 at all,-5123.249999999996,-3.369340041432378,15
COALINDIA,2022-08-23,2022-09-09,207.5,221.2,748,dropped out of top 20 rank (now #21 of 60),10247.599999999991,6.6024096385542075,17
ADANIENSOL,2022-07-20,2022-09-21,3018.75,3865.75,48,failed a technical gate (trend/near-high/RSI) -- not in the top 20 at all,40656.0,28.057971014492743,63
BEL,2022-07-20,2022-09-23,84.95,106.65,1731,failed a technical gate (trend/near-high/RSI) -- not in the top 20 at all,37562.700000000004,25.544437904649797,65
HAL,2022-08-03,2022-09-26,1012.45,1196.2,149,stop,27378.75,18.149044397254176,54
ADANIPORTS,2022-09-09,2022-09-26,906.85,892.9570373565793,185,stop,-2570.1980890328246,-1.5320022763875674,17
BDL,2022-09-21,2022-09-26,460.5,423.2213738386928,378,stop,-14091.320688974127,-8.095249980739894,5
EICHERMOT,2022-06-24,2022-09-26,2877.9,3515.55,48,failed a technical gate (trend/near-high/RSI) -- not in the top 20 at all,30607.200000000004,22.156780986135715,94
VBL,2022-08-26,2022-09-27,204.7,209.56746304482184,776,stop,3777.151322781753,2.3778520004014814,32
TIINDIA,2022-09-23,2022-09-27,2772.35,2555.6880014283797,62,stop,-13433.04391144045,-7.8151026591743555,4
ITC,2022-07-20,2022-09-28,245.9,271.8126895211766,598,stop,15495.7883336636,10.537897324593981,70
CGPOWER,2022-09-26,2022-09-28,246.7,233.6,676,failed a technical gate (trend/near-high/RSI) -- not in the top 20 at all,-8855.599999999997,-5.310093230644508,2
BAJAJHLDNG,2022-09-26,2022-09-29,6760.85,6266.525929743939,24,stop,-11863.777686145477,-7.311566892566191,3
EICHERMOT,2022-09-30,2022-10-03,3671.6,3450.330253468764,46,stop,-10178.408340436847,-6.026521040724364,3
AMBUJACEM,2022-09-26,2022-10-03,511.2,488.65,326,failed a technical gate (trend/near-high/RSI) -- not in the top 20 at all,-7351.300000000004,-4.411189358372458,7
HINDUNILVR,2022-09-26,2022-10-03,2660.55,2622.5,62,failed a technical gate (trend/near-high/RSI) -- not in the top 20 at all,-2359.1000000000113,-1.4301554189923182,7
MARICO,2022-09-27,2022-10-03,536.45,529.5,309,failed a technical gate (trend/near-high/RSI) -- not in the top 20 at all,-2147.550000000014,-1.2955541056948516,6
ITC,2022-09-30,2022-10-03,273.95,267.5,619,failed a technical gate (trend/near-high/RSI) -- not in the top 20 at all,-3992.549999999993,-2.3544442416499334,3
BHARTIARTL,2022-10-03,2022-10-06,803.35,788.6,210,dropped out of top 20 rank (now #27 of 28),-3097.5,-1.8360614925001517,3
SUNPHARMA,2022-10-03,2022-10-06,944.5,953.9,178,dropped out of top 20 rank (now #26 of 28),1673.199999999996,0.9952355743779728,3
CIPLA,2022-10-03,2022-10-07,1130.75,1130.5,149,dropped out of top 20 rank (now #25 of 36),-37.25,-0.022109219544552694,4
360ONE,2022-10-03,2022-10-10,468.65,445.6,360,failed a technical gate (trend/near-high/RSI) -- not in the top 20 at all,-8297.999999999984,-4.9183825882854855,7
VBL,2022-10-07,2022-10-11,227.05,209.62052703604243,777,stop,-13542.70049299504,-7.676491065385416,4
BRITANNIA,2022-09-30,2022-10-11,3843.05,3727.9,44,failed a technical gate (trend/near-high/RSI) -- not in the top 20 at all,-5066.600000000004,-2.9963180286491253,11
HAL,2022-10-10,2022-10-11,1209.9,1184.4,144,failed a technical gate (trend/near-high/RSI) -- not in the top 20 at all,-3672.0,-2.107612199355313,1
BDL,2022-10-06,2022-10-12,461.8,441.1,376,failed a technical gate (trend/near-high/RSI) -- not in the top 20 at all,-7783.199999999995,-4.482459939367689,6
TIINDIA,2022-09-27,2022-10-14,2577.7,2643.9,64,failed a technical gate (trend/near-high/RSI) -- not in the top 20 at all,4236.8000000000175,2.56818093649378,17
MAXHEALTH,2022-10-14,2022-10-18,427.75,407.45,402,failed a technical gate (trend/near-high/RSI) -- not in the top 20 at all,-8160.600000000005,-4.74576271186441,4
KPITTECH,2022-10-03,2022-10-19,658.25,649.55,256,dropped out of top 20 rank (now #24 of 36),-2227.2000000000116,-1.321686289403734,16
BAJAJHLDNG,2022-10-11,2022-10-20,6669.85,6467.45,25,failed a technical gate (trend/near-high/RSI) -- not in the top 20 at all,-5060.000000000014,-3.0345510018966015,9
CGPOWER,2022-10-12,2022-10-24,255.2,255.95,675,dropped out of top 20 rank (now #27 of 47),506.25,0.2938871473354254,12
TIINDIA,2022-10-18,2022-10-28,2760.75,2668.3,62,failed a technical gate (trend/near-high/RSI) -- not in the top 20 at all,-5731.899999999989,-3.3487277008059313,10
IDFCFIRSTB,2022-10-06,2022-10-31,54.3,56.1,3203,dropped out of top 20 rank (now #27 of 55),5765.400000000013,3.314917127071837,25
HAL,2022-10-31,2022-11-10,1265.0,1215.55,139,failed a technical gate (trend/near-high/RSI) -- not in the top 20 at all,-6873.550000000007,-3.9090909090909176,10
ITC,2022-10-19,2022-11-14,285.6,286.35,608,failed a technical gate (trend/near-high/RSI) -- not in the top 20 at all,456.0,0.2626050420168058,26
BDL,2022-10-20,2022-11-14,460.8,473.7,379,failed a technical gate (trend/near-high/RSI) -- not in the top 20 at all,4889.099999999991,2.799479166666652,25
BEL,2022-11-10,2022-11-14,106.7,106.6,1781,failed a technical gate (trend/near-high/RSI) -- not in the top 20 at all,-178.1000000000152,-0.09372071227742307,4
MAZDOCK,2022-08-22,2022-11-22,152.05,377.9707646003949,1011,stop,228405.89301099922,148.58320591936524,92
COCHINSHIP,2022-09-06,2022-12-07,186.6,312.7,884,failed a technical gate (trend/near-high/RSI) -- not in the top 20 at all,111472.4,67.57770632368702,92
RVNL,2022-11-14,2022-12-09,54.55,67.5728739777905,3588,stop,46726.0718323123,23.873279519322633,25
INDIANB,2022-10-28,2022-12-09,233.55,260.3,752,failed a technical gate (trend/near-high/RSI) -- not in the top 20 at all,20116.0,11.453650181973885,42
HAL,2022-11-14,2022-12-14,1245.1,1341.8,157,failed a technical gate (trend/near-high/RSI) -- not in the top 20 at all,15181.900000000007,7.766444462292199,30
UNIONBANK,2022-12-14,2022-12-16,85.21,76.96935242967518,2484,stop,-20469.76856468683,-9.670986469105515,2
SBIN,2022-11-14,2022-12-16,592.55,603.35,330,failed a technical gate (trend/near-high/RSI) -- not in the top 20 at all,3564.0000000000227,1.8226310016032476,32
MAZDOCK,2022-11-22,2022-12-16,433.4,416.2,456,failed a technical gate (trend/near-high/RSI) -- not in the top 20 at all,-7843.199999999995,-3.9686202122750314,24
BANKBARODA,2022-10-24,2022-12-21,128.15,158.7039060406972,1365,stop,41706.08174555168,23.84229890027094,58
PNB,2022-12-07,2022-12-21,52.37,50.393064472983255,3896,stop,-7702.140813257228,-3.774938947902884,14
NMDC,2022-11-22,2022-12-21,32.9,33.5,6012,failed a technical gate (trend/near-high/RSI) -- not in the top 20 at all,3607.2000000000085,1.823708206686936,29
UNIONBANK,2022-12-16,2022-12-21,76.19,72.91,2675,failed a technical gate (trend/near-high/RSI) -- not in the top 20 at all,-8774.000000000004,-4.305026906418163,5
BANKINDIA,2022-12-16,2022-12-21,85.08,80.93,2395,failed a technical gate (trend/near-high/RSI) -- not in the top 20 at all,-9939.24999999998,-4.877762106252925,5
MAHABANK,2022-12-09,2022-12-22,28.65,28.590711806744064,7206,stop,-427.2307206022631,-0.20693959251635308,13
GODFRYPHLP,2022-10-11,2022-12-22,437.0,606.0,386,failed a technical gate (trend/near-high/RSI) -- not in the top 20 at all,65234.0,38.672768878718536,72
INDIANB,2022-12-16,2022-12-22,280.8,267.75,725,failed a technical gate (trend/near-high/RSI) -- not in the top 20 at all,-9461.25000000001,-4.647435897435903,6
RVNL,2022-12-21,2022-12-22,69.9,66.45,2822,failed a technical gate (trend/near-high/RSI) -- not in the top 20 at all,-9735.900000000009,-4.935622317596566,1
JINDALSTEL,2022-12-21,2022-12-22,547.6,539.85,360,failed a technical gate (trend/near-high/RSI) -- not in the top 20 at all,-2790.0,-1.415266617969324,1
IRFC,2022-12-21,2022-12-22,32.3,31.25,6107,failed a technical gate (trend/near-high/RSI) -- not in the top 20 at all,-6412.349999999983,-3.2507739938080427,1
ABCAPITAL,2022-12-21,2022-12-22,148.6,147.85,1327,failed a technical gate (trend/near-high/RSI) -- not in the top 20 at all,-995.25,-0.5047106325706596,1
VBL,2022-12-09,2022-12-23,282.05,256.2060445770762,731,stop,-18891.931414157287,-9.162898572211942,14
HINDZINC,2022-12-21,2022-12-23,323.35,310.15466326346336,610,stop,-8049.155409287363,-4.080821628741815,2
JSWSTEEL,2022-12-22,2022-12-23,737.55,727.85,260,failed a technical gate (trend/near-high/RSI) -- not in the top 20 at all,-2521.9999999999823,-1.3151650735543252,1
CUMMINSIND,2022-12-22,2022-12-23,1450.15,1388.05,132,failed a technical gate (trend/near-high/RSI) -- not in the top 20 at all,-8197.200000000019,-4.282315622521815,1
PIIND,2022-12-22,2022-12-23,3520.9,3459.6,54,failed a technical gate (trend/near-high/RSI) -- not in the top 20 at all,-3310.20000000001,-1.7410321224686887,1
RECLTD,2022-12-22,2022-12-23,112.5,108.75,1708,failed a technical gate (trend/near-high/RSI) -- not in the top 20 at all,-6405.0,-3.3333333333333326,1
BRITANNIA,2022-12-22,2022-12-23,4391.45,4331.9,43,failed a technical gate (trend/near-high/RSI) -- not in the top 20 at all,-2560.650000000008,-1.3560441312095106,1
AXISBANK,2022-12-22,2022-12-23,919.55,906.6,209,failed a technical gate (trend/near-high/RSI) -- not in the top 20 at all,-2706.5499999999856,-1.4082975368386652,1
GODREJCP,2022-12-22,2022-12-23,891.35,873.4,215,failed a technical gate (trend/near-high/RSI) -- not in the top 20 at all,-3859.25000000001,-2.0137992932069415,1
NESTLEIND,2022-12-23,2022-12-26,1006.6,994.9,185,failed a technical gate (trend/near-high/RSI) -- not in the top 20 at all,-2164.500000000008,-1.16232863103517,3
APOLLOHOSP,2022-12-23,2022-12-27,4700.15,4643.8,39,failed a technical gate (trend/near-high/RSI) -- not in the top 20 at all,-2197.6499999999787,-1.1988979075135742,4
INDIANB,2022-12-27,2022-12-28,275.5,266.75,678,failed a technical gate (trend/near-high/RSI) -- not in the top 20 at all,-5932.5,-3.176043557168784,1
PIIND,2022-12-27,2022-12-28,3481.35,3452.7,53,failed a technical gate (trend/near-high/RSI) -- not in the top 20 at all,-1518.4500000000048,-0.8229566116592757,1
SHRIRAMFIN,2022-12-27,2022-12-29,275.8,256.7885415169273,677,stop,-12870.757393040229,-6.8932046711648765,2
MARICO,2022-12-23,2022-12-29,515.55,515.4,363,failed a technical gate (trend/near-high/RSI) -- not in the top 20 at all,-54.449999999991746,-0.029095141111434852,6
BRITANNIA,2022-12-27,2022-12-29,4369.25,4348.3,42,failed a technical gate (trend/near-high/RSI) -- not in the top 20 at all,-879.8999999999924,-0.47948732620014534,2
ZYDUSLIFE,2022-12-23,2022-12-30,420.3,419.95,445,dropped out of top 20 rank (now #26 of 26),-155.75000000001012,-0.08327385201047921,7
LICHSGFIN,2022-12-27,2022-12-30,405.35,405.65,460,dropped out of top 20 rank (now #21 of 26),137.99999999997908,0.07401011471566132,3
VBL,2022-12-29,2022-12-30,271.45,264.5,682,failed a technical gate (trend/near-high/RSI) -- not in the top 20 at all,-4739.899999999992,-2.5603241849327607,1
JSWSTEEL,2022-12-29,2023-01-04,769.4,737.3041798157506,240,stop,-7702.996844219861,-4.171538885397641,6
HDFCBANK,2022-12-27,2023-01-04,815.6,805.0,229,failed a technical gate (trend/near-high/RSI) -- not in the top 20 at all,-2427.400000000005,-1.2996566944580734,8
AXISBANK,2022-12-27,2023-01-05,932.2,949.55,200,dropped out of top 20 rank (now #21 of 37),3469.999999999982,1.8611885861403055,9
BANKBARODA,2022-12-30,2023-01-10,166.8,162.1,1105,failed a technical gate (trend/near-high/RSI) -- not in the top 20 at all,-5193.500000000019,-2.817745803357319,11
PNB,2023-01-02,2023-01-10,53.97,52.04,3449,failed a technical gate (trend/near-high/RSI) -- not in the top 20 at all,-6656.569999999999,-3.5760607745043527,8
MAHABANK,2023-01-05,2023-01-10,31.1,29.7,5999,failed a technical gate (trend/near-high/RSI) -- not in the top 20 at all,-8398.600000000013,-4.501607717041811,5
INDIANB,2023-01-04,2023-01-11,282.1,274.85,657,failed a technical gate (trend/near-high/RSI) -- not in the top 20 at all,-4763.25,-2.570010634526765,7
GODFRYPHLP,2023-01-10,2023-01-16,701.0,649.0,263,failed a technical gate (trend/near-high/RSI) -- not in the top 20 at all,-13676.0,-7.4179743223965815,6
BANKINDIA,2023-01-02,2023-01-18,85.51,83.49,2176,failed a technical gate (trend/near-high/RSI) -- not in the top 20 at all,-4395.520000000022,-2.3622968073909623,16
HINDZINC,2022-12-29,2023-01-20,326.2,345.0,567,stop,10659.600000000006,5.763335377069279,22
JSWSTEEL,2023-01-18,2023-01-20,767.15,741.45,242,failed a technical gate (trend/near-high/RSI) -- not in the top 20 at all,-6219.399999999983,-3.3500619174867907,2
NMDC,2023-01-04,2023-01-24,34.25,35.05,5419,failed a technical gate (trend/near-high/RSI) -- not in the top 20 at all,4335.199999999984,2.335766423357666,20
PNB,2023-01-16,2023-01-24,55.62,52.42,3338,failed a technical gate (trend/near-high/RSI) -- not in the top 20 at all,-10681.599999999986,-5.753326141675652,8
UNIONBANK,2023-01-20,2023-01-24,72.96,72.39,2517,failed a technical gate (trend/near-high/RSI) -- not in the top 20 at all,-1434.6899999999828,-0.7812499999999889,4
PFC,2023-01-10,2023-01-25,124.1,116.09987382764498,1487,stop,-11896.1876182919,-6.446515852018542,15
RECLTD,2022-12-27,2023-01-25,113.45,120.5,1647,failed a technical gate (trend/near-high/RSI) -- not in the top 20 at all,11611.349999999995,6.214191273688852,29
HDFCBANK,2023-01-24,2023-01-27,847.8,816.0,214,stop,-6805.19999999999,-3.7508846426043796,3
JINDALSTEL,2022-12-28,2023-01-27,578.2,588.15,321,failed a technical gate (trend/near-high/RSI) -- not in the top 20 at all,3193.949999999978,1.720857834659273,30
RVNL,2023-01-11,2023-01-27,72.2,72.9,2559,failed a technical gate (trend/near-high/RSI) -- not in the top 20 at all,1791.3000000000072,0.969529085872578,16
HINDZINC,2023-01-20,2023-01-30,353.0,329.6993061519467,520,stop,-12116.360800987715,-6.6007631297601455,10
TCS,2023-01-27,2023-01-31,3411.05,3358.7,52,failed a technical gate (trend/near-high/RSI) -- not in the top 20 at all,-2722.200000000019,-1.5347180486946943,4
IOC,2023-01-25,2023-02-01,64.11,61.27442167018513,2811,stop,-7970.810685109605,-4.4229891277723805,7
BAJAJ-AUTO,2023-01-27,2023-02-01,3839.5,3688.3707915516648,46,stop,-6951.943588623421,-3.9361689920129006,5
INDIANB,2023-01-31,2023-02-01,290.95,270.1212820822723,607,stop,-12643.031776060723,-7.158865068818598,1
NHPC,2023-01-25,2023-02-02,43.7,41.12076727060269,4124,stop,-10636.755776034513,-5.902134392213531,8
TATASTEEL,2023-01-10,2023-02-06,112.62,111.26,1639,failed a technical gate (trend/near-high/RSI) -- not in the top 20 at all,-2229.039999999999,-1.2076007813887402,27
INDIANB,2023-02-01,2023-02-07,279.5,274.45,624,failed a technical gate (trend/near-high/RSI) -- not in the top 20 at all,-3151.200000000007,-1.806797853309483,6
HCLTECH,2023-01-24,2023-02-10,1137.85,1115.65,159,failed a technical gate (trend/near-high/RSI) -- not in the top 20 at all,-3529.799999999971,-1.9510480291778154,17
COFORGE,2023-01-30,2023-02-13,883.5,810.0,200,stop,-14700.0,-8.31918505942275,14
GODREJCP,2023-02-01,2023-02-13,929.7,923.85,187,failed a technical gate (trend/near-high/RSI) -- not in the top 20 at all,-1093.9500000000044,-0.6292352371732868,12
BRITANNIA,2023-02-06,2023-02-20,4625.65,4453.8,37,failed a technical gate (trend/near-high/RSI) -- not in the top 20 at all,-6358.44999999998,-3.7151535459881146,14
HDFCBANK,2023-02-07,2023-02-20,827.1,820.2,211,failed a technical gate (trend/near-high/RSI) -- not in the top 20 at all,-1455.899999999995,-0.8342401160681856,13
CGPOWER,2023-01-24,2023-02-21,299.35,319.9,606,dropped out of top 20 rank (now #22 of 31),12453.299999999972,6.864873893435752,28
TCS,2023-02-02,2023-02-21,3460.4,3451.0,50,failed a technical gate (trend/near-high/RSI) -- not in the top 20 at all,-470.00000000000455,-0.27164489654375457,19
OIL,2023-02-20,2023-02-21,172.75,169.85,1007,failed a technical gate (trend/near-high/RSI) -- not in the top 20 at all,-2920.3000000000056,-1.6787264833574511,1
JINDALSTEL,2023-02-21,2023-02-22,589.3,573.25,293,closed below 200 EMA,-4702.649999999987,-2.7235703376887743,1
BAJAJ-AUTO,2023-02-13,2023-02-27,3787.5,3631.8712858884815,45,stop,-7003.292135018335,-4.10900895343943,14
PERSISTENT,2023-01-27,2023-03-09,2288.5,2408.8,77,failed a technical gate (trend/near-high/RSI) -- not in the top 20 at all,9263.100000000013,5.2567183744811175,41
BDL,2023-03-03,2023-03-10,473.8,460.0,364,failed a technical gate (trend/near-high/RSI) -- not in the top 20 at all,-5023.200000000004,-2.9126213592232997,7
BANKBARODA,2023-03-09,2023-03-10,153.5,150.0,1140,closed below 200 EMA,-3990.0,-2.28013029315961,1
KPITTECH,2023-02-10,2023-03-13,855.45,792.5425389708114,205,stop,-12896.029510983673,-7.3537273983504186,31
SUPREMEIND,2023-02-21,2023-03-13,2756.65,2666.5,62,failed a technical gate (trend/near-high/RSI) -- not in the top 20 at all,-5589.300000000006,-3.2702737017757055,20
ITC,2023-02-01,2023-03-14,298.05,313.1,585,failed a technical gate (trend/near-high/RSI) -- not in the top 20 at all,8804.250000000007,5.049488340882413,41
OIL,2023-03-03,2023-03-14,170.95,166.45,1009,failed a technical gate (trend/near-high/RSI) -- not in the top 20 at all,-4540.5,-2.632348639953208,11
VBL,2023-02-21,2023-03-16,264.9,261.25,651,failed a technical gate (trend/near-high/RSI) -- not in the top 20 at all,-2376.149999999985,-1.3778784446961012,23
PFC,2023-03-14,2023-03-20,128.85,121.00478950806571,1323,stop,-10379.213480829054,-6.088638332894281,6
HAL,2023-02-20,2023-03-20,1293.6,1322.4,134,failed a technical gate (trend/near-high/RSI) -- not in the top 20 at all,3859.2000000000244,2.2263450834879572,28
CUMMINSIND,2023-02-13,2023-03-22,1595.25,1612.6,108,failed a technical gate (trend/near-high/RSI) -- not in the top 20 at all,1873.7999999999902,1.0876038238520458,37
ABCAPITAL,2023-03-22,2023-03-24,156.15,146.9131002897647,1073,stop,-9911.193389082468,-5.915401671620424,2
MAXHEALTH,2023-03-14,2023-03-28,468.65,449.95,363,failed a technical gate (trend/near-high/RSI) -- not in the top 20 at all,-6788.099999999996,-3.9901845727088436,14
HINDZINC,2023-03-28,2023-03-29,328.8,299.0,505,stop,-15049.000000000005,-9.063260340632606,1
OIL,2023-03-29,2023-03-31,175.3,167.75,942,failed a technical gate (trend/near-high/RSI) -- not in the top 20 at all,-7112.10000000001,-4.3069024529378215,2
KPITTECH,2023-03-20,2023-04-03,889.6,826.6324703087798,188,stop,-11837.895581949397,-7.078184542628174,14
ZYDUSLIFE,2023-03-16,2023-04-05,479.65,493.1,353,dropped out of top 20 rank (now #23 of 37),4747.850000000016,2.804128010007312,20
HINDUNILVR,2023-04-05,2023-04-18,2582.75,2541.05,63,dropped out of top 20 rank (now #22 of 62),-2627.0999999999885,-1.6145581260284536,13
BDL,2023-03-31,2023-04-19,494.35,485.7,334,dropped out of top 20 rank (now #23 of 62),-2889.1000000000113,-1.7497724284413985,19
VBL,2023-03-24,2023-04-20,270.4,276.35,614,failed a technical gate (trend/near-high/RSI) -- not in the top 20 at all,3653.300000000028,2.2004437869822757,27
GODREJCP,2023-03-20,2023-04-25,960.0,963.2,175,failed a technical gate (trend/near-high/RSI) -- not in the top 20 at all,560.000000000008,0.33333333333334103,36
HAL,2023-04-05,2023-04-26,1360.9,1420.5,120,dropped out of top 20 rank (now #25 of 57),7151.999999999989,4.379454772576974,21
VBL,2023-04-25,2023-05-02,287.45,283.0,587,failed a technical gate (trend/near-high/RSI) -- not in the top 20 at all,-2612.1499999999933,-1.548095320925369,7
HDFCBANK,2023-04-05,2023-05-04,826.9,863.9,198,dropped out of top 20 rank (now #22 of 75),7326.0,4.474543475631876,29
KPITTECH,2023-04-26,2023-05-08,905.5,883.15,187,dropped out of top 20 rank (now #26 of 71),-4179.450000000004,-2.4682495858641684,12
INDIANB,2023-04-03,2023-05-09,277.0,290.1987638561156,591,stop,7800.469438964314,4.764896698958698,36
BANKBARODA,2023-04-05,2023-05-09,149.25,159.4,1099,failed a technical gate (trend/near-high/RSI) -- not in the top 20 at all,11154.850000000006,6.800670016750421,34
SBIN,2023-04-20,2023-05-10,544.8,572.2,305,dropped out of top 20 rank (now #33 of 80),8357.000000000027,5.029368575624105,20
ABCAPITAL,2023-04-05,2023-05-11,155.25,163.95,1057,failed a technical gate (trend/near-high/RSI) -- not in the top 20 at all,9195.899999999989,5.603864734299502,36
ALKEM,2023-05-09,2023-05-11,3618.05,3497.65,47,dropped out of top 20 rank (now #22 of 74),-5658.800000000005,-3.327759428421384,2
RVNL,2023-05-10,2023-05-12,121.85,120.4,1413,failed a technical gate (trend/near-high/RSI) -- not in the top 20 at all,-2048.849999999984,-1.1899876897825123,2
COLPAL,2023-05-11,2023-05-12,1626.15,1627.7,106,dropped out of top 20 rank (now #28 of 69),164.29999999999518,0.09531716016357716,1
MARICO,2023-05-12,2023-05-16,541.5,536.15,316,dropped out of top 20 rank (now #21 of 76),-1690.6000000000072,-0.9879963065558717,4
NESTLEIND,2023-05-11,2023-05-17,1101.0,1086.6,156,dropped out of top 20 rank (now #21 of 73),-2246.400000000014,-1.3079019073569564,6
PRESTIGE,2023-05-02,2023-05-18,484.25,479.2,357,failed a technical gate (trend/near-high/RSI) -- not in the top 20 at all,-1802.850000000004,-1.042849767681986,16
ITC,2023-04-18,2023-05-19,328.65,339.5149258402821,511,stop,5551.9771043841665,3.3059260125611223,31
RVNL,2023-05-18,2023-05-19,120.85,116.2,1404,failed a technical gate (trend/near-high/RSI) -- not in the top 20 at all,-6528.599999999988,-3.847745138601566,1
IRFC,2023-05-12,2023-05-25,33.35,32.0,5145,failed a technical gate (trend/near-high/RSI) -- not in the top 20 at all,-6945.750000000007,-4.047976011994003,13
GLENMARK,2023-05-04,2023-05-26,546.95,591.4,317,dropped out of top 20 rank (now #23 of 77),14090.649999999978,8.126885455708921,22
SONACOMS,2023-05-16,2023-05-31,542.9,506.3262008292657,317,stop,-11593.894337122765,-6.7367469461658285,15
VBL,2023-05-09,2023-06-08,301.1,316.35,568,failed a technical gate (trend/near-high/RSI) -- not in the top 20 at all,8662.0,5.06476253736301,30
INDHOTEL,2023-05-19,2023-06-08,372.35,380.8,458,dropped out of top 20 rank (now #24 of 91),3870.099999999995,2.269370216194444,20
KPITTECH,2023-05-25,2023-06-14,1020.3,1049.0280141409453,167,stop,4797.5783615378705,2.815643844060123,20
RVNL,2023-06-08,2023-06-15,125.35,122.9,1399,dropped out of top 20 rank (now #21 of 97),-3427.5499999999843,-1.954527323494204,7
BAJAJ-AUTO,2023-04-19,2023-06-16,4160.5,4527.0,40,failed a technical gate (trend/near-high/RSI) -- not in the top 20 at all,14660.0,8.809037375315466,58
SBICARD,2023-05-17,2023-06-20,879.4,893.8,195,failed a technical gate (trend/near-high/RSI) -- not in the top 20 at all,2807.9999999999955,1.6374801000682337,34
CHOLAFIN,2023-05-31,2023-06-20,1050.9,1121.9,164,dropped out of top 20 rank (now #21 of 97),11644.0,6.75611380721286,20
HAL,2023-06-15,2023-06-26,1853.8,1790.6199283264232,95,stop,-6002.1068089897935,-3.4081385086620286,11
ITC,2023-05-19,2023-06-26,346.25,367.6,492,dropped out of top 20 rank (now #22 of 77),10504.200000000012,6.166064981949471,38
BEL,2023-06-20,2023-06-27,125.15,118.4,1447,failed a technical gate (trend/near-high/RSI) -- not in the top 20 at all,-9767.25,-5.393527766679984,7
MAXHEALTH,2023-06-08,2023-06-28,557.4,603.3,314,dropped out of top 20 rank (now #35 of 85),14412.599999999993,8.234660925726578,20
KPITTECH,2023-06-16,2023-06-30,1084.4,1089.8,166,dropped out of top 20 rank (now #22 of 94),896.3999999999774,0.4979712283290194,14
ASTRAL,2023-05-26,2023-07-04,1776.35,1924.4,96,failed a technical gate (trend/near-high/RSI) -- not in the top 20 at all,14212.800000000017,8.33450615025193,39
DIXON,2023-06-26,2023-07-05,4432.05,4206.1,40,failed a technical gate (trend/near-high/RSI) -- not in the top 20 at all,-9037.999999999993,-5.098092304915324,9
ANGELONE,2023-06-27,2023-07-10,172.3,165.17566074597195,1042,stop,-7423.561502697236,-4.134845765541528,13
COFORGE,2023-06-20,2023-07-10,912.0,922.5,198,dropped out of top 20 rank (now #26 of 99),2079.0,1.1513157894736947,20
RECLTD,2023-07-05,2023-07-14,166.5,160.3,1088,failed a technical gate (trend/near-high/RSI) -- not in the top 20 at all,-6745.599999999988,-3.7237237237237153,9
ANGELONE,2023-07-10,2023-07-17,171.0,160.31492063288863,1059,stop,-11315.499049770942,-6.248584425211323,7
KEI,2023-05-08,2023-07-28,1986.9,2437.6,87,failed a technical gate (trend/near-high/RSI) -- not in the top 20 at all,39210.89999999999,22.68357743218077,81
HEROMOTOCO,2023-07-10,2023-08-01,2949.7,2928.6,61,dropped out of top 20 rank (now #21 of 97),-1287.0999999999945,-0.7153269824049846,22
HAL,2023-06-26,2023-08-02,1850.5,1859.3551621014797,97,stop,858.9507238435274,0.478528078977547,37
BEL,2023-07-17,2023-08-02,127.15,125.35,1461,failed a technical gate (trend/near-high/RSI) -- not in the top 20 at all,-2629.8000000000166,-1.4156508061344941,16
GODREJPROP,2023-06-28,2023-08-03,1583.1,1628.6842301309114,113,stop,5151.018004792995,2.87942834507684,36
SHRIRAMFIN,2023-06-30,2023-08-03,347.05,363.7,518,dropped out of top 20 rank (now #25 of 69),8624.699999999988,4.7975795994813275,34
RBLBANK,2023-07-28,2023-08-04,234.1,213.67512710679432,843,stop,-17218.16784897238,-8.724849591288198,7
PHOENIXLTD,2023-08-01,2023-08-10,865.55,831.0,225,failed a technical gate (trend/near-high/RSI) -- not in the top 20 at all,-7773.74999999999,-3.9916815897406255,9
MAZDOCK,2023-06-14,2023-08-11,515.15,858.207995141839,341,stop,116982.7763433671,66.59380668578841,58
BSE,2023-07-14,2023-08-16,252.5,278.97823260126677,740,stop,19593.892124937407,10.48642875297694,33
ETERNAL,2023-08-04,2023-08-16,95.4,91.9,2009,dropped out of top 20 rank (now #21 of 68),-7031.5,-3.6687631027253698,12
RBLBANK,2023-08-10,2023-08-18,224.25,215.8,871,failed a technical gate (trend/near-high/RSI) -- not in the top 20 at all,-7359.94999999999,-3.7681159420289823,8
BEL,2023-08-16,2023-08-18,131.3,127.15,1468,failed a technical gate (trend/near-high/RSI) -- not in the top 20 at all,-6092.200000000008,-3.160700685453166,2
AUROPHARMA,2023-08-03,2023-08-24,840.35,833.65,228,failed a technical gate (trend/near-high/RSI) -- not in the top 20 at all,-1527.6000000000104,-0.7972868447670645,21
MOTILALOFS,2023-08-11,2023-08-28,228.8,216.35,849,failed a technical gate (trend/near-high/RSI) -- not in the top 20 at all,-10570.050000000014,-5.441433566433574,17
MAZDOCK,2023-08-16,2023-08-29,967.85,909.2,199,failed a technical gate (trend/near-high/RSI) -- not in the top 20 at all,-11671.349999999995,-6.059823319729296,13
PFC,2023-07-04,2023-08-31,177.0,208.15,1020,failed a technical gate (trend/near-high/RSI) -- not in the top 20 at all,31773.000000000007,17.598870056497184,58
GODFRYPHLP,2023-08-03,2023-09-05,676.0,700.0,283,failed a technical gate (trend/near-high/RSI) -- not in the top 20 at all,6792.0,3.5502958579881616,33
POLYCAB,2023-08-02,2023-09-11,4588.05,5147.95,41,dropped out of top 20 rank (now #23 of 119),22955.899999999987,12.203441549242044,40
BEL,2023-08-28,2023-09-12,134.9,134.75222372885122,1439,stop,-212.6500541831024,-0.10954504903541995,15
KALYANKJIL,2023-09-11,2023-09-12,247.45,225.18782637335767,918,stop,-20436.675389257653,-8.996635128972452,1
HAL,2023-08-29,2023-09-12,1948.7,1970.4,99,failed a technical gate (trend/near-high/RSI) -- not in the top 20 at all,2148.3000000000047,1.1135628880792448,14
RECLTD,2023-08-02,2023-09-13,196.3,241.963149986777,975,stop,44521.57123710758,23.261920523065214,42
SUPREMEIND,2023-08-18,2023-09-14,4352.55,4294.9,44,failed a technical gate (trend/near-high/RSI) -- not in the top 20 at all,-2536.600000000024,-1.3245109188866455,27
PFC,2023-09-12,2023-09-15,226.3,223.5,955,dropped out of top 20 rank (now #21 of 112),-2674.000000000011,-1.2372956252761913,3
BSE,2023-08-18,2023-09-20,288.0,392.1247679625419,668,stop,69555.34499897799,36.15443332032706,33
OBEROIRLTY,2023-09-12,2023-09-20,1140.3,1142.95,189,dropped out of top 20 rank (now #25 of 103),500.8500000000172,0.23239498377620738,8
COFORGE,2023-09-05,2023-09-21,1122.5,1067.5,187,failed a technical gate (trend/near-high/RSI) -- not in the top 20 at all,-10285.0,-4.899777282850781,16
IRFC,2023-08-24,2023-09-22,48.6,72.50567466399197,4013,stop,95933.47242659976,49.18863099586823,29
PHOENIXLTD,2023-09-12,2023-09-25,934.2,883.9696194534349,231,stop,-11603.217906256545,-5.376833712969931,13
UNIONBANK,2023-09-20,2023-10-09,90.19,90.66934377488883,2347,stop,1125.0198396640894,0.5314821763929833,19
MAZDOCK,2023-08-31,2023-10-09,924.5,1036.7,212,failed a technical gate (trend/near-high/RSI) -- not in the top 20 at all,23786.40000000001,12.1362898864251,39
MAHABANK,2023-09-15,2023-10-09,45.1,45.3,4775,failed a technical gate (trend/near-high/RSI) -- not in the top 20 at all,954.9999999999797,0.44345898004434225,24
BANKINDIA,2023-09-21,2023-10-09,100.26,97.47,2070,failed a technical gate (trend/near-high/RSI) -- not in the top 20 at all,-5775.300000000013,-2.782764811490135,18
IRFC,2023-09-22,2023-10-09,75.1,71.15,2807,failed a technical gate (trend/near-high/RSI) -- not in the top 20 at all,-11087.649999999969,-5.259653794940067,17
INDIANB,2023-09-25,2023-10-09,411.4,385.0,509,failed a technical gate (trend/near-high/RSI) -- not in the top 20 at all,-13437.599999999988,-6.4171122994652325,14
BANKBARODA,2023-10-09,2023-10-11,191.15,186.9,1089,failed a technical gate (trend/near-high/RSI) -- not in the top 20 at all,-4628.25,-2.223384776353654,2
RBLBANK,2023-10-09,2023-10-11,243.85,245.9,854,dropped out of top 20 rank (now #22 of 71),1750.7000000000098,0.8406807463604782,2
MAZDOCK,2023-10-11,2023-10-19,1077.15,1064.9,199,failed a technical gate (trend/near-high/RSI) -- not in the top 20 at all,-2437.75,-1.1372603629949407,8
MOTILALOFS,2023-10-19,2023-10-23,250.05,232.78394319609924,880,stop,-15194.129987432676,-6.905041713217663,4
RECLTD,2023-09-13,2023-10-23,244.4,278.3,867,failed a technical gate (trend/near-high/RSI) -- not in the top 20 at all,29391.300000000007,13.87070376432078,40
NMDC,2023-09-14,2023-10-23,45.8,46.1,4663,failed a technical gate (trend/near-high/RSI) -- not in the top 20 at all,1398.9000000000199,0.6550218340611424,39
IRFC,2023-10-11,2023-10-23,75.6,72.2,2843,failed a technical gate (trend/near-high/RSI) -- not in the top 20 at all,-9666.199999999975,-4.497354497354489,12
PFC,2023-10-09,2023-10-25,240.25,237.2,867,failed a technical gate (trend/near-high/RSI) -- not in the top 20 at all,-2644.35000000001,-1.2695109261186333,16
ETERNAL,2023-10-09,2023-10-26,103.9,103.32333553428447,2004,stop,-1155.6355892939387,-0.5550187350486402,17
360ONE,2023-10-23,2023-10-26,532.8,521.4,406,failed a technical gate (trend/near-high/RSI) -- not in the top 20 at all,-4628.3999999999905,-2.1396396396396344,3
NBCC,2023-10-25,2023-11-09,42.37,44.67,5157,dropped out of top 20 rank (now #21 of 91),11861.100000000022,5.428369129100785,15
PERSISTENT,2023-10-26,2023-11-13,2933.3,3118.05,74,dropped out of top 20 rank (now #21 of 91),13671.5,6.298367026898033,18
KALYANKJIL,2023-10-23,2023-11-16,287.35,313.5,753,dropped out of top 20 rank (now #27 of 111),19690.949999999983,9.100400208804583,24
BSE,2023-09-20,2023-11-24,400.5,690.9133287809914,528,stop,153338.23759636344,72.512691331084,65
TATAELXSI,2023-10-26,2023-12-05,7463.5,8392.1,29,dropped out of top 20 rank (now #22 of 121),26929.40000000001,12.441883834662026,40
BAJAJ-AUTO,2023-10-23,2023-12-08,5272.0,5925.5,41,dropped out of top 20 rank (now #22 of 124),26793.5,12.395675265553873,46
PHOENIXLTD,2023-11-13,2023-12-08,1055.1,1104.5,236,failed a technical gate (trend/near-high/RSI) -- not in the top 20 at all,11658.400000000021,4.68202066154868,25
CDSL,2023-11-16,2023-12-15,892.15,945.3,290,dropped out of top 20 rank (now #23 of 116),15413.499999999993,5.957518354536795,29
OBEROIRLTY,2023-12-05,2023-12-20,1439.25,1370.003993719077,186,stop,-12879.757168251675,-4.8112562988308465,15
RBLBANK,2023-12-15,2023-12-20,292.45,272.58137711039547,940,stop,-18676.50551622825,-6.793852928570532,5
BSE,2023-11-24,2023-12-20,723.5,770.5,353,failed a technical gate (trend/near-high/RSI) -- not in the top 20 at all,16591.0,6.496199032480998,26
RECLTD,2023-12-20,2023-12-26,404.45,419.0,660,dropped out of top 20 rank (now #21 of 118),9603.000000000007,3.597478056620096,6
MCX,2023-10-09,2023-12-27,416.0,638.0,500,dropped out of top 20 rank (now #22 of 118),111000.0,53.36538461538463,79
MOTILALOFS,2023-11-09,2023-12-27,258.0,302.7,923,failed a technical gate (trend/near-high/RSI) -- not in the top 20 at all,41258.09999999999,17.325581395348834,48
MANAPPURAM,2023-12-08,2023-12-28,163.85,172.5,1645,dropped out of top 20 rank (now #22 of 119),14229.25000000001,5.279218797680807,20
PFC,2023-12-20,2023-12-28,381.85,384.9,699,dropped out of top 20 rank (now #26 of 119),2131.949999999968,0.7987429618960151,8
360ONE,2023-12-28,2024-01-03,708.8,655.25,393,dropped out of top 20 rank (now #37 of 113),-21045.149999999983,-7.5550225733634235,6
BANKBARODA,2023-12-27,2024-01-05,210.1,212.6,1312,dropped out of top 20 rank (now #21 of 124),3280.0,1.1899095668729265,9
ANGELONE,2023-10-09,2024-01-16,204.0,345.99950090866196,1021,stop,144981.49042774385,69.60759848463822,99
MOTILALOFS,2024-01-05,2024-01-18,325.5,345.3708156967986,900,stop,17883.734127118754,6.104705283194667,13
PRESTIGE,2023-10-23,2024-01-23,746.4,1191.1690246177827,290,stop,128983.017139157,59.58856171192159,92
HAL,2023-12-20,2024-01-23,2665.9,2890.5,100,failed a technical gate (trend/near-high/RSI) -- not in the top 20 at all,22459.999999999993,8.424922165122473,34
BDL,2024-01-03,2024-01-23,820.45,834.8,343,failed a technical gate (trend/near-high/RSI) -- not in the top 20 at all,4922.049999999968,1.7490401608873052,20
PHOENIXLTD,2024-01-16,2024-01-23,1223.4,1198.1,242,failed a technical gate (trend/near-high/RSI) -- not in the top 20 at all,-6122.600000000044,-2.0680071930685107,7
MAZDOCK,2023-12-27,2024-01-30,1171.2,1143.2,235,failed a technical gate (trend/near-high/RSI) -- not in the top 20 at all,-6580.0,-2.390710382513661,34
BEL,2023-12-08,2024-02-01,158.75,183.4,1698,failed a technical gate (trend/near-high/RSI) -- not in the top 20 at all,41855.70000000001,15.527559055118111,55
GODREJPROP,2023-12-28,2024-02-08,1996.75,2226.5007128696634,139,stop,31935.349088883213,11.50623327255107,42
NBCC,2024-01-23,2024-02-09,65.73,94.24342450602046,4373,stop,124689.20536482746,43.37962042601622,17
RVNL,2024-02-01,2024-02-09,297.55,258.0,1072,stop,-42397.60000000001,-13.291883717022356,8
NHPC,2024-01-23,2024-02-12,75.95,86.4651678089221,3785,stop,39799.91015677015,13.844855574617654,20
IRFC,2024-01-30,2024-02-12,166.65,144.95330535676626,1869,stop,-40551.122288203864,-13.019318717812023,13
BHEL,2023-12-26,2024-02-12,182.2,216.7,1517,failed a technical gate (trend/near-high/RSI) -- not in the top 20 at all,52336.5,18.935236004390777,48
UNIONBANK,2024-01-23,2024-02-12,128.1,127.91,2244,failed a technical gate (trend/near-high/RSI) -- not in the top 20 at all,-426.3599999999949,-0.14832162373146218,20
NBCC,2024-02-09,2024-02-12,98.63,88.77,3200,failed a technical gate (trend/near-high/RSI) -- not in the top 20 at all,-31552.0,-9.996958329108786,3
PHOENIXLTD,2024-02-09,2024-02-13,1406.1,1266.8000011986746,224,stop,-31203.19973149686,-9.906834421543653,4
MAXHEALTH,2024-02-12,2024-02-16,875.9,865.45,342,dropped out of top 20 rank (now #22 of 90),-3573.899999999977,-1.193058568329708,4
MOTILALOFS,2024-01-18,2024-02-21,380.9,420.1,776,failed a technical gate (trend/near-high/RSI) -- not in the top 20 at all,30419.200000000033,10.291415069572075,34
COALINDIA,2024-02-12,2024-02-21,406.4,406.55,737,failed a technical gate (trend/near-high/RSI) -- not in the top 20 at all,110.55000000002514,0.03690944881891145,9
IOC,2024-02-12,2024-02-27,159.93,157.89,1873,failed a technical gate (trend/near-high/RSI) -- not in the top 20 at all,-3820.9200000000383,-1.2755580566497948,15
BAJAJ-AUTO,2024-01-23,2024-02-29,6920.5,7773.577341697435,41,stop,34976.171009594844,12.32681658402479,37
OFSS,2024-02-08,2024-03-02,6587.5,7083.0,49,dropped out of top 20 rank (now #25 of 96),24279.5,7.521821631878556,23
PHOENIXLTD,2024-02-13,2024-03-04,1282.35,1350.9,236,failed a technical gate (trend/near-high/RSI) -- not in the top 20 at all,16177.800000000043,5.345654462510252,20
GODFRYPHLP,2024-03-04,2024-03-12,1007.0,1064.6926498564899,308,stop,17769.336155798883,5.729160859631577,8
PETRONET,2024-02-21,2024-03-12,268.15,263.3,1153,failed a technical gate (trend/near-high/RSI) -- not in the top 20 at all,-5592.049999999961,-1.808689166511268,20
ONGC,2024-02-12,2024-03-13,240.1,242.6261059499985,1247,stop,3150.0541196481413,1.0521057684292012,30
UNIONBANK,2024-03-02,2024-03-13,134.67,127.78244709700448,2266,stop,-15607.194878187824,-5.114392888539032,11
PHOENIXLTD,2024-03-12,2024-03-13,1402.8,1267.8327139544776,219,stop,-29557.835643969385,-9.621277876070877,1
BANKBARODA,2024-02-12,2024-03-13,231.4,237.2,1294,failed a technical gate (trend/near-high/RSI) -- not in the top 20 at all,7505.199999999978,2.506482281763178,30
OIL,2024-02-16,2024-03-13,382.45,382.55,824,failed a technical gate (trend/near-high/RSI) -- not in the top 20 at all,82.40000000001874,0.02614720878546528,26
BPCL,2024-02-21,2024-03-13,292.15,275.8,1059,failed a technical gate (trend/near-high/RSI) -- not in the top 20 at all,-17314.649999999965,-5.596440184836549,21
CUMMINSIND,2024-02-29,2024-03-13,2738.65,2675.95,108,failed a technical gate (trend/near-high/RSI) -- not in the top 20 at all,-6771.6000000000295,-2.2894491811659146,13
SUNPHARMA,2024-03-14,2024-03-15,1570.2,1548.2,191,failed a technical gate (trend/near-high/RSI) -- not in the top 20 at all,-4202.0,-1.401095401859631,1
TRENT,2024-03-13,2024-03-22,2629.4,2632.4,112,dropped out of top 20 rank (now #25 of 44),336.0,0.11409447022134867,9
PIDILITIND,2024-03-14,2024-03-27,1430.5,1496.2,209,dropped out of top 20 rank (now #22 of 68),13731.30000000001,4.592799720377494,13
ZYDUSLIFE,2024-03-13,2024-04-03,968.65,987.7,304,dropped out of top 20 rank (now #22 of 113),5791.200000000021,1.9666546224126336,21
ETERNAL,2024-03-22,2024-04-03,174.2,178.3,1789,dropped out of top 20 rank (now #27 of 113),7334.900000000041,2.3536165327210146,12
OFSS,2024-03-13,2024-04-09,7340.5,7677.0,40,failed a technical gate (trend/near-high/RSI) -- not in the top 20 at all,13460.0,4.584156392616312,27
CGPOWER,2024-03-13,2024-04-12,461.45,492.42525828571684,639,stop,19793.190044573064,6.712592542142559,30
OIL,2024-03-27,2024-04-18,399.2,402.1,802,failed a technical gate (trend/near-high/RSI) -- not in the top 20 at all,2325.8000000000275,0.7264529058116365,22
GODREJPROP,2024-04-09,2024-04-19,2704.5,2509.99910400842,118,stop,-22951.10572700643,-7.191750637514504,10
ABB,2024-02-27,2024-04-19,5450.5,6292.6,56,failed a technical gate (trend/near-high/RSI) -- not in the top 20 at all,47157.60000000002,15.449958719383549,52
BAJAJ-AUTO,2024-03-12,2024-04-19,8317.0,8587.0,37,failed a technical gate (trend/near-high/RSI) -- not in the top 20 at all,9990.0,3.246362871227615,38
HINDZINC,2024-04-18,2024-04-19,404.95,398.7,790,failed a technical gate (trend/near-high/RSI) -- not in the top 20 at all,-4937.5,-1.543400419804919,1
PETRONET,2024-04-19,2024-04-23,286.7,282.2,1108,dropped out of top 20 rank (now #21 of 76),-4986.0,-1.5695849319846578,4
KEI,2024-04-23,2024-04-29,4016.75,3846.1,79,dropped out of top 20 rank (now #22 of 102),-13481.350000000008,-4.248459575527486,6
HAL,2024-04-03,2024-05-07,3589.3,3714.5047835331807,90,stop,11268.430517986244,3.4882785928504356,34
MAZDOCK,2024-04-29,2024-05-07,1188.45,1083.1046289716028,275,stop,-28969.97703280925,-8.864097860944698,8
BEL,2024-04-03,2024-05-07,221.5,227.4,1459,failed a technical gate (trend/near-high/RSI) -- not in the top 20 at all,8608.100000000008,2.6636568848758424,34
PHOENIXLTD,2024-04-12,2024-05-07,1498.35,1487.5,214,failed a technical gate (trend/near-high/RSI) -- not in the top 20 at all,-2321.8999999999805,-0.7241298761971438,25
MOTILALOFS,2024-04-19,2024-05-09,558.0,569.3673903639258,569,stop,6468.045117073768,2.037166731886342,20
NAM-INDIA,2024-05-07,2024-05-13,574.6,563.05,559,failed a technical gate (trend/near-high/RSI) -- not in the top 20 at all,-6456.450000000038,-2.01009397841978,6
JINDALSTEL,2024-04-19,2024-05-16,927.25,1005.25,342,dropped out of top 20 rank (now #24 of 82),26676.0,8.411970881639252,27
GODREJPROP,2024-05-07,2024-05-23,2781.0,2814.75,115,dropped out of top 20 rank (now #26 of 99),3881.25,1.2135922330097193,16
EICHERMOT,2024-05-13,2024-05-28,4657.45,4770.95,71,dropped out of top 20 rank (now #25 of 96),8058.5,2.436955844936617,15
CUMMINSIND,2024-03-15,2024-05-30,2707.65,3596.8,110,failed a technical gate (trend/near-high/RSI) -- not in the top 20 at all,97806.50000000001,32.83843923697671,76
RECLTD,2024-05-28,2024-05-30,580.2,547.75,631,dropped out of top 20 rank (now #24 of 67),-20475.95000000003,-5.59289900034472,2
SUPREMEIND,2024-05-07,2024-05-31,5247.35,5277.6,61,failed a technical gate (trend/near-high/RSI) -- not in the top 20 at all,1845.25,0.576481462071321,24
SIEMENS,2024-03-13,2024-06-04,3542.45,5197.305693169137,83,stop,137353.0225330384,46.71500495897296,83
CGPOWER,2024-04-19,2024-06-04,533.9,608.2986054357098,595,stop,44267.17023424732,13.934932653251497,46
ABB,2024-05-07,2024-06-04,6888.45,8045.552932333119,46,stop,53226.734887323495,16.797725647034078,28
HAL,2024-05-09,2024-06-04,3846.65,4665.954117472403,83,stop,68002.24175020942,21.29915946271177,26
MAZDOCK,2024-05-16,2024-06-04,1219.9,1406.3432804007691,287,stop,53509.22147502071,15.283488843410865,19
OBEROIRLTY,2024-05-23,2024-06-04,1788.1,1695.8263759944157,205,stop,-18916.092921144766,-5.160428611687506,12
BEL,2024-05-30,2024-06-04,290.65,284.530983215078,1252,stop,-7661.009014722339,-2.1052870410879,5
ADANIPOWER,2024-05-30,2024-06-04,139.7,151.62232058072635,2604,stop,31045.72279221145,8.534230909610852,5
COCHINSHIP,2024-05-31,2024-06-05,1947.65,1701.7793195079328,187,stop,-45977.81725201659,-12.623966343648362,5
GVT&D,2024-06-04,2024-06-05,1347.75,1280.4,256,dropped out of top 20 rank (now #21 of 49),-17241.599999999977,-4.997217584863655,1
LODHA,2024-06-04,2024-06-05,1303.8,1296.85,265,dropped out of top 20 rank (now #26 of 49),-1841.750000000012,-0.5330572173646297,1
BAJAJ-AUTO,2024-06-05,2024-06-06,9365.0,9461.5,37,dropped out of top 20 rank (now #21 of 71),3570.5,1.0304324612920412,1
POLYCAB,2024-06-04,2024-06-07,6456.2,6846.45,53,dropped out of top 20 rank (now #23 of 94),20683.25,6.044577305535759,3
CROMPTON,2024-06-05,2024-06-07,402.25,397.35,864,dropped out of top 20 rank (now #22 of 94),-4233.59999999998,-1.2181479179614652,2
CGPOWER,2024-06-04,2024-06-10,627.0,654.75,552,dropped out of top 20 rank (now #25 of 87),15318.0,4.425837320574155,6
SUPREMEIND,2024-06-06,2024-06-21,5729.5,5864.55,61,dropped out of top 20 rank (now #26 of 123),8238.05000000001,2.3570992233179267,15
OBEROIRLTY,2024-06-04,2024-06-25,1745.25,1829.3,198,failed a technical gate (trend/near-high/RSI) -- not in the top 20 at all,16641.89999999999,4.815928950007153,21
M&M,2024-06-05,2024-07-05,2740.95,2880.6,126,dropped out of top 20 rank (now #23 of 122),17595.900000000012,5.09494883160948,30
UNOMINDA,2024-06-04,2024-07-10,844.75,1060.25,409,failed a technical gate (trend/near-high/RSI) -- not in the top 20 at all,88139.5,25.5105060668837,36
PHOENIXLTD,2024-06-04,2024-07-12,1628.85,1951.4,212,dropped out of top 20 rank (now #28 of 115),68380.60000000003,19.802314516376597,38
HAL,2024-06-21,2024-07-16,5170.55,5329.4,75,failed a technical gate (trend/near-high/RSI) -- not in the top 20 at all,11913.74999999996,3.0722070185956962,25
BDL,2024-06-10,2024-07-18,1418.85,1546.45,254,failed a technical gate (trend/near-high/RSI) -- not in the top 20 at all,32410.400000000034,8.993198717271046,38
BEL,2024-06-25,2024-07-18,309.7,313.55,1272,failed a technical gate (trend/near-high/RSI) -- not in the top 20 at all,4897.200000000029,1.2431385211495005,23
NBCC,2024-07-12,2024-07-19,126.53,114.33790271811878,3463,stop,-42221.232887154656,-9.635736411824247,7
PGEL,2024-06-04,2024-07-19,246.65,350.3,1403,failed a technical gate (trend/near-high/RSI) -- not in the top 20 at all,145420.95,42.02310966957228,45
KAYNES,2024-07-05,2024-07-19,4238.8,3901.85,104,failed a technical gate (trend/near-high/RSI) -- not in the top 20 at all,-35042.80000000003,-7.949183731244702,14
MOTHERSON,2024-07-10,2024-07-19,133.67,128.13,3272,failed a technical gate (trend/near-high/RSI) -- not in the top 20 at all,-18126.879999999976,-4.144535049001263,9
OIL,2024-07-19,2024-07-22,571.1,555.25,712,dropped out of top 20 rank (now #22 of 88),-11285.200000000015,-2.7753458238487183,3
OFSS,2024-07-16,2024-07-23,10448.5,9779.395777853806,41,stop,-27433.27310799395,-6.403830426819102,7
PETRONET,2024-07-19,2024-07-23,327.55,318.6,1242,failed a technical gate (trend/near-high/RSI) -- not in the top 20 at all,-11115.899999999985,-2.73240726606625,4
COCHINSHIP,2024-06-07,2024-07-25,1912.75,2461.75,188,failed a technical gate (trend/near-high/RSI) -- not in the top 20 at all,103212.0,28.7021304404653,48
MAZDOCK,2024-06-07,2024-07-25,1576.6,2428.25,228,failed a technical gate (trend/near-high/RSI) -- not in the top 20 at all,194176.2,54.018140301915516,48
SONACOMS,2024-07-19,2024-07-29,693.5,685.05,586,failed a technical gate (trend/near-high/RSI) -- not in the top 20 at all,-4951.700000000026,-1.2184571016582657,10
OFSS,2024-07-23,2024-07-31,10352.5,10404.0,39,dropped out of top 20 rank (now #25 of 113),2008.5,0.49746438058440035,8
M&M,2024-07-29,2024-07-31,2933.0,2907.8,143,dropped out of top 20 rank (now #23 of 113),-3603.599999999974,-0.8591885441527336,2
PERSISTENT,2024-07-18,2024-08-02,4896.15,4636.35,85,failed a technical gate (trend/near-high/RSI) -- not in the top 20 at all,-22082.999999999938,-5.306209981311838,15
COCHINSHIP,2024-07-31,2024-08-02,2620.15,2537.9,160,failed a technical gate (trend/near-high/RSI) -- not in the top 20 at all,-13160.0,-3.1391332557296314,2
CAMS,2024-08-02,2024-08-05,873.7,797.3951789550221,466,stop,-35558.04660695974,-8.733526501657085,3
RVNL,2024-07-19,2024-08-05,613.75,550.8,663,failed a technical gate (trend/near-high/RSI) -- not in the top 20 at all,-41735.85000000003,-10.256619144602864,17
MAZDOCK,2024-07-31,2024-08-05,2621.75,2399.75,160,failed a technical gate (trend/near-high/RSI) -- not in the top 20 at all,-35520.0,-8.467626585296085,5
360ONE,2024-07-22,2024-08-06,986.6,998.4138281095038,418,stop,4938.180149772584,1.1974283508517924,15
NAUKRI,2024-08-05,2024-08-06,1395.0,1361.0,280,failed a technical gate (trend/near-high/RSI) -- not in the top 20 at all,-9520.0,-2.437275985663079,1
KALYANKJIL,2024-07-18,2024-08-08,519.45,536.55,805,failed a technical gate (trend/near-high/RSI) -- not in the top 20 at all,13765.499999999927,3.291943401674824,21
ZYDUSLIFE,2024-08-02,2024-08-13,1249.9,1194.3538895480233,326,stop,-18108.032007344438,-4.444044359706922,11
PETRONET,2024-07-25,2024-08-13,348.95,351.6,1175,dropped out of top 20 rank (now #21 of 57),3113.75000000004,0.7594211205043777,19
SUNPHARMA,2024-08-05,2024-08-16,1720.35,1742.75,227,dropped out of top 20 rank (now #24 of 77),5084.800000000021,1.302060627197954,11
TORNTPHARM,2024-08-05,2024-08-19,3167.5,3349.35,123,dropped out of top 20 rank (now #22 of 79),22367.54999999999,5.7411207576953505,14
LUPIN,2024-08-08,2024-08-19,2050.8,2068.8,195,dropped out of top 20 rank (now #25 of 79),3510.0,0.8777062609713226,11
PIIND,2024-08-06,2024-08-20,4264.75,4327.25,91,dropped out of top 20 rank (now #21 of 85),5687.5,1.4655020810129482,14
KALYANKJIL,2024-08-16,2024-08-20,572.95,541.9,722,failed a technical gate (trend/near-high/RSI) -- not in the top 20 at all,-22418.10000000005,-5.4193210576839235,4
KAYNES,2024-07-25,2024-08-28,4175.15,4881.6,98,dropped out of top 20 rank (now #23 of 114),69232.10000000006,16.920350167059883,34
ETERNAL,2024-08-06,2024-08-29,249.08,252.34,1570,failed a technical gate (trend/near-high/RSI) -- not in the top 20 at all,5118.199999999986,1.3088164445158146,23
NAM-INDIA,2024-08-19,2024-08-29,715.15,676.8,583,failed a technical gate (trend/near-high/RSI) -- not in the top 20 at all,-22358.050000000014,-5.362511361252887,10
KFINTECH,2024-08-13,2024-09-06,1016.35,997.5383765505933,395,stop,-7430.591262515662,-1.850900127850319,24
CDSL,2024-08-20,2024-09-09,1443.05,1400.0,288,stop,-12398.399999999987,-2.983264613145764,20
NYKAA,2024-08-29,2024-09-12,209.55,207.69,1974,failed a technical gate (trend/near-high/RSI) -- not in the top 20 at all,-3671.6400000000267,-0.8876163206871901,14
ALKEM,2024-09-06,2024-09-18,6309.95,6090.3,69,failed a technical gate (trend/near-high/RSI) -- not in the top 20 at all,-15155.849999999975,-3.4810101506351,12
LUPIN,2024-09-09,2024-09-19,2216.8,2171.9,194,failed a technical gate (trend/near-high/RSI) -- not in the top 20 at all,-8710.600000000017,-2.0254420786719685,10
PNBHOUSING,2024-09-18,2024-09-24,1075.1,995.7,413,failed a technical gate (trend/near-high/RSI) -- not in the top 20 at all,-32792.199999999946,-7.385359501441712,6
GODFRYPHLP,2024-08-29,2024-09-27,2043.0,2341.704273721826,202,stop,60338.26329180889,14.620865086726686,29
CDSL,2024-09-19,2024-09-27,1511.1,1463.05,292,dropped out of top 20 rank (now #26 of 107),-14030.599999999988,-3.1798027926675854,8
ETERNAL,2024-09-12,2024-09-30,283.9,273.3,1536,failed a technical gate (trend/near-high/RSI) -- not in the top 20 at all,-16281.599999999948,-3.7337090524832584,18
MOTILALOFS,2024-08-20,2024-10-01,677.45,742.8,615,failed a technical gate (trend/near-high/RSI) -- not in the top 20 at all,40190.24999999994,9.646468374049721,42
BAJAJFINSV,2024-09-27,2024-10-03,2010.7,1909.7039521345177,218,stop,-22017.13843467514,-5.022929719275993,6
TRENT,2024-08-13,2024-10-04,4254.5,4852.763733770615,94,stop,56236.790974437776,14.061904660256541,52
PGEL,2024-07-23,2024-10-04,370.7,609.85,1096,failed a technical gate (trend/near-high/RSI) -- not in the top 20 at all,262108.40000000002,64.51308335581334,73
VOLTAS,2024-09-30,2024-10-04,1845.1,1809.6,235,failed a technical gate (trend/near-high/RSI) -- not in the top 20 at all,-8342.5,-1.9240149585388333,4
BAJAJ-AUTO,2024-10-01,2024-10-04,11857.0,11483.5,36,failed a technical gate (trend/near-high/RSI) -- not in the top 20 at all,-13446.0,-3.150037952264484,3
KALYANKJIL,2024-08-28,2024-10-07,611.2,680.3500873602461,689,stop,47644.410191209536,11.313823193757532,40
BLUESTARCO,2024-09-27,2024-10-07,2119.5,1967.5615037014684,207,stop,-31451.268733796045,-7.168600910522837,10
ALKEM,2024-10-04,2024-10-10,6194.15,6137.1,68,failed a technical gate (trend/near-high/RSI) -- not in the top 20 at all,-3879.3999999999505,-0.9210303270020814,6
COLPAL,2024-10-07,2024-10-10,3695.25,3641.4,113,failed a technical gate (trend/near-high/RSI) -- not in the top 20 at all,-6085.04999999999,-1.4572762330018252,3
M&M,2024-10-07,2024-10-14,3060.2,3154.9,136,dropped out of top 20 rank (now #23 of 55),12879.200000000037,3.0945689824194655,7
NAUKRI,2024-08-19,2024-10-17,1478.5,1596.0,282,failed a technical gate (trend/near-high/RSI) -- not in the top 20 at all,33135.0,7.947243828204265,59
TRENT,2024-10-10,2024-10-17,5352.6,5146.4,80,failed a technical gate (trend/near-high/RSI) -- not in the top 20 at all,-16496.00000000006,-3.852333445428402,7
KALYANKJIL,2024-10-10,2024-10-18,718.8,718.95,598,failed a technical gate (trend/near-high/RSI) -- not in the top 20 at all,89.70000000005439,0.020868113522554133,8
BSE,2024-09-24,2024-10-22,1326.5,1363.5,338,failed a technical gate (trend/near-high/RSI) -- not in the top 20 at all,12506.0,2.7892951375801056,28
SUNPHARMA,2024-10-04,2024-10-22,1910.05,1887.55,223,failed a technical gate (trend/near-high/RSI) -- not in the top 20 at all,-5017.5,-1.1779796340409932,18
NAM-INDIA,2024-10-17,2024-10-22,707.6,659.8,619,closed below 200 EMA,-29588.20000000004,-6.755228942905611,5
CDSL,2024-10-18,2024-10-22,1579.3,1460.85,281,failed a technical gate (trend/near-high/RSI) -- not in the top 20 at all,-33284.45000000001,-7.50015829798012,4
DIVISLAB,2024-10-22,2024-10-23,5817.95,5727.6,73,failed a technical gate (trend/near-high/RSI) -- not in the top 20 at all,-6595.54999999996,-1.5529525004511768,1
MOTILALOFS,2024-10-14,2024-10-25,826.8,868.2492444652808,536,stop,22216.79503339051,5.01321292516701,11
DIXON,2024-10-17,2024-10-25,15130.85,14281.433035756927,28,stop,-23783.674998806055,-5.613808637605111,8
OBEROIRLTY,2024-10-22,2024-10-30,1950.45,1927.75,220,failed a technical gate (trend/near-high/RSI) -- not in the top 20 at all,-4994.00000000001,-1.1638339870286396,8
HCLTECH,2024-10-04,2024-10-31,1776.6,1759.5912395806506,240,stop,-4082.102500643832,-0.9573770358746625,27
TECHM,2024-10-22,2024-10-31,1623.9,1540.4901087541853,264,stop,-22020.211288895116,-5.136393327533395,9
PERSISTENT,2024-10-25,2024-10-31,5670.9,5372.5,75,failed a technical gate (trend/near-high/RSI) -- not in the top 20 at all,-22379.99999999997,-5.261951365744411,6
TIINDIA,2024-10-23,2024-11-01,4634.95,4473.9,95,dropped out of top 20 rank (now #21 of 31),-15299.750000000018,-3.4746868898262173,9
WIPRO,2024-10-22,2024-11-04,260.65,258.5,1650,failed a technical gate (trend/near-high/RSI) -- not in the top 20 at all,-3547.4999999999627,-0.8248609246115368,13
MAXHEALTH,2024-10-31,2024-11-11,1017.6,1025.0,413,dropped out of top 20 rank (now #21 of 42),3056.1999999999907,0.7272012578616316,11
RADICO,2024-10-31,2024-11-11,2379.0,2289.7,176,failed a technical gate (trend/near-high/RSI) -- not in the top 20 at all,-15716.800000000032,-3.7536780159731054,11
MCX,2024-10-04,2024-11-12,1161.0,1221.9647890186618,367,stop,22374.077569848883,5.251058485672844,39
NAM-INDIA,2024-11-01,2024-11-12,713.45,692.0,592,failed a technical gate (trend/near-high/RSI) -- not in the top 20 at all,-12698.400000000027,-3.006517625621985,11
CDSL,2024-11-04,2024-11-12,1521.8,1521.9,275,failed a technical gate (trend/near-high/RSI) -- not in the top 20 at all,27.500000000037517,0.00657116572480021,8
MOTILALOFS,2024-10-30,2024-11-13,924.0,898.8,461,failed a technical gate (trend/near-high/RSI) -- not in the top 20 at all,-11617.20000000002,-2.7272727272727337,14
NAUKRI,2024-11-12,2024-11-13,1564.5,1523.0,268,closed below 200 EMA,-11122.0,-2.6526046660274805,1
WIPRO,2024-11-11,2024-11-18,274.05,260.07191203067083,1544,stop,-21582.167824644253,-5.100561200266074,7
TECHM,2024-11-12,2024-11-18,1614.7,1589.7,260,failed a technical gate (trend/near-high/RSI) -- not in the top 20 at all,-6500.0,-1.5482752214033613,6
PGEL,2024-11-13,2024-11-18,629.55,624.3,656,failed a technical gate (trend/near-high/RSI) -- not in the top 20 at all,-3444.0,-0.8339289969025443,5
HCLTECH,2024-11-12,2024-11-19,1872.85,1820.55,224,failed a technical gate (trend/near-high/RSI) -- not in the top 20 at all,-11715.19999999999,-2.7925354406385994,7
BSE,2024-10-31,2024-11-26,1488.5,1477.0,282,failed a technical gate (trend/near-high/RSI) -- not in the top 20 at all,-3243.0,-0.7725898555592914,26
AMBER,2024-10-03,2024-11-28,5163.85,5992.25,83,failed a technical gate (trend/near-high/RSI) -- not in the top 20 at all,68757.19999999997,16.042294024807056,56
HCLTECH,2024-11-22,2024-11-28,1898.4,1840.9,222,failed a technical gate (trend/near-high/RSI) -- not in the top 20 at all,-12765.0,-3.028866413822162,6
TECHM,2024-11-22,2024-12-09,1672.6,1701.7,252,dropped out of top 20 rank (now #22 of 80),7333.200000000034,1.7398062896089916,17
ETERNAL,2024-11-28,2024-12-20,286.13,274.20063660953247,1451,stop,-17309.506279568384,-4.169210984680927,22
BSE,2024-12-09,2024-12-27,1822.5,1759.5,242,failed a technical gate (trend/near-high/RSI) -- not in the top 20 at all,-15246.0,-3.4567901234567877,18
NAM-INDIA,2024-12-23,2024-12-27,745.8,731.25,604,failed a technical gate (trend/near-high/RSI) -- not in the top 20 at all,-8788.199999999972,-1.950925181013674,4
WIPRO,2024-11-22,2024-12-31,273.2,288.5,1546,failed a technical gate (trend/near-high/RSI) -- not in the top 20 at all,23653.800000000017,5.600292825768682,39
COFORGE,2024-10-25,2025-01-02,1548.0,1939.5,277,dropped out of top 20 rank (now #23 of 56),108445.5,25.290697674418606,69
PERSISTENT,2024-11-11,2025-01-03,5721.65,6405.95,73,dropped out of top 20 rank (now #21 of 53),49953.900000000016,11.959836760375065,53
PAYTM,2024-11-22,2025-01-03,900.95,982.8,468,dropped out of top 20 rank (now #26 of 53),38305.79999999996,9.084854875409288,42
INDHOTEL,2024-11-13,2025-01-06,714.15,844.25,578,failed a technical gate (trend/near-high/RSI) -- not in the top 20 at all,75197.80000000002,18.21746131765036,54
MOTILALOFS,2025-01-03,2025-01-06,971.2,925.25,473,closed below 200 EMA,-21734.35000000002,-4.731260296540363,3
BLUESTARCO,2025-01-03,2025-01-07,2337.55,2146.4757001612656,196,stop,-37450.56276839197,-8.174126749748002,4
NAUKRI,2024-11-26,2025-01-07,1649.5,1687.5,256,failed a technical gate (trend/near-high/RSI) -- not in the top 20 at all,9728.0,2.3037284025462235,42
360ONE,2024-12-27,2025-01-07,1250.9,1217.3,362,failed a technical gate (trend/near-high/RSI) -- not in the top 20 at all,-12163.20000000005,-2.6860660324566465,11
POLICYBZR,2024-12-27,2025-01-07,2052.75,2079.55,220,failed a technical gate (trend/near-high/RSI) -- not in the top 20 at all,5896.00000000004,1.3055657045426994,11
LUPIN,2025-01-07,2025-01-08,2357.65,2242.525001430299,187,stop,-21528.374732534066,-4.88304025490216,1
DIXON,2025-01-07,2025-01-08,18451.85,17430.379613886314,23,stop,-23493.818880614734,-5.5358697697720505,1
KAYNES,2025-01-07,2025-01-08,7247.55,6970.65,60,failed a technical gate (trend/near-high/RSI) -- not in the top 20 at all,-16614.000000000033,-3.820601444626126,1
PGEL,2024-11-28,2025-01-09,700.35,922.2,593,failed a technical gate (trend/near-high/RSI) -- not in the top 20 at all,131557.05000000002,31.677018633540378,42
MANKIND,2025-01-02,2025-01-09,2901.9,2828.05,158,failed a technical gate (trend/near-high/RSI) -- not in the top 20 at all,-11668.299999999985,-2.5448843860918724,7
KFINTECH,2025-01-01,2025-01-10,1545.15,1381.0852616642092,296,stop,-48563.16254739412,-10.618046036681939,9
MAXHEALTH,2025-01-07,2025-01-10,1198.35,1149.9,368,failed a technical gate (trend/near-high/RSI) -- not in the top 20 at all,-17829.599999999933,-4.0430592064087945,3
LUPIN,2025-01-09,2025-01-10,2252.85,2191.1,189,failed a technical gate (trend/near-high/RSI) -- not in the top 20 at all,-11670.75,-2.740972545886322,1
AMBER,2025-01-07,2025-01-13,8060.4,7334.055633442212,54,stop,-39222.59579412055,-9.011269497267971,6
MUTHOOTFIN,2025-01-07,2025-01-13,2209.15,2094.4325713404573,199,stop,-22828.768303249006,-5.192831118735386,6
DRREDDY,2025-01-10,2025-01-13,1354.4,1335.1,311,failed a technical gate (trend/near-high/RSI) -- not in the top 20 at all,-6002.300000000057,-1.4249852333136581,3
HCLTECH,2025-01-10,2025-01-14,1995.1,1904.519678893364,211,stop,-19112.44775350017,-4.540139396854093,4
INFY,2025-01-13,2025-01-16,1920.6,1887.6,216,failed a technical gate (trend/near-high/RSI) -- not in the top 20 at all,-7128.0,-1.718213058419249,3
BSE,2025-01-16,2025-01-27,1998.0,1822.7666978766513,208,stop,-36448.52684165654,-8.770435541709142,11
BIOCON,2025-01-14,2025-01-27,387.65,370.25,1070,failed a technical gate (trend/near-high/RSI) -- not in the top 20 at all,-18617.999999999975,-4.488585063846251,13
ITC,2025-01-13,2025-01-29,418.65,413.2,995,failed a technical gate (trend/near-high/RSI) -- not in the top 20 at all,-5422.749999999989,-1.3018034157410652,16
BAJAJFINSV,2025-01-29,2025-01-31,1790.4,1706.780825915098,232,stop,-19399.648387697303,-4.670418570425728,2
BAJAJHLDNG,2025-02-04,2025-02-07,11735.85,11271.15,36,failed a technical gate (trend/near-high/RSI) -- not in the top 20 at all,-16729.200000000026,-3.959662061120417,3
MUTHOOTFIN,2025-02-04,2025-02-11,2239.0,2188.2,191,failed a technical gate (trend/near-high/RSI) -- not in the top 20 at all,-9702.800000000036,-2.26887003126397,7
BAJAJFINSV,2025-02-04,2025-02-11,1813.25,1744.85,236,failed a technical gate (trend/near-high/RSI) -- not in the top 20 at all,-16142.400000000021,-3.7722321797876823,7
MANAPPURAM,2025-01-31,2025-02-12,196.03,185.93977366261308,2131,stop,-21502.272324971535,-5.1472868119098685,12
SRF,2025-01-13,2025-02-14,2516.0,2752.25,165,failed a technical gate (trend/near-high/RSI) -- not in the top 20 at all,38981.25,9.389904610492849,32
WIPRO,2025-01-27,2025-02-14,294.35,300.35,1394,failed a technical gate (trend/near-high/RSI) -- not in the top 20 at all,8364.0,2.038389672158991,18
MARUTI,2025-02-04,2025-02-20,13109.95,12412.90269656432,32,stop,-22305.513709941762,-5.316933347844044,16
MUTHOOTFIN,2025-02-14,2025-02-21,2254.9,2212.1,184,failed a technical gate (trend/near-high/RSI) -- not in the top 20 at all,-7875.2000000000335,-1.8980886070335767,7
BAJAJHLDNG,2025-02-20,2025-02-25,12454.3,11642.05,33,failed a technical gate (trend/near-high/RSI) -- not in the top 20 at all,-26804.25,-6.521843861156384,5
BAJAJFINSV,2025-02-14,2025-03-04,1841.3,1790.3,225,failed a technical gate (trend/near-high/RSI) -- not in the top 20 at all,-11475.0,-2.769782219084338,18
MANAPPURAM,2025-02-25,2025-03-04,204.94,197.58,2009,failed a technical gate (trend/near-high/RSI) -- not in the top 20 at all,-14786.23999999997,-3.591295013174578,7
BAJFINANCE,2025-01-10,2025-03-05,729.0,830.0,578,failed a technical gate (trend/near-high/RSI) -- not in the top 20 at all,58378.0,13.854595336076825,54
SBICARD,2025-01-27,2025-03-13,753.7,829.85,544,failed a technical gate (trend/near-high/RSI) -- not in the top 20 at all,41425.59999999999,10.103489452036607,45
SRF,2025-02-21,2025-03-25,2778.9,2945.65,148,dropped out of top 20 rank (now #21 of 41),24679.0,6.000575767389971,32
SHRIRAMFIN,2025-03-04,2025-04-01,632.9,637.45,647,failed a technical gate (trend/near-high/RSI) -- not in the top 20 at all,2943.850000000044,0.7189129404329364,28
CHOLAFIN,2025-03-04,2025-04-01,1449.6,1468.25,282,failed a technical gate (trend/near-high/RSI) -- not in the top 20 at all,5259.300000000026,1.2865618101545406,28
BAJFINANCE,2025-03-13,2025-04-02,842.0,867.0,485,failed a technical gate (trend/near-high/RSI) -- not in the top 20 at all,12125.0,2.9691211401425166,20
SBICARD,2025-03-25,2025-04-03,859.2,850.3,488,failed a technical gate (trend/near-high/RSI) -- not in the top 20 at all,-4343.200000000044,-1.0358472998137858,9
INDIGO,2025-03-05,2025-04-07,4698.1,4748.465848614266,86,stop,4331.46298082686,1.07204718107885,33
MANAPPURAM,2025-03-24,2025-04-07,240.38,221.48635467134758,1751,stop,-33082.772970470374,-7.859907366940844,14
BAJAJFINSV,2025-03-24,2025-04-07,1894.15,1835.0,222,stop,-13131.300000000021,-3.122772747670466,14
MUTHOOTFIN,2025-03-24,2025-04-07,2352.55,2150.0,178,stop,-36053.90000000003,-8.609806380310737,14
MAZDOCK,2025-03-24,2025-04-07,2654.8,2221.05,158,stop,-68532.5,-16.338330571041126,14
HDFCLIFE,2025-04-07,2025-04-17,665.95,720.05,595,failed a technical gate (trend/near-high/RSI) -- not in the top 20 at all,32189.499999999945,8.123733012988943,10
MFSL,2025-04-07,2025-04-17,1128.45,1218.0,351,dropped out of top 20 rank (now #22 of 47),31432.049999999985,7.935663963844197,10
SHRIRAMFIN,2025-04-17,2025-04-25,691.75,640.6948737187944,598,stop,-30530.96551616096,-7.380574814774931,8
MANAPPURAM,2025-04-07,2025-04-25,225.6,226.93,1756,failed a technical gate (trend/near-high/RSI) -- not in the top 20 at all,2335.480000000022,0.5895390070921991,18
LTF,2025-04-25,2025-04-28,172.99,161.5093994542209,2396,stop,-27507.51890768675,-6.636568903277129,3
BAJFINANCE,2025-04-16,2025-04-30,906.0,861.7556844695237,452,stop,-19998.430619775307,-4.8834785353726655,14
BAJAJFINSV,2025-04-17,2025-04-30,2035.3,1939.7321172983345,203,stop,-19400.280188438082,-4.6955182381794085,13
INDIGO,2025-04-07,2025-05-08,4988.7,5109.429907986336,79,stop,9537.662730920543,2.4200675123045245,31
HDFCBANK,2025-04-16,2025-05-09,939.0,944.8,436,failed a technical gate (trend/near-high/RSI) -- not in the top 20 at all,2528.79999999998,0.6176783812566589,23
HDFCAMC,2025-04-25,2025-05-09,2105.0,2051.6,196,failed a technical gate (trend/near-high/RSI) -- not in the top 20 at all,-10466.400000000018,-2.5368171021377672,14
ICICIBANK,2025-05-08,2025-05-09,1435.5,1388.9,284,failed a technical gate (trend/near-high/RSI) -- not in the top 20 at all,-13234.399999999974,-3.246255660048758,1
MUTHOOTFIN,2025-05-09,2025-05-13,2229.6,2216.5,182,dropped out of top 20 rank (now #21 of 51),-2384.1999999999834,-0.5875493362037965,4
SBILIFE,2025-05-09,2025-05-14,1699.8,1755.2,239,dropped out of top 20 rank (now #21 of 58),13240.600000000022,3.259206965525352,5
GODFRYPHLP,2025-04-16,2025-05-21,2448.0,2851.0,167,dropped out of top 20 rank (now #25 of 59),67301.0,16.462418300653603,35
MAZDOCK,2025-04-30,2025-06-11,3057.6,3322.8157328919056,133,stop,35273.69247462345,8.673983938118312,42
BDL,2025-05-13,2025-06-12,1746.7,1871.0,243,failed a technical gate (trend/near-high/RSI) -- not in the top 20 at all,30204.89999999999,7.116276406938793,30
BSE,2025-04-07,2025-06-13,1727.5,2653.0,229,stop,211939.5,53.574529667149065,67
PNBHOUSING,2025-04-16,2025-06-13,1001.7,1055.6,409,failed a technical gate (trend/near-high/RSI) -- not in the top 20 at all,22045.099999999944,5.3808525506638505,58
ANGELONE,2025-06-11,2025-06-13,311.4,292.5,1505,failed a technical gate (trend/near-high/RSI) -- not in the top 20 at all,-28444.499999999967,-6.0693641618497,2
HDFCAMC,2025-05-14,2025-06-16,2194.5,2299.7,195,stop,20513.999999999964,4.793802688539528,33
BSE,2025-06-13,2025-06-18,2711.2,2633.2,168,failed a technical gate (trend/near-high/RSI) -- not in the top 20 at all,-13104.0,-2.8769548539392176,5
HAL,2025-05-21,2025-06-19,5001.1,4902.3,88,failed a technical gate (trend/near-high/RSI) -- not in the top 20 at all,-8694.400000000016,-1.9755653756173719,29
CDSL,2025-06-18,2025-06-19,1680.3,1637.8,273,failed a technical gate (trend/near-high/RSI) -- not in the top 20 at all,-11602.5,-2.529310242218652,1
BDL,2025-06-16,2025-06-24,1888.0,1851.7,242,failed a technical gate (trend/near-high/RSI) -- not in the top 20 at all,-8784.59999999999,-1.9226694915254194,8
BSE,2025-06-24,2025-07-04,2785.6,2635.2,167,failed a technical gate (trend/near-high/RSI) -- not in the top 20 at all,-25116.800000000014,-5.399195864445727,10
MFSL,2025-05-09,2025-07-07,1268.2,1568.5,320,failed a technical gate (trend/near-high/RSI) -- not in the top 20 at all,96095.99999999999,23.679230405298846,59
HDFCAMC,2025-06-19,2025-07-07,2386.8,2446.0,190,failed a technical gate (trend/near-high/RSI) -- not in the top 20 at all,11247.999999999965,2.4803083626612876,18
MCX,2025-06-13,2025-07-11,1512.0,1656.6749616185812,301,stop,43547.16344719293,9.568449842498762,28
BEL,2025-04-30,2025-07-11,314.1,409.3,1302,failed a technical gate (trend/near-high/RSI) -- not in the top 20 at all,123950.39999999998,30.308818847500785,72
GVT&D,2025-06-12,2025-07-11,2308.6,2332.9,199,failed a technical gate (trend/near-high/RSI) -- not in the top 20 at all,4835.700000000036,1.0525859828467654,29
CDSL,2025-07-07,2025-07-11,1778.5,1688.7,262,failed a technical gate (trend/near-high/RSI) -- not in the top 20 at all,-23527.599999999988,-5.0491987630025275,4
AUBANK,2025-04-28,2025-07-16,688.4,797.75,604,failed a technical gate (trend/near-high/RSI) -- not in the top 20 at all,66047.40000000001,15.884660081348056,79
LTF,2025-07-07,2025-07-17,207.77,199.78,2247,failed a technical gate (trend/near-high/RSI) -- not in the top 20 at all,-17953.53000000002,-3.8455984983395197,10
ABCAPITAL,2025-06-19,2025-07-18,255.68,264.35,1780,failed a technical gate (trend/near-high/RSI) -- not in the top 20 at all,15432.600000000028,3.390957446808507,29
360ONE,2025-07-04,2025-07-22,1245.4,1146.7218025299294,377,stop,-37201.680446216655,-7.923413960982073,18
MOTILALOFS,2025-07-11,2025-07-24,934.4,904.9,488,failed a technical gate (trend/near-high/RSI) -- not in the top 20 at all,-14396.0,-3.1571061643835607,13
GODFRYPHLP,2025-07-16,2025-07-24,3106.0,2935.0,148,failed a technical gate (trend/near-high/RSI) -- not in the top 20 at all,-25308.0,-5.505473277527361,8
NAM-INDIA,2025-07-11,2025-07-25,804.85,809.7,567,failed a technical gate (trend/near-high/RSI) -- not in the top 20 at all,2749.950000000013,0.6025967571597235,14
POLYCAB,2025-07-17,2025-07-25,6886.0,6734.5,66,failed a technical gate (trend/near-high/RSI) -- not in the top 20 at all,-9999.0,-2.200116177751965,8
MANAPPURAM,2025-07-18,2025-07-25,271.3,265.65,1692,failed a technical gate (trend/near-high/RSI) -- not in the top 20 at all,-9559.800000000057,-2.082565425727989,7
RBLBANK,2025-07-11,2025-07-28,264.16,253.26,1727,failed a technical gate (trend/near-high/RSI) -- not in the top 20 at all,-18824.300000000057,-4.126287098728055,17
LTF,2025-07-24,2025-07-28,210.1,201.99,2147,failed a technical gate (trend/near-high/RSI) -- not in the top 20 at all,-17412.16999999997,-3.8600666349357327,4
MUTHOOTFIN,2025-06-13,2025-07-29,2598.7,2617.1,175,failed a technical gate (trend/near-high/RSI) -- not in the top 20 at all,3220.000000000016,0.7080463308577478,46
DELHIVERY,2025-07-28,2025-07-30,428.85,409.15,1033,failed a technical gate (trend/near-high/RSI) -- not in the top 20 at all,-20350.100000000046,-4.593680774163467,2
POLYCAB,2025-07-29,2025-08-01,6962.5,6698.0,63,failed a technical gate (trend/near-high/RSI) -- not in the top 20 at all,-16663.5,-3.7989228007181297,3
GLENMARK,2025-07-22,2025-08-05,2157.9,2052.6,212,failed a technical gate (trend/near-high/RSI) -- not in the top 20 at all,-22323.60000000004,-4.879744195745872,14
MOTILALOFS,2025-07-30,2025-08-05,933.4,910.75,475,failed a technical gate (trend/near-high/RSI) -- not in the top 20 at all,-10758.749999999989,-2.4266123848296517,6
ETERNAL,2025-07-25,2025-08-07,310.55,291.55,1433,stop,-27227.0,-6.118177427145389,13
MOTILALOFS,2025-08-07,2025-08-08,917.8,905.6,486,failed a technical gate (trend/near-high/RSI) -- not in the top 20 at all,-5929.199999999967,-1.3292656352146381,1
HDFCAMC,2025-07-11,2025-08-11,2503.2,2691.6,182,failed a technical gate (trend/near-high/RSI) -- not in the top 20 at all,34288.80000000002,7.526366251198469,31
RBLBANK,2025-08-01,2025-08-11,259.1,258.5,1719,failed a technical gate (trend/near-high/RSI) -- not in the top 20 at all,-1031.4000000000392,-0.23157082207643231,10
INDIANB,2025-08-11,2025-08-25,659.95,654.1,681,dropped out of top 20 rank (now #22 of 49),-3983.8500000000154,-0.8864307902113788,14
GVT&D,2025-07-24,2025-08-26,2521.0,2690.1,178,failed a technical gate (trend/near-high/RSI) -- not in the top 20 at all,30099.799999999985,6.707655692185632,33
NAM-INDIA,2025-08-25,2025-08-26,843.45,825.7,551,failed a technical gate (trend/near-high/RSI) -- not in the top 20 at all,-9780.25,-2.10445195328709,1
HDFCAMC,2025-08-26,2025-08-28,2818.4,2731.3,162,failed a technical gate (trend/near-high/RSI) -- not in the top 20 at all,-14110.199999999986,-3.090405904059035,2
DELHIVERY,2025-08-05,2025-09-01,458.05,473.75,971,dropped out of top 20 rank (now #21 of 42),15244.69999999999,3.427573409016471,27
GODFRYPHLP,2025-08-05,2025-09-02,3292.0,3353.0,135,failed a technical gate (trend/near-high/RSI) -- not in the top 20 at all,8235.0,1.8529769137302532,28
ABCAPITAL,2025-08-11,2025-09-02,271.2,274.85,1658,failed a technical gate (trend/near-high/RSI) -- not in the top 20 at all,6051.700000000056,1.3458702064896855,22
FORTIS,2025-07-25,2025-09-12,845.55,970.0,526,dropped out of top 20 rank (now #21 of 66),65460.700000000026,14.71823073738987,49
PAYTM,2025-07-28,2025-09-17,1094.2,1222.1,404,dropped out of top 20 rank (now #21 of 79),51671.59999999995,11.688905136172533,51
CUMMINSIND,2025-07-25,2025-09-23,3535.1,4005.2,125,dropped out of top 20 rank (now #21 of 64),58762.499999999985,13.298067947158486,60
MANAPPURAM,2025-09-02,2025-09-25,281.0,281.2,1626,failed a technical gate (trend/near-high/RSI) -- not in the top 20 at all,325.1999999999815,0.0711743772241924,23
ETERNAL,2025-08-08,2025-09-26,300.9,322.27622414754416,1483,stop,31700.940410808016,7.104095761895701,49
UNOMINDA,2025-08-28,2025-09-26,1295.6,1268.9,350,failed a technical gate (trend/near-high/RSI) -- not in the top 20 at all,-9344.999999999936,-2.060821241123789,29
KAYNES,2025-09-25,2025-09-30,7503.0,6999.260412539906,62,stop,-31231.854422525845,-6.713842295882899,5
ADANIPOWER,2025-09-26,2025-09-30,146.25,144.65,3192,failed a technical gate (trend/near-high/RSI) -- not in the top 20 at all,-5107.199999999982,-1.0940170940170857,4
ASHOKLEY,2025-09-23,2025-10-06,144.04,137.78,3307,failed a technical gate (trend/near-high/RSI) -- not in the top 20 at all,-20701.81999999997,-4.34601499583448,13
MUTHOOTFIN,2025-09-12,2025-10-23,2926.2,3136.072669039739,159,stop,33369.75437731855,7.172191546706963,41
EICHERMOT,2025-09-01,2025-10-23,6280.0,6884.5,73,failed a technical gate (trend/near-high/RSI) -- not in the top 20 at all,44128.5,9.62579617834396,52
MARUTI,2025-09-30,2025-10-28,16029.0,16311.0,29,dropped out of top 20 rank (now #24 of 77),8178.0,1.7593112483623496,28
NAM-INDIA,2025-09-17,2025-10-29,846.75,870.0,558,stop,12973.5,2.7457927369353374,42
360ONE,2025-10-23,2025-10-29,1178.9,1114.6589272192105,417,stop,-26788.52734958928,-5.449238508846355,6
HEROMOTOCO,2025-09-02,2025-10-30,5312.0,5515.0,86,failed a technical gate (trend/near-high/RSI) -- not in the top 20 at all,17458.0,3.821536144578319,58
BAJFINANCE,2025-09-26,2025-10-31,985.1,1042.8,474,failed a technical gate (trend/near-high/RSI) -- not in the top 20 at all,27349.799999999967,5.8572733732615845,35
ADANIPOWER,2025-10-06,2025-11-03,151.99,156.73,3122,failed a technical gate (trend/near-high/RSI) -- not in the top 20 at all,14798.279999999939,3.1186262254095487,28
MCX,2025-11-03,2025-11-07,1905.0,1794.3459095778176,258,stop,-28548.755328923067,-5.808613670455776,4
INDIANB,2025-09-30,2025-11-21,735.05,834.05,640,failed a technical gate (trend/near-high/RSI) -- not in the top 20 at all,63360.0,13.468471532548797,52
BANKBARODA,2025-10-31,2025-11-24,269.7,273.05,1797,failed a technical gate (trend/near-high/RSI) -- not in the top 20 at all,6019.950000000041,1.2421208750463597,24
BANKINDIA,2025-10-23,2025-12-03,131.24,135.04261241598502,3749,stop,14255.993947527802,2.897449265456431,41
SBIN,2025-10-29,2025-12-03,939.75,951.05,517,failed a technical gate (trend/near-high/RSI) -- not in the top 20 at all,5842.099999999977,1.2024474594307,35
BSE,2025-11-24,2025-12-03,2802.2,2751.1,179,failed a technical gate (trend/near-high/RSI) -- not in the top 20 at all,-9146.899999999983,-1.8235671972021916,9
CANBK,2025-10-30,2025-12-08,128.65,137.74350071247605,3767,stop,34255.21718389726,7.068403196638973,39
BHARATFORG,2025-12-03,2025-12-08,1406.7,1373.6,360,failed a technical gate (trend/near-high/RSI) -- not in the top 20 at all,-11916.00000000005,-2.353024809838644,5
BSE,2025-12-08,2025-12-09,2798.8,2634.114493698545,179,stop,-29478.705627960448,-5.88414700233868,1
HEROMOTOCO,2025-12-08,2025-12-09,6167.0,6001.0,81,failed a technical gate (trend/near-high/RSI) -- not in the top 20 at all,-13446.0,-2.6917463920869134,1
MCX,2025-12-09,2025-12-10,2072.0,1957.267592483723,242,stop,-27765.24261893901,-5.5372783550326705,1
EICHERMOT,2025-12-09,2025-12-16,7123.0,7061.5,70,failed a technical gate (trend/near-high/RSI) -- not in the top 20 at all,-4305.0,-0.8634002527025175,7
LTF,2025-08-26,2025-12-18,220.0,299.85,2086,failed a technical gate (trend/near-high/RSI) -- not in the top 20 at all,166567.10000000003,36.295454545454554,114
SBIN,2025-12-18,2025-12-26,977.55,966.3,520,failed a technical gate (trend/near-high/RSI) -- not in the top 20 at all,-5850.0,-1.150836274359368,8
MUTHOOTFIN,2025-12-03,2025-12-29,3763.4,3736.5,134,failed a technical gate (trend/near-high/RSI) -- not in the top 20 at all,-3604.600000000012,-0.7147791890312005,26
MOTHERSON,2025-12-10,2025-12-30,116.28,119.75,4291,dropped out of top 20 rank (now #21 of 57),14889.769999999995,2.984176126590987,20
FEDERALBNK,2025-11-07,2026-01-05,237.26,263.75,2095,dropped out of top 20 rank (now #23 of 76),55496.55000000002,11.1649667031948,59
CANBK,2025-12-16,2026-01-07,142.47,148.08,3553,dropped out of top 20 rank (now #21 of 79),19932.33000000005,3.937671088650241,22
HINDZINC,2025-12-30,2026-01-08,625.3,588.9347918307274,845,stop,-30728.600903035338,-5.815641799020089,9
NMDC,2025-12-26,2026-01-09,80.17,77.92451096293601,6493,stop,-14579.960317656489,-2.8009093639316363,14
MANAPPURAM,2026-01-07,2026-01-09,319.9,301.3110221714369,1700,stop,-31601.26230855725,-5.810871468759949,2
MCX,2025-12-29,2026-01-09,2187.0,2191.0,237,dropped out of top 20 rank (now #21 of 42),948.0,0.18289894833105613,11
AUBANK,2025-10-29,2026-01-13,882.45,962.3143977396953,551,stop,44005.2831545721,9.050302877182315,76
EICHERMOT,2026-01-09,2026-01-14,7507.0,7266.614916663225,70,stop,-16826.955833574255,-3.2021457751002402,5
NMDC,2026-01-13,2026-01-19,79.7,78.99,6638,failed a technical gate (trend/near-high/RSI) -- not in the top 20 at all,-4712.980000000053,-0.8908406524466894,6
MANAPPURAM,2026-01-19,2026-01-20,314.45,301.85,1719,failed a technical gate (trend/near-high/RSI) -- not in the top 20 at all,-21659.39999999994,-4.0069963428207895,1
BANKBARODA,2026-01-05,2026-01-21,297.25,289.7,1806,failed a technical gate (trend/near-high/RSI) -- not in the top 20 at all,-13635.300000000021,-2.5399495374264114,16
APLAPOLLO,2026-01-09,2026-01-21,1890.1,1878.6,279,failed a technical gate (trend/near-high/RSI) -- not in the top 20 at all,-3208.5,-0.6084334162213656,12
NATIONALUM,2025-10-28,2026-01-30,236.76,386.7146736057631,2077,stop,311455.85707916995,63.33615205514575,94
HINDZINC,2026-01-14,2026-01-30,654.2,647.2246923040271,820,stop,-5719.752310697779,-1.0662347441108055,16
SBIN,2026-01-08,2026-02-01,998.0,1024.551936766317,528,stop,14019.422612615435,2.660514706043804,24
BANKINDIA,2026-01-09,2026-02-01,141.4,147.07184702545635,3731,stop,21161.66125197762,4.0112072315815706,23
INDIANB,2026-01-22,2026-02-01,878.05,822.3132049841014,612,stop,-34110.91854972992,-6.347792838209509,10
MCX,2026-01-30,2026-02-01,2528.0,2300.0,216,stop,-49248.0,-9.018987341772156,2
UNIONBANK,2026-01-20,2026-02-01,170.69,164.51,3115,failed a technical gate (trend/near-high/RSI) -- not in the top 20 at all,-19250.700000000023,-3.620598746265158,12
SHRIRAMFIN,2025-11-21,2026-02-02,823.3,951.4016966590506,607,stop,77757.72987204372,15.559540466300327,73
TECHM,2026-02-01,2026-02-04,1673.8,1600.3000691168083,312,stop,-22931.978435555782,-4.391201510526443,3
NATIONALUM,2026-02-03,2026-02-05,370.85,363.85,1421,failed a technical gate (trend/near-high/RSI) -- not in the top 20 at all,-9947.0,-1.8875556154779538,2
BAJAJ-AUTO,2026-02-02,2026-02-09,9496.5,9590.0,55,dropped out of top 20 rank (now #23 of 78),5142.5,0.9845732638340543,7
MCX,2026-02-04,2026-02-11,2543.3,2372.8,208,failed a technical gate (trend/near-high/RSI) -- not in the top 20 at all,-35464.0,-6.703888648606138,7
NMDC,2026-02-03,2026-02-13,79.24,79.43,6653,failed a technical gate (trend/near-high/RSI) -- not in the top 20 at all,1264.0700000000795,0.23977788995457328,10
NATIONALUM,2026-02-11,2026-02-13,367.7,349.3,1457,failed a technical gate (trend/near-high/RSI) -- not in the top 20 at all,-26808.799999999967,-5.004079412564588,2
FEDERALBNK,2026-01-22,2026-02-19,282.2,288.3,1904,dropped out of top 20 rank (now #23 of 63),11614.400000000043,2.1615875265769136,28
SHRIRAMFIN,2026-02-13,2026-03-02,1065.8,1052.5,494,failed a technical gate (trend/near-high/RSI) -- not in the top 20 at all,-6570.199999999977,-1.2478889097391588,17
APLAPOLLO,2026-01-30,2026-03-04,2045.7,2131.603593202479,267,stop,22936.25938506183,4.19922731595439,33
BANKINDIA,2026-02-05,2026-03-04,158.29,157.94769555088027,3332,stop,-1140.5584244669176,-0.21625146826692587,27
ASHOKLEY,2025-12-03,2026-03-04,162.71,200.46,3114,failed a technical gate (trend/near-high/RSI) -- not in the top 20 at all,117553.5,23.20078667568066,91
SBIN,2026-02-09,2026-03-05,1146.0,1155.7756478961394,464,stop,4535.900623808677,0.8530233766264717,24
UNIONBANK,2026-02-03,2026-03-06,169.41,183.24,3112,failed a technical gate (trend/near-high/RSI) -- not in the top 20 at all,43038.960000000036,8.163626704444837,31
SBIN,2026-03-05,2026-03-06,1169.5,1143.0,454,failed a technical gate (trend/near-high/RSI) -- not in the top 20 at all,-12031.0,-2.26592560923472,1
INDIANB,2026-02-19,2026-03-09,908.0,891.708604135213,584,stop,-9514.175185035594,-1.7942065930382167,18
POLYCAB,2026-03-09,2026-03-10,8228.5,7775.5212084448485,63,stop,-28537.663867974545,-5.5049983782603285,1
BHARATFORG,2026-02-13,2026-03-12,1738.8,1758.347843916154,303,stop,5922.996706594686,1.1242146259577979,27
BEL,2026-03-10,2026-03-13,463.35,436.78391688757324,1131,stop,-30046.24000015469,-5.733480762366849,3
GVT&D,2026-03-06,2026-03-13,3869.0,3604.3,137,failed a technical gate (trend/near-high/RSI) -- not in the top 20 at all,-36263.89999999997,-6.8415611269061705,7
TORNTPHARM,2026-03-12,2026-03-16,4446.0,4255.187945144063,117,stop,-22325.010418144662,-4.291769115068311,4
NATIONALUM,2026-03-06,2026-03-16,396.15,372.25,1340,failed a technical gate (trend/near-high/RSI) -- not in the top 20 at all,-32025.99999999997,-6.033068282216325,10
CGPOWER,2026-03-13,2026-03-16,709.9,698.65,727,failed a technical gate (trend/near-high/RSI) -- not in the top 20 at all,-8178.75,-1.5847302436962973,3
MCX,2026-03-16,2026-03-20,2555.6,2414.5,199,failed a technical gate (trend/near-high/RSI) -- not in the top 20 at all,-28078.899999999983,-5.521208326811699,4
BSE,2026-03-16,2026-03-20,2862.6,2806.1,177,failed a technical gate (trend/near-high/RSI) -- not in the top 20 at all,-10000.5,-1.9737301753650516,4
TATAPOWER,2026-03-20,2026-03-23,402.4,379.2574957320353,1258,stop,-29113.27036909957,-5.751119350885858,3
ABB,2026-02-03,2026-03-23,5668.5,6041.5,93,failed a technical gate (trend/near-high/RSI) -- not in the top 20 at all,34689.0,6.580224045161853,48
COALINDIA,2026-03-13,2026-03-24,467.0,439.51177828430343,1105,stop,-30374.48499584471,-5.886128847044237,11
TATAPOWER,2026-03-23,2026-03-24,386.95,384.75,1286,failed a technical gate (trend/near-high/RSI) -- not in the top 20 at all,-2829.1999999999853,-0.568548908127664,1
ABB,2026-03-25,2026-03-27,6212.5,6105.0,80,failed a technical gate (trend/near-high/RSI) -- not in the top 20 at all,-8600.0,-1.730382293762578,2
DELHIVERY,2026-03-27,2026-03-30,428.75,416.7,1164,closed below 200 EMA,-14026.200000000013,-2.8104956268221626,3
LUPIN,2026-03-23,2026-04-01,2296.7,2274.9,216,failed a technical gate (trend/near-high/RSI) -- not in the top 20 at all,-4708.799999999941,-0.9491879653415691,9
GVT&D,2026-04-02,2026-04-07,3822.2,3673.2,130,failed a technical gate (trend/near-high/RSI) -- not in the top 20 at all,-19370.0,-3.8982784783632485,5
COALINDIA,2026-04-07,2026-04-08,463.0,449.25,1079,failed a technical gate (trend/near-high/RSI) -- not in the top 20 at all,-14836.25,-2.969762419006483,1
ONGC,2026-03-30,2026-04-09,284.65,288.6,1742,dropped out of top 20 rank (now #23 of 42),6880.90000000008,1.3876690672756098,10
AUROPHARMA,2026-03-20,2026-04-15,1291.4,1373.9,392,dropped out of top 20 rank (now #21 of 65),32340.0,6.388415672913128,26
NATIONALUM,2026-04-02,2026-04-30,401.8,399.79447966096217,1243,stop,-2492.8617814240397,-0.4991339818411711,28
NMDC,2026-04-09,2026-05-11,84.44,86.79,5965,failed a technical gate (trend/near-high/RSI) -- not in the top 20 at all,14017.750000000051,2.783041212695414,32
GVT&D,2026-04-15,2026-05-12,4134.5,4233.513680237785,124,stop,12277.6963494853,2.3948163076015216,27
PNBHOUSING,2026-04-30,2026-05-29,1045.65,1030.5,510,failed a technical gate (trend/near-high/RSI) -- not in the top 20 at all,-7726.500000000046,-1.4488595610385957,29
BSE,2026-04-08,2026-06-01,3163.6,4047.402659762728,157,stop,138757.01758274832,27.936612079995204,54
BSE,2026-06-01,2026-06-02,4066.6,3931.9,133,failed a technical gate (trend/near-high/RSI) -- not in the top 20 at all,-17915.099999999977,-3.312349382776758,1
BHEL,2026-05-29,2026-06-04,416.75,391.1625905758271,1319,stop,-33749.79303048406,-6.139750311739145,6
NMDC,2026-06-02,2026-06-08,95.31,89.31408644924116,5720,stop,-34296.62551034058,-6.290959553833641,6
ADANIPOWER,2026-03-16,2026-06-08,154.06,225.85,3306,failed a technical gate (trend/near-high/RSI) -- not in the top 20 at all,237337.73999999996,46.59872776840193,84
NAM-INDIA,2026-05-11,2026-06-08,1065.6,1055.2,503,failed a technical gate (trend/near-high/RSI) -- not in the top 20 at all,-5231.199999999932,-0.9759759759759623,28
GVT&D,2026-06-04,2026-06-08,5086.5,4744.0,106,failed a technical gate (trend/near-high/RSI) -- not in the top 20 at all,-36305.0,-6.733510272289389,4
OFSS,2026-05-12,2026-06-09,9010.5,9639.5,58,failed a technical gate (trend/near-high/RSI) -- not in the top 20 at all,36482.0,6.980744686754337,28
LAURUSLABS,2026-06-09,2026-06-16,1424.4,1355.362067189308,371,stop,-25613.07307276679,-4.84680797603848,7
ZYDUSLIFE,2026-06-08,2026-06-17,1087.6,1061.4,484,failed a technical gate (trend/near-high/RSI) -- not in the top 20 at all,-12680.799999999912,-2.4089738874586097,9
ADANIENSOL,2026-06-08,2026-06-17,1570.4,1491.0,335,dropped out of top 20 rank (now #24 of 65),-26599.00000000003,-5.0560366785532445,9
CGPOWER,2026-06-17,2026-06-24,963.75,919.45,541,failed a technical gate (trend/near-high/RSI) -- not in the top 20 at all,-23966.299999999974,-4.596627756160821,7
GVT&D,2026-06-16,2026-06-29,4872.5,4826.673115213523,106,stop,-4857.649787366607,-0.9405209807383796,13
ADANIGREEN,2026-06-08,2026-06-30,1490.5,1492.2,353,dropped out of top 20 rank (now #22 of 66),600.100000000016,0.11405568601141614,22
CGPOWER,2026-06-29,2026-07-03,956.25,902.6758024133505,543,stop,-29090.78928955066,-5.6025304665777265,4
MOTILALOFS,2026-07-06,2026-07-08,953.0,909.6,551,failed a technical gate (trend/near-high/RSI) -- not in the top 20 at all,-23913.399999999987,-4.55403987408185,2
ABCAPITAL,2026-07-06,2026-07-08,409.75,385.75,1282,dropped out of top 20 rank (now #21 of 49),-30768.0,-5.857230018303838,2
ADANIENT,2026-06-08,2026-07-09,2970.0,3083.6,177,dropped out of top 20 rank (now #26 of 51),20107.199999999983,3.82491582491582,31
NAM-INDIA,2026-06-17,2026-07-16,1153.7,1151.5,452,failed a technical gate (trend/near-high/RSI) -- not in the top 20 at all,-994.4000000000206,-0.1906908208373137,29
LTF,2026-07-03,2026-07-17,327.0,308.4489612739548,1608,stop,-29830.07027148067,-5.673100527842568,14
OFSS,2026-06-24,2026-07-22,10468.5,10851.0,49,failed a technical gate (trend/near-high/RSI) -- not in the top 20 at all,18742.5,3.6538185986531024,28
LICI,2026-07-06,2026-07-22,429.1,423.3,1224,failed a technical gate (trend/near-high/RSI) -- not in the top 20 at all,-7099.2000000000135,-1.3516662782568245,16
ZYDUSLIFE,2026-07-06,2026-07-22,1147.9,1126.3,457,failed a technical gate (trend/near-high/RSI) -- not in the top 20 at all,-9871.200000000063,-1.8816970119348464,16
BAJFINANCE,2026-07-22,2026-07-24,1060.3,1013.3319222188384,480,stop,-22544.67733495756,-4.429697046228576,2
PHOENIXLTD,2026-07-22,2026-07-24,2055.6,2010.7,247,failed a technical gate (trend/near-high/RSI) -- not in the top 20 at all,-11090.299999999967,-2.184277096711418,2
BHEL,2026-07-17,2026-07-28,422.0,405.75,1219,failed a technical gate (trend/near-high/RSI) -- not in the top 20 at all,-19808.75,-3.8507109004739304,11
TORNTPHARM,2026-07-22,2026-07-29,5033.4,4878.5,101,failed a technical gate (trend/near-high/RSI) -- not in the top 20 at all,-15644.899999999963,-3.077442682878362,7
MANKIND,2026-07-28,2026-07-31,2617.9,2484.1865065838256,196,stop,-26207.844709570207,-5.107662378859946,3
GODREJPROP,2026-07-31,2026-08-04,2105.7,2033.6,244,failed a technical gate (trend/near-high/RSI) -- not in the top 20 at all,-17592.39999999998,-3.4240395118013023,4
LODHA,2026-07-29,2026-08-12,1316.35,1194.658071583566,393,stop,-47824.92786765854,-9.244648339456374,14
OFSS,2026-07-31,2026-08-13,11186.0,11420.0,46,failed a technical gate (trend/near-high/RSI) -- not in the top 20 at all,10764.0,2.0919005900232435,13
BAJAJ-AUTO,2026-07-31,2026-08-19,11520.5,11645.0,44,dropped out of top 20 rank (now #22 of 56),5478.0,1.0806822620545997,19
