symbol,entry_date,exit_date,entry_price,exit_price,qty,reason,pnl,ret_pct,holding_days
CGPOWER,2021-01-01,2021-01-06,44.65,43.25,2239,failed a technical gate (trend/near-high/RSI) -- not in the top 20 at all,-3134.5999999999967,-3.135498320268759,5
GODREJPROP,2021-01-01,2021-01-15,1427.25,1382.3,70,failed a technical gate (trend/near-high/RSI) -- not in the top 20 at all,-3146.500000000003,-3.149413207216678,14
OBEROIRLTY,2021-01-01,2021-01-15,590.1,559.6,169,failed a technical gate (trend/near-high/RSI) -- not in the top 20 at all,-5154.5,-5.168615488900185,14
TATASTEEL,2021-01-01,2021-01-18,59.32,61.61,1685,failed a technical gate (trend/near-high/RSI) -- not in the top 20 at all,3858.6499999999987,3.8604180714767455,17
SAIL,2021-01-15,2021-01-18,70.15,65.95,1503,failed a technical gate (trend/near-high/RSI) -- not in the top 20 at all,-6312.600000000004,-5.987170349251603,3
VEDL,2021-01-15,2021-01-22,74.2,69.3,1421,failed a technical gate (trend/near-high/RSI) -- not in the top 20 at all,-6962.900000000008,-6.60377358490567,7
OFSS,2021-01-18,2021-01-22,2890.0,2896.0,35,failed a technical gate (trend/near-high/RSI) -- not in the top 20 at all,210.0,0.20761245674740803,4
PERSISTENT,2021-01-01,2021-01-25,748.8,747.9022559601084,133,stop,-119.39995730557791,-0.11989103096842202,24
MPHASIS,2021-01-01,2021-01-27,1408.2,1461.6,71,failed a technical gate (trend/near-high/RSI) -- not in the top 20 at all,3791.3999999999905,3.7920749893481043,26
DLF,2021-01-18,2021-01-27,277.15,258.75,371,failed a technical gate (trend/near-high/RSI) -- not in the top 20 at all,-6826.399999999991,-6.63900414937758,9
KPITTECH,2021-01-01,2021-01-28,143.9,132.95,694,failed a technical gate (trend/near-high/RSI) -- not in the top 20 at all,-7599.300000000012,-7.609451007644208,27
WIPRO,2021-01-22,2021-01-29,212.55,199.04750555654957,485,stop,-6548.709805073466,-6.352620298024203,7
HAVELLS,2021-01-27,2021-01-29,1116.05,1065.4701982461006,91,stop,-4602.761959604841,-4.532037252264621,2
TCS,2021-01-27,2021-01-29,3261.05,3120.6625175672484,31,stop,-4352.011955415304,-4.3049779191595245,2
ADANIENT,2021-01-01,2021-01-29,476.2,491.2,209,failed a technical gate (trend/near-high/RSI) -- not in the top 20 at all,3135.0,3.1499370012599837,28
APLAPOLLO,2021-01-01,2021-01-29,429.9,453.3,232,failed a technical gate (trend/near-high/RSI) -- not in the top 20 at all,5428.800000000008,5.443126308443835,28
DLF,2021-01-28,2021-01-29,261.0,255.45,387,failed a technical gate (trend/near-high/RSI) -- not in the top 20 at all,-2147.8500000000045,-2.126436781609198,1
IDFCFIRSTB,2021-01-22,2021-02-01,49.5,44.40836761775664,2083,stop,-10605.87025221292,-10.286126024734067,10
CROMPTON,2021-01-29,2021-02-01,427.75,416.45,231,dropped out of top 20 rank (now #22 of 44),-2610.3000000000025,-2.641729982466401,3
RVNL,2021-01-29,2021-02-02,31.3,29.65,3170,failed a technical gate (trend/near-high/RSI) -- not in the top 20 at all,-5230.500000000006,-5.271565495207675,4
PGEL,2021-01-29,2021-02-02,17.35,19.1,5719,dropped out of top 20 rank (now #27 of 54),10008.25,10.086455331412104,4
VOLTAS,2021-01-29,2021-02-02,908.1,987.85,109,dropped out of top 20 rank (now #21 of 54),8692.75,8.782072458980284,4
KPITTECH,2021-01-29,2021-02-04,142.8,136.5,694,dropped out of top 20 rank (now #24 of 72),-4372.200000000008,-4.4117647058823595,6
HINDZINC,2021-02-02,2021-02-05,292.4,293.25,354,dropped out of top 20 rank (now #21 of 80),300.90000000000805,0.29069767441860517,3
OBEROIRLTY,2021-02-05,2021-02-12,570.7,562.55,182,failed a technical gate (trend/near-high/RSI) -- not in the top 20 at all,-1483.3000000000166,-1.4280707902575962,7
APLAPOLLO,2021-02-02,2021-02-15,465.75,488.15,222,dropped out of top 20 rank (now #30 of 97),4972.799999999995,4.809447128287703,13
VEDL,2021-02-04,2021-02-15,74.55,78.25,1406,dropped out of top 20 rank (now #23 of 97),5202.200000000004,4.963112005365522,11
TATAELXSI,2021-01-01,2021-02-22,1867.95,2666.8,53,failed a technical gate (trend/near-high/RSI) -- not in the top 20 at all,42339.05000000001,42.76613399716267,52
TMPV,2021-01-25,2021-02-22,192.2,209.65,528,failed a technical gate (trend/near-high/RSI) -- not in the top 20 at all,9213.60000000001,9.079084287200834,28
DLF,2021-02-01,2021-02-22,281.65,294.1,357,failed a technical gate (trend/near-high/RSI) -- not in the top 20 at all,4444.650000000016,4.420379904136351,21
UNOMINDA,2021-02-12,2021-02-24,293.05,276.85,368,dropped out of top 20 rank (now #21 of 83),-5961.599999999996,-5.528066882784499,12
HAVELLS,2021-01-29,2021-02-26,1044.75,1105.55,94,failed a technical gate (trend/near-high/RSI) -- not in the top 20 at all,5715.199999999995,5.819574060780086,28
SBIN,2021-02-22,2021-03-05,389.5,383.65,277,failed a technical gate (trend/near-high/RSI) -- not in the top 20 at all,-1620.4500000000062,-1.5019255455712477,11
DIXON,2021-02-02,2021-03-08,3139.3,3801.2,33,dropped out of top 20 rank (now #29 of 88),21842.69999999999,21.084318160099368,34
TMPV,2021-02-24,2021-03-09,221.45,217.0,503,failed a technical gate (trend/near-high/RSI) -- not in the top 20 at all,-2238.3499999999945,-2.009482953262587,13
SBIN,2021-03-09,2021-03-12,387.6,381.1,309,failed a technical gate (trend/near-high/RSI) -- not in the top 20 at all,-2008.5,-1.6769865841073317,3
ADANIPORTS,2021-02-22,2021-03-16,673.8,717.35,160,dropped out of top 20 rank (now #23 of 71),6968.000000000011,6.463342238052849,22
MAHABANK,2021-03-05,2021-03-16,21.9,21.4,5402,failed a technical gate (trend/near-high/RSI) -- not in the top 20 at all,-2701.0,-2.2831050228310557,11
IDFCFIRSTB,2021-02-01,2021-03-17,46.6,60.9,2160,failed a technical gate (trend/near-high/RSI) -- not in the top 20 at all,30887.999999999993,30.686695278969943,44
PGEL,2021-02-15,2021-03-18,23.9,40.75,4585,stop,77257.25,70.50209205020921,31
ABCAPITAL,2021-03-08,2021-03-19,131.25,117.67786839035264,916,stop,-12432.07255443698,-10.340671702588466,11
PGEL,2021-03-18,2021-03-19,40.75,38.7,2876,failed a technical gate (trend/near-high/RSI) -- not in the top 20 at all,-5895.799999999992,-5.03067484662576,1
NMDC,2021-03-16,2021-03-22,16.45,15.45,7342,failed a technical gate (trend/near-high/RSI) -- not in the top 20 at all,-7342.0,-6.079027355623101,6
HINDALCO,2021-03-19,2021-03-24,335.1,317.75,350,failed a technical gate (trend/near-high/RSI) -- not in the top 20 at all,-6072.500000000008,-5.177558937630566,5
PGEL,2021-03-22,2021-03-24,40.65,38.75,2931,failed a technical gate (trend/near-high/RSI) -- not in the top 20 at all,-5568.899999999996,-4.674046740467396,2
OBEROIRLTY,2021-03-16,2021-03-25,586.65,551.9,205,closed below 200 EMA,-7123.75,-5.923463734765189,9
AUBANK,2021-03-24,2021-03-25,612.8,575.25,193,failed a technical gate (trend/near-high/RSI) -- not in the top 20 at all,-7247.149999999991,-6.127610966057439,1
ADANIPOWER,2021-03-25,2021-03-31,19.85,17.25,5824,stop,-15142.400000000009,-13.09823677581865,6
PGEL,2021-03-31,2021-04-01,40.7,39.05,2937,failed a technical gate (trend/near-high/RSI) -- not in the top 20 at all,-4846.050000000017,-4.054054054054069,1
APLAPOLLO,2021-03-19,2021-04-05,627.3,617.75,187,failed a technical gate (trend/near-high/RSI) -- not in the top 20 at all,-1785.8499999999915,-1.522397576916934,17
PRESTIGE,2021-03-24,2021-04-08,304.35,311.5,389,dropped out of top 20 rank (now #24 of 79),2781.3499999999913,2.349268933793325,15
VEDL,2021-02-22,2021-04-12,88.0,95.66412762657708,1228,stop,9411.54872543666,8.709235939292137,49
ADANIENSOL,2021-02-26,2021-04-12,750.0,939.3695646157512,148,stop,28026.695563131176,25.249275282100147,45
ADANIENT,2021-03-12,2021-04-12,866.8,1029.546745958861,140,stop,22784.544434240554,18.775582136462976,31
HINDALCO,2021-04-08,2021-04-12,365.2,336.79160093847815,354,stop,-10056.57326777873,-7.778860641161511,4
IEX,2021-02-15,2021-04-12,97.15,112.6,1128,failed a technical gate (trend/near-high/RSI) -- not in the top 20 at all,17427.599999999988,15.9032424086464,56
NMDC,2021-04-05,2021-04-12,17.0,16.2,7350,failed a technical gate (trend/near-high/RSI) -- not in the top 20 at all,-5880.0000000000055,-4.705882352941182,7
COFORGE,2021-04-12,2021-04-13,623.5,572.5568299025961,195,stop,-9933.918168993767,-8.170516455076815,1
HINDZINC,2021-04-12,2021-04-13,294.15,291.95,413,failed a technical gate (trend/near-high/RSI) -- not in the top 20 at all,-908.5999999999954,-0.7479177290497963,1
ADANIPOWER,2021-04-01,2021-04-19,17.85,17.5,6922,failed a technical gate (trend/near-high/RSI) -- not in the top 20 at all,-2422.70000000001,-1.9607843137254943,18
JSWSTEEL,2021-03-17,2021-05-14,422.5,679.5473609180804,278,stop,71459.16633522634,60.839612051616655,58
JINDALSTEL,2021-04-12,2021-05-14,389.0,431.9144246745226,312,stop,13389.300498451048,11.031985777512233,32
SAIL,2021-04-12,2021-05-14,84.7,124.89891524802613,1436,stop,57725.64229616552,47.46034858090451,32
HINDALCO,2021-04-13,2021-05-14,348.7,374.0346290232858,353,stop,8943.124045219887,7.265451397558298,31
SAIL,2021-05-14,2021-05-20,127.15,121.45,1136,failed a technical gate (trend/near-high/RSI) -- not in the top 20 at all,-6475.2000000000035,-4.482894219425882,6
NMDC,2021-04-13,2021-05-21,16.7,21.447626431807073,7387,stop,35070.71645175885,28.42890078926392,38
TATASTEEL,2021-03-25,2021-05-24,67.13,103.22740288094701,1722,stop,62159.72776099076,53.77238623707288,60
JSWSTEEL,2021-05-14,2021-05-24,707.1,681.45,204,failed a technical gate (trend/near-high/RSI) -- not in the top 20 at all,-5232.599999999995,-3.6274925753075893,10
SAIL,2021-05-24,2021-05-25,124.75,123.95,1208,failed a technical gate (trend/near-high/RSI) -- not in the top 20 at all,-966.3999999999966,-0.6412825651302634,1
TATASTEEL,2021-05-24,2021-05-26,103.19,102.22,1461,failed a technical gate (trend/near-high/RSI) -- not in the top 20 at all,-1417.1699999999983,-0.9400135672061216,2
JSWSTEEL,2021-05-25,2021-05-26,700.8,682.2,212,failed a technical gate (trend/near-high/RSI) -- not in the top 20 at all,-3943.1999999999807,-2.654109589041087,1
VEDL,2021-05-14,2021-05-27,120.9,118.65,1194,failed a technical gate (trend/near-high/RSI) -- not in the top 20 at all,-2686.5,-1.8610421836228297,13
NMDC,2021-05-21,2021-06-08,21.4,21.6,7023,failed a technical gate (trend/near-high/RSI) -- not in the top 20 at all,1404.60000000002,0.9345794392523477,18
NATIONALUM,2021-05-20,2021-06-09,70.15,68.98,2130,failed a technical gate (trend/near-high/RSI) -- not in the top 20 at all,-2492.1000000000035,-1.6678545972915182,20
TATASTEEL,2021-05-27,2021-06-09,103.63,104.07,1429,failed a technical gate (trend/near-high/RSI) -- not in the top 20 at all,628.7599999999968,0.4245874746694911,13
JSWSTEEL,2021-06-08,2021-06-09,707.5,697.85,219,failed a technical gate (trend/near-high/RSI) -- not in the top 20 at all,-2113.349999999995,-1.3639575971731377,1
ADANIENT,2021-04-12,2021-06-14,1041.6,1397.5,116,stop,41284.40000000001,34.168586789554546,63
ADANIENSOL,2021-04-19,2021-06-15,1012.6,1446.4,122,failed a technical gate (trend/near-high/RSI) -- not in the top 20 at all,52923.600000000006,42.84021331226546,57
PNBHOUSING,2021-06-09,2021-06-15,671.45,609.8,227,failed a technical gate (trend/near-high/RSI) -- not in the top 20 at all,-13994.550000000021,-9.181621863132039,6
NMDC,2021-06-09,2021-06-16,21.75,21.65,7036,failed a technical gate (trend/near-high/RSI) -- not in the top 20 at all,-703.60000000001,-0.45977011494253706,7
JINDALSTEL,2021-06-15,2021-06-16,422.5,407.35,357,failed a technical gate (trend/near-high/RSI) -- not in the top 20 at all,-5408.549999999992,-3.585798816568042,1
OFSS,2021-06-14,2021-06-17,3236.5,3148.0,47,failed a technical gate (trend/near-high/RSI) -- not in the top 20 at all,-4159.5,-2.7344353468252702,3
TATASTEEL,2021-06-16,2021-06-17,108.08,104.32,1375,failed a technical gate (trend/near-high/RSI) -- not in the top 20 at all,-5170.000000000007,-3.478904515173953,1
SAIL,2021-06-09,2021-06-18,124.45,119.89760307815376,1229,stop,-5594.895816949027,-3.6580127937695717,9
HINDZINC,2021-05-14,2021-06-18,311.8,328.9,463,failed a technical gate (trend/near-high/RSI) -- not in the top 20 at all,7917.299999999984,5.484284797947381,35
TATAELXSI,2021-05-26,2021-06-18,3561.45,3639.95,41,failed a technical gate (trend/near-high/RSI) -- not in the top 20 at all,3218.5,2.2041584186216268,23
PNBHOUSING,2021-06-17,2021-06-18,620.95,611.1,237,failed a technical gate (trend/near-high/RSI) -- not in the top 20 at all,-2334.4500000000053,-1.5862790884934364,1
WIPRO,2021-06-18,2021-06-23,262.75,258.2,553,failed a technical gate (trend/near-high/RSI) -- not in the top 20 at all,-2516.1500000000065,-1.731684110371079,5
COCHINSHIP,2021-06-18,2021-06-28,205.1,199.2,708,failed a technical gate (trend/near-high/RSI) -- not in the top 20 at all,-4177.200000000004,-2.8766455387615797,10
NHPC,2021-06-18,2021-06-29,26.6,25.243492110444777,5464,stop,-7411.959108529748,-5.099653720132425,11
ADANIENT,2021-06-18,2021-07-01,1442.1,1444.8,100,failed a technical gate (trend/near-high/RSI) -- not in the top 20 at all,270.00000000000455,0.18722696068234068,13
APLAPOLLO,2021-06-15,2021-07-09,749.3,771.85,201,failed a technical gate (trend/near-high/RSI) -- not in the top 20 at all,4532.550000000014,3.009475510476456,24
KPITTECH,2021-04-12,2021-07-13,187.1,246.95,650,failed a technical gate (trend/near-high/RSI) -- not in the top 20 at all,38902.49999999999,31.988241582041677,92
PNBHOUSING,2021-07-09,2021-07-13,627.7,612.75,244,failed a technical gate (trend/near-high/RSI) -- not in the top 20 at all,-3647.800000000011,-2.3817110084435322,4
SUZLON,2021-07-01,2021-07-14,7.7,7.244112793237431,19968,stop,-9103.155744634987,-5.920613074838565,13
OIL,2021-07-13,2021-07-15,112.7,107.55,1341,failed a technical gate (trend/near-high/RSI) -- not in the top 20 at all,-6906.150000000008,-4.5696539485359455,2
SUZLON,2021-07-15,2021-07-16,7.55,7.3,20600,failed a technical gate (trend/near-high/RSI) -- not in the top 20 at all,-5150.0,-3.31125827814569,1
BEL,2021-07-14,2021-07-23,61.4,60.9,2510,dropped out of top 20 rank (now #22 of 76),-1255.0,-0.8143322475570036,9
TATAELXSI,2021-06-28,2021-07-27,3826.2,4175.75,38,failed a technical gate (trend/near-high/RSI) -- not in the top 20 at all,13282.900000000007,9.135695990800286,29
MOTILALOFS,2021-07-23,2021-07-30,264.15,236.34689964671162,609,stop,-16932.08811515261,-10.525497010519913,7
COFORGE,2021-06-17,2021-08-04,795.5,940.0373492923135,185,stop,26739.409619077993,18.169371375526524,48
NATIONALUM,2021-06-29,2021-08-09,75.54,83.17420124376115,1962,stop,14978.302840259357,10.10617056362344,41
CDSL,2021-07-27,2021-08-09,677.3,657.9,243,dropped out of top 20 rank (now #21 of 70),-4714.199999999994,-2.8643141886903867,13
BSE,2021-07-30,2021-08-10,139.0,123.8666681088108,1205,stop,-18235.664928882987,-10.88728913035194,11
APLAPOLLO,2021-08-09,2021-08-10,876.75,838.65,188,failed a technical gate (trend/near-high/RSI) -- not in the top 20 at all,-7162.800000000005,-4.345594525235241,1
COFORGE,2021-08-09,2021-08-11,960.0,938.0,172,failed a technical gate (trend/near-high/RSI) -- not in the top 20 at all,-3784.0,-2.2916666666666696,2
TATAELXSI,2021-08-10,2021-08-11,4238.6,4195.3,38,failed a technical gate (trend/near-high/RSI) -- not in the top 20 at all,-1645.400000000007,-1.0215637238710884,1
VEDL,2021-08-10,2021-08-17,136.55,135.1203699600447,1183,stop,-1691.2523372671187,-1.0469645111353287,7
JINDALSTEL,2021-08-11,2021-08-17,421.35,414.95,382,failed a technical gate (trend/near-high/RSI) -- not in the top 20 at all,-2444.800000000013,-1.518927257624314,6
HINDALCO,2021-08-11,2021-08-18,436.65,426.95,368,failed a technical gate (trend/near-high/RSI) -- not in the top 20 at all,-3569.599999999996,-2.2214588343066555,7
VEDL,2021-08-17,2021-08-18,135.75,132.25,1213,failed a technical gate (trend/near-high/RSI) -- not in the top 20 at all,-4245.5,-2.5782688766114226,1
TATASTEEL,2021-07-16,2021-08-20,121.42,131.36693810821885,1277,stop,12702.239964195465,8.192174360252725,35
INOXWIND,2021-08-04,2021-08-20,30.66,29.28,5388,failed a technical gate (trend/near-high/RSI) -- not in the top 20 at all,-7435.439999999995,-4.500978473581208,16
JSWENERGY,2021-06-23,2021-08-23,161.4,225.1,902,failed a technical gate (trend/near-high/RSI) -- not in the top 20 at all,57457.39999999999,39.467162329615846,61
KPITTECH,2021-08-20,2021-09-16,332.15,325.2,479,failed a technical gate (trend/near-high/RSI) -- not in the top 20 at all,-3329.0499999999947,-2.0924281198253736,27
OFSS,2021-07-13,2021-09-20,3551.5,4196.5,42,failed a technical gate (trend/near-high/RSI) -- not in the top 20 at all,27090.0,18.161340278755446,69
ADANIENSOL,2021-09-20,2021-09-21,1729.35,1642.9,100,failed a technical gate (trend/near-high/RSI) -- not in the top 20 at all,-8644.999999999982,-4.998988059097343,1
WIPRO,2021-08-23,2021-09-27,300.5,312.55,529,failed a technical gate (trend/near-high/RSI) -- not in the top 20 at all,6374.450000000006,4.009983361064906,35
COFORGE,2021-08-18,2021-09-28,995.0,1035.6279281148863,163,stop,6622.352282726474,4.083208855767473,41
PERSISTENT,2021-05-26,2021-09-28,1257.5,1755.7,116,failed a technical gate (trend/near-high/RSI) -- not in the top 20 at all,57791.200000000004,39.61829025844932,125
TECHM,2021-08-20,2021-09-28,1312.5,1326.7,121,failed a technical gate (trend/near-high/RSI) -- not in the top 20 at all,1718.2000000000055,1.0819047619047728,39
MPHASIS,2021-06-16,2021-10-01,1951.4,2836.9,76,failed a technical gate (trend/near-high/RSI) -- not in the top 20 at all,67298.0,45.37767756482525,107
KPITTECH,2021-09-27,2021-10-06,350.45,335.8,510,failed a technical gate (trend/near-high/RSI) -- not in the top 20 at all,-7471.499999999988,-4.180339563418456,9
PRESTIGE,2021-09-21,2021-10-14,418.85,453.55,416,failed a technical gate (trend/near-high/RSI) -- not in the top 20 at all,14435.199999999995,8.284588754924194,23
SRF,2021-08-18,2021-10-19,1796.7,2307.65,90,dropped out of top 20 rank (now #24 of 89),45985.50000000001,28.438247898925816,62
GODREJPROP,2021-10-14,2021-10-20,2502.75,2277.75101350859,74,stop,-16649.925000364343,-8.990070382235938,6
OBEROIRLTY,2021-09-28,2021-10-20,886.6,882.2,198,failed a technical gate (trend/near-high/RSI) -- not in the top 20 at all,-871.1999999999955,-0.4962779156327479,22
PHOENIXLTD,2021-09-28,2021-10-20,485.2,470.1,362,failed a technical gate (trend/near-high/RSI) -- not in the top 20 at all,-5466.199999999988,-3.112118713932388,22
TATAELXSI,2021-08-17,2021-10-21,4715.25,5911.1,34,failed a technical gate (trend/near-high/RSI) -- not in the top 20 at all,40658.90000000001,25.361327607231864,65
PERSISTENT,2021-10-01,2021-10-22,1821.6,1881.6844272320789,97,stop,5828.1894415116585,3.298442426003456,21
IEX,2021-10-20,2021-10-25,263.15,233.27876622150978,684,stop,-20431.923904487292,-11.351409378107613,5
INDUSTOWER,2021-10-20,2021-10-25,292.0,278.1,616,failed a technical gate (trend/near-high/RSI) -- not in the top 20 at all,-8562.399999999987,-4.760273972602736,5
TATAELXSI,2021-10-22,2021-10-25,6032.3,5809.2,29,failed a technical gate (trend/near-high/RSI) -- not in the top 20 at all,-6469.900000000011,-3.6984234868955523,3
JSWENERGY,2021-09-16,2021-10-27,311.35,366.55,558,failed a technical gate (trend/near-high/RSI) -- not in the top 20 at all,30801.599999999995,17.72924361650874,41
INDHOTEL,2021-09-28,2021-10-28,181.65,191.77994989474877,967,stop,9795.661548222053,5.576630825625517,30
GMRAIRPORT,2021-10-19,2021-10-28,41.75,39.75,4357,failed a technical gate (trend/near-high/RSI) -- not in the top 20 at all,-8714.0,-4.790419161676651,9
GODREJPROP,2021-10-20,2021-10-28,2309.7,2270.45,77,failed a technical gate (trend/near-high/RSI) -- not in the top 20 at all,-3022.25,-1.6993548945750558,8
OBEROIRLTY,2021-10-25,2021-10-28,908.0,891.75,189,failed a technical gate (trend/near-high/RSI) -- not in the top 20 at all,-3071.25,-1.7896475770925124,3
IEX,2021-10-27,2021-10-28,245.65,236.8,711,failed a technical gate (trend/near-high/RSI) -- not in the top 20 at all,-6292.349999999996,-3.6026867494402537,1
MPHASIS,2021-10-28,2021-10-29,3070.6,3037.1,55,failed a technical gate (trend/near-high/RSI) -- not in the top 20 at all,-1842.5,-1.0909919885364383,1
ADANIENSOL,2021-10-06,2021-11-02,1764.5,1758.3,100,dropped out of top 20 rank (now #22 of 44),-620.0000000000045,-0.3513743270048164,27
GODREJPROP,2021-11-02,2021-11-11,2349.85,2292.8,73,failed a technical gate (trend/near-high/RSI) -- not in the top 20 at all,-4164.64999999998,-2.42781454135369,9
INDIANB,2021-10-28,2021-11-12,166.4,161.3,1015,failed a technical gate (trend/near-high/RSI) -- not in the top 20 at all,-5176.4999999999945,-3.0649038461538436,15
GMRAIRPORT,2021-10-29,2021-11-15,40.55,40.5,4154,failed a technical gate (trend/near-high/RSI) -- not in the top 20 at all,-207.6999999999882,-0.12330456226880004,17
BANKBARODA,2021-10-25,2021-11-16,83.25,83.5,2064,failed a technical gate (trend/near-high/RSI) -- not in the top 20 at all,516.0,0.30030030030030463,22
GODREJPROP,2021-11-15,2021-11-16,2337.75,2322.05,74,failed a technical gate (trend/near-high/RSI) -- not in the top 20 at all,-1161.7999999999865,-0.6715859266388513,1
PRESTIGE,2021-11-12,2021-11-17,510.55,466.25,344,failed a technical gate (trend/near-high/RSI) -- not in the top 20 at all,-15239.200000000004,-8.67691705023994,5
OBEROIRLTY,2021-11-17,2021-11-18,957.35,921.5,182,failed a technical gate (trend/near-high/RSI) -- not in the top 20 at all,-6524.700000000004,-3.744711965320935,1
TATAELXSI,2021-11-16,2021-11-22,6599.35,6194.453126255566,26,stop,-10527.318717355303,-6.135405361807367,6
TMPV,2021-10-21,2021-11-22,349.75,334.7,505,failed a technical gate (trend/near-high/RSI) -- not in the top 20 at all,-7600.2500000000055,-4.303073624017162,32
PGEL,2021-10-28,2021-11-22,49.3,49.4,3426,failed a technical gate (trend/near-high/RSI) -- not in the top 20 at all,342.60000000000485,0.20283975659229903,25
PHOENIXLTD,2021-10-28,2021-11-22,476.8,503.0,354,failed a technical gate (trend/near-high/RSI) -- not in the top 20 at all,9274.799999999996,5.49496644295302,25
LTM,2021-10-28,2021-11-22,6689.35,6829.6,25,failed a technical gate (trend/near-high/RSI) -- not in the top 20 at all,3506.25,2.0966162631645746,25
INDHOTEL,2021-11-11,2021-11-22,207.9,201.95,842,failed a technical gate (trend/near-high/RSI) -- not in the top 20 at all,-5009.900000000014,-2.8619528619528656,11
TECHM,2021-11-22,2021-11-24,1448.5,1445.4,113,failed a technical gate (trend/near-high/RSI) -- not in the top 20 at all,-350.2999999999897,-0.21401449775629855,2
COFORGE,2021-11-22,2021-11-24,1085.5,1075.5,151,failed a technical gate (trend/near-high/RSI) -- not in the top 20 at all,-1510.0,-0.9212344541685846,2
INDUSTOWER,2021-11-22,2021-11-24,281.35,278.35,582,failed a technical gate (trend/near-high/RSI) -- not in the top 20 at all,-1746.0,-1.0662875422072116,2
PERSISTENT,2021-10-25,2021-11-25,1979.85,2032.15,86,failed a technical gate (trend/near-high/RSI) -- not in the top 20 at all,4497.800000000016,2.6416142637068596,31
BLUESTARCO,2021-11-22,2021-11-25,522.3,492.7,314,failed a technical gate (trend/near-high/RSI) -- not in the top 20 at all,-9294.399999999989,-5.66724104920543,3
INDHOTEL,2021-11-24,2021-11-25,206.15,205.55,800,failed a technical gate (trend/near-high/RSI) -- not in the top 20 at all,-479.99999999999545,-0.2910502061605591,1
TVSMOTOR,2021-11-16,2021-11-26,738.1,685.3544093408913,235,stop,-12395.213804890558,-7.146130694907027,10
TIINDIA,2021-11-22,2021-11-26,1719.35,1568.1324051195572,95,stop,-14365.671513642053,-8.795044341201185,4
SHRIRAMFIN,2021-11-22,2021-11-26,312.35,289.16032351589683,525,stop,-12174.580154154173,-7.424260119770509,4
PHOENIXLTD,2021-11-24,2021-11-26,517.7,484.2,318,closed below 200 EMA,-10653.000000000018,-6.4709291095229045,2
TMPV,2021-11-25,2021-11-26,339.25,316.85,489,failed a technical gate (trend/near-high/RSI) -- not in the top 20 at all,-10953.59999999999,-6.602800294767864,1
COFORGE,2021-11-25,2021-11-26,1100.5,1053.5,150,closed below 200 EMA,-7050.0,-4.2707860063607495,1
PGEL,2021-11-24,2021-11-29,52.3,52.35,3153,failed a technical gate (trend/near-high/RSI) -- not in the top 20 at all,157.65000000001345,0.09560229445506607,5
KEI,2021-11-26,2021-11-29,1067.4,1000.35,148,failed a technical gate (trend/near-high/RSI) -- not in the top 20 at all,-9923.40000000001,-6.281618887015183,3
ADANIGREEN,2021-11-26,2021-11-30,1372.55,1295.4,115,failed a technical gate (trend/near-high/RSI) -- not in the top 20 at all,-8872.249999999984,-5.6209245564824535,4
BHARTIARTL,2021-11-26,2021-11-30,738.75,728.25,215,failed a technical gate (trend/near-high/RSI) -- not in the top 20 at all,-2257.5,-1.4213197969543123,4
VEDL,2021-11-26,2021-12-03,160.25,152.25,992,dropped out of top 20 rank (now #22 of 30),-7936.0,-4.99219968798752,7
APLAPOLLO,2021-11-29,2021-12-03,899.2,925.35,172,dropped out of top 20 rank (now #24 of 30),4497.799999999996,2.9081405693950124,4
TORNTPHARM,2021-11-26,2021-12-06,1518.05,1468.45,104,closed below 200 EMA,-5158.3999999999905,-3.267349560291155,10
TECHM,2021-12-03,2021-12-06,1498.3,1458.5,108,failed a technical gate (trend/near-high/RSI) -- not in the top 20 at all,-4298.399999999995,-2.6563438563705466,3
APOLLOHOSP,2021-11-25,2021-12-09,5701.05,5232.8,29,failed a technical gate (trend/near-high/RSI) -- not in the top 20 at all,-13579.25,-8.213399286096424,14
POWERGRID,2021-11-26,2021-12-10,147.95,148.45,1074,dropped out of top 20 rank (now #21 of 42),537.0,0.33795201081445736,14
KEI,2021-11-30,2021-12-13,1104.9,1088.7,142,failed a technical gate (trend/near-high/RSI) -- not in the top 20 at all,-2300.4000000000065,-1.4661960358403503,13
INOXWIND,2021-12-06,2021-12-15,34.01,31.59,4708,failed a technical gate (trend/near-high/RSI) -- not in the top 20 at all,-11393.359999999991,-7.1155542487503665,9
PRESTIGE,2021-12-10,2021-12-15,472.7,450.1,346,failed a technical gate (trend/near-high/RSI) -- not in the top 20 at all,-7819.5999999999885,-4.781045060291933,5
PHOENIXLTD,2021-12-15,2021-12-16,513.9,506.3,319,failed a technical gate (trend/near-high/RSI) -- not in the top 20 at all,-2424.399999999989,-1.4788869429850138,1
BSE,2021-11-29,2021-12-17,170.0,216.244085734321,913,stop,42220.85027543508,27.202403373130004,18
GMRAIRPORT,2021-12-06,2021-12-17,41.85,41.45,3826,failed a technical gate (trend/near-high/RSI) -- not in the top 20 at all,-1530.3999999999946,-0.9557945041815952,11
TMPV,2021-12-09,2021-12-17,340.1,323.75,480,failed a technical gate (trend/near-high/RSI) -- not in the top 20 at all,-7848.000000000011,-4.807409585416056,8
PRESTIGE,2021-12-16,2021-12-17,455.3,450.85,358,failed a technical gate (trend/near-high/RSI) -- not in the top 20 at all,-1593.0999999999958,-0.9773775532615825,1
KPITTECH,2021-11-18,2021-12-20,449.45,456.75,378,failed a technical gate (trend/near-high/RSI) -- not in the top 20 at all,2759.400000000004,1.6242073645566846,32
TECHM,2021-12-13,2021-12-20,1541.2,1502.8,106,failed a technical gate (trend/near-high/RSI) -- not in the top 20 at all,-4070.4000000000096,-2.4915650142745993,7
MPHASIS,2021-12-15,2021-12-20,3011.4,2905.6,54,closed below 200 EMA,-5713.20000000001,-3.5133160656173223,5
BSE,2021-12-17,2021-12-20,217.5,212.5,733,failed a technical gate (trend/near-high/RSI) -- not in the top 20 at all,-3665.0,-2.298850574712641,3
COFORGE,2021-12-17,2021-12-20,1078.5,1036.5,148,closed below 200 EMA,-6216.0,-3.894297635605004,3
BLUESTARCO,2021-12-20,2021-12-21,503.4,489.4,307,failed a technical gate (trend/near-high/RSI) -- not in the top 20 at all,-4298.0,-2.7810885975367516,1
POWERGRID,2021-12-20,2021-12-22,153.85,144.96555495320607,1005,stop,-8928.867272027897,-5.774744911793261,2
TORNTPHARM,2021-12-20,2021-12-24,1533.9,1523.1,100,failed a technical gate (trend/near-high/RSI) -- not in the top 20 at all,-1080.0000000000182,-0.7040876197926926,4
PIDILITIND,2021-12-20,2021-12-24,1202.8,1205.1,128,dropped out of top 20 rank (now #21 of 26),294.3999999999942,0.1912204855337496,4
SIEMENS,2021-12-20,2021-12-30,1794.2,1793.75,86,failed a technical gate (trend/near-high/RSI) -- not in the top 20 at all,-38.70000000000391,-0.025080815962552627,10
PERSISTENT,2021-12-03,2022-01-06,2168.1,2267.1,74,failed a technical gate (trend/near-high/RSI) -- not in the top 20 at all,7326.0,4.566210045662111,34
INFY,2021-12-17,2022-01-06,1782.3,1779.3,89,failed a technical gate (trend/near-high/RSI) -- not in the top 20 at all,-267.0,-0.16832183134152245,20
TECHM,2021-12-22,2022-01-06,1561.9,1592.8,100,failed a technical gate (trend/near-high/RSI) -- not in the top 20 at all,3089.9999999999864,1.9783596901209899,15
PRESTIGE,2021-12-24,2022-01-06,467.4,463.95,341,failed a technical gate (trend/near-high/RSI) -- not in the top 20 at all,-1176.4499999999962,-0.7381258023106518,13
TATAELXSI,2022-01-06,2022-01-07,5873.55,5799.55,28,closed below 200 EMA,-2072.0,-1.2598854185288277,1
COFORGE,2021-12-24,2022-01-10,1129.0,1115.7168973923717,141,stop,-1872.9174676755874,-1.1765369891610478,17
LTM,2022-01-06,2022-01-10,7191.25,7103.55,23,failed a technical gate (trend/near-high/RSI) -- not in the top 20 at all,-2017.0999999999958,-1.2195376325395468,4
GMRAIRPORT,2021-12-30,2022-01-11,46.65,44.85,3581,failed a technical gate (trend/near-high/RSI) -- not in the top 20 at all,-6445.79999999999,-3.858520900321538,12
PRESTIGE,2022-01-10,2022-01-11,464.75,461.7,366,failed a technical gate (trend/near-high/RSI) -- not in the top 20 at all,-1116.3000000000043,-0.6562668101129709,1
WIPRO,2021-12-17,2022-01-12,320.55,330.4,498,failed a technical gate (trend/near-high/RSI) -- not in the top 20 at all,4905.299999999983,3.0728435501481632,26
HCLTECH,2022-01-06,2022-01-17,1284.9,1262.6224842035824,129,stop,-2873.79953773788,-1.733793742424905,11
TECHM,2022-01-11,2022-01-18,1636.0,1562.9,103,failed a technical gate (trend/near-high/RSI) -- not in the top 20 at all,-7529.29999999999,-4.468215158924204,7
JUBLFOOD,2022-01-17,2022-01-18,778.8,757.45,224,failed a technical gate (trend/near-high/RSI) -- not in the top 20 at all,-4782.39999999998,-2.741397021058023,1
INFY,2022-01-11,2022-01-20,1816.3,1791.7441157716448,93,stop,-2283.697233237027,-1.3519729245364265,9
TCS,2022-01-07,2022-01-20,3853.5,3826.55,43,failed a technical gate (trend/near-high/RSI) -- not in the top 20 at all,-1158.8499999999922,-0.699364214350584,13
PGEL,2021-11-30,2022-01-21,53.55,75.35,2934,failed a technical gate (trend/near-high/RSI) -- not in the top 20 at all,63961.19999999999,40.709617180205406,52
KPITTECH,2021-12-21,2022-01-24,481.5,629.1021241577938,321,stop,47380.28185465181,30.654646761743255,34
PRESTIGE,2022-01-12,2022-01-24,471.15,458.9879693325548,361,stop,-4390.493070947699,-2.581350030233509,12
INDHOTEL,2022-01-21,2022-01-24,206.35,192.21758555178684,815,stop,-11517.917775293721,-6.848759121983594,3
INDIGO,2022-01-21,2022-01-24,2084.35,1992.2,80,closed below 200 EMA,-7371.999999999989,-4.421042531244746,3
SUZLON,2022-01-06,2022-01-25,9.3,9.8,17928,stop,8964.0,5.376344086021501,19
POWERGRID,2022-01-20,2022-02-04,157.45,153.7,1092,failed a technical gate (trend/near-high/RSI) -- not in the top 20 at all,-4095.0,-2.381708478882183,15
SUZLON,2022-01-25,2022-02-07,10.1,10.2,16196,failed a technical gate (trend/near-high/RSI) -- not in the top 20 at all,1619.5999999999942,0.990099009900991,13
HAL,2022-01-18,2022-02-08,694.8,689.0,247,failed a technical gate (trend/near-high/RSI) -- not in the top 20 at all,-1432.5999999999888,-0.8347725964306218,21
ADANIENSOL,2022-01-24,2022-02-08,2035.9,1968.3,78,failed a technical gate (trend/near-high/RSI) -- not in the top 20 at all,-5272.80000000001,-3.3203988408075147,15
ONGC,2022-01-24,2022-02-09,149.8,148.2,1072,failed a technical gate (trend/near-high/RSI) -- not in the top 20 at all,-1715.2000000000244,-1.0680907877169687,16
BDL,2022-01-20,2022-02-11,230.6,226.1,746,failed a technical gate (trend/near-high/RSI) -- not in the top 20 at all,-3357.0,-1.9514310494362586,22
INDHOTEL,2022-02-07,2022-02-11,211.8,206.6,790,failed a technical gate (trend/near-high/RSI) -- not in the top 20 at all,-4108.000000000014,-2.455146364494809,4
HAL,2022-02-09,2022-02-11,707.25,690.0,235,failed a technical gate (trend/near-high/RSI) -- not in the top 20 at all,-4053.75,-2.4390243902439046,2
INOXWIND,2022-02-11,2022-02-14,31.64,28.393126366581555,5164,stop,-16766.855442972854,-10.26192678071569,3
TATAELXSI,2022-01-10,2022-02-14,5992.95,6911.35,28,failed a technical gate (trend/near-high/RSI) -- not in the top 20 at all,25715.200000000015,15.32467315762689,35
MARUTI,2022-01-24,2022-02-14,8052.3,8366.4,19,failed a technical gate (trend/near-high/RSI) -- not in the top 20 at all,5967.89999999999,3.9007488543645774,21
SIEMENS,2022-02-11,2022-02-14,1829.7,1775.3,89,closed below 200 EMA,-4841.600000000008,-2.9731649997267406,3
ADANIGREEN,2022-01-24,2022-02-15,1837.85,1792.8244345417575,87,stop,-3917.2241948670935,-2.4499042608614685,22
BANKBARODA,2022-02-04,2022-02-15,92.65,90.97337127661508,1792,stop,-3004.5186723057814,-1.809637046287016,11
ONGC,2022-02-11,2022-02-15,151.95,142.84724655233154,1075,stop,-9785.459956243581,-5.9906241840529395,4
OIL,2022-02-14,2022-02-15,150.5,149.8,1032,failed a technical gate (trend/near-high/RSI) -- not in the top 20 at all,-722.3999999999883,-0.46511627906975495,1
BDL,2022-02-14,2022-02-16,231.9,230.65,670,failed a technical gate (trend/near-high/RSI) -- not in the top 20 at all,-837.5,-0.5390254420008622,2
NATIONALUM,2022-02-14,2022-02-18,116.81,112.74,1330,failed a technical gate (trend/near-high/RSI) -- not in the top 20 at all,-5413.1000000000095,-3.4842907285335234,4
BANKBARODA,2022-02-15,2022-02-18,96.0,91.55,1624,failed a technical gate (trend/near-high/RSI) -- not in the top 20 at all,-7226.800000000005,-4.63541666666667,3
INDIGO,2022-02-08,2022-02-21,2182.6,2086.55,75,failed a technical gate (trend/near-high/RSI) -- not in the top 20 at all,-7203.74999999998,-4.400714743883427,13
ONGC,2022-02-16,2022-02-21,152.35,147.65,1023,failed a technical gate (trend/near-high/RSI) -- not in the top 20 at all,-4808.0999999999885,-3.085001640958307,5
BDL,2022-02-18,2022-02-21,236.35,229.85,655,failed a technical gate (trend/near-high/RSI) -- not in the top 20 at all,-4257.5,-2.750158662999791,3
ADANIPOWER,2022-02-18,2022-02-21,26.3,24.05,5891,failed a technical gate (trend/near-high/RSI) -- not in the top 20 at all,-13254.75,-8.55513307984791,3
JSWENERGY,2022-02-21,2022-02-22,339.35,327.65,447,failed a technical gate (trend/near-high/RSI) -- not in the top 20 at all,-5229.900000000021,-3.4477677913658633,1
BSE,2022-02-21,2022-02-22,240.5,229.5,631,failed a technical gate (trend/near-high/RSI) -- not in the top 20 at all,-6941.0,-4.5738045738045745,1
TVSMOTOR,2022-02-21,2022-02-23,658.4,651.45,230,failed a technical gate (trend/near-high/RSI) -- not in the top 20 at all,-1598.4999999999843,-1.0555893074118972,2
BLUESTARCO,2022-02-08,2022-02-24,518.15,507.8,319,failed a technical gate (trend/near-high/RSI) -- not in the top 20 at all,-3301.649999999989,-1.9974910740133134,16
CHOLAFIN,2022-02-14,2022-02-24,660.0,647.85,235,failed a technical gate (trend/near-high/RSI) -- not in the top 20 at all,-2855.2499999999945,-1.840909090909082,10
ADANIGREEN,2022-02-15,2022-02-24,1889.5,1849.75,82,failed a technical gate (trend/near-high/RSI) -- not in the top 20 at all,-3259.5,-2.103731145805765,9
MARUTI,2022-02-15,2022-02-24,8622.7,8210.15,18,closed below 200 EMA,-7425.90000000002,-4.784464262933897,9
SIEMENS,2022-02-15,2022-02-24,1844.55,1741.25,84,closed below 200 EMA,-8677.199999999997,-5.600281911577342,9
EICHERMOT,2022-02-21,2022-02-24,2699.0,2617.15,56,closed below 200 EMA,-4583.599999999995,-3.0326046683956998,3
VOLTAS,2022-02-22,2022-02-24,1239.15,1196.9,122,closed below 200 EMA,-5154.5,-3.40959528709196,2
CUMMINSIND,2022-02-22,2022-02-24,950.25,927.7,159,closed below 200 EMA,-3585.4499999999925,-2.373059721126014,2
HINDALCO,2022-02-23,2022-02-24,518.7,517.65,291,failed a technical gate (trend/near-high/RSI) -- not in the top 20 at all,-305.55000000001985,-0.2024291497975894,1
ADANIGREEN,2022-02-25,2022-02-28,1923.5,1843.4,75,failed a technical gate (trend/near-high/RSI) -- not in the top 20 at all,-6007.499999999993,-4.164283857551332,3
VOLTAS,2022-02-25,2022-03-03,1252.3,1197.15,116,closed below 200 EMA,-6397.399999999984,-4.403896829833098,6
CUMMINSIND,2022-02-25,2022-03-03,959.6,951.0,151,failed a technical gate (trend/near-high/RSI) -- not in the top 20 at all,-1298.6000000000035,-0.8962067528136775,6
JSWENERGY,2022-02-28,2022-03-03,340.2,337.35,432,failed a technical gate (trend/near-high/RSI) -- not in the top 20 at all,-1231.1999999999853,-0.8377425044091558,3
CHOLAFIN,2022-02-25,2022-03-04,683.8,658.5,212,failed a technical gate (trend/near-high/RSI) -- not in the top 20 at all,-5363.59999999999,-3.6999122550453234,7
BLUESTARCO,2022-02-25,2022-03-04,528.5,513.95,275,failed a technical gate (trend/near-high/RSI) -- not in the top 20 at all,-4001.2499999999873,-2.7530747398296973,7
HAL,2022-03-04,2022-03-07,686.05,662.5,212,closed below 200 EMA,-4992.59999999999,-3.432694410028414,3
ONGC,2022-03-07,2022-03-10,168.9,152.05,869,stop,-14642.649999999994,-9.976317347542917,3
NATIONALUM,2022-02-28,2022-03-14,118.77,115.29,1237,failed a technical gate (trend/near-high/RSI) -- not in the top 20 at all,-4304.7599999999875,-2.9300328365748807,14
OIL,2022-03-03,2022-03-14,163.55,154.05,913,failed a technical gate (trend/near-high/RSI) -- not in the top 20 at all,-8673.5,-5.808621216753284,11
HINDALCO,2022-02-25,2022-03-15,533.9,559.75,272,failed a technical gate (trend/near-high/RSI) -- not in the top 20 at all,7031.200000000006,4.841730661172505,18
VEDL,2022-02-28,2022-03-15,173.0,162.1,849,closed below 200 EMA,-9254.100000000004,-6.300578034682081,15
BEL,2022-03-04,2022-03-15,71.65,68.5,2033,closed below 200 EMA,-6403.950000000012,-4.396371249127706,11
ONGC,2022-03-10,2022-03-15,157.6,148.0,913,closed below 200 EMA,-8764.799999999996,-6.091370558375631,5
POWERGRID,2022-03-03,2022-03-21,159.85,150.03979775921403,935,stop,-9172.539095134882,-6.1371299598285685,18
CHOLAFIN,2022-03-15,2022-03-25,685.8,732.25,203,dropped out of top 20 rank (now #23 of 52),9429.35000000001,6.773111694371536,10
HINDALCO,2022-03-21,2022-03-31,589.95,572.5605906471086,243,stop,-4225.626472752622,-2.947607314669287,10
PERSISTENT,2022-03-31,2022-04-08,2382.65,2355.45,62,dropped out of top 20 rank (now #25 of 71),-1686.400000000017,-1.1415860491469698,8
BSE,2022-03-15,2022-04-13,326.5,301.0,427,dropped out of top 20 rank (now #25 of 58),-10888.5,-7.810107197549765,29
TATAELXSI,2022-03-15,2022-04-18,6997.45,7934.491467371794,19,stop,17803.78788006409,13.391184894094188,34
BANKBARODA,2022-03-15,2022-04-18,92.05,99.55,1515,failed a technical gate (trend/near-high/RSI) -- not in the top 20 at all,11362.5,8.147745790331351,34
JSWSTEEL,2022-04-18,2022-04-22,767.85,723.4,213,failed a technical gate (trend/near-high/RSI) -- not in the top 20 at all,-9467.85000000001,-5.788891059451718,4
VEDL,2022-03-25,2022-04-25,187.6,181.4883794448132,789,stop,-4822.068618042376,-3.2577934729140723,31
JINDALSTEL,2022-03-03,2022-04-25,445.1,526.2,335,failed a technical gate (trend/near-high/RSI) -- not in the top 20 at all,27168.500000000007,18.22062457874636,53
COALINDIA,2022-04-18,2022-04-25,176.35,175.45,928,failed a technical gate (trend/near-high/RSI) -- not in the top 20 at all,-835.2000000000053,-0.5103487383045113,7
HAL,2022-03-14,2022-04-29,690.6,797.55,206,failed a technical gate (trend/near-high/RSI) -- not in the top 20 at all,22031.699999999986,15.486533449174612,46
BDL,2022-03-14,2022-05-02,250.95,357.7938926765821,569,stop,60794.174932975235,42.575769147870936,49
BEL,2022-04-22,2022-05-02,83.9,78.35,1930,stop,-10711.500000000022,-6.61501787842671,10
MAZDOCK,2022-04-13,2022-05-02,157.65,146.7,1012,failed a technical gate (trend/near-high/RSI) -- not in the top 20 at all,-11081.400000000018,-6.945765937202674,19
ADANIPORTS,2022-04-25,2022-05-04,859.55,821.8033332559509,183,stop,-6907.640014160984,-4.391445145023454,9
ADANIENT,2022-04-25,2022-05-04,2214.5,2185.0,71,failed a technical gate (trend/near-high/RSI) -- not in the top 20 at all,-2094.5,-1.3321291487920495,9
APLAPOLLO,2022-05-02,2022-05-04,1029.0,977.75,152,failed a technical gate (trend/near-high/RSI) -- not in the top 20 at all,-7790.0,-4.980563654033043,2
ADANIPOWER,2022-04-08,2022-05-05,44.2,51.151169504948186,3582,stop,24899.089166724392,15.726627839249275,27
KEI,2022-05-04,2022-05-05,1240.6,1204.3,123,failed a technical gate (trend/near-high/RSI) -- not in the top 20 at all,-4464.899999999994,-2.9260035466709633,1
RELIANCE,2022-05-04,2022-05-05,1283.8,1258.65,119,failed a technical gate (trend/near-high/RSI) -- not in the top 20 at all,-2992.849999999984,-1.959027885963538,1
MARICO,2022-05-05,2022-05-06,519.75,503.65,293,closed below 200 EMA,-4717.300000000007,-3.097643097643099,1
AMBER,2022-05-06,2022-05-09,3725.05,3577.55,41,closed below 200 EMA,-6047.5,-3.959678393578614,3
ADANIGREEN,2022-04-25,2022-05-10,2824.0,2489.340403762168,55,stop,-18406.277793080757,-11.850552274710758,15
ADANIENSOL,2022-02-25,2022-05-10,2032.85,2482.55,71,closed below 200 EMA,31928.70000000002,22.121651868067005,74
NHPC,2022-05-04,2022-05-10,32.45,31.95,4719,failed a technical gate (trend/near-high/RSI) -- not in the top 20 at all,-2359.500000000017,-1.5408320493066396,6
ITC,2022-05-05,2022-05-10,216.1,214.2,705,failed a technical gate (trend/near-high/RSI) -- not in the top 20 at all,-1339.500000000004,-0.8792225821379063,5
TIINDIA,2022-05-09,2022-05-11,1811.75,1688.7167268648557,83,stop,-10211.76167021698,-6.790852663730885,2
NTPC,2022-05-02,2022-05-11,157.5,152.55,995,failed a technical gate (trend/near-high/RSI) -- not in the top 20 at all,-4925.249999999989,-3.142857142857136,9
ADANIPOWER,2022-05-05,2022-05-11,55.65,51.05,2741,failed a technical gate (trend/near-high/RSI) -- not in the top 20 at all,-12608.600000000004,-8.265947888589398,6
COLPAL,2022-05-10,2022-05-11,1589.9,1576.0,92,failed a technical gate (trend/near-high/RSI) -- not in the top 20 at all,-1278.8000000000084,-0.8742688219384953,1
PHOENIXLTD,2022-05-11,2022-05-12,527.55,516.5,272,closed below 200 EMA,-3005.5999999999876,-2.0945881906928143,1
POWERGRID,2022-04-29,2022-05-18,167.25,167.35,945,failed a technical gate (trend/near-high/RSI) -- not in the top 20 at all,94.49999999999463,0.05979073243647104,19
VBL,2022-05-02,2022-05-19,147.3,141.5,1064,failed a technical gate (trend/near-high/RSI) -- not in the top 20 at all,-6171.200000000012,-3.9375424304141315,17
PATANJALI,2022-05-18,2022-05-24,396.0,366.4,367,failed a technical gate (trend/near-high/RSI) -- not in the top 20 at all,-10863.200000000008,-7.4747474747474785,6
OIL,2022-05-19,2022-05-24,160.8,152.35,896,closed below 200 EMA,-7571.200000000015,-5.2549751243781255,5
POLYCAB,2022-05-17,2022-05-25,2603.1,2443.65,55,closed below 200 EMA,-8769.749999999989,-6.125388959317735,8
VBL,2022-05-24,2022-05-25,147.9,141.8,980,failed a technical gate (trend/near-high/RSI) -- not in the top 20 at all,-5977.9999999999945,-4.1244083840432655,1
BEL,2022-05-24,2022-05-25,77.2,75.45,1878,closed below 200 EMA,-3286.5,-2.266839378238339,1
BAJAJ-AUTO,2022-05-17,2022-06-01,3650.5,3628.0,39,failed a technical gate (trend/near-high/RSI) -- not in the top 20 at all,-877.5,-0.6163539241199834,15
MARICO,2022-05-25,2022-06-01,521.8,520.25,272,failed a technical gate (trend/near-high/RSI) -- not in the top 20 at all,-421.59999999998763,-0.2970486776542658,7
ADANIPOWER,2022-05-13,2022-06-02,50.95,59.05,2820,failed a technical gate (trend/near-high/RSI) -- not in the top 20 at all,22841.999999999985,15.897939156035324,20
SIEMENS,2022-05-25,2022-06-03,1787.6,1789.2,79,failed a technical gate (trend/near-high/RSI) -- not in the top 20 at all,126.40000000001078,0.08950548221078325,9
EICHERMOT,2022-05-17,2022-06-06,2706.7,2653.1,53,failed a technical gate (trend/near-high/RSI) -- not in the top 20 at all,-2840.799999999995,-1.9802711789263627,20
BRITANNIA,2022-05-25,2022-06-06,3516.5,3491.95,40,failed a technical gate (trend/near-high/RSI) -- not in the top 20 at all,-982.0000000000073,-0.6981373524811652,12
ADANIPOWER,2022-06-06,2022-06-07,59.65,58.3,2414,failed a technical gate (trend/near-high/RSI) -- not in the top 20 at all,-3258.9000000000033,-2.2632020117351215,1
ITC,2022-05-18,2022-06-08,220.0,220.95,660,failed a technical gate (trend/near-high/RSI) -- not in the top 20 at all,626.9999999999925,0.43181818181816656,21
CGPOWER,2022-06-07,2022-06-08,181.15,178.8,801,closed below 200 EMA,-1882.3499999999954,-1.2972674579078025,1
PETRONET,2022-05-18,2022-06-10,206.05,203.9,705,failed a technical gate (trend/near-high/RSI) -- not in the top 20 at all,-1515.750000000004,-1.0434360592089353,23
BEL,2022-06-01,2022-06-13,82.05,78.5,1765,failed a technical gate (trend/near-high/RSI) -- not in the top 20 at all,-6265.7499999999945,-4.326630103595363,12
ASHOKLEY,2022-06-06,2022-06-13,66.7,63.45,2159,failed a technical gate (trend/near-high/RSI) -- not in the top 20 at all,-7016.75,-4.872563718140932,7
BAJAJ-AUTO,2022-06-08,2022-06-14,3700.5,3590.5,38,closed below 200 EMA,-4180.0,-2.972571274152147,6
KEI,2022-06-13,2022-06-14,1265.3,1247.2,112,failed a technical gate (trend/near-high/RSI) -- not in the top 20 at all,-2027.1999999999898,-1.4304907926973809,1
COALINDIA,2022-06-02,2022-06-15,184.5,176.9,782,failed a technical gate (trend/near-high/RSI) -- not in the top 20 at all,-5943.199999999995,-4.119241192411927,13
CONCOR,2022-06-14,2022-06-15,514.75,507.1,273,closed below 200 EMA,-2088.449999999994,-1.486158329286058,1
OIL,2022-06-03,2022-06-16,167.3,171.7701437904799,854,stop,3817.5027970698184,2.671932929157128,13
HAL,2022-05-18,2022-06-16,840.5,898.55,173,failed a technical gate (trend/near-high/RSI) -- not in the top 20 at all,10042.649999999992,6.906603212373574,29
SIEMENS,2022-06-08,2022-06-16,1800.15,1783.85,79,closed below 200 EMA,-1287.7000000000144,-0.9054800988806622,8
EICHERMOT,2022-06-10,2022-06-16,2712.85,2652.5,53,failed a technical gate (trend/near-high/RSI) -- not in the top 20 at all,-3198.549999999995,-2.224597747756052,6
BEL,2022-06-14,2022-06-16,80.45,77.45,1749,closed below 200 EMA,-5247.0,-3.7290242386575523,2
KEI,2022-06-15,2022-06-16,1258.65,1237.9,111,failed a technical gate (trend/near-high/RSI) -- not in the top 20 at all,-2303.25,-1.6485917451237397,1
OIL,2022-06-16,2022-06-17,176.6,169.75,779,failed a technical gate (trend/near-high/RSI) -- not in the top 20 at all,-5336.149999999996,-3.878822197055487,1
BDL,2022-06-01,2022-06-20,406.65,357.5940482537787,356,stop,-17463.91882165478,-12.06343335699528,19
HAL,2022-06-17,2022-06-20,949.35,875.3126504867234,144,stop,-10661.378329911828,-7.798741192739933,3
VBL,2022-06-13,2022-06-21,149.6,147.75,948,failed a technical gate (trend/near-high/RSI) -- not in the top 20 at all,-1753.7999999999947,-1.2366310160427774,8
BAJAJ-AUTO,2022-06-27,2022-06-30,3766.0,3615.0,35,closed below 200 EMA,-5285.0,-4.009559214020175,3
TORNTPHARM,2022-06-21,2022-07-07,1411.8,1474.25,94,dropped out of top 20 rank (now #23 of 27),5870.300000000005,4.42343108088965,16
ASHOKLEY,2022-06-23,2022-07-14,67.35,68.4,1994,failed a technical gate (trend/near-high/RSI) -- not in the top 20 at all,2093.7000000000226,1.5590200445434466,21
HEROMOTOCO,2022-06-28,2022-07-25,2601.45,2671.8,52,dropped out of top 20 rank (now #21 of 50),3658.200000000019,2.7042610851640614,27
PHOENIXLTD,2022-06-23,2022-08-01,569.7,624.75,235,dropped out of top 20 rank (now #21 of 62),12936.749999999989,9.66298051606107,39
TIINDIA,2022-06-28,2022-08-02,1753.8,1992.507739065883,78,stop,18619.20364713888,13.610887163067797,35
VBL,2022-06-22,2022-08-22,149.7,187.17200238682832,895,stop,33537.442136211364,25.03139771999221,61
TIINDIA,2022-08-02,2022-08-22,2079.6,2112.35,72,failed a technical gate (trend/near-high/RSI) -- not in the top 20 at all,2358.0,1.574822081169458,20
HINDUNILVR,2022-07-07,2022-08-23,2472.95,2592.75,57,failed a technical gate (trend/near-high/RSI) -- not in the top 20 at all,6828.60000000001,4.844416587476497,47
BDL,2022-08-23,2022-08-24,405.6,402.7,384,failed a technical gate (trend/near-high/RSI) -- not in the top 20 at all,-1113.600000000013,-0.7149901380670731,1
CGPOWER,2022-06-24,2022-08-26,186.2,227.1,724,failed a technical gate (trend/near-high/RSI) -- not in the top 20 at all,29611.600000000006,21.965628356605805,63
DABUR,2022-08-01,2022-08-26,580.8,572.0,259,failed a technical gate (trend/near-high/RSI) -- not in the top 20 at all,-2279.199999999988,-1.5151515151515027,25
ADANIPOWER,2022-08-26,2022-09-14,75.1,76.9,2108,failed a technical gate (trend/near-high/RSI) -- not in the top 20 at all,3794.400000000024,2.3968042609853635,19
ADANIENSOL,2022-07-14,2022-09-21,2889.15,3865.75,49,failed a technical gate (trend/near-high/RSI) -- not in the top 20 at all,47853.399999999994,33.80232940484225,69
BEL,2022-07-25,2022-09-23,90.0,106.65,1638,failed a technical gate (trend/near-high/RSI) -- not in the top 20 at all,27272.700000000008,18.500000000000007,60
IDFCFIRSTB,2022-08-26,2022-09-23,48.45,48.7,3268,failed a technical gate (trend/near-high/RSI) -- not in the top 20 at all,817.0,0.5159958720330149,28
HAL,2022-08-22,2022-09-26,1114.9,1196.2,138,stop,11219.399999999994,7.292133823661318,35
BDL,2022-09-21,2022-09-26,460.5,423.2213738386928,377,stop,-14054.04206281282,-8.095249980739894,5
EICHERMOT,2022-06-23,2022-09-26,2819.05,3515.55,47,failed a technical gate (trend/near-high/RSI) -- not in the top 20 at all,32735.5,24.70690480835742,95
ADANIPORTS,2022-09-23,2022-09-26,913.8,863.4,189,failed a technical gate (trend/near-high/RSI) -- not in the top 20 at all,-9525.599999999995,-5.515430072225868,3
VBL,2022-08-24,2022-09-27,206.2,209.56746304482184,757,stop,2549.169524930138,1.6331052593704376,34
AMBUJACEM,2022-09-23,2022-09-27,539.35,490.3819763321896,321,stop,-15718.735597367147,-9.079081054567617,4
ITC,2022-06-27,2022-09-28,222.65,271.8126895211766,606,stop,29792.589849833013,22.080704927543948,93
BAJAJHLDNG,2022-09-26,2022-09-29,6760.85,6266.525929743939,24,stop,-11863.777686145477,-7.311566892566191,3
HINDUNILVR,2022-09-26,2022-10-03,2660.55,2622.5,62,failed a technical gate (trend/near-high/RSI) -- not in the top 20 at all,-2359.1000000000113,-1.4301554189923182,7
MARICO,2022-09-26,2022-10-03,526.25,529.5,314,failed a technical gate (trend/near-high/RSI) -- not in the top 20 at all,1020.5,0.6175771971496546,7
AMBUJACEM,2022-09-27,2022-10-03,504.35,488.65,327,failed a technical gate (trend/near-high/RSI) -- not in the top 20 at all,-5133.900000000015,-3.112917616734423,6
EICHERMOT,2022-09-27,2022-10-03,3570.55,3463.35,46,failed a technical gate (trend/near-high/RSI) -- not in the top 20 at all,-4931.200000000013,-3.0023385752895315,6
ITC,2022-09-29,2022-10-03,274.65,267.5,605,failed a technical gate (trend/near-high/RSI) -- not in the top 20 at all,-4325.749999999986,-2.6033133078463444,4
BHARTIARTL,2022-10-03,2022-10-06,803.35,788.6,210,dropped out of top 20 rank (now #22 of 28),-3097.5,-1.8360614925001517,3
360ONE,2022-10-03,2022-10-10,468.65,445.6,360,failed a technical gate (trend/near-high/RSI) -- not in the top 20 at all,-8297.999999999984,-4.9183825882854855,7
BRITANNIA,2022-09-28,2022-10-11,3853.2,3727.9,42,failed a technical gate (trend/near-high/RSI) -- not in the top 20 at all,-5262.5999999999885,-3.251842624312251,13
NESTLEIND,2022-10-03,2022-10-11,949.6,922.5,177,closed below 200 EMA,-4796.700000000004,-2.8538331929233385,8
HAL,2022-10-10,2022-10-11,1209.9,1184.4,145,failed a technical gate (trend/near-high/RSI) -- not in the top 20 at all,-3697.5,-2.107612199355313,1
BDL,2022-10-06,2022-10-12,461.8,441.1,378,failed a technical gate (trend/near-high/RSI) -- not in the top 20 at all,-7824.599999999996,-4.482459939367689,6
UNOMINDA,2022-10-03,2022-10-13,556.4,554.25,303,failed a technical gate (trend/near-high/RSI) -- not in the top 20 at all,-651.4499999999931,-0.3864126527677869,10
360ONE,2022-10-11,2022-10-13,452.45,440.45,377,failed a technical gate (trend/near-high/RSI) -- not in the top 20 at all,-4524.0,-2.6522267653884435,2
AMBUJACEM,2022-10-12,2022-10-13,505.45,496.85,342,failed a technical gate (trend/near-high/RSI) -- not in the top 20 at all,-2941.1999999999884,-1.7014541497675228,1
TIINDIA,2022-09-26,2022-10-14,2672.15,2643.9,61,failed a technical gate (trend/near-high/RSI) -- not in the top 20 at all,-1723.25,-1.0572011301760775,18
BRITANNIA,2022-10-13,2022-10-18,3784.6,3766.85,45,failed a technical gate (trend/near-high/RSI) -- not in the top 20 at all,-798.75,-0.46900597156899204,5
MAXHEALTH,2022-10-13,2022-10-18,429.15,407.45,404,failed a technical gate (trend/near-high/RSI) -- not in the top 20 at all,-8766.799999999996,-5.056507048817426,5
CGPOWER,2022-10-11,2022-10-19,251.5,256.25,679,dropped out of top 20 rank (now #21 of 36),3225.25,1.8886679920477212,8
BAJAJHLDNG,2022-10-03,2022-10-20,6507.25,6467.45,25,failed a technical gate (trend/near-high/RSI) -- not in the top 20 at all,-995.0000000000045,-0.6116254946405997,17
AMBUJACEM,2022-10-14,2022-10-20,501.85,517.7,343,dropped out of top 20 rank (now #22 of 43),5436.5500000000075,3.158314237321913,6
BEL,2022-10-20,2022-10-21,108.0,103.55,1624,failed a technical gate (trend/near-high/RSI) -- not in the top 20 at all,-7226.800000000005,-4.120370370370374,1
HAL,2022-10-20,2022-11-10,1224.0,1215.55,143,failed a technical gate (trend/near-high/RSI) -- not in the top 20 at all,-1208.3500000000065,-0.6903594771241917,21
EICHERMOT,2022-10-21,2022-11-11,3629.5,3545.906545496175,48,stop,-4012.4858161835946,-2.303167226996139,21
ITC,2022-10-18,2022-11-14,280.65,286.35,616,failed a technical gate (trend/near-high/RSI) -- not in the top 20 at all,3511.200000000028,2.030999465526473,27
BDL,2022-10-19,2022-11-14,458.0,473.7,378,failed a technical gate (trend/near-high/RSI) -- not in the top 20 at all,5934.599999999996,3.427947598253267,26
BEL,2022-11-10,2022-11-14,106.7,106.6,1789,failed a technical gate (trend/near-high/RSI) -- not in the top 20 at all,-178.90000000001527,-0.09372071227742307,4
MAZDOCK,2022-08-22,2022-11-22,152.05,377.9707646003949,1015,stop,229309.5760694008,148.58320591936524,92
COCHINSHIP,2022-09-14,2022-12-07,189.3,312.7,900,failed a technical gate (trend/near-high/RSI) -- not in the top 20 at all,111059.99999999999,65.1875330163761,84
INDIANB,2022-11-11,2022-12-09,249.0,260.3,779,failed a technical gate (trend/near-high/RSI) -- not in the top 20 at all,8802.700000000008,4.53815261044177,28
RVNL,2022-12-07,2022-12-09,70.45,67.35,2927,failed a technical gate (trend/near-high/RSI) -- not in the top 20 at all,-9073.700000000024,-4.400283889283196,2
HAL,2022-11-14,2022-12-14,1245.1,1341.8,157,failed a technical gate (trend/near-high/RSI) -- not in the top 20 at all,15181.900000000007,7.766444462292199,30
SBIN,2022-11-14,2022-12-16,592.55,603.35,331,failed a technical gate (trend/near-high/RSI) -- not in the top 20 at all,3574.8000000000225,1.8226310016032476,32
MAZDOCK,2022-11-22,2022-12-16,433.4,416.2,464,failed a technical gate (trend/near-high/RSI) -- not in the top 20 at all,-7980.799999999995,-3.9686202122750314,24
BANKINDIA,2022-12-09,2022-12-20,89.01,81.88083423019133,2331,stop,-16618.08540942403,-8.009398685326008,11
BANKBARODA,2022-10-18,2022-12-21,124.6,158.7039060406972,1389,stop,47370.32549052843,27.370711108103695,64
UNIONBANK,2022-11-14,2022-12-21,57.45,72.9844251122851,3419,stop,53112.19945890273,27.039904460026264,37
PNB,2022-12-09,2022-12-21,53.13,50.393064472983255,3905,stop,-10687.7332330004,-5.151393802026627,12
NMDC,2022-11-22,2022-12-21,32.9,33.5,6114,failed a technical gate (trend/near-high/RSI) -- not in the top 20 at all,3668.4000000000087,1.823708206686936,29
BANKINDIA,2022-12-20,2022-12-21,82.7,80.93,2472,failed a technical gate (trend/near-high/RSI) -- not in the top 20 at all,-4375.4399999999905,-2.1402660217654135,1
GODFRYPHLP,2022-10-11,2022-12-22,437.0,606.0,391,failed a technical gate (trend/near-high/RSI) -- not in the top 20 at all,66079.0,38.672768878718536,72
RVNL,2022-12-14,2022-12-22,74.0,66.45,2885,failed a technical gate (trend/near-high/RSI) -- not in the top 20 at all,-21781.749999999993,-10.202702702702704,8
INDIANB,2022-12-16,2022-12-22,280.8,267.75,721,failed a technical gate (trend/near-high/RSI) -- not in the top 20 at all,-9409.050000000008,-4.647435897435903,6
MAHABANK,2022-12-16,2022-12-22,32.35,28.85,6265,failed a technical gate (trend/near-high/RSI) -- not in the top 20 at all,-21927.5,-10.819165378670792,6
ABCAPITAL,2022-12-21,2022-12-22,148.6,147.85,1320,failed a technical gate (trend/near-high/RSI) -- not in the top 20 at all,-990.0,-0.5047106325706596,1
IRFC,2022-12-21,2022-12-22,32.3,31.25,6075,failed a technical gate (trend/near-high/RSI) -- not in the top 20 at all,-6378.749999999983,-3.2507739938080427,1
JINDALSTEL,2022-12-21,2022-12-22,547.6,539.85,358,failed a technical gate (trend/near-high/RSI) -- not in the top 20 at all,-2774.5,-1.415266617969324,1
HINDZINC,2022-12-21,2022-12-23,323.35,310.15466326346336,606,stop,-7996.374062341216,-4.080821628741815,2
VBL,2022-12-21,2022-12-23,274.25,257.5,715,failed a technical gate (trend/near-high/RSI) -- not in the top 20 at all,-11976.25,-6.107566089334549,2
JSWSTEEL,2022-12-22,2022-12-23,737.55,727.85,259,failed a technical gate (trend/near-high/RSI) -- not in the top 20 at all,-2512.2999999999824,-1.3151650735543252,1
PIIND,2022-12-22,2022-12-23,3520.9,3459.6,54,failed a technical gate (trend/near-high/RSI) -- not in the top 20 at all,-3310.20000000001,-1.7410321224686887,1
BRITANNIA,2022-12-22,2022-12-23,4391.45,4331.9,43,failed a technical gate (trend/near-high/RSI) -- not in the top 20 at all,-2560.650000000008,-1.3560441312095106,1
CUMMINSIND,2022-12-22,2022-12-23,1450.15,1388.05,132,failed a technical gate (trend/near-high/RSI) -- not in the top 20 at all,-8197.200000000019,-4.282315622521815,1
RECLTD,2022-12-22,2022-12-23,112.5,108.75,1701,failed a technical gate (trend/near-high/RSI) -- not in the top 20 at all,-6378.75,-3.3333333333333326,1
TIINDIA,2022-12-22,2022-12-23,2925.75,2778.5,65,failed a technical gate (trend/near-high/RSI) -- not in the top 20 at all,-9571.25,-5.0328975476373605,1
NESTLEIND,2022-12-23,2022-12-26,1006.6,994.9,184,failed a technical gate (trend/near-high/RSI) -- not in the top 20 at all,-2152.8000000000084,-1.16232863103517,3
CIPLA,2022-12-23,2022-12-26,1119.15,1096.5,166,closed below 200 EMA,-3759.900000000015,-2.023857391770545,3
APOLLOHOSP,2022-12-23,2022-12-27,4700.15,4643.8,39,failed a technical gate (trend/near-high/RSI) -- not in the top 20 at all,-2197.6499999999787,-1.1988979075135742,4
VBL,2022-12-26,2022-12-27,270.55,263.8,685,failed a technical gate (trend/near-high/RSI) -- not in the top 20 at all,-4623.75,-2.494917760118276,1
INDIANB,2022-12-26,2022-12-28,276.1,266.75,671,failed a technical gate (trend/near-high/RSI) -- not in the top 20 at all,-6273.850000000015,-3.3864541832669404,2
PIIND,2022-12-26,2022-12-28,3482.95,3452.7,53,failed a technical gate (trend/near-high/RSI) -- not in the top 20 at all,-1603.25,-0.8685166310168135,2
MARICO,2022-12-22,2022-12-29,522.35,515.4,366,failed a technical gate (trend/near-high/RSI) -- not in the top 20 at all,-2543.7000000000166,-1.3305255097157187,7
BRITANNIA,2022-12-26,2022-12-29,4375.35,4348.3,42,failed a technical gate (trend/near-high/RSI) -- not in the top 20 at all,-1136.1000000000076,-0.6182362553852849,3
ZYDUSLIFE,2022-12-23,2022-12-30,420.3,419.95,442,dropped out of top 20 rank (now #25 of 26),-154.70000000001005,-0.08327385201047921,7
VBL,2022-12-28,2022-12-30,264.7,264.5,694,failed a technical gate (trend/near-high/RSI) -- not in the top 20 at all,-138.7999999999921,-0.0755572346052058,2
AXISBANK,2022-12-26,2023-01-02,928.7,941.6,199,dropped out of top 20 rank (now #21 of 28),2567.0999999999954,1.3890384408312695,7
JSWSTEEL,2022-12-29,2023-01-04,769.4,737.3041798157506,240,stop,-7702.996844219861,-4.171538885397641,6
HDFCBANK,2022-12-26,2023-01-04,814.7,805.0,227,failed a technical gate (trend/near-high/RSI) -- not in the top 20 at all,-2201.9000000000106,-1.1906223149625639,9
BANKBARODA,2022-12-29,2023-01-10,166.45,162.1,1111,failed a technical gate (trend/near-high/RSI) -- not in the top 20 at all,-4832.849999999994,-2.6133974166416274,12
PNB,2023-01-02,2023-01-10,53.97,52.04,3467,failed a technical gate (trend/near-high/RSI) -- not in the top 20 at all,-6691.309999999999,-3.5760607745043527,8
MAHABANK,2023-01-04,2023-01-10,31.45,29.7,5902,failed a technical gate (trend/near-high/RSI) -- not in the top 20 at all,-10328.5,-5.564387917329094,6
INDIANB,2023-01-10,2023-01-11,275.9,274.85,667,failed a technical gate (trend/near-high/RSI) -- not in the top 20 at all,-700.3499999999697,-0.380572671257684,1
BANKINDIA,2022-12-30,2023-01-18,82.47,83.49,2235,failed a technical gate (trend/near-high/RSI) -- not in the top 20 at all,2279.699999999991,1.2368133866860642,19
HINDZINC,2022-12-28,2023-01-20,324.25,345.0,566,stop,11744.5,6.3993831919815,23
NMDC,2022-12-30,2023-01-24,34.65,35.05,5319,failed a technical gate (trend/near-high/RSI) -- not in the top 20 at all,2127.5999999999926,1.1544011544011523,25
PNB,2023-01-11,2023-01-24,53.26,52.42,3480,failed a technical gate (trend/near-high/RSI) -- not in the top 20 at all,-2923.199999999987,-1.5771686068343893,13
UNIONBANK,2023-01-18,2023-01-24,72.96,72.39,2574,failed a technical gate (trend/near-high/RSI) -- not in the top 20 at all,-1467.1799999999826,-0.7812499999999889,6
PFC,2023-01-10,2023-01-25,124.1,116.09987382764498,1484,stop,-11872.187239774836,-6.446515852018542,15
RECLTD,2022-12-26,2023-01-25,114.0,120.5,1627,failed a technical gate (trend/near-high/RSI) -- not in the top 20 at all,10575.5,5.701754385964919,30
IOC,2023-01-24,2023-01-27,64.73,61.83783872173783,2848,stop,-8236.875320490666,-4.468038433897991,3
HDFCBANK,2023-01-24,2023-01-27,847.8,816.0,217,stop,-6900.59999999999,-3.7508846426043796,3
JINDALSTEL,2022-12-27,2023-01-27,575.95,588.15,320,failed a technical gate (trend/near-high/RSI) -- not in the top 20 at all,3903.999999999978,2.118239430506108,31
RVNL,2023-01-04,2023-01-27,73.4,72.9,2528,failed a technical gate (trend/near-high/RSI) -- not in the top 20 at all,-1264.0,-0.6811989100817484,23
INDIANB,2023-01-25,2023-01-27,278.9,269.55,656,failed a technical gate (trend/near-high/RSI) -- not in the top 20 at all,-6133.599999999978,-3.352456077447097,2
HINDZINC,2023-01-20,2023-01-30,353.0,329.6993061519467,528,stop,-12302.766351772141,-6.6007631297601455,10
PETRONET,2023-01-27,2023-01-30,207.9,202.3,864,failed a technical gate (trend/near-high/RSI) -- not in the top 20 at all,-4838.399999999995,-2.6936026936026924,3
TCS,2023-01-27,2023-01-31,3411.05,3358.7,52,failed a technical gate (trend/near-high/RSI) -- not in the top 20 at all,-2722.200000000019,-1.5347180486946943,4
BAJAJ-AUTO,2023-01-27,2023-02-01,3839.5,3688.3707915516648,46,stop,-6951.943588623421,-3.9361689920129006,5
INDIANB,2023-01-30,2023-02-01,283.4,263.1152268578317,630,stop,-12779.407079566005,-7.157647544872359,2
HAL,2023-01-31,2023-02-01,1276.4,1211.4875809913408,140,stop,-9087.738661212301,-5.085585945523297,1
IOC,2023-01-27,2023-02-01,62.68,61.54,2868,failed a technical gate (trend/near-high/RSI) -- not in the top 20 at all,-3269.520000000002,-1.8187619655392506,5
JINDALSTEL,2023-02-01,2023-02-02,608.25,571.2942802082587,288,stop,-10643.247300021503,-6.075745136332323,1
NHPC,2023-01-27,2023-02-02,43.2,41.75,4161,failed a technical gate (trend/near-high/RSI) -- not in the top 20 at all,-6033.450000000012,-3.356481481481488,6
TATASTEEL,2023-01-10,2023-02-06,112.62,111.26,1635,failed a technical gate (trend/near-high/RSI) -- not in the top 20 at all,-2223.599999999999,-1.2076007813887402,27
INDIANB,2023-02-01,2023-02-07,279.5,274.45,628,failed a technical gate (trend/near-high/RSI) -- not in the top 20 at all,-3171.400000000007,-1.806797853309483,6
HCLTECH,2023-01-25,2023-02-10,1122.75,1115.65,163,failed a technical gate (trend/near-high/RSI) -- not in the top 20 at all,-1157.2999999999852,-0.6323758628367759,16
COFORGE,2023-02-02,2023-02-13,887.0,810.0,198,stop,-15246.0,-8.680947012401353,11
GODREJCP,2023-02-01,2023-02-13,929.7,923.85,188,failed a technical gate (trend/near-high/RSI) -- not in the top 20 at all,-1099.8000000000043,-0.6292352371732868,12
HDFCBANK,2023-02-06,2023-02-20,825.9,820.2,212,failed a technical gate (trend/near-high/RSI) -- not in the top 20 at all,-1208.3999999999855,-0.6901561932437295,14
TCS,2023-02-02,2023-02-21,3460.4,3451.0,50,failed a technical gate (trend/near-high/RSI) -- not in the top 20 at all,-470.00000000000455,-0.27164489654375457,19
OIL,2023-02-20,2023-02-21,172.75,169.85,1013,failed a technical gate (trend/near-high/RSI) -- not in the top 20 at all,-2937.7000000000057,-1.6787264833574511,1
BAJAJ-AUTO,2023-02-10,2023-02-27,3737.0,3607.945901617339,47,stop,-6065.54262398506,-3.4534144603334482,17
CGPOWER,2023-01-24,2023-02-27,299.35,310.9,615,failed a technical gate (trend/near-high/RSI) -- not in the top 20 at all,7103.249999999972,3.8583597795222913,34
ZYDUSLIFE,2023-02-13,2023-02-27,471.45,456.05,369,failed a technical gate (trend/near-high/RSI) -- not in the top 20 at all,-5682.599999999991,-3.26651818856718,14
ALKEM,2023-02-27,2023-02-28,3272.6,3175.0,52,failed a technical gate (trend/near-high/RSI) -- not in the top 20 at all,-5075.199999999995,-2.9823382020411904,1
COFORGE,2023-02-27,2023-03-02,855.0,850.0,200,failed a technical gate (trend/near-high/RSI) -- not in the top 20 at all,-1000.0,-0.5847953216374324,3
PERSISTENT,2023-01-30,2023-03-09,2307.45,2408.8,77,failed a technical gate (trend/near-high/RSI) -- not in the top 20 at all,7803.950000000028,4.3922945242584,38
POLYCAB,2023-02-07,2023-03-10,2987.4,2946.95,58,failed a technical gate (trend/near-high/RSI) -- not in the top 20 at all,-2346.100000000016,-1.354020218249996,31
BDL,2023-02-21,2023-03-10,466.25,460.0,373,failed a technical gate (trend/near-high/RSI) -- not in the top 20 at all,-2331.25,-1.3404825737265424,17
BANKBARODA,2023-03-09,2023-03-10,153.5,150.0,1137,closed below 200 EMA,-3979.5,-2.28013029315961,1
KPITTECH,2023-02-13,2023-03-13,820.3,788.4526856259176,212,stop,-6751.630647305451,-3.88239843643573,28
SUPREMEIND,2023-02-27,2023-03-13,2740.55,2666.5,62,failed a technical gate (trend/near-high/RSI) -- not in the top 20 at all,-4591.100000000011,-2.7020123697797938,14
ZYDUSLIFE,2023-02-28,2023-03-13,465.8,466.2,368,failed a technical gate (trend/near-high/RSI) -- not in the top 20 at all,147.19999999999163,0.08587376556461468,13
INDIANB,2023-03-10,2023-03-13,275.95,269.6,624,failed a technical gate (trend/near-high/RSI) -- not in the top 20 at all,-3962.3999999999787,-2.301141511143312,3
HCLTECH,2023-03-10,2023-03-13,1116.3,1098.6,154,closed below 200 EMA,-2725.800000000007,-1.585595270088691,3
ITC,2023-02-01,2023-03-14,298.05,313.1,589,failed a technical gate (trend/near-high/RSI) -- not in the top 20 at all,8864.450000000006,5.049488340882413,41
OIL,2023-03-02,2023-03-14,171.7,166.45,1005,failed a technical gate (trend/near-high/RSI) -- not in the top 20 at all,-5276.25,-3.057658707047173,12
VBL,2023-03-13,2023-03-16,262.5,261.25,645,failed a technical gate (trend/near-high/RSI) -- not in the top 20 at all,-806.25,-0.4761904761904745,3
NMDC,2023-03-14,2023-03-16,33.8,32.9,4990,closed below 200 EMA,-4490.999999999993,-2.6627218934911157,2
PFC,2023-03-13,2023-03-17,130.75,122.77823485484001,1295,stop,-10323.435862982189,-6.096952309873805,4
ITC,2023-03-16,2023-03-17,314.6,309.7,532,failed a technical gate (trend/near-high/RSI) -- not in the top 20 at all,-2606.8000000000184,-1.5575333757152032,1
HAL,2023-02-21,2023-03-20,1311.1,1322.4,132,failed a technical gate (trend/near-high/RSI) -- not in the top 20 at all,1491.600000000024,0.8618717107772289,27
NHPC,2023-03-16,2023-03-20,40.65,40.45,4118,closed below 200 EMA,-823.5999999999824,-0.49200492004919383,4
OIL,2023-03-17,2023-03-20,170.25,167.1,983,failed a technical gate (trend/near-high/RSI) -- not in the top 20 at all,-3096.4500000000057,-1.8502202643171817,3
GAIL,2023-03-13,2023-03-21,97.84,93.07,1731,failed a technical gate (trend/near-high/RSI) -- not in the top 20 at all,-8256.870000000017,-4.875306623058062,8
CUMMINSIND,2023-03-10,2023-03-22,1680.95,1612.6,102,failed a technical gate (trend/near-high/RSI) -- not in the top 20 at all,-6971.7000000000135,-4.066153068205491,12
NTPC,2023-03-13,2023-03-22,179.7,174.35,942,failed a technical gate (trend/near-high/RSI) -- not in the top 20 at all,-5039.699999999994,-2.977184195882021,9
MCX,2023-03-22,2023-03-24,304.0,290.2213917318687,544,stop,-7495.562897863416,-4.532436930306338,2
ABCAPITAL,2023-03-20,2023-03-24,149.85,144.05,1106,closed below 200 EMA,-6414.799999999981,-3.8705372038705277,4
LT,2023-03-20,2023-03-24,2177.55,2166.15,76,failed a technical gate (trend/near-high/RSI) -- not in the top 20 at all,-866.4000000000069,-0.5235241441069127,4
BAJAJ-AUTO,2023-03-22,2023-03-27,3827.0,3713.5,43,failed a technical gate (trend/near-high/RSI) -- not in the top 20 at all,-4880.5,-2.9657695322707123,5
MAXHEALTH,2023-03-13,2023-03-28,462.7,449.95,366,failed a technical gate (trend/near-high/RSI) -- not in the top 20 at all,-4666.5,-2.755565161011453,15
MCX,2023-03-24,2023-03-28,295.0,294.0,550,failed a technical gate (trend/near-high/RSI) -- not in the top 20 at all,-550.0,-0.3389830508474523,4
HINDZINC,2023-03-24,2023-03-29,323.1,299.0,502,stop,-12098.200000000012,-7.458991024450645,5
OIL,2023-03-28,2023-03-31,171.65,167.75,948,failed a technical gate (trend/near-high/RSI) -- not in the top 20 at all,-3697.2000000000053,-2.272065249053312,3
KPITTECH,2023-03-17,2023-04-03,869.2,826.6324703087798,192,stop,-8172.965700714281,-4.897322790062153,17
DRREDDY,2023-03-24,2023-04-03,892.85,931.3,181,dropped out of top 20 rank (now #26 of 29),6959.449999999988,4.306434451475605,10
ITC,2023-03-31,2023-04-03,316.3,312.45,518,failed a technical gate (trend/near-high/RSI) -- not in the top 20 at all,-1994.3000000000118,-1.2171988618400298,3
ULTRACEMCO,2023-03-28,2023-04-05,7255.0,7538.0,22,dropped out of top 20 rank (now #24 of 37),6226.0,3.9007580978635437,8
ZYDUSLIFE,2023-03-14,2023-04-06,470.55,494.15,358,dropped out of top 20 rank (now #24 of 41),8448.799999999988,5.015407501859515,23
VBL,2023-03-21,2023-04-20,268.7,276.35,613,failed a technical gate (trend/near-high/RSI) -- not in the top 20 at all,4689.450000000021,2.847041310011167,30
GODREJCP,2023-03-20,2023-04-25,960.0,963.2,172,failed a technical gate (trend/near-high/RSI) -- not in the top 20 at all,550.4000000000078,0.33333333333334103,36
VBL,2023-04-25,2023-05-02,287.45,283.0,584,failed a technical gate (trend/near-high/RSI) -- not in the top 20 at all,-2598.7999999999934,-1.548095320925369,7
HDFCBANK,2023-04-03,2023-05-05,805.3,819.5,201,stop,2854.200000000009,1.7633180181299002,32
INDIANB,2023-03-29,2023-05-09,277.95,290.1987638561156,586,stop,7177.775619683743,4.406822758091611,41
BANKBARODA,2023-04-03,2023-05-09,151.35,159.4,1072,failed a technical gate (trend/near-high/RSI) -- not in the top 20 at all,8629.600000000013,5.318797489263294,36
HAL,2023-04-03,2023-05-09,1356.2,1457.15,119,dropped out of top 20 rank (now #25 of 74),12013.050000000005,7.443592390502873,36
ABCAPITAL,2023-04-06,2023-05-11,157.9,163.95,1032,failed a technical gate (trend/near-high/RSI) -- not in the top 20 at all,6243.599999999982,3.831538948701696,35
ALKEM,2023-03-27,2023-05-12,3227.95,3418.6381481245708,50,stop,9534.407406228547,5.907407119830577,46
DLF,2023-05-02,2023-05-12,424.25,435.95,406,failed a technical gate (trend/near-high/RSI) -- not in the top 20 at all,4750.199999999995,2.7578078962875674,10
RVNL,2023-05-09,2023-05-12,128.25,120.4,1333,failed a technical gate (trend/near-high/RSI) -- not in the top 20 at all,-10464.049999999992,-6.12085769980506,3
COLPAL,2023-05-05,2023-05-16,1567.45,1660.95,109,dropped out of top 20 rank (now #28 of 76),10191.5,5.965102555105428,11
PRESTIGE,2023-05-09,2023-05-18,477.85,479.2,357,failed a technical gate (trend/near-high/RSI) -- not in the top 20 at all,481.9499999999878,0.28251543371349275,9
ITC,2023-04-05,2023-05-19,318.65,339.5149258402821,512,stop,10682.842030224449,6.5479133344679585,44
RVNL,2023-05-18,2023-05-19,120.85,116.2,1402,failed a technical gate (trend/near-high/RSI) -- not in the top 20 at all,-6519.299999999988,-3.847745138601566,1
GLENMARK,2023-04-20,2023-05-22,512.15,606.0,323,dropped out of top 20 rank (now #24 of 67),30313.550000000007,18.324709557746765,32
NESTLEIND,2023-05-12,2023-05-23,1089.7,1070.2,156,failed a technical gate (trend/near-high/RSI) -- not in the top 20 at all,-3042.0,-1.789483344039644,11
PERSISTENT,2023-05-22,2023-06-06,2520.55,2490.5,67,dropped out of top 20 rank (now #32 of 86),-2013.3500000000122,-1.192200115054265,15
VBL,2023-05-12,2023-06-08,311.2,316.35,547,failed a technical gate (trend/near-high/RSI) -- not in the top 20 at all,2817.050000000019,1.654884318766081,27
HINDUNILVR,2023-05-12,2023-06-09,2623.4,2636.2,64,failed a technical gate (trend/near-high/RSI) -- not in the top 20 at all,819.1999999999825,0.48791644430890013,28
EICHERMOT,2023-05-23,2023-06-09,3601.6,3581.3,46,failed a technical gate (trend/near-high/RSI) -- not in the top 20 at all,-933.7999999999874,-0.563638382940912,17
INDHOTEL,2023-05-22,2023-06-13,371.2,393.35,457,dropped out of top 20 rank (now #24 of 95),10122.550000000016,5.9671336206896575,22
SONACOMS,2023-06-09,2023-06-14,535.35,509.85,323,failed a technical gate (trend/near-high/RSI) -- not in the top 20 at all,-8236.5,-4.763239002521713,5
BAJAJ-AUTO,2023-05-09,2023-06-16,4417.0,4527.0,38,failed a technical gate (trend/near-high/RSI) -- not in the top 20 at all,4180.0,2.4903780846728507,38
HEROMOTOCO,2023-06-09,2023-06-19,2730.8,2616.95,63,failed a technical gate (trend/near-high/RSI) -- not in the top 20 at all,-7172.550000000023,-4.169107953713214,10
SBICARD,2023-05-19,2023-06-20,891.55,893.8,191,failed a technical gate (trend/near-high/RSI) -- not in the top 20 at all,429.75,0.25236946890248024,32
RVNL,2023-06-08,2023-06-23,125.35,121.15,1388,failed a technical gate (trend/near-high/RSI) -- not in the top 20 at all,-5829.599999999984,-3.3506182688472164,15
HAL,2023-06-14,2023-06-26,1857.8,1790.6199283264232,93,stop,-6247.74666564264,-3.616108928494821,12
BEL,2023-06-19,2023-06-27,124.85,118.4,1422,failed a technical gate (trend/near-high/RSI) -- not in the top 20 at all,-9171.899999999983,-5.16619943932718,8
ITC,2023-05-19,2023-06-28,346.25,370.55,491,dropped out of top 20 rank (now #21 of 85),11931.300000000005,7.018050541516252,40
ASTRAL,2023-06-16,2023-07-04,1960.15,1924.4,90,failed a technical gate (trend/near-high/RSI) -- not in the top 20 at all,-3217.5,-1.8238400122439602,18
KPITTECH,2023-06-23,2023-07-04,1067.35,1060.75,162,failed a technical gate (trend/near-high/RSI) -- not in the top 20 at all,-1069.1999999999853,-0.6183538670539113,11
DIXON,2023-06-20,2023-07-05,4538.55,4180.864984054349,39,stop,-13949.71562188038,-7.8810416530753375,15
ANGELONE,2023-06-27,2023-07-10,172.3,165.17566074597195,1017,stop,-7245.453021346535,-4.134845765541528,13
RECLTD,2023-07-04,2023-07-14,164.65,160.3,1071,failed a technical gate (trend/near-high/RSI) -- not in the top 20 at all,-4658.849999999994,-2.6419678105071287,10
COFORGE,2023-05-16,2023-07-21,841.0,928.0,204,failed a technical gate (trend/near-high/RSI) -- not in the top 20 at all,17748.0,10.344827586206895,66
TIINDIA,2023-07-14,2023-07-25,3287.25,3131.4,55,failed a technical gate (trend/near-high/RSI) -- not in the top 20 at all,-8571.749999999995,-4.741044946383754,11
KEI,2023-05-11,2023-07-28,2074.55,2437.6,82,failed a technical gate (trend/near-high/RSI) -- not in the top 20 at all,29770.099999999977,17.500180762092967,78
SHRIRAMFIN,2023-07-04,2023-08-01,355.55,370.75,495,dropped out of top 20 rank (now #21 of 97),7523.9999999999945,4.275066797918714,28
HAL,2023-06-26,2023-08-02,1850.5,1859.3551621014797,95,stop,841.2403996405681,0.478528078977547,37
HEROMOTOCO,2023-07-05,2023-08-02,2983.35,2839.90315858919,59,stop,-8463.363643237793,-4.808247152054235,28
BEL,2023-06-28,2023-08-02,120.75,125.35,1454,failed a technical gate (trend/near-high/RSI) -- not in the top 20 at all,6688.399999999991,3.809523809523796,35
BAJAJ-AUTO,2023-07-10,2023-08-02,4777.0,4712.5,36,failed a technical gate (trend/near-high/RSI) -- not in the top 20 at all,-2322.0,-1.3502198032237844,23
KALYANKJIL,2023-07-21,2023-08-02,174.05,168.25,1069,dropped out of top 20 rank (now #24 of 79),-6200.200000000013,-3.3323757540936527,12
GODREJPROP,2023-08-02,2023-08-03,1659.8,1568.7400846670885,109,stop,-9925.530771287353,-5.486198055965263,1
RBLBANK,2023-07-25,2023-08-04,223.3,211.58601993726347,833,stop,-9757.745392259538,-5.245848662219677,10
BDL,2023-08-03,2023-08-04,595.05,557.0200665692615,304,stop,-11561.099762944481,-6.391048387654552,1
PHOENIXLTD,2023-07-28,2023-08-10,848.8,831.0,222,failed a technical gate (trend/near-high/RSI) -- not in the top 20 at all,-3951.59999999999,-2.0970782280867017,13
PRESTIGE,2023-08-02,2023-08-10,577.25,556.45,315,failed a technical gate (trend/near-high/RSI) -- not in the top 20 at all,-6551.999999999985,-3.603291468168035,8
MAZDOCK,2023-06-13,2023-08-11,519.0,858.207995141839,335,stop,113634.67837251606,65.3579952103736,59
OBEROIRLTY,2023-08-02,2023-08-11,1108.75,1079.3,164,failed a technical gate (trend/near-high/RSI) -- not in the top 20 at all,-4829.8000000000075,-2.656144306651642,9
ETERNAL,2023-08-10,2023-08-16,94.25,91.9,1918,dropped out of top 20 rank (now #25 of 68),-4507.299999999989,-2.4933687002652416,6
COFORGE,2023-08-02,2023-08-18,951.5,982.0040956170945,191,stop,5826.282262865059,3.2058954931260653,16
RBLBANK,2023-08-04,2023-08-18,216.1,215.8,831,failed a technical gate (trend/near-high/RSI) -- not in the top 20 at all,-249.29999999998583,-0.13882461823229164,14
BEL,2023-08-04,2023-08-18,127.6,127.15,1409,failed a technical gate (trend/near-high/RSI) -- not in the top 20 at all,-634.049999999984,-0.3526645768024972,14
AUROPHARMA,2023-08-11,2023-08-24,863.15,833.65,208,failed a technical gate (trend/near-high/RSI) -- not in the top 20 at all,-6136.0,-3.4177141864102367,13
MANAPPURAM,2023-08-18,2023-08-25,148.05,137.47799199557778,1194,stop,-12622.977557280143,-7.140836206972123,7
DRREDDY,2023-08-11,2023-08-29,1164.6,1144.75,154,failed a technical gate (trend/near-high/RSI) -- not in the top 20 at all,-3056.899999999986,-1.7044478791001128,18
MAZDOCK,2023-08-16,2023-08-29,967.85,909.2,183,failed a technical gate (trend/near-high/RSI) -- not in the top 20 at all,-10732.949999999995,-6.059823319729296,13
GODFRYPHLP,2023-08-02,2023-09-01,678.0,711.0,268,dropped out of top 20 rank (now #21 of 82),8844.0,4.867256637168138,30
POLYCAB,2023-08-01,2023-09-12,4630.2,4956.681828547327,40,stop,13059.2731418931,7.051138796322576,42
BEL,2023-08-29,2023-09-12,134.55,134.75222372885122,1321,stop,267.1375458124468,0.15029634251297885,14
KALYANKJIL,2023-08-24,2023-09-13,216.75,219.09692085294807,820,stop,1924.4750994174206,1.0827777868272603,20
RECLTD,2023-08-25,2023-09-13,239.3,241.963149986777,733,stop,1952.0889403075412,1.1128917621299639,19
SUPREMEIND,2023-08-29,2023-09-14,4455.95,4294.9,39,failed a technical gate (trend/near-high/RSI) -- not in the top 20 at all,-6280.950000000007,-3.6142685622594595,16
HAL,2023-09-13,2023-09-15,1985.15,1973.8,99,failed a technical gate (trend/near-high/RSI) -- not in the top 20 at all,-1123.6500000000135,-0.5717452081706709,2
BEL,2023-09-14,2023-09-15,136.8,135.7,1450,failed a technical gate (trend/near-high/RSI) -- not in the top 20 at all,-1595.000000000033,-0.8040935672514737,1
360ONE,2023-09-15,2023-09-18,526.65,515.2,379,failed a technical gate (trend/near-high/RSI) -- not in the top 20 at all,-4339.549999999974,-2.174119434159294,3
GODREJPROP,2023-09-15,2023-09-18,1660.85,1621.35,120,failed a technical gate (trend/near-high/RSI) -- not in the top 20 at all,-4740.0,-2.378300267935096,3
BSE,2023-08-10,2023-09-20,297.5,392.1247679625419,607,stop,57437.234153262936,31.806644693291396,41
COFORGE,2023-09-12,2023-09-21,1092.0,1067.5,184,failed a technical gate (trend/near-high/RSI) -- not in the top 20 at all,-4508.0,-2.2435897435897467,9
OBEROIRLTY,2023-09-12,2023-09-21,1140.3,1134.0,176,failed a technical gate (trend/near-high/RSI) -- not in the top 20 at all,-1108.799999999992,-0.5524861878453025,9
BEL,2023-09-18,2023-09-21,139.9,135.25,1405,failed a technical gate (trend/near-high/RSI) -- not in the top 20 at all,-6533.250000000008,-3.3238027162258765,3
HAL,2023-09-18,2023-09-21,1991.8,1957.7,98,failed a technical gate (trend/near-high/RSI) -- not in the top 20 at all,-3341.799999999991,-1.7120192790440747,3
IRFC,2023-08-18,2023-09-22,47.25,72.50567466399197,3741,stop,94481.47891799395,53.45116331003592,35
CAMS,2023-09-21,2023-09-22,500.2,496.7,384,failed a technical gate (trend/near-high/RSI) -- not in the top 20 at all,-1344.0,-0.6997201119552154,1
PHOENIXLTD,2023-08-18,2023-09-25,877.45,893.15,201,failed a technical gate (trend/near-high/RSI) -- not in the top 20 at all,3155.699999999986,1.78927574220753,38
360ONE,2023-09-22,2023-09-26,528.9,514.65,367,failed a technical gate (trend/near-high/RSI) -- not in the top 20 at all,-5229.75,-2.694271128757797,4
BEL,2023-09-25,2023-09-28,136.6,135.05,1420,failed a technical gate (trend/near-high/RSI) -- not in the top 20 at all,-2200.999999999976,-1.1346998535871067,3
PHOENIXLTD,2023-09-26,2023-09-29,915.7,907.2,212,failed a technical gate (trend/near-high/RSI) -- not in the top 20 at all,-1802.0,-0.9282516107895544,3
BAJAJ-AUTO,2023-09-21,2023-10-04,4959.5,4797.0,38,failed a technical gate (trend/near-high/RSI) -- not in the top 20 at all,-6175.0,-3.2765399737876844,13
MANAPPURAM,2023-09-28,2023-10-04,148.45,142.15,1315,failed a technical gate (trend/near-high/RSI) -- not in the top 20 at all,-8284.499999999978,-4.243853149208476,6
UNIONBANK,2023-09-21,2023-10-09,87.19,90.66934377488883,2205,stop,7671.953023629875,3.99053076601541,18
MAZDOCK,2023-09-01,2023-10-09,943.5,1036.7,198,failed a technical gate (trend/near-high/RSI) -- not in the top 20 at all,18453.60000000001,9.87811340752518,38
IRFC,2023-09-22,2023-10-09,75.1,71.15,2589,failed a technical gate (trend/near-high/RSI) -- not in the top 20 at all,-10226.54999999997,-5.259653794940067,17
BEL,2023-09-29,2023-10-09,138.3,135.75,1428,failed a technical gate (trend/near-high/RSI) -- not in the top 20 at all,-3641.400000000016,-1.8438177874186668,10
BANKINDIA,2023-10-04,2023-10-09,102.79,97.47,1894,failed a technical gate (trend/near-high/RSI) -- not in the top 20 at all,-10076.080000000014,-5.175600739371545,5
BANKBARODA,2023-09-21,2023-10-11,186.85,186.9,1029,failed a technical gate (trend/near-high/RSI) -- not in the top 20 at all,51.4500000000117,0.026759432700029784,20
CDSL,2023-10-09,2023-10-11,654.3,665.3,294,dropped out of top 20 rank (now #29 of 71),3234.0,1.6811860003056678,2
COALINDIA,2023-10-09,2023-10-12,267.95,286.0,719,dropped out of top 20 rank (now #21 of 77),12977.950000000008,6.736331405112894,3
BLUESTARCO,2023-10-09,2023-10-19,868.3,944.25,222,dropped out of top 20 rank (now #33 of 79),16860.90000000001,8.746976851318667,10
MAZDOCK,2023-10-12,2023-10-19,1070.55,1064.9,184,failed a technical gate (trend/near-high/RSI) -- not in the top 20 at all,-1039.599999999975,-0.5277661015365753,7
UNIONBANK,2023-10-11,2023-10-20,94.42,91.64,2097,failed a technical gate (trend/near-high/RSI) -- not in the top 20 at all,-5829.660000000003,-2.9442914636729545,9
MOTILALOFS,2023-10-19,2023-10-23,250.05,232.78394319609924,815,stop,-14071.836295179126,-6.905041713217663,4
RECLTD,2023-09-13,2023-10-23,244.4,278.3,806,failed a technical gate (trend/near-high/RSI) -- not in the top 20 at all,27323.400000000005,13.87070376432078,40
IRFC,2023-10-11,2023-10-23,75.6,72.2,2620,failed a technical gate (trend/near-high/RSI) -- not in the top 20 at all,-8907.999999999978,-4.497354497354489,12
TATAELXSI,2023-10-20,2023-10-23,7564.4,7336.45,27,closed below 200 EMA,-6154.649999999995,-3.013457775897621,3
ETERNAL,2023-10-23,2023-10-26,108.9,101.33554484580556,1857,stop,-14047.19322133909,-6.946239811014188,3
360ONE,2023-10-23,2023-10-26,532.8,521.4,379,failed a technical gate (trend/near-high/RSI) -- not in the top 20 at all,-4320.599999999991,-2.1396396396396344,3
PERSISTENT,2023-10-26,2023-11-13,2933.3,3118.05,69,dropped out of top 20 rank (now #23 of 91),12747.75,6.298367026898033,18
KALYANKJIL,2023-10-23,2023-11-15,287.35,329.8,703,dropped out of top 20 rank (now #27 of 104),29842.34999999999,14.772925004350101,23
COALINDIA,2023-10-23,2023-11-21,285.0,313.85,709,dropped out of top 20 rank (now #22 of 118),20454.650000000016,10.122807017543867,29
BSE,2023-09-20,2023-11-24,400.5,690.9133287809914,486,stop,141140.8777875618,72.512691331084,65
BAJAJ-AUTO,2023-10-09,2023-12-05,4883.5,5988.5,39,dropped out of top 20 rank (now #22 of 121),43095.0,22.627214088256366,57
PHOENIXLTD,2023-12-05,2023-12-08,1141.8,1104.5,219,failed a technical gate (trend/near-high/RSI) -- not in the top 20 at all,-8168.69999999999,-3.266771763881582,3
CDSL,2023-11-15,2023-12-15,905.95,945.3,264,dropped out of top 20 rank (now #21 of 116),10388.399999999976,4.343506816049447,30
OBEROIRLTY,2023-11-21,2023-12-20,1406.6,1370.003993719077,167,stop,-6111.533048914123,-2.6017351259009613,29
BSE,2023-11-24,2023-12-20,723.5,770.5,326,failed a technical gate (trend/near-high/RSI) -- not in the top 20 at all,15322.0,6.496199032480998,26
PHOENIXLTD,2023-12-15,2023-12-20,1148.4,1103.9,223,failed a technical gate (trend/near-high/RSI) -- not in the top 20 at all,-9923.5,-3.874956461163359,5
TATAELXSI,2023-10-26,2023-12-21,7463.5,8485.526269364562,27,stop,27594.709272843167,13.69365940061047,56
BSE,2023-12-21,2023-12-26,778.0,770.0,325,failed a technical gate (trend/near-high/RSI) -- not in the top 20 at all,-2600.0,-1.0282776349614386,5
MOTILALOFS,2023-11-13,2023-12-27,282.65,302.7,826,failed a technical gate (trend/near-high/RSI) -- not in the top 20 at all,16561.30000000001,7.0935786308155,44
MCX,2023-10-04,2023-12-29,386.0,640.0,504,dropped out of top 20 rank (now #23 of 122),128016.0,65.80310880829015,86
PFC,2023-12-20,2024-01-03,381.85,393.1,655,dropped out of top 20 rank (now #25 of 113),7368.75,2.94618305617389,14
BANKBARODA,2023-12-27,2024-01-08,210.1,202.1,1242,failed a technical gate (trend/near-high/RSI) -- not in the top 20 at all,-9936.0,-3.8077106139933314,12
ANGELONE,2023-10-09,2024-01-16,204.0,345.99950090866196,945,stop,134189.52835868555,69.60759848463822,99
PHOENIXLTD,2024-01-03,2024-01-17,1145.2,1168.997970498565,231,stop,5497.33118516853,2.0780623907234563,14
MOTILALOFS,2023-12-29,2024-01-18,310.2,345.3708156967986,846,stop,29754.51007949164,11.338109508961525,20
PRESTIGE,2023-10-19,2024-01-23,734.25,1191.1690246177827,277,stop,126566.56981912581,62.22935302932009,96
OBEROIRLTY,2024-01-08,2024-01-23,1490.6,1441.769813887543,184,stop,-8984.754244692067,-3.275874554706626,15
HAL,2023-12-20,2024-01-23,2665.9,2890.5,93,failed a technical gate (trend/near-high/RSI) -- not in the top 20 at all,20887.799999999992,8.424922165122473,34
BDL,2023-12-20,2024-01-23,739.5,834.8,338,failed a technical gate (trend/near-high/RSI) -- not in the top 20 at all,32211.399999999983,12.887085868830294,34
PHOENIXLTD,2024-01-17,2024-01-23,1209.2,1198.1,228,failed a technical gate (trend/near-high/RSI) -- not in the top 20 at all,-2530.800000000031,-0.9179622891167805,6
MAZDOCK,2023-12-26,2024-01-30,1143.9,1143.2,227,failed a technical gate (trend/near-high/RSI) -- not in the top 20 at all,-158.90000000001032,-0.06119416032870362,35
BEL,2023-12-08,2024-02-01,158.75,183.4,1582,failed a technical gate (trend/near-high/RSI) -- not in the top 20 at all,38996.30000000001,15.527559055118111,55
GODREJPROP,2024-01-16,2024-02-08,2304.15,2226.5007128696634,120,stop,-9317.914455640403,-3.369975354483723,23
RVNL,2024-01-23,2024-02-09,288.75,255.947401282547,919,stop,-30145.588221339316,-11.360207348035678,17
IRFC,2024-01-23,2024-02-12,161.3,144.78648169121539,1645,stop,-27164.73761795071,-10.237767085421346,20
BDL,2024-01-30,2024-02-12,851.15,843.2619821128251,325,stop,-2563.6058133318415,-0.9267482684808703,13
NBCC,2024-02-08,2024-02-12,102.6,89.46881659233046,2754,stop,-36163.27910472191,-12.798424373946915,4
BHEL,2024-01-23,2024-02-12,202.95,216.7,1307,failed a technical gate (trend/near-high/RSI) -- not in the top 20 at all,17971.25,6.77506775067751,20
PHOENIXLTD,2024-02-09,2024-02-13,1406.1,1266.8000011986746,197,stop,-27442.09976386108,-9.906834421543653,4
IRFC,2024-02-13,2024-02-14,153.45,154.3,1737,failed a technical gate (trend/near-high/RSI) -- not in the top 20 at all,1476.4500000000394,0.5539263603779876,1
MOTILALOFS,2024-01-18,2024-02-21,380.9,420.1,717,failed a technical gate (trend/near-high/RSI) -- not in the top 20 at all,28106.400000000034,10.291415069572075,34
COALINDIA,2024-02-12,2024-02-21,406.4,406.55,653,failed a technical gate (trend/near-high/RSI) -- not in the top 20 at all,97.95000000002227,0.03690944881891145,9
IRFC,2024-02-21,2024-02-22,154.2,152.2,1813,failed a technical gate (trend/near-high/RSI) -- not in the top 20 at all,-3626.0,-1.2970168612191912,1
NBCC,2024-02-22,2024-02-26,97.33,93.13,2891,failed a technical gate (trend/near-high/RSI) -- not in the top 20 at all,-12142.200000000008,-4.315216274529954,4
IOC,2024-02-12,2024-02-27,159.93,157.89,1659,failed a technical gate (trend/near-high/RSI) -- not in the top 20 at all,-3384.360000000034,-1.2755580566497948,15
GODREJPROP,2024-02-27,2024-02-28,2493.05,2341.892986227054,111,stop,-16778.428528797045,-6.0631360691902,1
BAJAJ-AUTO,2024-01-23,2024-02-29,6920.5,7773.577341697435,38,stop,32416.93898450254,12.32681658402479,37
PHOENIXLTD,2024-02-14,2024-03-04,1289.5,1350.9,211,failed a technical gate (trend/near-high/RSI) -- not in the top 20 at all,12955.40000000002,4.7615354788677955,19
GODFRYPHLP,2024-02-12,2024-03-12,861.0,1064.6926498564899,308,stop,62737.33615579888,23.657682910161437,29
CANBK,2024-03-04,2024-03-12,107.65,102.97,2604,failed a technical gate (trend/near-high/RSI) -- not in the top 20 at all,-12186.720000000018,-4.347422201579199,8
UNIONBANK,2024-02-29,2024-03-13,134.06,127.78244709700448,2022,stop,-12693.21196985695,-4.68264426599696,13
GODFRYPHLP,2024-03-12,2024-03-13,1082.0,968.2383070540176,260,stop,-29578.04016595543,-10.51401968077471,1
BANKBARODA,2024-02-01,2024-03-13,232.55,237.2,1195,failed a technical gate (trend/near-high/RSI) -- not in the top 20 at all,5556.749999999973,1.9995699849494564,41
OIL,2024-02-12,2024-03-13,312.6,382.55,849,failed a technical gate (trend/near-high/RSI) -- not in the top 20 at all,59387.54999999999,22.37683941138835,30
BPCL,2024-02-21,2024-03-13,292.15,275.8,957,failed a technical gate (trend/near-high/RSI) -- not in the top 20 at all,-15646.949999999968,-5.596440184836549,21
CUMMINSIND,2024-02-26,2024-03-13,2733.55,2675.95,101,failed a technical gate (trend/near-high/RSI) -- not in the top 20 at all,-5817.600000000037,-2.107150042984407,16
SUNPHARMA,2024-03-13,2024-03-15,1558.6,1548.2,172,failed a technical gate (trend/near-high/RSI) -- not in the top 20 at all,-1788.7999999999765,-0.6672654946746959,2
DRREDDY,2024-03-13,2024-03-15,1260.75,1257.0,213,failed a technical gate (trend/near-high/RSI) -- not in the top 20 at all,-798.75,-0.2974419988102328,2
HEROMOTOCO,2024-03-15,2024-03-18,4473.05,4442.75,61,failed a technical gate (trend/near-high/RSI) -- not in the top 20 at all,-1848.300000000011,-0.6773901476621158,3
GODFRYPHLP,2024-03-18,2024-03-19,1043.0,1022.0,264,failed a technical gate (trend/near-high/RSI) -- not in the top 20 at all,-5544.0,-2.0134228187919434,1
TRENT,2024-03-13,2024-03-22,2629.4,2632.4,102,dropped out of top 20 rank (now #22 of 44),306.0,0.11409447022134867,9
GODFRYPHLP,2024-03-22,2024-03-26,1043.0,1021.0,272,failed a technical gate (trend/near-high/RSI) -- not in the top 20 at all,-5984.0,-2.1093000958772756,4
POLICYBZR,2024-03-19,2024-03-27,1098.6,1107.25,247,dropped out of top 20 rank (now #29 of 68),2136.5500000000225,0.7873657382122756,8
OBEROIRLTY,2024-03-27,2024-03-28,1514.95,1408.7052802292585,190,stop,-20186.496756440894,-7.0130842450735305,1
OFSS,2024-01-23,2024-04-09,5887.0,7677.0,45,failed a technical gate (trend/near-high/RSI) -- not in the top 20 at all,80550.0,30.405979276371674,77
GODFRYPHLP,2024-04-09,2024-04-10,1042.0,1031.0,274,failed a technical gate (trend/near-high/RSI) -- not in the top 20 at all,-3014.0,-1.055662188099804,1
CGPOWER,2024-03-13,2024-04-12,461.45,492.42525828571684,583,stop,18058.57558057292,6.712592542142559,30
ZYDUSLIFE,2024-03-12,2024-04-12,987.7,962.15,285,failed a technical gate (trend/near-high/RSI) -- not in the top 20 at all,-7281.750000000019,-2.5868178596739955,31
OBEROIRLTY,2024-03-28,2024-04-15,1475.85,1468.1,194,failed a technical gate (trend/near-high/RSI) -- not in the top 20 at all,-1503.5,-0.5251211166446446,18
OIL,2024-03-26,2024-04-18,407.65,402.1,703,failed a technical gate (trend/near-high/RSI) -- not in the top 20 at all,-3901.649999999968,-1.3614620385134169,23
ABB,2024-02-28,2024-04-19,5428.6,6292.6,49,failed a technical gate (trend/near-high/RSI) -- not in the top 20 at all,42336.0,15.915705706812066,51
BAJAJ-AUTO,2024-03-13,2024-04-19,8177.5,8587.0,32,failed a technical gate (trend/near-high/RSI) -- not in the top 20 at all,13104.0,5.007642922653632,37
ETERNAL,2024-04-12,2024-04-25,192.1,184.7,1488,dropped out of top 20 rank (now #24 of 90),-11011.200000000008,-3.8521603331598153,13
DMART,2024-04-10,2024-04-26,4754.0,4553.15,60,failed a technical gate (trend/near-high/RSI) -- not in the top 20 at all,-12051.000000000022,-4.224863273033241,16
HAL,2024-04-12,2024-05-07,3638.1,3714.5047835331807,78,stop,5959.573115588099,2.100128735691187,25
MAZDOCK,2024-04-26,2024-05-07,1204.3,1098.9434465848028,242,stop,-25496.285926477707,-8.748364478551618,11
BEL,2024-04-15,2024-05-07,234.45,227.4,1205,failed a technical gate (trend/near-high/RSI) -- not in the top 20 at all,-8495.24999999998,-3.00703774792066,22
MOTILALOFS,2024-04-19,2024-05-09,558.0,569.3673903639258,505,stop,5740.532133782518,2.037166731886342,20
INDUSTOWER,2024-05-07,2024-05-09,325.95,315.95,886,failed a technical gate (trend/near-high/RSI) -- not in the top 20 at all,-8860.0,-3.0679552078539674,2
NAM-INDIA,2024-05-07,2024-05-13,574.6,563.05,502,failed a technical gate (trend/near-high/RSI) -- not in the top 20 at all,-5798.100000000034,-2.01009397841978,6
JINDALSTEL,2024-04-19,2024-05-14,927.25,978.45,304,dropped out of top 20 rank (now #23 of 70),15564.800000000014,5.521703963332447,25
MOTILALOFS,2024-05-13,2024-05-15,567.1,571.3,523,failed a technical gate (trend/near-high/RSI) -- not in the top 20 at all,2196.5999999999644,0.7406101216716587,2
GODREJPROP,2024-05-07,2024-05-24,2781.0,2737.0,103,failed a technical gate (trend/near-high/RSI) -- not in the top 20 at all,-4532.0,-1.5821646889608076,17
CUMMINSIND,2024-03-15,2024-05-30,2707.65,3596.8,100,failed a technical gate (trend/near-high/RSI) -- not in the top 20 at all,88915.00000000001,32.83843923697671,76
SUPREMEIND,2024-05-09,2024-05-31,5400.75,5277.6,53,failed a technical gate (trend/near-high/RSI) -- not in the top 20 at all,-6526.949999999981,-2.280238855714478,22
EICHERMOT,2024-05-14,2024-06-03,4730.55,4670.85,63,failed a technical gate (trend/near-high/RSI) -- not in the top 20 at all,-3761.0999999999885,-1.2620097028886668,20
SIEMENS,2024-03-13,2024-06-04,3542.45,5197.305693169137,76,stop,125769.03268085443,46.71500495897296,83
CGPOWER,2024-04-18,2024-06-04,529.05,608.2986054357098,532,stop,42160.258091797616,14.979416961669001,47
ABB,2024-04-25,2024-06-04,6431.7,8045.552932333119,45,stop,72623.38195499037,25.092167425923463,40
HAL,2024-05-09,2024-06-04,3846.65,4665.954117472403,74,stop,60628.504692957795,21.29915946271177,26
MAZDOCK,2024-05-15,2024-06-04,1196.05,1406.3432804007691,257,stop,54045.37306299768,17.58231515411306,20
OBEROIRLTY,2024-05-24,2024-06-04,1800.75,1695.8263759944157,183,stop,-19201.02319302193,-5.826662446513087,11
BEL,2024-05-31,2024-06-04,295.95,284.530983215078,1092,stop,-12469.566329134832,-3.858427702288225,4
COCHINSHIP,2024-05-30,2024-06-05,1957.15,1637.890837886049,166,stop,-52997.02091091588,-16.31245239833181,6
PHOENIXLTD,2024-06-03,2024-06-05,1671.45,1512.621802378071,201,stop,-31924.467722007754,-9.502419912167825,2
BDL,2024-06-04,2024-06-05,1436.85,1305.25,212,failed a technical gate (trend/near-high/RSI) -- not in the top 20 at all,-27899.199999999983,-9.158924035215922,1
CGPOWER,2024-06-04,2024-06-07,627.0,663.55,486,dropped out of top 20 rank (now #28 of 94),17763.299999999977,5.829346092503984,3
POLYCAB,2024-06-04,2024-06-07,6456.2,6846.45,47,dropped out of top 20 rank (now #30 of 94),18341.75,6.044577305535759,3
SONACOMS,2024-06-05,2024-06-18,661.4,641.3,463,failed a technical gate (trend/near-high/RSI) -- not in the top 20 at all,-9306.30000000001,-3.039008164499546,13
HEROMOTOCO,2024-06-04,2024-06-21,5180.7,5318.55,58,failed a technical gate (trend/near-high/RSI) -- not in the top 20 at all,7995.300000000021,2.6608373385835993,17
OBEROIRLTY,2024-06-04,2024-06-25,1745.25,1829.3,174,failed a technical gate (trend/near-high/RSI) -- not in the top 20 at all,14624.699999999992,4.815928950007153,21
BAJAJ-AUTO,2024-06-04,2024-06-26,9018.0,9240.5,33,failed a technical gate (trend/near-high/RSI) -- not in the top 20 at all,7342.5,2.467287646928362,22
M&M,2024-06-04,2024-07-08,2572.9,2851.35,118,dropped out of top 20 rank (now #21 of 120),32857.09999999998,10.822418282871471,34
PHOENIXLTD,2024-06-05,2024-07-09,1609.9,2012.8,190,dropped out of top 20 rank (now #28 of 129),76550.99999999997,25.02639915522702,34
UNOMINDA,2024-06-04,2024-07-10,844.75,1060.25,361,failed a technical gate (trend/near-high/RSI) -- not in the top 20 at all,77795.5,25.5105060668837,36
HAL,2024-06-26,2024-07-16,5285.45,5329.4,61,failed a technical gate (trend/near-high/RSI) -- not in the top 20 at all,2680.949999999989,0.8315280628896193,20
DIXON,2024-07-10,2024-07-18,12412.1,11717.478332406867,28,stop,-19449.406692607743,-5.596326710170995,8
BDL,2024-06-07,2024-07-18,1430.95,1546.45,219,failed a technical gate (trend/near-high/RSI) -- not in the top 20 at all,25294.5,8.071560851182792,41
BEL,2024-06-21,2024-07-18,304.95,313.55,1059,failed a technical gate (trend/near-high/RSI) -- not in the top 20 at all,9107.400000000023,2.820134448270206,27
PGEL,2024-06-25,2024-07-19,327.3,350.3,994,failed a technical gate (trend/near-high/RSI) -- not in the top 20 at all,22862.0,7.027192178429575,24
MOTHERSON,2024-07-08,2024-07-19,134.29,128.13,2700,failed a technical gate (trend/near-high/RSI) -- not in the top 20 at all,-16631.99999999999,-4.587087646138954,11
KAYNES,2024-07-09,2024-07-19,4152.1,3901.85,88,failed a technical gate (trend/near-high/RSI) -- not in the top 20 at all,-22022.00000000004,-6.027070638953791,10
BAJAJ-AUTO,2024-07-18,2024-07-19,9388.5,9154.0,36,failed a technical gate (trend/near-high/RSI) -- not in the top 20 at all,-8442.0,-2.497736592639932,1
SBIN,2024-07-19,2024-07-23,889.35,853.8826966408006,381,stop,-13513.042579854962,-3.9880028514307497,4
PETRONET,2024-07-19,2024-07-23,327.55,318.6,1034,failed a technical gate (trend/near-high/RSI) -- not in the top 20 at all,-9254.299999999988,-2.73240726606625,4
MARUTI,2024-07-19,2024-07-24,12524.3,12487.25,27,failed a technical gate (trend/near-high/RSI) -- not in the top 20 at all,-1000.3499999999804,-0.2958249163625859,5
COCHINSHIP,2024-06-07,2024-07-25,1912.75,2461.75,164,failed a technical gate (trend/near-high/RSI) -- not in the top 20 at all,90036.0,28.7021304404653,48
MAZDOCK,2024-06-18,2024-07-25,2089.1,2428.25,161,failed a technical gate (trend/near-high/RSI) -- not in the top 20 at all,54603.150000000016,16.234263558470154,37
SONACOMS,2024-07-16,2024-07-29,714.15,685.05,497,failed a technical gate (trend/near-high/RSI) -- not in the top 20 at all,-14462.700000000012,-4.0747742070993525,13
360ONE,2024-07-24,2024-07-31,1021.2,1132.3,334,dropped out of top 20 rank (now #24 of 113),37107.39999999997,10.87935761848804,7
PERSISTENT,2024-07-23,2024-08-01,4810.15,4796.45,70,dropped out of top 20 rank (now #21 of 111),-958.9999999999873,-0.2848144028772426,9
EICHERMOT,2024-07-18,2024-08-02,4941.1,4737.406943043129,69,stop,-14054.820930024118,-4.122423285439902,15
COCHINSHIP,2024-07-31,2024-08-02,2620.15,2537.9,132,failed a technical gate (trend/near-high/RSI) -- not in the top 20 at all,-10857.0,-3.1391332557296314,2
MARUTI,2024-07-25,2024-08-05,12509.2,12458.120096677148,27,stop,-1379.157389717011,-0.40833868930748585,11
ONGC,2024-08-02,2024-08-05,307.25,287.00384020243234,1103,stop,-22331.514256717124,-6.589474303520804,3
RVNL,2024-07-18,2024-08-05,586.15,550.8,590,failed a technical gate (trend/near-high/RSI) -- not in the top 20 at all,-20856.500000000015,-6.030879467713046,18
MAZDOCK,2024-07-29,2024-08-05,2670.2,2399.75,129,failed a technical gate (trend/near-high/RSI) -- not in the top 20 at all,-34888.049999999974,-10.128454797393449,7
BAJAJ-AUTO,2024-08-01,2024-08-05,9490.0,9250.5,36,failed a technical gate (trend/near-high/RSI) -- not in the top 20 at all,-8622.0,-2.5237091675447854,4
NAUKRI,2024-08-02,2024-08-06,1444.0,1361.0,234,failed a technical gate (trend/near-high/RSI) -- not in the top 20 at all,-19422.0,-5.747922437673125,4
KALYANKJIL,2024-07-19,2024-08-08,528.95,536.55,640,failed a technical gate (trend/near-high/RSI) -- not in the top 20 at all,4863.999999999942,1.4368087720956435,20
ZYDUSLIFE,2024-08-05,2024-08-13,1227.55,1194.3538895480233,265,stop,-8796.969269773816,-2.7042572972161394,8
TORNTPHARM,2024-08-05,2024-08-19,3167.5,3349.35,103,dropped out of top 20 rank (now #21 of 79),18730.549999999992,5.7411207576953505,14
PETRONET,2024-07-25,2024-08-20,348.95,361.45,974,dropped out of top 20 rank (now #24 of 85),12175.0,3.5821750967187205,26
KALYANKJIL,2024-08-13,2024-08-20,558.15,541.9,596,failed a technical gate (trend/near-high/RSI) -- not in the top 20 at all,-9685.0,-2.911403744513119,7
SUNPHARMA,2024-08-05,2024-08-26,1720.35,1772.45,189,dropped out of top 20 rank (now #24 of 114),9846.900000000025,3.028453512366669,21
COLPAL,2024-08-06,2024-08-26,3390.65,3595.35,96,dropped out of top 20 rank (now #21 of 114),19651.199999999983,6.037190509194401,20
BEL,2024-08-26,2024-08-27,306.7,300.9,1121,failed a technical gate (trend/near-high/RSI) -- not in the top 20 at all,-6501.800000000013,-1.8910987936093915,1
ETERNAL,2024-08-05,2024-08-29,256.29,252.34,1273,failed a technical gate (trend/near-high/RSI) -- not in the top 20 at all,-5028.350000000021,-1.5412228335089262,24
OIL,2024-08-29,2024-09-05,733.9,662.1456500932551,466,stop,-33437.52705654312,-9.777129023946706,7
KFINTECH,2024-08-19,2024-09-06,1020.9,997.5383765505933,334,stop,-7802.782232101836,-2.2883361200319974,18
NYKAA,2024-09-06,2024-09-12,216.49,207.69,1649,failed a technical gate (trend/near-high/RSI) -- not in the top 20 at all,-14511.200000000019,-4.064852880040659,6
LUPIN,2024-08-08,2024-09-19,2050.8,2146.5220729729176,163,stop,15602.69789458554,4.66754793119355,42
PIIND,2024-08-05,2024-09-23,4210.6,4689.65,77,dropped out of top 20 rank (now #21 of 99),36886.84999999995,11.377238398328004,49
GODFRYPHLP,2024-09-05,2024-09-27,2137.0,2341.704273721826,165,stop,33776.205164101324,9.57904884051597,22
ETERNAL,2024-09-12,2024-09-30,283.9,273.3,1258,failed a technical gate (trend/near-high/RSI) -- not in the top 20 at all,-13334.799999999957,-3.7337090524832584,18
KFINTECH,2024-09-19,2024-09-30,1010.1,1021.2,361,failed a technical gate (trend/near-high/RSI) -- not in the top 20 at all,4007.100000000008,1.098901098901095,11
MOTILALOFS,2024-08-27,2024-10-01,755.15,742.8,459,failed a technical gate (trend/near-high/RSI) -- not in the top 20 at all,-5668.650000000011,-1.6354366682116206,35
BAJAJ-AUTO,2024-09-30,2024-10-03,12041.0,11442.0,30,stop,-17970.0,-4.9746698779171155,3
TRENT,2024-08-20,2024-10-04,4529.3,4852.763733770615,75,stop,24259.780032796083,7.141583330108725,45
KFINTECH,2024-10-01,2024-10-04,1137.35,1030.7628536573397,321,stop,-34214.47397599391,-9.371534386306779,3
PGEL,2024-07-23,2024-10-04,370.7,609.85,912,failed a technical gate (trend/near-high/RSI) -- not in the top 20 at all,218104.80000000002,64.51308335581334,73
BAJAJ-AUTO,2024-10-03,2024-10-04,11514.5,11483.5,31,failed a technical gate (trend/near-high/RSI) -- not in the top 20 at all,-961.0,-0.26922575882583066,1
KALYANKJIL,2024-08-26,2024-10-07,616.75,680.3500873602461,557,stop,35425.24865965708,10.312134148398243,42
BLUESTARCO,2024-09-30,2024-10-07,2063.7,1935.6,176,failed a technical gate (trend/near-high/RSI) -- not in the top 20 at all,-22545.599999999984,-6.207297572321558,7
DIXON,2024-10-04,2024-10-07,13634.0,13509.75,26,failed a technical gate (trend/near-high/RSI) -- not in the top 20 at all,-3230.5,-0.9113246296024613,3
ALKEM,2024-10-04,2024-10-10,6194.15,6137.1,57,failed a technical gate (trend/near-high/RSI) -- not in the top 20 at all,-3251.8499999999585,-0.9210303270020814,6
NAUKRI,2024-08-20,2024-10-17,1481.5,1596.0,231,failed a technical gate (trend/near-high/RSI) -- not in the top 20 at all,26449.5,7.728653391832596,58
TRENT,2024-10-07,2024-10-17,4966.3,5146.4,70,failed a technical gate (trend/near-high/RSI) -- not in the top 20 at all,12606.999999999962,3.626442220566606,10
LTM,2024-10-07,2024-10-18,6254.95,6022.070962982503,55,stop,-12808.34703596231,-3.723115884499417,11
KALYANKJIL,2024-10-17,2024-10-18,728.05,718.95,509,failed a technical gate (trend/near-high/RSI) -- not in the top 20 at all,-4631.899999999954,-1.2499141542476333,1
TRENT,2024-10-18,2024-10-21,5178.7,5071.0,72,failed a technical gate (trend/near-high/RSI) -- not in the top 20 at all,-7754.399999999987,-2.079672504682639,3
NAUKRI,2024-10-18,2024-10-21,1618.0,1590.0,231,failed a technical gate (trend/near-high/RSI) -- not in the top 20 at all,-6468.0,-1.7305315203955507,3
BSE,2024-09-23,2024-10-22,1311.0,1363.5,285,failed a technical gate (trend/near-high/RSI) -- not in the top 20 at all,14962.5,4.004576659038905,29
SUNPHARMA,2024-10-04,2024-10-22,1910.05,1887.55,186,failed a technical gate (trend/near-high/RSI) -- not in the top 20 at all,-4185.0,-1.1779796340409932,18
NAM-INDIA,2024-10-17,2024-10-22,707.6,659.8,524,closed below 200 EMA,-25047.200000000037,-6.755228942905611,5
BLUESTARCO,2024-10-21,2024-10-22,2017.85,1910.05,186,failed a technical gate (trend/near-high/RSI) -- not in the top 20 at all,-20050.799999999992,-5.342319795822281,1
DIVISLAB,2024-10-22,2024-10-23,5817.95,5727.6,62,failed a technical gate (trend/near-high/RSI) -- not in the top 20 at all,-5601.699999999966,-1.5529525004511768,1
MOTILALOFS,2024-10-10,2024-10-25,772.8,868.2492444652808,467,stop,44574.79716528613,12.351092710310674,15
DIXON,2024-10-21,2024-10-25,15390.55,14539.310882872043,24,stop,-20429.738811070943,-5.530920708668341,4
BSE,2024-10-23,2024-10-25,1424.5,1354.0,260,failed a technical gate (trend/near-high/RSI) -- not in the top 20 at all,-18330.0,-4.949104949104955,2
NAM-INDIA,2024-10-25,2024-10-28,681.55,677.8,527,failed a technical gate (trend/near-high/RSI) -- not in the top 20 at all,-1976.25,-0.5502164184579272,3
HCLTECH,2024-10-07,2024-10-31,1776.95,1759.5912395806506,196,stop,-3402.3170421924897,-0.9768851357297326,24
TECHM,2024-10-22,2024-10-31,1623.9,1540.4901087541853,222,stop,-18516.995856570895,-5.136393327533395,9
PERSISTENT,2024-10-25,2024-10-31,5670.9,5372.5,63,failed a technical gate (trend/near-high/RSI) -- not in the top 20 at all,-18799.199999999975,-5.261951365744411,6
WIPRO,2024-10-22,2024-11-04,260.65,258.5,1385,failed a technical gate (trend/near-high/RSI) -- not in the top 20 at all,-2977.7499999999686,-0.8248609246115368,13
LUPIN,2024-10-31,2024-11-06,2186.95,2166.05,163,failed a technical gate (trend/near-high/RSI) -- not in the top 20 at all,-3406.6999999999407,-0.9556688538832403,6
NATIONALUM,2024-10-22,2024-11-11,215.86,227.81,1672,dropped out of top 20 rank (now #28 of 42),19980.39999999998,5.535995552673034,20
MCX,2024-09-27,2024-11-12,1141.0,1221.9647890186618,321,stop,25989.697274990438,7.0959499578143514,46
NAM-INDIA,2024-10-31,2024-11-12,708.2,692.0,503,failed a technical gate (trend/near-high/RSI) -- not in the top 20 at all,-8148.600000000023,-2.2874894097712595,12
CDSL,2024-11-04,2024-11-12,1521.8,1521.9,233,failed a technical gate (trend/near-high/RSI) -- not in the top 20 at all,23.300000000031787,0.00657116572480021,8
MOTILALOFS,2024-10-31,2024-11-13,937.3,898.8,380,failed a technical gate (trend/near-high/RSI) -- not in the top 20 at all,-14630.0,-4.107542942494402,13
PAYTM,2024-11-12,2024-11-13,789.7,753.25,455,failed a technical gate (trend/near-high/RSI) -- not in the top 20 at all,-16584.750000000022,-4.6156768393060705,1
NAUKRI,2024-11-12,2024-11-13,1564.5,1523.0,229,closed below 200 EMA,-9503.5,-2.6526046660274805,1
WIPRO,2024-11-06,2024-11-18,269.5,264.2,1354,failed a technical gate (trend/near-high/RSI) -- not in the top 20 at all,-7176.200000000015,-1.9666048237476863,12
TECHM,2024-11-12,2024-11-18,1614.7,1589.7,222,failed a technical gate (trend/near-high/RSI) -- not in the top 20 at all,-5550.0,-1.5482752214033613,6
INFY,2024-11-13,2024-11-18,1828.8,1773.1,192,closed below 200 EMA,-10694.400000000009,-3.045713035870523,5
PGEL,2024-11-13,2024-11-18,629.55,624.3,558,failed a technical gate (trend/near-high/RSI) -- not in the top 20 at all,-2929.5,-0.8339289969025443,5
HCLTECH,2024-11-11,2024-11-19,1867.3,1820.55,193,failed a technical gate (trend/near-high/RSI) -- not in the top 20 at all,-9022.75,-2.50361484496332,8
FEDERALBNK,2024-11-18,2024-11-25,200.25,212.88,1751,dropped out of top 20 rank (now #22 of 39),22115.129999999994,6.307116104868915,7
BSE,2024-10-28,2024-11-26,1388.5,1477.0,260,failed a technical gate (trend/near-high/RSI) -- not in the top 20 at all,23010.0,6.3737846597047065,29
AMBER,2024-10-04,2024-11-28,4918.9,5992.25,72,failed a technical gate (trend/near-high/RSI) -- not in the top 20 at all,77281.20000000003,21.820935575026958,55
NATIONALUM,2024-11-18,2024-12-02,234.92,238.22,1493,dropped out of top 20 rank (now #21 of 60),4926.900000000017,1.404733526306834,14
BSE,2024-11-28,2024-12-03,1524.5,1504.5,236,failed a technical gate (trend/near-high/RSI) -- not in the top 20 at all,-4720.0,-1.3119055428009174,5
MOTILALOFS,2024-12-02,2024-12-18,946.1,953.75,381,failed a technical gate (trend/near-high/RSI) -- not in the top 20 at all,2914.6499999999915,0.8085826022619091,16
ETERNAL,2024-11-18,2024-12-20,270.79,274.20063660953247,1295,stop,4416.774409344518,1.2595135010644576,32
CDSL,2024-12-18,2024-12-24,1948.95,1798.0025796055795,200,stop,-30189.484078884107,-7.7450637725144595,6
NAM-INDIA,2024-12-20,2024-12-27,750.25,731.25,503,failed a technical gate (trend/near-high/RSI) -- not in the top 20 at all,-9557.0,-2.532489170276575,7
WIPRO,2024-11-19,2024-12-31,268.6,288.5,1315,failed a technical gate (trend/near-high/RSI) -- not in the top 20 at all,26168.49999999997,7.408786299329839,42
PERSISTENT,2024-11-13,2025-01-06,5640.6,6311.15,62,failed a technical gate (trend/near-high/RSI) -- not in the top 20 at all,41574.099999999955,11.887919724851947,54
INDHOTEL,2024-11-18,2025-01-06,737.2,844.25,475,failed a technical gate (trend/near-high/RSI) -- not in the top 20 at all,50848.74999999998,14.521161150298422,49
PAYTM,2024-11-25,2025-01-06,892.95,969.05,409,failed a technical gate (trend/near-high/RSI) -- not in the top 20 at all,31124.89999999996,8.522313679377325,42
NAUKRI,2024-11-26,2025-01-07,1649.5,1687.5,220,failed a technical gate (trend/near-high/RSI) -- not in the top 20 at all,8360.0,2.3037284025462235,42
360ONE,2024-12-27,2025-01-07,1250.9,1217.3,307,failed a technical gate (trend/near-high/RSI) -- not in the top 20 at all,-10315.200000000043,-2.6860660324566465,11
POLICYBZR,2025-01-06,2025-01-07,2120.0,2079.55,179,failed a technical gate (trend/near-high/RSI) -- not in the top 20 at all,-7240.549999999967,-1.9080188679245214,1
LUPIN,2025-01-07,2025-01-08,2357.65,2242.525001430299,160,stop,-18419.999771152143,-4.88304025490216,1
KAYNES,2024-12-31,2025-01-08,7417.3,6970.65,52,failed a technical gate (trend/near-high/RSI) -- not in the top 20 at all,-23225.80000000003,-6.021732975611083,8
MOTILALOFS,2025-01-07,2025-01-08,970.0,940.1,390,failed a technical gate (trend/near-high/RSI) -- not in the top 20 at all,-11660.99999999999,-3.0824742268041216,1
COFORGE,2024-10-25,2025-01-09,1548.0,1856.5,232,failed a technical gate (trend/near-high/RSI) -- not in the top 20 at all,71572.0,19.92894056847545,76
PGEL,2024-12-03,2025-01-09,759.85,922.2,476,failed a technical gate (trend/near-high/RSI) -- not in the top 20 at all,77278.6,21.36605909061,37
MANKIND,2025-01-06,2025-01-09,2884.55,2828.05,131,failed a technical gate (trend/near-high/RSI) -- not in the top 20 at all,-7401.5,-1.9587110641174577,3
KFINTECH,2024-12-24,2025-01-10,1476.95,1374.3428650305798,258,stop,-26472.64082211043,-6.947231454647773,17
MAXHEALTH,2025-01-06,2025-01-10,1153.2,1149.9,329,failed a technical gate (trend/near-high/RSI) -- not in the top 20 at all,-1085.699999999985,-0.286160249739853,4
LUPIN,2025-01-08,2025-01-10,2252.15,2191.1,164,failed a technical gate (trend/near-high/RSI) -- not in the top 20 at all,-10012.20000000003,-2.7107430677352884,2
BIOCON,2025-01-09,2025-01-10,370.7,360.95,989,failed a technical gate (trend/near-high/RSI) -- not in the top 20 at all,-9642.75,-2.6301591583490658,1
AMBER,2025-01-07,2025-01-13,8060.4,7334.055633442212,46,stop,-33411.840861658246,-9.011269497267971,6
COFORGE,2025-01-10,2025-01-13,1881.0,1784.5703187180081,192,stop,-18514.498806142437,-5.126511498245179,3
DRREDDY,2025-01-08,2025-01-13,1370.75,1335.1,269,failed a technical gate (trend/near-high/RSI) -- not in the top 20 at all,-9589.850000000024,-2.6007660040124114,5
MUTHOOTFIN,2025-01-09,2025-01-13,2135.1,2096.5,171,failed a technical gate (trend/near-high/RSI) -- not in the top 20 at all,-6600.599999999984,-1.8078778511545046,4
JUBLFOOD,2025-01-10,2025-01-13,737.0,706.6,491,failed a technical gate (trend/near-high/RSI) -- not in the top 20 at all,-14926.399999999989,-4.124830393487111,3
HCLTECH,2025-01-08,2025-01-14,1932.25,1859.229518340046,191,stop,-13946.9119970512,-3.779039030143816,6
INFY,2025-01-10,2025-01-16,1925.3,1887.6,188,failed a technical gate (trend/near-high/RSI) -- not in the top 20 at all,-7087.600000000009,-1.9581363943281582,6
DRREDDY,2025-01-14,2025-01-16,1337.55,1302.75,264,closed below 200 EMA,-9187.199999999988,-2.6017718963777026,2
TCS,2025-01-14,2025-01-16,4233.05,4206.3,83,closed below 200 EMA,-2220.25,-0.6319320584448618,2
EICHERMOT,2025-01-16,2025-01-21,5047.8,4969.95,70,failed a technical gate (trend/near-high/RSI) -- not in the top 20 at all,-5449.5000000000255,-1.5422560323309242,5
360ONE,2025-01-21,2025-01-22,1201.85,1148.95,293,closed below 200 EMA,-15499.69999999996,-4.401547614094925,1
BSE,2025-01-16,2025-01-27,1998.0,1822.7666978766513,176,stop,-30841.061173709375,-8.770435541709142,11
BIOCON,2025-01-13,2025-01-27,365.2,370.25,969,failed a technical gate (trend/near-high/RSI) -- not in the top 20 at all,4893.450000000011,1.382803943044908,14
MUTHOOTFIN,2025-01-14,2025-01-27,2123.85,2139.0,166,failed a technical gate (trend/near-high/RSI) -- not in the top 20 at all,2514.900000000015,0.71332721237376,13
MANAPPURAM,2025-01-22,2025-01-27,195.35,184.46,1796,failed a technical gate (trend/near-high/RSI) -- not in the top 20 at all,-19558.439999999977,-5.5746096749423995,5
BAJAJHLDNG,2025-01-27,2025-01-28,11193.2,11029.3,30,failed a technical gate (trend/near-high/RSI) -- not in the top 20 at all,-4917.000000000044,-1.4642818854304518,1
ITC,2025-01-10,2025-01-29,424.2,413.2,853,failed a technical gate (trend/near-high/RSI) -- not in the top 20 at all,-9383.0,-2.5931164545025975,19
BAJAJFINSV,2025-01-27,2025-02-01,1711.6,1664.9712388726468,201,stop,-9372.380986597967,-2.7242791030236635,5
MARICO,2025-01-13,2025-02-05,668.4,668.75,529,dropped out of top 20 rank (now #23 of 32),185.15000000001203,0.052363853979664476,23
EICHERMOT,2025-01-28,2025-02-11,5105.4,5107.941305355118,68,stop,172.80876414804516,0.04977681190736494,14
MUTHOOTFIN,2025-02-01,2025-02-11,2182.45,2188.2,164,failed a technical gate (trend/near-high/RSI) -- not in the top 20 at all,943.0,0.2634653714861823,10
BAJAJFINSV,2025-02-05,2025-02-11,1796.75,1744.85,204,failed a technical gate (trend/near-high/RSI) -- not in the top 20 at all,-10587.600000000019,-2.8885487686099998,6
MANAPPURAM,2025-01-29,2025-02-12,199.41,185.93977366261308,1761,stop,-23721.068580138362,-6.755040538281387,14
SRF,2025-01-13,2025-02-14,2516.0,2752.25,140,failed a technical gate (trend/near-high/RSI) -- not in the top 20 at all,33075.0,9.389904610492849,32
WIPRO,2025-01-27,2025-02-14,294.35,300.35,1169,failed a technical gate (trend/near-high/RSI) -- not in the top 20 at all,7014.0,2.038389672158991,18
INDIGO,2025-02-11,2025-02-14,4316.85,4223.3,82,closed below 200 EMA,-7671.100000000015,-2.1670894286343056,3
GODFRYPHLP,2025-02-17,2025-02-18,2346.0,2281.0,152,failed a technical gate (trend/near-high/RSI) -- not in the top 20 at all,-9880.0,-2.770673486786024,1
BHARTIARTL,2025-02-14,2025-02-19,1717.05,1645.4111874540085,208,stop,-14900.873009566214,-4.172203054424239,5
MARUTI,2025-01-27,2025-02-20,11993.85,12442.90269656432,28,stop,12573.475503800968,3.7440246173190417,24
HDFCBANK,2025-02-19,2025-02-20,863.6,843.6,412,closed below 200 EMA,-8240.0,-2.315886984715143,1
MUTHOOTFIN,2025-02-14,2025-02-21,2254.9,2212.1,158,failed a technical gate (trend/near-high/RSI) -- not in the top 20 at all,-6762.400000000029,-1.8980886070335767,7
WIPRO,2025-02-18,2025-02-21,304.35,298.65,1175,failed a technical gate (trend/near-high/RSI) -- not in the top 20 at all,-6697.500000000054,-1.8728437654016883,3
BAJAJHLDNG,2025-02-11,2025-02-25,11513.6,11642.05,30,failed a technical gate (trend/near-high/RSI) -- not in the top 20 at all,3853.4999999999673,1.1156371595330672,14
CIPLA,2025-02-20,2025-02-25,1479.7,1463.35,240,closed below 200 EMA,-3924.0000000000327,-1.1049537068324788,5
BSE,2025-02-21,2025-02-25,1919.5,1834.0,183,failed a technical gate (trend/near-high/RSI) -- not in the top 20 at all,-15646.5,-4.454284970044286,4
ASHOKLEY,2025-02-25,2025-02-28,113.6,105.96533300659954,3082,stop,-23530.043673660213,-6.7206575646130755,3
KOTAKBANK,2025-02-11,2025-02-28,383.7,380.6,923,failed a technical gate (trend/near-high/RSI) -- not in the top 20 at all,-2861.2999999999683,-0.8079228563982244,17
BAJAJHLDNG,2025-02-27,2025-02-28,12068.65,11574.35,29,failed a technical gate (trend/near-high/RSI) -- not in the top 20 at all,-14334.699999999979,-4.095735645660447,1
BAJAJFINSV,2025-02-12,2025-03-04,1788.7,1790.3,198,failed a technical gate (trend/near-high/RSI) -- not in the top 20 at all,316.799999999982,0.08945043886621207,20
MANAPPURAM,2025-02-21,2025-03-04,201.32,197.58,1750,failed a technical gate (trend/near-high/RSI) -- not in the top 20 at all,-6544.999999999966,-1.857738923107477,11
BAJFINANCE,2025-01-09,2025-03-05,728.0,830.0,503,failed a technical gate (trend/near-high/RSI) -- not in the top 20 at all,51306.0,14.010989010989006,55
BAJFINANCE,2025-03-06,2025-03-10,841.0,834.0,415,failed a technical gate (trend/near-high/RSI) -- not in the top 20 at all,-2905.0,-0.8323424494649179,4
PGEL,2025-03-10,2025-03-12,899.05,854.5,386,failed a technical gate (trend/near-high/RSI) -- not in the top 20 at all,-17196.29999999998,-4.9552305211056025,2
SBICARD,2025-01-16,2025-03-13,752.75,829.85,469,failed a technical gate (trend/near-high/RSI) -- not in the top 20 at all,36159.90000000001,10.24244437064099,56
BLUESTARCO,2025-03-04,2025-03-19,2100.65,2210.05,165,dropped out of top 20 rank (now #22 of 32),18051.000000000015,5.207911836812418,15
SRF,2025-02-20,2025-03-26,2795.9,2893.9,127,failed a technical gate (trend/near-high/RSI) -- not in the top 20 at all,12446.0,3.5051325154690893,34
CHOLAFIN,2025-02-28,2025-04-01,1400.75,1468.25,246,failed a technical gate (trend/near-high/RSI) -- not in the top 20 at all,16605.0,4.818847046225239,32
SHRIRAMFIN,2025-02-28,2025-04-01,617.3,637.45,559,failed a technical gate (trend/near-high/RSI) -- not in the top 20 at all,11263.850000000051,3.2642151304066225,32
HINDALCO,2025-03-05,2025-04-01,657.35,663.75,527,failed a technical gate (trend/near-high/RSI) -- not in the top 20 at all,3372.799999999988,0.9736061458887946,27
BAJFINANCE,2025-03-12,2025-04-02,848.5,867.0,409,failed a technical gate (trend/near-high/RSI) -- not in the top 20 at all,7566.5,2.1803182086034267,21
BEL,2025-04-01,2025-04-02,292.0,282.4,1225,failed a technical gate (trend/near-high/RSI) -- not in the top 20 at all,-11760.000000000027,-3.287671232876721,1
SBICARD,2025-03-19,2025-04-03,846.5,850.3,427,failed a technical gate (trend/near-high/RSI) -- not in the top 20 at all,1622.5999999999806,0.44890726520967483,15
GODFRYPHLP,2025-04-01,2025-04-04,2369.0,2226.0,151,failed a technical gate (trend/near-high/RSI) -- not in the top 20 at all,-21593.0,-6.036302237230895,3
INDIGO,2025-02-25,2025-04-07,4427.45,4748.465848614266,79,stop,25360.25204052704,7.250581002930945,41
MUTHOOTFIN,2025-03-13,2025-04-07,2196.35,2150.0,156,stop,-7230.599999999986,-2.110319393539273,25
MAZDOCK,2025-03-26,2025-04-07,2643.15,2221.05,137,stop,-57827.69999999999,-15.969581749049421,12
BAJAJFINSV,2025-04-01,2025-04-07,1937.1,1831.6259841349438,184,stop,-19407.218919170326,-5.4449442912114066,6
INDHOTEL,2025-04-02,2025-04-07,830.15,744.0,430,stop,-37044.49999999999,-10.3776425947118,5
SHRIRAMFIN,2025-04-03,2025-04-07,654.15,596.0,547,stop,-31808.04999999999,-8.88939845601161,4
HDFCBANK,2025-04-02,2025-04-07,898.4,878.8,397,failed a technical gate (trend/near-high/RSI) -- not in the top 20 at all,-7781.200000000009,-2.1816562778272486,5
BAJFINANCE,2025-04-04,2025-04-07,872.0,857.0,404,failed a technical gate (trend/near-high/RSI) -- not in the top 20 at all,-6060.0,-1.7201834862385357,3
TORNTPHARM,2025-04-07,2025-04-09,3233.55,3126.8,102,closed below 200 EMA,-10888.5,-3.301325168931979,2
MFSL,2025-04-07,2025-04-16,1128.45,1209.7,294,dropped out of top 20 rank (now #21 of 43),23887.5,7.20014178740751,9
APOLLOHOSP,2025-04-07,2025-04-16,6683.3,7005.5,49,dropped out of top 20 rank (now #29 of 43),15787.799999999992,4.8209716756691945,9
JUBLFOOD,2025-04-07,2025-04-16,669.65,703.05,496,dropped out of top 20 rank (now #26 of 43),16566.399999999987,4.987680131411931,9
FEDERALBNK,2025-04-07,2025-04-16,190.81,194.92,1742,dropped out of top 20 rank (now #28 of 43),7159.619999999974,2.15397515853466,9
HDFCLIFE,2025-04-07,2025-04-17,665.95,720.05,499,failed a technical gate (trend/near-high/RSI) -- not in the top 20 at all,26995.899999999954,8.123733012988943,10
MANAPPURAM,2025-03-05,2025-04-25,203.68,226.93,1703,failed a technical gate (trend/near-high/RSI) -- not in the top 20 at all,39594.75,11.414964650432058,51
SHRIRAMFIN,2025-04-16,2025-04-25,676.05,655.2,514,failed a technical gate (trend/near-high/RSI) -- not in the top 20 at all,-10716.899999999954,-3.084091413356982,9
CHOLAFIN,2025-04-16,2025-04-29,1611.9,1482.8261814051248,215,stop,-27750.870997898193,-8.00755745361842,13
BAJFINANCE,2025-04-09,2025-04-30,873.5,861.7556844695237,387,stop,-4545.050110294344,-1.3445123675416504,21
BAJAJFINSV,2025-04-17,2025-04-30,2035.3,1939.7321172983345,172,stop,-16437.675824686456,-4.6955182381794085,13
GMRAIRPORT,2025-04-30,2025-05-06,87.19,86.42,4015,failed a technical gate (trend/near-high/RSI) -- not in the top 20 at all,-3091.549999999984,-0.8831287991742154,6
BDL,2025-05-06,2025-05-07,1527.7,1447.9,230,failed a technical gate (trend/near-high/RSI) -- not in the top 20 at all,-18353.99999999999,-5.223538652876869,1
INDIGO,2025-04-07,2025-05-08,4988.7,5109.429907986336,66,stop,7968.173927098176,2.4200675123045245,31
GMRAIRPORT,2025-05-07,2025-05-08,87.02,84.82,4033,failed a technical gate (trend/near-high/RSI) -- not in the top 20 at all,-8872.600000000011,-2.5281544472535056,1
HDFCBANK,2025-04-16,2025-05-09,939.0,944.8,370,failed a technical gate (trend/near-high/RSI) -- not in the top 20 at all,2145.999999999983,0.6176783812566589,23
HDFCAMC,2025-04-25,2025-05-09,2105.0,2051.6,167,failed a technical gate (trend/near-high/RSI) -- not in the top 20 at all,-8917.800000000016,-2.5368171021377672,14
ICICIBANK,2025-05-08,2025-05-09,1435.5,1388.9,240,failed a technical gate (trend/near-high/RSI) -- not in the top 20 at all,-11183.999999999978,-3.246255660048758,1
MUTHOOTFIN,2025-05-09,2025-05-15,2229.6,2104.1,154,closed below 200 EMA,-19327.0,-5.628812343021172,6
GODFRYPHLP,2025-04-16,2025-05-26,2448.0,2759.0,142,failed a technical gate (trend/near-high/RSI) -- not in the top 20 at all,44162.0,12.704248366013072,40
MAZDOCK,2025-04-29,2025-06-11,3027.9,3322.8157328919056,117,stop,34505.14074835294,9.73994296020031,43
BDL,2025-05-09,2025-06-12,1531.8,1871.0,224,failed a technical gate (trend/near-high/RSI) -- not in the top 20 at all,75980.80000000002,22.143883013448228,34
NAM-INDIA,2025-05-26,2025-06-12,724.45,736.35,523,failed a technical gate (trend/near-high/RSI) -- not in the top 20 at all,6223.699999999988,1.6426254399889428,17
BSE,2025-04-07,2025-06-13,1727.5,2653.0,192,stop,177696.0,53.574529667149065,67
PNBHOUSING,2025-04-25,2025-06-13,971.7,1055.6,363,failed a technical gate (trend/near-high/RSI) -- not in the top 20 at all,30455.69999999995,8.634352166306458,49
ANGELONE,2025-06-12,2025-06-13,301.8,292.5,1284,failed a technical gate (trend/near-high/RSI) -- not in the top 20 at all,-11941.200000000015,-3.0815109343936387,1
HDFCAMC,2025-06-12,2025-06-16,2461.7,2299.7,157,stop,-25434.0,-6.580818133809974,4
BSE,2025-06-13,2025-06-18,2711.2,2633.2,141,failed a technical gate (trend/near-high/RSI) -- not in the top 20 at all,-10998.0,-2.8769548539392176,5
HAL,2025-05-15,2025-06-19,4864.8,4902.3,75,failed a technical gate (trend/near-high/RSI) -- not in the top 20 at all,2812.5,0.7708436112481509,35
NBCC,2025-06-13,2025-06-19,120.64,114.29,3184,failed a technical gate (trend/near-high/RSI) -- not in the top 20 at all,-20218.399999999983,-5.263594164456231,6
CDSL,2025-06-16,2025-06-19,1682.6,1637.8,228,failed a technical gate (trend/near-high/RSI) -- not in the top 20 at all,-10214.39999999999,-2.662546059669557,3
BDL,2025-06-13,2025-06-24,1900.0,1851.7,202,failed a technical gate (trend/near-high/RSI) -- not in the top 20 at all,-9756.599999999991,-2.54210526315789,11
MFSL,2025-05-09,2025-07-07,1268.2,1568.5,271,failed a technical gate (trend/near-high/RSI) -- not in the top 20 at all,81381.29999999999,23.679230405298846,59
HDFCAMC,2025-06-19,2025-07-07,2386.8,2446.0,158,failed a technical gate (trend/near-high/RSI) -- not in the top 20 at all,9353.599999999971,2.4803083626612876,18
MANAPPURAM,2025-06-19,2025-07-09,263.6,261.5,1439,failed a technical gate (trend/near-high/RSI) -- not in the top 20 at all,-3021.900000000033,-0.7966616084977285,20
MCX,2025-06-18,2025-07-11,1587.0,1656.6749616185812,242,stop,16861.34071169664,4.390356749753077,23
BEL,2025-04-30,2025-07-11,314.1,409.3,1114,failed a technical gate (trend/near-high/RSI) -- not in the top 20 at all,106052.79999999999,30.308818847500785,72
GVT&D,2025-06-11,2025-07-11,2374.7,2332.9,166,failed a technical gate (trend/near-high/RSI) -- not in the top 20 at all,-6938.799999999955,-1.7602223438750064,30
CDSL,2025-06-24,2025-07-11,1748.5,1688.7,221,failed a technical gate (trend/near-high/RSI) -- not in the top 20 at all,-13215.79999999999,-3.4200743494423813,17
AUBANK,2025-05-08,2025-07-16,689.0,797.75,501,failed a technical gate (trend/near-high/RSI) -- not in the top 20 at all,54483.75,15.78374455732947,69
LTF,2025-07-09,2025-07-17,209.1,199.78,1841,failed a technical gate (trend/near-high/RSI) -- not in the top 20 at all,-17158.119999999988,-4.4571975131516,8
ABCAPITAL,2025-07-07,2025-07-18,276.25,264.35,1409,failed a technical gate (trend/near-high/RSI) -- not in the top 20 at all,-16767.09999999997,-4.307692307692301,11
360ONE,2025-07-07,2025-07-22,1253.0,1155.8416737777914,310,stop,-30119.081128884678,-7.754056362506678,15
MOTILALOFS,2025-07-11,2025-07-24,934.4,904.9,405,failed a technical gate (trend/near-high/RSI) -- not in the top 20 at all,-11947.5,-3.1571061643835607,13
NAM-INDIA,2025-07-11,2025-07-25,804.85,809.7,471,failed a technical gate (trend/near-high/RSI) -- not in the top 20 at all,2284.350000000011,0.6025967571597235,14
POLYCAB,2025-07-16,2025-07-25,6948.0,6734.5,55,failed a technical gate (trend/near-high/RSI) -- not in the top 20 at all,-11742.5,-3.072826712723087,9
MANAPPURAM,2025-07-24,2025-07-25,272.45,265.65,1393,failed a technical gate (trend/near-high/RSI) -- not in the top 20 at all,-9472.400000000016,-2.495870801982014,1
RBLBANK,2025-07-11,2025-07-28,264.16,253.26,1435,failed a technical gate (trend/near-high/RSI) -- not in the top 20 at all,-15641.50000000005,-4.126287098728055,17
LTF,2025-07-18,2025-07-28,203.15,201.99,1870,failed a technical gate (trend/near-high/RSI) -- not in the top 20 at all,-2169.1999999999935,-0.5710066453359586,10
MUTHOOTFIN,2025-06-19,2025-07-29,2637.1,2617.1,143,failed a technical gate (trend/near-high/RSI) -- not in the top 20 at all,-2860.0,-0.7584088582154647,40
DELHIVERY,2025-07-25,2025-07-30,425.35,409.15,880,failed a technical gate (trend/near-high/RSI) -- not in the top 20 at all,-14256.00000000004,-3.8086281885506112,5
LTF,2025-07-29,2025-07-30,206.02,203.4,1814,failed a technical gate (trend/near-high/RSI) -- not in the top 20 at all,-4752.6800000000085,-1.27172119211727,1
POLYCAB,2025-07-28,2025-08-01,6837.5,6698.0,54,failed a technical gate (trend/near-high/RSI) -- not in the top 20 at all,-7533.0,-2.0402193784277878,4
GLENMARK,2025-07-22,2025-08-05,2157.9,2052.6,177,failed a technical gate (trend/near-high/RSI) -- not in the top 20 at all,-18638.10000000003,-4.879744195745872,14
MOTILALOFS,2025-07-30,2025-08-05,933.4,910.75,400,failed a technical gate (trend/near-high/RSI) -- not in the top 20 at all,-9059.99999999999,-2.4266123848296517,6
ETERNAL,2025-07-25,2025-08-07,310.55,291.55,1206,stop,-22914.0,-6.118177427145389,13
POLYCAB,2025-08-05,2025-08-08,6925.5,6741.0,54,failed a technical gate (trend/near-high/RSI) -- not in the top 20 at all,-9963.0,-2.6640675763482835,3
HDFCAMC,2025-07-11,2025-08-11,2503.2,2691.6,151,failed a technical gate (trend/near-high/RSI) -- not in the top 20 at all,28448.400000000012,7.526366251198469,31
RBLBANK,2025-07-30,2025-08-11,261.75,258.5,1429,failed a technical gate (trend/near-high/RSI) -- not in the top 20 at all,-4644.25,-1.241642788920727,12
MOTILALOFS,2025-08-11,2025-08-12,918.55,911.3,410,failed a technical gate (trend/near-high/RSI) -- not in the top 20 at all,-2972.5,-0.7892874639377268,1
SBIN,2025-08-11,2025-08-22,823.45,816.25,458,failed a technical gate (trend/near-high/RSI) -- not in the top 20 at all,-3297.600000000021,-0.8743700285384737,11
NAM-INDIA,2025-08-22,2025-08-26,864.85,814.0231011614636,450,stop,-22872.104477341385,-5.876961188476204,4
GVT&D,2025-07-17,2025-08-26,2417.1,2690.1,158,failed a technical gate (trend/near-high/RSI) -- not in the top 20 at all,43134.0,11.294526498696777,40
HDFCAMC,2025-08-26,2025-08-28,2818.4,2731.3,136,failed a technical gate (trend/near-high/RSI) -- not in the top 20 at all,-11845.599999999988,-3.090405904059035,2
ABCAPITAL,2025-08-12,2025-09-01,268.05,280.05,1400,dropped out of top 20 rank (now #23 of 42),16800.0,4.476776720761055,20
GODFRYPHLP,2025-08-08,2025-09-02,3316.0,3353.0,112,failed a technical gate (trend/near-high/RSI) -- not in the top 20 at all,4144.0,1.115802171290703,25
DELHIVERY,2025-08-05,2025-09-09,458.05,463.95,816,failed a technical gate (trend/near-high/RSI) -- not in the top 20 at all,4814.399999999981,1.2880689881017204,35
GODFRYPHLP,2025-09-09,2025-09-11,3642.0,3470.0,106,failed a technical gate (trend/near-high/RSI) -- not in the top 20 at all,-18232.0,-4.722679846238331,2
FORTIS,2025-08-01,2025-09-16,859.25,966.65,435,dropped out of top 20 rank (now #21 of 78),46718.99999999999,12.499272621472212,46
PAYTM,2025-07-28,2025-09-19,1094.2,1193.820336545216,340,stop,33870.9144253734,9.104399245587258,53
TVSMOTOR,2025-09-02,2025-09-25,3369.6,3408.4,113,failed a technical gate (trend/near-high/RSI) -- not in the top 20 at all,4384.400000000021,1.151471984805319,23
ETERNAL,2025-08-07,2025-09-26,301.75,322.27622414754416,1242,stop,25493.570391249843,6.802394083693164,50
CUMMINSIND,2025-07-25,2025-09-26,3535.1,3947.6,105,failed a technical gate (trend/near-high/RSI) -- not in the top 20 at all,43312.5,11.668693954909347,63
UNOMINDA,2025-08-28,2025-09-26,1295.6,1268.9,292,failed a technical gate (trend/near-high/RSI) -- not in the top 20 at all,-7796.399999999947,-2.060821241123789,29
HAL,2025-09-19,2025-09-29,4916.2,4703.649379394646,79,stop,-16791.49902782298,-4.323473833557512,10
KAYNES,2025-09-26,2025-10-07,7341.0,7593.0,52,dropped out of top 20 rank (now #21 of 62),13104.0,3.4327748263179414,11
BEL,2025-09-25,2025-10-14,403.15,402.4,962,failed a technical gate (trend/near-high/RSI) -- not in the top 20 at all,-721.5,-0.1860349745752221,19
MUTHOOTFIN,2025-09-26,2025-10-23,3020.3,3136.072669039739,126,stop,14587.356299007108,3.8331513107882964,27
EICHERMOT,2025-09-11,2025-10-23,6758.0,6884.5,57,failed a technical gate (trend/near-high/RSI) -- not in the top 20 at all,7210.5,1.8718555785735447,42
MARUTI,2025-09-29,2025-10-24,15984.0,16274.0,24,dropped out of top 20 rank (now #21 of 78),6960.0,1.8143143143143137,25
MUTHOOTFIN,2025-10-23,2025-10-24,3182.1,3163.1,128,failed a technical gate (trend/near-high/RSI) -- not in the top 20 at all,-2432.0,-0.5970899720310507,1
NAM-INDIA,2025-09-16,2025-10-29,833.3,870.0,468,stop,17175.60000000002,4.404176167046692,43
HEROMOTOCO,2025-09-01,2025-10-30,5244.0,5515.0,73,failed a technical gate (trend/near-high/RSI) -- not in the top 20 at all,19783.0,5.167810831426389,59
BAJFINANCE,2025-09-26,2025-10-31,985.1,1042.8,389,failed a technical gate (trend/near-high/RSI) -- not in the top 20 at all,22445.299999999974,5.8572733732615845,35
ADANIPOWER,2025-10-07,2025-11-03,151.48,156.73,2617,failed a technical gate (trend/near-high/RSI) -- not in the top 20 at all,13739.25,3.465804066543443,27
RBLBANK,2025-10-30,2025-11-18,324.95,314.05,1241,failed a technical gate (trend/near-high/RSI) -- not in the top 20 at all,-13526.899999999972,-3.3543622095706938,19
INDIANB,2025-10-14,2025-11-21,752.15,834.05,527,failed a technical gate (trend/near-high/RSI) -- not in the top 20 at all,43161.29999999999,10.888785481619356,38
BANKBARODA,2025-11-03,2025-11-24,282.1,273.05,1446,failed a technical gate (trend/near-high/RSI) -- not in the top 20 at all,-13086.300000000016,-3.208082240340304,21
BANKINDIA,2025-10-29,2025-12-03,136.32,135.04261241598502,2970,stop,-3793.8411245244733,-0.9370507511846982,35
SBIN,2025-10-31,2025-12-03,937.0,951.05,429,failed a technical gate (trend/near-high/RSI) -- not in the top 20 at all,6027.449999999981,1.4994663820704357,33
BSE,2025-11-24,2025-12-03,2802.2,2751.1,148,failed a technical gate (trend/near-high/RSI) -- not in the top 20 at all,-7562.7999999999865,-1.8235671972021916,9
CANBK,2025-11-21,2025-12-08,141.11,137.74350071247605,2924,stop,-9843.643916720073,-2.3857269417645544,17
BHARATFORG,2025-12-03,2025-12-08,1406.7,1373.6,297,failed a technical gate (trend/near-high/RSI) -- not in the top 20 at all,-9830.70000000004,-2.353024809838644,5
BSE,2025-12-08,2025-12-09,2798.8,2634.114493698545,148,stop,-24373.454932615343,-5.88414700233868,1
HEROMOTOCO,2025-12-08,2025-12-09,6167.0,6001.0,67,failed a technical gate (trend/near-high/RSI) -- not in the top 20 at all,-11122.0,-2.6917463920869134,1
MCX,2025-10-23,2025-12-10,1852.0,1973.0,220,failed a technical gate (trend/near-high/RSI) -- not in the top 20 at all,26620.0,6.533477321814263,48
CANBK,2025-12-09,2025-12-10,141.52,140.91,2940,failed a technical gate (trend/near-high/RSI) -- not in the top 20 at all,-1793.40000000004,-0.4310344827586299,1
EICHERMOT,2025-12-10,2025-12-16,7228.5,7061.5,57,failed a technical gate (trend/near-high/RSI) -- not in the top 20 at all,-9519.0,-2.310299508888425,6
LTF,2025-08-26,2025-12-18,220.0,299.85,1743,failed a technical gate (trend/near-high/RSI) -- not in the top 20 at all,139178.55000000005,36.295454545454554,114
SBIN,2025-12-18,2025-12-26,977.55,966.3,429,failed a technical gate (trend/near-high/RSI) -- not in the top 20 at all,-4826.25,-1.150836274359368,8
MUTHOOTFIN,2025-12-03,2025-12-29,3763.4,3736.5,111,failed a technical gate (trend/near-high/RSI) -- not in the top 20 at all,-2985.90000000001,-0.7147791890312005,26
FEDERALBNK,2025-12-03,2026-01-06,258.25,256.3273597798182,1618,stop,-3110.831876254137,-0.7444879845815211,34
MOTHERSON,2025-12-10,2026-01-07,116.28,119.35,3549,dropped out of top 20 rank (now #21 of 79),10895.429999999977,2.640178878568955,28
HINDZINC,2025-12-29,2026-01-08,618.55,588.9347918307274,696,stop,-20612.184885813724,-4.787843855674168,10
NMDC,2025-12-26,2026-01-09,80.17,77.92451096293601,5408,stop,-12143.604712442058,-2.8009093639316363,14
MANAPPURAM,2026-01-07,2026-01-09,319.9,301.3110221714369,1409,stop,-26191.869760445392,-5.810871468759949,2
AUBANK,2025-10-24,2026-01-13,860.35,962.3143977396953,471,stop,48025.231335396486,11.851502032858164,81
NMDC,2026-01-13,2026-01-19,79.7,78.99,5555,failed a technical gate (trend/near-high/RSI) -- not in the top 20 at all,-3944.0500000000443,-0.8908406524466894,6
MANAPPURAM,2026-01-19,2026-01-20,314.45,301.85,1440,failed a technical gate (trend/near-high/RSI) -- not in the top 20 at all,-18143.99999999995,-4.0069963428207895,1
BANKBARODA,2026-01-09,2026-01-21,291.25,289.7,1499,failed a technical gate (trend/near-high/RSI) -- not in the top 20 at all,-2323.450000000017,-0.5321888412017195,12
MUTHOOTFIN,2026-01-06,2026-01-22,3940.7,3778.667262311717,113,stop,-18309.69935877596,-4.111775514205163,16
BANKBARODA,2026-01-22,2026-01-23,295.75,286.85,1523,failed a technical gate (trend/near-high/RSI) -- not in the top 20 at all,-13554.699999999966,-3.009298393913773,1
NATIONALUM,2025-10-24,2026-01-30,236.1,386.7146736057631,1718,stop,258756.009254701,63.79274612696446,98
HINDZINC,2026-01-09,2026-01-30,606.45,647.2246923040271,720,stop,29357.778458899513,6.7235043786012305,21
MCX,2025-12-16,2026-02-01,2033.0,2300.0,206,stop,55002.0,13.133300541072312,47
SBIN,2026-01-08,2026-02-01,998.0,1024.551936766317,437,stop,11603.196366880578,2.660514706043804,24
BANKINDIA,2026-01-20,2026-02-01,154.7,147.07184702545635,2881,stop,-21976.708719660222,-4.930932756653938,12
NATIONALUM,2026-01-30,2026-02-01,385.45,352.40908366071045,1195,stop,-39483.895025451,-8.572036928081339,2
INDIANB,2026-01-21,2026-02-01,832.8,825.55,533,failed a technical gate (trend/near-high/RSI) -- not in the top 20 at all,-3864.25,-0.8705571565802095,11
NMDC,2026-01-30,2026-02-01,78.81,78.01,5846,failed a technical gate (trend/near-high/RSI) -- not in the top 20 at all,-4676.799999999984,-1.0150996066488949,2
SHRIRAMFIN,2025-11-18,2026-02-02,820.2,951.4016966590506,509,stop,66781.66359945672,15.996305371744768,76
INFY,2026-02-01,2026-02-02,1619.5,1594.9,271,failed a technical gate (trend/near-high/RSI) -- not in the top 20 at all,-6666.599999999975,-1.518987341772149,1
TECHM,2026-02-01,2026-02-04,1673.8,1600.3000691168083,262,stop,-19256.9818913962,-4.391201510526443,3
BEL,2026-02-01,2026-02-04,425.35,439.2,1032,dropped out of top 20 rank (now #21 of 48),14293.199999999964,3.2561420007052977,3
NATIONALUM,2026-02-02,2026-02-05,369.7,363.85,1190,failed a technical gate (trend/near-high/RSI) -- not in the top 20 at all,-6961.499999999959,-1.5823640789829452,3
BAJAJ-AUTO,2026-02-01,2026-02-09,9499.5,9590.0,46,dropped out of top 20 rank (now #23 of 78),4163.0,0.9526817200905313,8
MCX,2026-02-04,2026-02-11,2543.3,2372.8,176,failed a technical gate (trend/near-high/RSI) -- not in the top 20 at all,-30008.0,-6.703888648606138,7
NMDC,2026-02-02,2026-02-13,79.04,79.43,5570,failed a technical gate (trend/near-high/RSI) -- not in the top 20 at all,2172.3000000000034,0.49342105263157077,11
NATIONALUM,2026-02-09,2026-02-13,365.2,349.3,1239,failed a technical gate (trend/near-high/RSI) -- not in the top 20 at all,-19700.099999999973,-4.353778751369108,4
FEDERALBNK,2026-02-01,2026-02-19,285.1,288.3,1540,dropped out of top 20 rank (now #28 of 63),4927.999999999983,1.1224131883549537,18
SONACOMS,2026-02-13,2026-02-24,527.95,529.45,848,dropped out of top 20 rank (now #21 of 72),1272.0,0.28411781418695714,11
SHRIRAMFIN,2026-02-13,2026-03-02,1065.8,1052.5,420,failed a technical gate (trend/near-high/RSI) -- not in the top 20 at all,-5585.999999999981,-1.2478889097391588,17
APLAPOLLO,2026-01-23,2026-03-04,2000.1,2131.603593202479,224,stop,29456.804877355273,6.574850917578057,40
JINDALSTEL,2026-02-01,2026-03-04,1102.0,1177.7214421989095,398,stop,30137.13399516597,6.871274246725001,31
BANKINDIA,2026-02-04,2026-03-04,155.84,157.94769555088027,2876,stop,6061.732404331644,1.3524740444560202,28
INDIANB,2026-02-24,2026-03-04,965.3,907.3905960634221,479,stop,-27738.604485620795,-5.999109493067223,8
ASHOKLEY,2025-12-09,2026-03-04,159.58,200.46,2608,failed a technical gate (trend/near-high/RSI) -- not in the top 20 at all,106615.04,25.61724526883067,85
SBIN,2026-02-05,2026-03-05,1073.5,1155.7756478961394,414,stop,34062.11822900171,7.664242933967347,28
UNIONBANK,2026-02-11,2026-03-06,175.16,183.24,2599,failed a technical gate (trend/near-high/RSI) -- not in the top 20 at all,20999.92000000003,4.612925325416772,23
SBIN,2026-03-05,2026-03-06,1169.5,1143.0,387,failed a technical gate (trend/near-high/RSI) -- not in the top 20 at all,-10255.5,-2.26592560923472,1
INDIANB,2026-03-04,2026-03-09,919.4,861.4188914926905,483,stop,-28004.87540903049,-6.306407277279691,5
AMBER,2026-03-04,2026-03-09,7657.0,7310.5,58,failed a technical gate (trend/near-high/RSI) -- not in the top 20 at all,-20097.0,-4.525270993861829,5
POLYCAB,2026-03-04,2026-03-10,8284.0,7918.111182872448,53,stop,-19392.107307760263,-4.416813340506421,6
KEI,2026-03-09,2026-03-10,4789.5,4449.865993361927,91,stop,-30906.694604064607,-7.091220516506369,1
CUMMINSIND,2026-03-06,2026-03-11,4800.7,4630.7,94,failed a technical gate (trend/near-high/RSI) -- not in the top 20 at all,-15980.0,-3.5411502489220315,5
BHARATFORG,2026-03-02,2026-03-12,1879.3,1756.5955505541774,244,stop,-29939.8856647807,-6.5292635260907,10
BEL,2026-03-06,2026-03-13,468.45,442.746140295647,967,stop,-24855.632334109316,-5.487001751382847,7
GVT&D,2026-02-19,2026-03-13,3545.7,3604.3,127,failed a technical gate (trend/near-high/RSI) -- not in the top 20 at all,7442.200000000046,1.6527060947062688,22
ASTRAL,2026-03-10,2026-03-13,1660.7,1611.8,263,failed a technical gate (trend/near-high/RSI) -- not in the top 20 at all,-12860.700000000024,-2.944541458421157,3
SUPREMEIND,2026-03-11,2026-03-13,4038.0,3886.5,108,failed a technical gate (trend/near-high/RSI) -- not in the top 20 at all,-16362.0,-3.751857355126298,2
CUMMINSIND,2026-03-12,2026-03-13,4753.6,4649.7,91,failed a technical gate (trend/near-high/RSI) -- not in the top 20 at all,-9454.900000000049,-2.1857118815213794,1
NATIONALUM,2026-03-04,2026-03-16,373.5,372.25,1189,failed a technical gate (trend/near-high/RSI) -- not in the top 20 at all,-1486.25,-0.33467202141901353,12
TORNTPHARM,2026-03-09,2026-03-16,4373.7,4266.6,100,failed a technical gate (trend/near-high/RSI) -- not in the top 20 at all,-10709.999999999945,-2.448727621921931,7
CGPOWER,2026-03-13,2026-03-16,709.9,698.65,599,failed a technical gate (trend/near-high/RSI) -- not in the top 20 at all,-6738.75,-1.5847302436962973,3
DRREDDY,2026-03-13,2026-03-16,1292.3,1276.9,329,failed a technical gate (trend/near-high/RSI) -- not in the top 20 at all,-5066.599999999955,-1.1916737599628413,3
SUNPHARMA,2026-03-13,2026-03-19,1801.6,1744.4,236,failed a technical gate (trend/near-high/RSI) -- not in the top 20 at all,-13499.199999999957,-3.1749555950266295,6
LUPIN,2026-03-13,2026-03-19,2314.9,2251.5,183,failed a technical gate (trend/near-high/RSI) -- not in the top 20 at all,-11602.200000000017,-2.738779212924969,6
GLENMARK,2026-03-16,2026-03-19,2175.4,2097.5,192,failed a technical gate (trend/near-high/RSI) -- not in the top 20 at all,-14956.800000000017,-3.5809506297692417,3
MCX,2026-03-10,2026-03-20,2578.2,2414.5,169,failed a technical gate (trend/near-high/RSI) -- not in the top 20 at all,-27665.29999999997,-6.349391048017994,10
BSE,2026-03-16,2026-03-20,2862.6,2806.1,146,failed a technical gate (trend/near-high/RSI) -- not in the top 20 at all,-8249.0,-1.9737301753650516,4
ASTRAL,2026-03-19,2026-03-20,1640.4,1631.8,252,failed a technical gate (trend/near-high/RSI) -- not in the top 20 at all,-2167.2000000000344,-0.5242623750304931,1
TATAPOWER,2026-03-19,2026-03-23,398.5,376.6465338652688,1038,stop,-22683.897847850993,-5.483931275967679,4
ABB,2026-03-04,2026-03-23,5830.5,6041.5,76,failed a technical gate (trend/near-high/RSI) -- not in the top 20 at all,16036.0,3.6189006088671594,19
PFC,2026-03-19,2026-03-23,411.85,398.0,1005,closed below 200 EMA,-13919.250000000024,-3.362874833070295,4
SUNPHARMA,2026-03-20,2026-03-23,1777.1,1758.4,233,failed a technical gate (trend/near-high/RSI) -- not in the top 20 at all,-4357.099999999958,-1.052276180293732,3
GLENMARK,2026-03-20,2026-03-23,2180.1,2089.0,190,failed a technical gate (trend/near-high/RSI) -- not in the top 20 at all,-17308.99999999998,-4.1787073987431755,3
COALINDIA,2026-03-13,2026-03-24,467.0,439.51177828430343,911,stop,-25041.769982999573,-5.886128847044237,11
TATAPOWER,2026-03-23,2026-03-24,386.95,384.75,1042,failed a technical gate (trend/near-high/RSI) -- not in the top 20 at all,-2292.3999999999883,-0.568548908127664,1
ABB,2026-03-24,2026-03-27,6162.0,6105.0,65,failed a technical gate (trend/near-high/RSI) -- not in the top 20 at all,-3705.0,-0.9250243427458615,3
TATAPOWER,2026-03-25,2026-03-27,390.7,385.7,1037,failed a technical gate (trend/near-high/RSI) -- not in the top 20 at all,-5185.0,-1.2797542871768597,2
DELHIVERY,2026-03-25,2026-03-30,430.35,416.7,941,closed below 200 EMA,-12844.650000000032,-3.171836876960621,5
SUNPHARMA,2026-03-27,2026-03-30,1793.6,1757.2,225,failed a technical gate (trend/near-high/RSI) -- not in the top 20 at all,-8189.999999999969,-2.029438001784112,3
GLENMARK,2026-03-27,2026-03-30,2170.5,2131.7,186,failed a technical gate (trend/near-high/RSI) -- not in the top 20 at all,-7216.800000000034,-1.7876065422713694,3
LUPIN,2026-03-20,2026-04-01,2322.5,2274.9,178,failed a technical gate (trend/near-high/RSI) -- not in the top 20 at all,-8472.799999999985,-2.0495156081808408,12
OIL,2026-04-02,2026-04-06,480.15,472.2,841,failed a technical gate (trend/near-high/RSI) -- not in the top 20 at all,-6685.949999999991,-1.6557325835676373,4
GVT&D,2026-04-01,2026-04-07,3798.7,3673.2,106,failed a technical gate (trend/near-high/RSI) -- not in the top 20 at all,-13303.0,-3.303761813251904,6
DELHIVERY,2026-04-01,2026-04-08,431.4,459.85,934,dropped out of top 20 rank (now #27 of 30),26572.300000000043,6.5948076031525416,7
COALINDIA,2026-04-02,2026-04-08,449.35,449.25,899,failed a technical gate (trend/near-high/RSI) -- not in the top 20 at all,-89.90000000002044,-0.022254367419616283,6
ONGC,2026-03-27,2026-04-09,281.95,288.6,1432,dropped out of top 20 rank (now #22 of 42),9522.800000000048,2.358574215286402,13
DMART,2026-04-01,2026-04-10,4271.1,4400.6,94,dropped out of top 20 rank (now #22 of 53),12173.0,3.03200580646672,9
NATIONALUM,2026-04-01,2026-04-30,399.45,399.79447966096217,1008,stop,347.2354982498764,0.0862384931686444,29
ABB,2026-04-07,2026-05-08,6269.0,7012.5,64,failed a technical gate (trend/near-high/RSI) -- not in the top 20 at all,47584.0,11.85994576487479,31
NMDC,2026-04-09,2026-05-11,84.44,86.79,4966,failed a technical gate (trend/near-high/RSI) -- not in the top 20 at all,11670.100000000042,2.783041212695414,32
GVT&D,2026-04-08,2026-05-12,3725.1,4233.513680237785,110,stop,55925.50482615633,13.648323004423624,34
CUMMINSIND,2026-04-08,2026-05-12,4796.3,5160.0,85,failed a technical gate (trend/near-high/RSI) -- not in the top 20 at all,30914.499999999985,7.582928507391107,34
ADANIENSOL,2026-04-30,2026-05-12,1342.25,1284.3,340,failed a technical gate (trend/near-high/RSI) -- not in the top 20 at all,-19703.000000000015,-4.317377537716527,12
CAMS,2026-05-12,2026-05-21,784.65,769.1,573,failed a technical gate (trend/near-high/RSI) -- not in the top 20 at all,-8910.149999999974,-1.9817753138341887,9
AUROPHARMA,2026-03-16,2026-05-22,1279.6,1463.5,327,failed a technical gate (trend/near-high/RSI) -- not in the top 20 at all,60135.30000000003,14.371678649578001,67
PNBHOUSING,2026-05-11,2026-05-29,1072.8,1030.5,430,failed a technical gate (trend/near-high/RSI) -- not in the top 20 at all,-18188.99999999998,-3.942953020134221,18
BSE,2026-04-06,2026-06-01,2982.3,4047.402659762728,136,stop,144853.961727731,35.714135390897226,56
BSE,2026-06-01,2026-06-02,4066.6,3931.9,116,failed a technical gate (trend/near-high/RSI) -- not in the top 20 at all,-15625.199999999979,-3.312349382776758,1
BHEL,2026-05-12,2026-06-04,391.75,389.2,1148,failed a technical gate (trend/near-high/RSI) -- not in the top 20 at all,-2927.4000000000133,-0.6509253350351019,23
BSE,2026-06-04,2026-06-05,4033.4,3880.0,117,failed a technical gate (trend/near-high/RSI) -- not in the top 20 at all,-17947.80000000001,-3.8032429216045993,1
NMDC,2026-06-02,2026-06-08,95.31,89.31408644924116,4995,stop,-29949.58818604042,-6.290959553833641,6
ADANIPOWER,2026-03-16,2026-06-08,154.06,225.85,2723,failed a technical gate (trend/near-high/RSI) -- not in the top 20 at all,195484.16999999998,46.59872776840193,84
NAM-INDIA,2026-04-10,2026-06-08,955.25,1055.2,446,failed a technical gate (trend/near-high/RSI) -- not in the top 20 at all,44577.70000000002,10.463229521067795,59
GVT&D,2026-05-21,2026-06-08,4794.6,4744.0,97,failed a technical gate (trend/near-high/RSI) -- not in the top 20 at all,-4908.200000000035,-1.055353939849002,18
ANGELONE,2026-05-29,2026-06-08,337.3,325.7,1433,failed a technical gate (trend/near-high/RSI) -- not in the top 20 at all,-16622.800000000032,-3.439075007411807,10
COALINDIA,2026-06-05,2026-06-08,472.3,464.9,1003,failed a technical gate (trend/near-high/RSI) -- not in the top 20 at all,-7422.200000000034,-1.566800762227405,3
OFSS,2026-05-08,2026-06-09,9345.5,9639.5,50,failed a technical gate (trend/near-high/RSI) -- not in the top 20 at all,14700.0,3.145899095821525,32
GVT&D,2026-06-09,2026-06-11,4931.0,4735.0,93,failed a technical gate (trend/near-high/RSI) -- not in the top 20 at all,-18228.0,-3.974852970999798,2
ZYDUSLIFE,2026-06-08,2026-06-17,1087.6,1061.4,422,failed a technical gate (trend/near-high/RSI) -- not in the top 20 at all,-11056.399999999923,-2.4089738874586097,9
PIDILITIND,2026-06-11,2026-06-19,1498.8,1579.9,300,dropped out of top 20 rank (now #23 of 80),24330.00000000004,5.410995463037116,8
CGPOWER,2026-06-08,2026-06-24,903.4,919.45,508,failed a technical gate (trend/near-high/RSI) -- not in the top 20 at all,8153.400000000034,1.7766216515386457,16
CUMMINSIND,2026-06-08,2026-06-24,5610.5,5555.5,81,failed a technical gate (trend/near-high/RSI) -- not in the top 20 at all,-4455.0,-0.9803047856697278,16
ADANIENSOL,2026-06-08,2026-06-25,1570.4,1507.8,292,dropped out of top 20 rank (now #25 of 71),-18279.20000000004,-3.986245542536937,17
POLYCAB,2026-06-08,2026-06-25,9495.0,9531.0,48,failed a technical gate (trend/near-high/RSI) -- not in the top 20 at all,1728.0,0.37914691943128354,17
GVT&D,2026-06-17,2026-06-29,5152.5,4826.673115213523,89,stop,-28998.59274599649,-6.323665886200436,12
NBCC,2026-06-19,2026-06-29,111.45,104.35,4215,failed a technical gate (trend/near-high/RSI) -- not in the top 20 at all,-29926.500000000036,-6.3705697622252195,10
RBLBANK,2026-06-25,2026-07-01,371.05,361.8,1234,failed a technical gate (trend/near-high/RSI) -- not in the top 20 at all,-11414.5,-2.492925481741004,6
POLYCAB,2026-06-29,2026-07-02,9779.0,9635.0,46,failed a technical gate (trend/near-high/RSI) -- not in the top 20 at all,-6624.0,-1.4725432048266707,3
CGPOWER,2026-06-25,2026-07-03,942.1,897.0961271009405,486,stop,-21871.88222894292,-4.776974089699559,8
ADANIGREEN,2026-05-12,2026-07-03,1308.0,1556.2,343,dropped out of top 20 rank (now #21 of 64),85132.60000000002,18.975535168195723,52
FEDERALBNK,2026-06-24,2026-07-07,325.2,331.55,1414,dropped out of top 20 rank (now #24 of 61),8978.900000000032,1.9526445264452796,13
MOTILALOFS,2026-07-01,2026-07-08,955.95,904.8626056949049,481,stop,-24573.036660750757,-5.34414920289713,7
PIDILITIND,2026-07-02,2026-07-14,1605.4,1555.4,288,failed a technical gate (trend/near-high/RSI) -- not in the top 20 at all,-14400.0,-3.114488600971721,12
CHOLAFIN,2026-07-07,2026-07-14,1853.4,1771.5,247,dropped out of top 20 rank (now #23 of 51),-20229.30000000002,-4.41890579475559,7
IDFCFIRSTB,2026-06-24,2026-07-15,79.2,79.47,5809,dropped out of top 20 rank (now #21 of 63),1568.4299999999769,0.3409090909090917,21
NAM-INDIA,2026-06-29,2026-07-16,1167.3,1151.5,388,failed a technical gate (trend/near-high/RSI) -- not in the top 20 at all,-6130.399999999982,-1.3535509294954173,17
LTF,2026-07-03,2026-07-17,327.0,308.4489612739548,1411,stop,-26175.515642449765,-5.673100527842568,14
NAM-INDIA,2026-07-17,2026-07-21,1186.5,1166.9,377,failed a technical gate (trend/near-high/RSI) -- not in the top 20 at all,-7389.199999999966,-1.651917404129788,4
OFSS,2026-07-14,2026-07-22,11646.0,10793.52112070953,38,stop,-32394.19741303783,-7.319928553069454,8
LUPIN,2026-07-21,2026-07-22,2514.8,2414.066249080532,178,stop,-17930.60766366532,-4.005636667705903,1
ZYDUSLIFE,2026-07-03,2026-07-22,1140.6,1126.3,404,failed a technical gate (trend/near-high/RSI) -- not in the top 20 at all,-5777.199999999982,-1.2537261090654006,19
LICI,2026-07-15,2026-07-22,439.75,423.3,1032,failed a technical gate (trend/near-high/RSI) -- not in the top 20 at all,-16976.399999999987,-3.740761796475267,7
PAYTM,2026-07-16,2026-07-22,1361.1,1267.0,330,dropped out of top 20 rank (now #22 of 52),-31052.99999999997,-6.913525824700606,6
ADANIENT,2026-05-22,2026-07-23,2717.3,3010.0,170,failed a technical gate (trend/near-high/RSI) -- not in the top 20 at all,49758.99999999997,10.771721929856826,62
PIDILITIND,2026-07-22,2026-07-23,1608.6,1564.2,272,failed a technical gate (trend/near-high/RSI) -- not in the top 20 at all,-12076.799999999963,-2.7601641178664593,1
OBEROIRLTY,2026-07-22,2026-07-23,1851.5,1818.1,236,failed a technical gate (trend/near-high/RSI) -- not in the top 20 at all,-7882.4000000000215,-1.8039427491223337,1
PHOENIXLTD,2026-07-14,2026-07-24,2132.5,1995.0704946745018,212,stop,-29135.05512900562,-6.44452545488855,10
ABB,2026-07-23,2026-07-28,7528.0,7243.5,57,dropped out of top 20 rank (now #21 of 49),-16216.5,-3.7792242295430434,5
CUMMINSIND,2026-07-24,2026-07-28,5600.5,5455.5,76,closed below 200 EMA,-11020.0,-2.5890545487010086,4
TORNTPHARM,2026-07-22,2026-07-29,5033.4,4878.5,87,failed a technical gate (trend/near-high/RSI) -- not in the top 20 at all,-13476.299999999968,-3.077442682878362,7
APOLLOHOSP,2026-07-22,2026-08-03,8938.0,8820.0,49,failed a technical gate (trend/near-high/RSI) -- not in the top 20 at all,-5782.0,-1.3202058626090807,12
GODREJPROP,2026-07-29,2026-08-04,2156.0,2023.7170007664363,204,stop,-26985.731843646998,-6.13557510359758,6
NYKAA,2026-07-08,2026-08-04,317.95,342.5,1402,dropped out of top 20 rank (now #21 of 69),34419.10000000001,7.721339833307117,27
ALKEM,2026-07-22,2026-08-04,5585.0,5608.0,78,failed a technical gate (trend/near-high/RSI) -- not in the top 20 at all,1794.0,0.4118173679498627,13
LODHA,2026-07-28,2026-08-07,1301.4,1205.2705728022672,335,stop,-32203.35811124051,-7.386616505127774,10
BAJFINANCE,2026-08-04,2026-08-07,1149.0,1080.959677120866,381,stop,-25923.363016950057,-5.9216991191587525,3
BAJFINANCE,2026-08-07,2026-08-19,1078.0,1080.2,405,failed a technical gate (trend/near-high/RSI) -- not in the top 20 at all,891.0000000000184,0.20408163265306367,12
PIDILITIND,2026-07-28,2026-08-21,1619.6,1649.0,269,failed a technical gate (trend/near-high/RSI) -- not in the top 20 at all,7908.600000000024,1.8152630279081317,24
