symbol,entry_date,exit_date,entry_price,exit_price,qty,reason,pnl,ret_pct,holding_days
OBEROIRLTY,2021-01-01,2021-01-15,590.1,559.6,169,failed a technical gate (trend/near-high/RSI) -- not in the top 20 at all,-5154.5,-5.168615488900185,14
GODREJPROP,2021-01-01,2021-01-15,1427.25,1382.3,70,failed a technical gate (trend/near-high/RSI) -- not in the top 20 at all,-3146.500000000003,-3.149413207216678,14
TATASTEEL,2021-01-01,2021-01-18,59.32,61.61,1685,failed a technical gate (trend/near-high/RSI) -- not in the top 20 at all,3858.6499999999987,3.8604180714767455,17
DIXON,2021-01-01,2021-01-22,2724.4,2765.3903905608463,36,stop,1475.6540601904635,1.5045657965367054,21
VEDL,2021-01-15,2021-01-22,74.2,69.3,1448,failed a technical gate (trend/near-high/RSI) -- not in the top 20 at all,-7095.200000000008,-6.60377358490567,7
KPITTECH,2021-01-01,2021-01-25,143.9,127.12076423815654,694,stop,-11644.789618719366,-11.660344518306786,24
PERSISTENT,2021-01-01,2021-01-25,748.8,747.9022559601084,133,stop,-119.39995730557791,-0.11989103096842202,24
ASHOKLEY,2021-01-22,2021-01-27,58.65,53.76149030897642,1827,stop,-8931.30720550008,-8.335054886655724,5
DLF,2021-01-01,2021-01-27,238.35,258.75,419,failed a technical gate (trend/near-high/RSI) -- not in the top 20 at all,8547.600000000002,8.558842039018245,26
MPHASIS,2021-01-25,2021-01-27,1466.7,1461.6,71,failed a technical gate (trend/near-high/RSI) -- not in the top 20 at all,-362.1000000000097,-0.3477193700143322,2
KPITTECH,2021-01-25,2021-01-28,133.65,132.95,781,failed a technical gate (trend/near-high/RSI) -- not in the top 20 at all,-546.7000000000133,-0.5237560793116436,3
HAVELLS,2021-01-27,2021-01-29,1116.05,1065.4701982461006,93,stop,-4703.921563112639,-4.532037252264621,2
WIPRO,2021-01-27,2021-01-29,213.35,199.5060124441677,487,stop,-6742.021939690323,-6.488862224435099,2
APLAPOLLO,2021-01-01,2021-01-29,429.9,453.3,232,failed a technical gate (trend/near-high/RSI) -- not in the top 20 at all,5428.800000000008,5.443126308443835,28
ADANIENT,2021-01-01,2021-01-29,476.2,491.2,209,failed a technical gate (trend/near-high/RSI) -- not in the top 20 at all,3135.0,3.1499370012599837,28
IDFCFIRSTB,2021-01-22,2021-02-01,49.5,44.40836761775664,2165,stop,-11023.384107556876,-10.286126024734067,10
CROMPTON,2021-01-29,2021-02-01,427.75,416.45,238,dropped out of top 20 rank (now #33 of 44),-2689.400000000003,-2.641729982466401,3
RVNL,2021-01-28,2021-02-02,30.15,29.65,3429,failed a technical gate (trend/near-high/RSI) -- not in the top 20 at all,-1714.5,-1.6583747927031545,5
KPITTECH,2021-01-29,2021-02-02,142.8,134.95,713,dropped out of top 20 rank (now #28 of 54),-5597.050000000017,-5.497198879551835,4
NATIONALUM,2021-02-01,2021-02-09,48.27,48.12,2144,dropped out of top 20 rank (now #30 of 100),-321.6000000000122,-0.3107520198881386,8
ASHOKLEY,2021-02-02,2021-02-12,63.7,61.65,1672,dropped out of top 20 rank (now #21 of 99),-3427.600000000007,-3.2182103610675084,10
VOLTAS,2021-02-12,2021-02-16,1079.2,1037.65,105,dropped out of top 20 rank (now #23 of 94),-4362.749999999995,-3.8500741289844265,4
SHRIRAMFIN,2021-01-29,2021-02-18,258.25,287.75,394,dropped out of top 20 rank (now #23 of 99),11623.0,11.423039690222648,20
TATAELXSI,2021-01-01,2021-02-22,1867.95,2666.8,53,failed a technical gate (trend/near-high/RSI) -- not in the top 20 at all,42339.05000000001,42.76613399716267,52
TMPV,2021-01-18,2021-02-22,169.35,209.65,626,failed a technical gate (trend/near-high/RSI) -- not in the top 20 at all,25227.800000000007,23.796870386772962,35
DLF,2021-02-01,2021-02-22,281.65,294.1,367,failed a technical gate (trend/near-high/RSI) -- not in the top 20 at all,4569.150000000017,4.420379904136351,21
UNOMINDA,2021-01-27,2021-02-23,237.95,271.7,437,dropped out of top 20 rank (now #21 of 78),14748.75,14.183652027736926,27
SBIN,2021-02-22,2021-03-05,389.5,383.65,289,failed a technical gate (trend/near-high/RSI) -- not in the top 20 at all,-1690.6500000000065,-1.5019255455712477,11
DIXON,2021-02-09,2021-03-08,3547.55,3801.2,31,dropped out of top 20 rank (now #22 of 88),7863.149999999989,7.1500049329819015,27
MAHABANK,2021-02-22,2021-03-16,21.75,21.061171981031173,5179,stop,-3567.440310239557,-3.167025374569321,22
IDFCFIRSTB,2021-02-02,2021-03-17,47.7,60.9,2233,failed a technical gate (trend/near-high/RSI) -- not in the top 20 at all,29475.59999999999,27.67295597484276,43
ADANIPORTS,2021-02-22,2021-03-17,673.8,688.25,167,failed a technical gate (trend/near-high/RSI) -- not in the top 20 at all,2413.150000000008,2.144553279905015,23
PGEL,2021-01-29,2021-03-18,17.35,40.75,5876,stop,137498.4,134.87031700288182,48
NBCC,2021-03-05,2021-03-18,33.9,29.93722000911046,3681,stop,-14586.993146464385,-11.689616492299514,13
ASTRAL,2021-03-17,2021-03-18,1388.15,1288.8786177392099,89,stop,-8835.153021210332,-7.151344037805007,1
ABCAPITAL,2021-03-08,2021-03-19,131.25,117.67786839035264,968,stop,-13137.823398138642,-10.340671702588466,11
PGEL,2021-03-18,2021-03-19,40.75,38.7,3002,failed a technical gate (trend/near-high/RSI) -- not in the top 20 at all,-6154.099999999991,-5.03067484662576,1
NATIONALUM,2021-03-18,2021-03-19,55.61,54.63,2200,failed a technical gate (trend/near-high/RSI) -- not in the top 20 at all,-2155.999999999993,-1.7622729724869557,1
NMDC,2021-03-19,2021-03-22,16.05,15.45,7605,failed a technical gate (trend/near-high/RSI) -- not in the top 20 at all,-4563.000000000011,-3.7383177570093573,3
DIXON,2021-03-19,2021-03-23,4267.25,3883.765813958087,28,stop,-10737.55720917356,-8.986681962432785,4
HINDALCO,2021-03-17,2021-03-24,326.4,317.75,379,failed a technical gate (trend/near-high/RSI) -- not in the top 20 at all,-3278.3499999999913,-2.6501225490195957,7
PGEL,2021-03-22,2021-03-24,40.65,38.75,3024,failed a technical gate (trend/near-high/RSI) -- not in the top 20 at all,-5745.599999999996,-4.674046740467396,2
AUBANK,2021-03-24,2021-03-25,612.8,575.25,199,failed a technical gate (trend/near-high/RSI) -- not in the top 20 at all,-7472.449999999991,-6.127610966057439,1
ADANIPOWER,2021-03-25,2021-03-31,19.85,17.25,6000,stop,-15600.00000000001,-13.09823677581865,6
PGEL,2021-03-31,2021-04-01,40.7,39.05,3008,failed a technical gate (trend/near-high/RSI) -- not in the top 20 at all,-4963.200000000017,-4.054054054054069,1
APLAPOLLO,2021-03-18,2021-04-05,609.8,617.75,200,failed a technical gate (trend/near-high/RSI) -- not in the top 20 at all,1590.000000000009,1.303706133158422,18
NBCC,2021-03-23,2021-04-05,31.93,30.3,3898,failed a technical gate (trend/near-high/RSI) -- not in the top 20 at all,-6353.739999999996,-5.104917005950515,13
VEDL,2021-02-22,2021-04-12,88.0,95.66412762657708,1280,stop,9810.083362018668,8.709235939292137,49
ADANIENSOL,2021-02-23,2021-04-12,734.5,939.3695646157512,154,stop,31549.91295082568,27.892384563070284,48
ADANIENT,2021-03-16,2021-04-12,870.4,1029.546745958861,146,stop,23235.424909993715,18.28432283534709,27
IEX,2021-02-18,2021-04-12,99.3,112.6,1166,failed a technical gate (trend/near-high/RSI) -- not in the top 20 at all,15507.799999999997,13.393756294058413,53
COFORGE,2021-04-12,2021-04-13,623.5,572.5568299025961,199,stop,-10137.690849383383,-8.170516455076815,1
CGPOWER,2021-04-12,2021-04-15,74.65,67.66481706930249,1667,stop,-11644.299945472765,-9.35724438137645,3
ADANIPOWER,2021-04-01,2021-04-19,17.85,17.5,7040,failed a technical gate (trend/near-high/RSI) -- not in the top 20 at all,-2464.00000000001,-1.9607843137254943,18
JSWSTEEL,2021-03-19,2021-05-14,440.55,679.5473609180804,277,stop,66202.26897430826,54.24976981456824,56
SAIL,2021-04-05,2021-05-14,89.65,124.89891524802613,1413,stop,49806.71724546091,39.318366143922056,39
JINDALSTEL,2021-04-12,2021-05-14,389.0,431.9144246745226,320,stop,13732.61589584723,11.031985777512233,32
HINDALCO,2021-04-13,2021-05-14,348.7,374.0346290232858,360,stop,9120.466448382887,7.265451397558298,31
SAIL,2021-05-14,2021-05-20,127.15,121.45,1156,failed a technical gate (trend/near-high/RSI) -- not in the top 20 at all,-6589.2000000000035,-4.482894219425882,6
NMDC,2021-04-19,2021-05-21,16.7,21.447626431807073,7564,stop,35911.04633018871,28.42890078926392,32
TATASTEEL,2021-04-05,2021-05-24,81.26,103.22740288094701,1559,stop,34247.181091396385,27.033476348691863,49
JSWSTEEL,2021-05-14,2021-05-24,707.1,681.45,208,failed a technical gate (trend/near-high/RSI) -- not in the top 20 at all,-5335.199999999995,-3.6274925753075893,10
SAIL,2021-05-24,2021-05-25,124.75,123.95,1223,failed a technical gate (trend/near-high/RSI) -- not in the top 20 at all,-978.3999999999966,-0.6412825651302634,1
TATASTEEL,2021-05-24,2021-05-26,103.19,102.22,1479,failed a technical gate (trend/near-high/RSI) -- not in the top 20 at all,-1434.6299999999983,-0.9400135672061216,2
JSWSTEEL,2021-05-25,2021-05-26,700.8,682.2,215,failed a technical gate (trend/near-high/RSI) -- not in the top 20 at all,-3998.9999999999804,-2.654109589041087,1
VEDL,2021-05-14,2021-05-27,120.9,118.65,1216,failed a technical gate (trend/near-high/RSI) -- not in the top 20 at all,-2736.0,-1.8610421836228297,13
NMDC,2021-05-21,2021-06-08,21.4,21.6,7102,failed a technical gate (trend/near-high/RSI) -- not in the top 20 at all,1420.40000000002,0.9345794392523477,18
NATIONALUM,2021-05-14,2021-06-09,69.86,68.98,2105,failed a technical gate (trend/near-high/RSI) -- not in the top 20 at all,-1852.3999999999905,-1.2596621815058606,26
TATASTEEL,2021-05-27,2021-06-09,103.63,104.07,1445,failed a technical gate (trend/near-high/RSI) -- not in the top 20 at all,635.7999999999968,0.4245874746694911,13
JSWSTEEL,2021-06-08,2021-06-09,707.5,697.85,221,failed a technical gate (trend/near-high/RSI) -- not in the top 20 at all,-2132.649999999995,-1.3639575971731377,1
ADANIENT,2021-04-12,2021-06-14,1041.6,1397.5,119,stop,42352.10000000001,34.168586789554546,63
BHEL,2021-05-26,2021-06-14,72.5,66.77889559704344,2039,stop,-11665.331877628418,-7.891178486836625,19
ADANIENSOL,2021-04-15,2021-06-15,944.15,1446.4,133,failed a technical gate (trend/near-high/RSI) -- not in the top 20 at all,66799.25000000001,53.19599639887731,61
PNBHOUSING,2021-06-09,2021-06-15,671.45,609.8,230,failed a technical gate (trend/near-high/RSI) -- not in the top 20 at all,-14179.500000000022,-9.181621863132039,6
ADANIENT,2021-06-14,2021-06-16,1455.6,1404.1,104,failed a technical gate (trend/near-high/RSI) -- not in the top 20 at all,-5356.0,-3.5380599065677365,2
ADANIPOWER,2021-06-14,2021-06-16,28.2,25.45,5387,failed a technical gate (trend/near-high/RSI) -- not in the top 20 at all,-14814.25,-9.751773049645395,2
JSWSTEEL,2021-06-15,2021-06-16,725.1,705.4,206,failed a technical gate (trend/near-high/RSI) -- not in the top 20 at all,-4058.2000000000094,-2.71686663908427,1
TATASTEEL,2021-06-15,2021-06-17,111.26,103.90716173259997,1348,stop,-9911.625984455242,-6.60869878428908,2
OFSS,2021-06-16,2021-06-17,3260.0,3148.0,44,failed a technical gate (trend/near-high/RSI) -- not in the top 20 at all,-4928.0,-3.435582822085892,1
SAIL,2021-06-09,2021-06-18,124.45,119.89760307815376,1244,stop,-5663.18177077672,-3.6580127937695717,9
BSE,2021-06-16,2021-06-18,103.0,95.44723503324762,1423,stop,-10747.584547688633,-7.3327815211188145,2
JSWENERGY,2021-06-17,2021-06-18,161.05,146.29449638575755,900,stop,-13279.953252818212,-9.162063715766811,1
HINDZINC,2021-05-20,2021-06-18,344.6,328.9,438,failed a technical gate (trend/near-high/RSI) -- not in the top 20 at all,-6876.60000000002,-4.556006964596648,29
TATAELXSI,2021-06-16,2021-06-18,3775.45,3639.95,38,failed a technical gate (trend/near-high/RSI) -- not in the top 20 at all,-5149.0,-3.5889761485385807,2
PNBHOUSING,2021-06-17,2021-06-18,620.95,611.1,233,failed a technical gate (trend/near-high/RSI) -- not in the top 20 at all,-2295.050000000005,-1.5862790884934364,1
BSE,2021-06-18,2021-06-24,99.5,98.0,1414,failed a technical gate (trend/near-high/RSI) -- not in the top 20 at all,-2121.0,-1.5075376884422065,6
ADANIENT,2021-06-18,2021-07-01,1442.1,1444.8,97,failed a technical gate (trend/near-high/RSI) -- not in the top 20 at all,261.9000000000044,0.18722696068234068,13
APLAPOLLO,2021-06-18,2021-07-09,774.95,771.85,181,failed a technical gate (trend/near-high/RSI) -- not in the top 20 at all,-561.1000000000041,-0.4000258081166552,21
KPITTECH,2021-03-24,2021-07-13,171.95,246.95,709,failed a technical gate (trend/near-high/RSI) -- not in the top 20 at all,53175.0,43.6173306193661,111
SUZLON,2021-07-01,2021-07-14,7.7,7.244112793237431,19733,stop,-8996.022251045782,-5.920613074838565,13
KEI,2021-06-18,2021-07-16,702.1,710.95,200,dropped out of top 20 rank (now #24 of 81),1770.0000000000045,1.2605042016806678,28
TATAELXSI,2021-06-24,2021-07-27,3740.15,4175.75,37,failed a technical gate (trend/near-high/RSI) -- not in the top 20 at all,16117.199999999997,11.646591714236054,33
MOTILALOFS,2021-07-27,2021-07-30,259.4,235.8,635,failed a technical gate (trend/near-high/RSI) -- not in the top 20 at all,-14985.999999999978,-9.097918272937534,3
COFORGE,2021-06-09,2021-08-04,769.5,940.0373492923135,201,stop,34278.00720775501,22.162098673465035,56
NATIONALUM,2021-07-09,2021-08-09,83.57,83.17420124376115,1789,stop,-708.0839749112969,-0.4736134453019569,31
BSE,2021-07-30,2021-08-10,139.0,123.8666681088108,1201,stop,-18175.13160131823,-10.88728913035194,11
PRESTIGE,2021-08-04,2021-08-11,368.2,339.84086198105996,450,stop,-12761.612108523013,-7.702101580374809,7
COFORGE,2021-08-10,2021-08-11,962.5,938.0,167,failed a technical gate (trend/near-high/RSI) -- not in the top 20 at all,-4091.5,-2.5454545454545507,1
PRESTIGE,2021-08-11,2021-08-13,360.95,338.8,441,failed a technical gate (trend/near-high/RSI) -- not in the top 20 at all,-9768.14999999999,-6.136584014406421,2
VEDL,2021-08-11,2021-08-17,146.05,135.30272194518668,1090,stop,-11714.533079746536,-7.358629274093353,6
TATASTEEL,2021-07-14,2021-08-20,118.1,131.36693810821885,1277,stop,16941.879964195476,11.2336478477721,37
INOXWIND,2021-08-09,2021-08-20,33.02,29.28,4966,failed a technical gate (trend/near-high/RSI) -- not in the top 20 at all,-18572.84000000001,-11.326468806783774,11
JSWENERGY,2021-06-18,2021-08-23,157.95,225.1,891,failed a technical gate (trend/near-high/RSI) -- not in the top 20 at all,59830.65,42.51345362456473,66
KPITTECH,2021-07-16,2021-08-24,266.45,308.8275440615503,575,stop,24367.087835391445,15.904501430493646,39
KPITTECH,2021-08-24,2021-09-16,315.1,325.2,505,failed a technical gate (trend/near-high/RSI) -- not in the top 20 at all,5100.499999999983,3.205331640748965,23
OFSS,2021-07-13,2021-09-20,3551.5,4196.5,41,failed a technical gate (trend/near-high/RSI) -- not in the top 20 at all,26445.0,18.161340278755446,69
ADANIENSOL,2021-09-20,2021-09-21,1729.35,1642.9,98,failed a technical gate (trend/near-high/RSI) -- not in the top 20 at all,-8472.099999999982,-4.998988059097343,1
APOLLOHOSP,2021-08-20,2021-09-24,4746.5,4731.8,33,failed a technical gate (trend/near-high/RSI) -- not in the top 20 at all,-485.099999999994,-0.3097018855999112,35
WIPRO,2021-08-23,2021-09-27,300.5,312.55,530,failed a technical gate (trend/near-high/RSI) -- not in the top 20 at all,6386.500000000006,4.009983361064906,35
COFORGE,2021-08-13,2021-09-28,962.5,1035.6279281148863,169,stop,12358.619851415791,7.597706817131056,46
PERSISTENT,2021-05-26,2021-09-28,1257.5,1755.7,117,failed a technical gate (trend/near-high/RSI) -- not in the top 20 at all,58289.40000000001,39.61829025844932,125
TECHM,2021-08-20,2021-09-28,1312.5,1326.7,121,failed a technical gate (trend/near-high/RSI) -- not in the top 20 at all,1718.2000000000055,1.0819047619047728,39
MPHASIS,2021-06-18,2021-10-01,1888.5,2836.9,74,failed a technical gate (trend/near-high/RSI) -- not in the top 20 at all,70181.6,50.21975112523167,105
OBEROIRLTY,2021-09-27,2021-10-06,948.8,853.5925580844728,185,stop,-17613.376754372526,-10.034511163103621,9
PRESTIGE,2021-09-24,2021-10-14,459.1,453.55,390,failed a technical gate (trend/near-high/RSI) -- not in the top 20 at all,-2164.5000000000045,-1.2088869527336121,20
OIL,2021-09-28,2021-10-18,155.5,157.05,1112,dropped out of top 20 rank (now #21 of 95),1723.6000000000126,0.9967845659164087,20
ADANIENSOL,2021-10-06,2021-10-19,1764.5,1745.05,98,dropped out of top 20 rank (now #21 of 89),-1906.1000000000045,-1.1022952677812392,13
OBEROIRLTY,2021-10-18,2021-10-20,966.9,882.2,186,failed a technical gate (trend/near-high/RSI) -- not in the top 20 at all,-15754.199999999988,-8.759954493742883,2
TATAELXSI,2021-08-17,2021-10-21,4715.25,5911.1,35,failed a technical gate (trend/near-high/RSI) -- not in the top 20 at all,41854.750000000015,25.361327607231864,65
DLF,2021-09-28,2021-10-21,410.05,407.1,421,failed a technical gate (trend/near-high/RSI) -- not in the top 20 at all,-1241.9499999999953,-0.7194244604316502,23
PERSISTENT,2021-10-19,2021-10-22,2096.0,1934.0781231368073,82,stop,-13277.593902781799,-7.725280384694311,3
GMRAIRPORT,2021-10-14,2021-10-25,43.4,39.297167450466176,4141,stop,-16989.82958761956,-9.453531220124011,11
INDUSTOWER,2021-09-21,2021-10-25,261.05,278.1,658,failed a technical gate (trend/near-high/RSI) -- not in the top 20 at all,11218.900000000007,6.531315839877427,34
TATAELXSI,2021-10-22,2021-10-25,6032.3,5809.2,28,failed a technical gate (trend/near-high/RSI) -- not in the top 20 at all,-6246.80000000001,-3.6984234868955523,3
JSWENERGY,2021-09-16,2021-10-27,311.35,366.55,546,failed a technical gate (trend/near-high/RSI) -- not in the top 20 at all,30139.199999999993,17.72924361650874,41
INDHOTEL,2021-09-28,2021-10-28,181.65,191.77994989474877,952,stop,9643.712299800822,5.576630825625517,30
GODREJPROP,2021-10-01,2021-10-28,2233.3,2270.45,78,failed a technical gate (trend/near-high/RSI) -- not in the top 20 at all,2897.6999999999716,1.6634576635472076,27
GMRAIRPORT,2021-10-25,2021-10-28,40.8,39.75,4113,failed a technical gate (trend/near-high/RSI) -- not in the top 20 at all,-4318.649999999989,-2.5735294117646967,3
OBEROIRLTY,2021-10-27,2021-10-28,931.05,891.75,183,failed a technical gate (trend/near-high/RSI) -- not in the top 20 at all,-7191.899999999991,-4.221040760431771,1
INDIANB,2021-10-21,2021-10-29,166.3,155.77172356438453,1025,stop,-10791.48334650587,-6.33089382779043,8
MPHASIS,2021-10-28,2021-10-29,3070.6,3037.1,53,failed a technical gate (trend/near-high/RSI) -- not in the top 20 at all,-1775.5,-1.0909919885364383,1
GODFRYPHLP,2021-10-28,2021-11-01,457.0,423.0,358,dropped out of top 20 rank (now #25 of 44),-12172.0,-7.4398249452954035,4
LTM,2021-10-28,2021-11-09,6689.35,6839.65,24,dropped out of top 20 rank (now #21 of 68),3607.1999999999825,2.2468550756052474,12
GODREJPROP,2021-11-01,2021-11-11,2345.3,2292.8,70,failed a technical gate (trend/near-high/RSI) -- not in the top 20 at all,-3675.0,-2.2385195923762424,10
GMRAIRPORT,2021-10-29,2021-11-15,40.55,40.5,3983,failed a technical gate (trend/near-high/RSI) -- not in the top 20 at all,-199.14999999998867,-0.12330456226880004,17
BANKBARODA,2021-10-21,2021-11-16,82.25,83.5,2074,failed a technical gate (trend/near-high/RSI) -- not in the top 20 at all,2592.5,1.5197568389057725,26
PRESTIGE,2021-11-09,2021-11-17,514.85,468.4813071685027,331,stop,-15348.037327225606,-9.006252856462527,8
ADANIENSOL,2021-10-25,2021-11-17,1869.9,1857.5,89,dropped out of top 20 rank (now #25 of 65),-1103.600000000008,-0.6631370661532743,23
OBEROIRLTY,2021-10-29,2021-11-18,905.3,921.5,178,failed a technical gate (trend/near-high/RSI) -- not in the top 20 at all,2883.600000000008,1.7894620567767694,20
TATAELXSI,2021-11-11,2021-11-22,6591.8,6171.601446720651,25,stop,-10504.963831983718,-6.374564660325688,11
INDIGO,2021-11-16,2021-11-22,2364.4,2192.483314270936,70,stop,-12034.1680010345,-7.271049134201668,6
TMPV,2021-10-20,2021-11-22,335.25,334.7,517,failed a technical gate (trend/near-high/RSI) -- not in the top 20 at all,-284.3500000000059,-0.16405667412379143,33
PGEL,2021-10-28,2021-11-22,49.3,49.4,3324,failed a technical gate (trend/near-high/RSI) -- not in the top 20 at all,332.40000000000475,0.20283975659229903,25
INDHOTEL,2021-11-15,2021-11-22,216.25,201.95,768,failed a technical gate (trend/near-high/RSI) -- not in the top 20 at all,-10982.400000000009,-6.612716763005788,7
PHOENIXLTD,2021-11-17,2021-11-22,542.3,503.0,304,failed a technical gate (trend/near-high/RSI) -- not in the top 20 at all,-11947.199999999986,-7.246911303706427,5
TECHM,2021-11-22,2021-11-24,1448.5,1445.4,107,failed a technical gate (trend/near-high/RSI) -- not in the top 20 at all,-331.69999999999027,-0.21401449775629855,2
COFORGE,2021-11-22,2021-11-24,1085.5,1075.5,142,failed a technical gate (trend/near-high/RSI) -- not in the top 20 at all,-1420.0,-0.9212344541685846,2
PERSISTENT,2021-10-25,2021-11-25,1979.85,2032.15,84,failed a technical gate (trend/near-high/RSI) -- not in the top 20 at all,4393.200000000015,2.6416142637068596,31
BLUESTARCO,2021-11-22,2021-11-25,522.3,492.7,296,failed a technical gate (trend/near-high/RSI) -- not in the top 20 at all,-8761.59999999999,-5.66724104920543,3
INDHOTEL,2021-11-24,2021-11-25,206.15,205.55,761,failed a technical gate (trend/near-high/RSI) -- not in the top 20 at all,-456.5999999999957,-0.2910502061605591,1
TIINDIA,2021-11-22,2021-11-26,1719.35,1568.1324051195572,90,stop,-13609.58353923984,-8.795044341201185,4
IEX,2021-11-17,2021-11-26,272.2,250.95,606,failed a technical gate (trend/near-high/RSI) -- not in the top 20 at all,-12877.5,-7.806759735488611,9
TVSMOTOR,2021-11-22,2021-11-26,709.85,676.8,218,failed a technical gate (trend/near-high/RSI) -- not in the top 20 at all,-7204.900000000015,-4.6559132211030585,4
PHOENIXLTD,2021-11-24,2021-11-26,517.7,484.2,303,closed below 200 EMA,-10150.500000000016,-6.4709291095229045,2
INDUSTOWER,2021-11-25,2021-11-26,286.05,268.6,546,closed below 200 EMA,-9527.699999999993,-6.100332109771012,1
PGEL,2021-11-25,2021-11-29,59.25,52.19022805141276,2640,stop,-18637.797944270314,-11.91522691744682,4
KEI,2021-11-22,2021-11-29,1032.6,1000.35,150,failed a technical gate (trend/near-high/RSI) -- not in the top 20 at all,-4837.499999999983,-3.123184195235318,7
ADANIGREEN,2021-11-25,2021-11-30,1405.05,1302.7252601426108,111,stop,-11358.046124170201,-7.282640465278045,5
ADANIENSOL,2021-11-26,2021-11-30,1993.85,1800.4066656589641,75,stop,-14508.250075577684,-9.70200036818396,4
BHARTIARTL,2021-11-26,2021-11-30,738.75,728.25,203,failed a technical gate (trend/near-high/RSI) -- not in the top 20 at all,-2131.5,-1.4213197969543123,4
VEDL,2021-11-26,2021-12-03,160.25,152.25,936,dropped out of top 20 rank (now #27 of 30),-7488.0,-4.99219968798752,7
TORNTPHARM,2021-11-29,2021-12-06,1518.65,1468.45,95,closed below 200 EMA,-4769.000000000005,-3.30556744477003,7
APOLLOHOSP,2021-11-26,2021-12-09,5687.6,5215.024152646725,26,stop,-12286.972031185152,-8.308879797335877,13
KEI,2021-11-30,2021-12-13,1104.9,1088.7,132,failed a technical gate (trend/near-high/RSI) -- not in the top 20 at all,-2138.400000000006,-1.4661960358403503,13
BAJAJHLDNG,2021-11-30,2021-12-14,5037.8,5487.9,29,dropped out of top 20 rank (now #21 of 50),13052.899999999983,8.93445551629679,14
PRESTIGE,2021-12-13,2021-12-15,460.6,450.1,337,failed a technical gate (trend/near-high/RSI) -- not in the top 20 at all,-3538.5,-2.2796352583586588,2
INDHOTEL,2021-12-09,2021-12-16,203.9,195.05,758,failed a technical gate (trend/near-high/RSI) -- not in the top 20 at all,-6708.299999999996,-4.340362923001473,7
PHOENIXLTD,2021-12-15,2021-12-16,513.9,506.3,304,failed a technical gate (trend/near-high/RSI) -- not in the top 20 at all,-2310.3999999999896,-1.4788869429850138,1
BSE,2021-11-29,2021-12-17,170.0,216.244085734321,857,stop,39631.1814743131,27.202403373130004,18
GMRAIRPORT,2021-12-06,2021-12-17,41.85,41.45,3594,failed a technical gate (trend/near-high/RSI) -- not in the top 20 at all,-1437.599999999995,-0.9557945041815952,11
PRESTIGE,2021-12-16,2021-12-17,455.3,450.85,340,failed a technical gate (trend/near-high/RSI) -- not in the top 20 at all,-1512.9999999999961,-0.9773775532615825,1
DLF,2021-12-16,2021-12-17,405.15,390.2,383,closed below 200 EMA,-5725.849999999996,-3.689991361224232,1
MPHASIS,2021-12-17,2021-12-20,3063.2,2834.274671099007,49,stop,-11217.341116148658,-7.473404573680886,3
KPITTECH,2021-11-18,2021-12-20,449.45,456.75,357,failed a technical gate (trend/near-high/RSI) -- not in the top 20 at all,2606.100000000004,1.6242073645566846,32
TECHM,2021-12-14,2021-12-20,1545.5,1502.8,102,failed a technical gate (trend/near-high/RSI) -- not in the top 20 at all,-4355.400000000005,-2.76285991588483,6
BSE,2021-12-17,2021-12-20,217.5,212.5,697,failed a technical gate (trend/near-high/RSI) -- not in the top 20 at all,-3485.0,-2.298850574712641,3
PHOENIXLTD,2021-12-17,2021-12-20,510.35,505.9,297,failed a technical gate (trend/near-high/RSI) -- not in the top 20 at all,-1321.6500000000135,-0.8719506221220863,3
BLUESTARCO,2021-12-20,2021-12-21,503.4,489.4,292,failed a technical gate (trend/near-high/RSI) -- not in the top 20 at all,-4088.0,-2.7810885975367516,1
POWERGRID,2021-11-26,2021-12-22,147.95,147.6,1014,failed a technical gate (trend/near-high/RSI) -- not in the top 20 at all,-354.89999999999424,-0.2365664075701157,26
TORNTPHARM,2021-12-20,2021-12-24,1533.9,1523.1,96,failed a technical gate (trend/near-high/RSI) -- not in the top 20 at all,-1036.8000000000175,-0.7040876197926926,4
APLAPOLLO,2021-12-20,2021-12-27,1017.15,991.2,144,dropped out of top 20 rank (now #23 of 32),-3736.79999999999,-2.5512461288895394,7
SIEMENS,2021-12-20,2021-12-30,1794.2,1793.75,82,failed a technical gate (trend/near-high/RSI) -- not in the top 20 at all,-36.90000000000373,-0.025080815962552627,10
PERSISTENT,2021-12-03,2022-01-06,2168.1,2267.1,70,failed a technical gate (trend/near-high/RSI) -- not in the top 20 at all,6930.0,4.566210045662111,34
INFY,2021-12-20,2022-01-06,1760.8,1779.3,83,failed a technical gate (trend/near-high/RSI) -- not in the top 20 at all,1535.5,1.0506587914584253,17
TECHM,2021-12-22,2022-01-06,1561.9,1592.8,96,failed a technical gate (trend/near-high/RSI) -- not in the top 20 at all,2966.399999999987,1.9783596901209899,15
TATAELXSI,2022-01-06,2022-01-07,5873.55,5799.55,26,closed below 200 EMA,-1924.0,-1.2598854185288277,1
COFORGE,2021-12-30,2022-01-10,1172.0,1115.7168973923717,135,stop,-7598.218852029818,-4.802312509183304,11
LTM,2021-12-24,2022-01-10,7166.55,7103.55,21,failed a technical gate (trend/near-high/RSI) -- not in the top 20 at all,-1323.0,-0.8790840781129017,17
GMRAIRPORT,2021-12-27,2022-01-11,46.15,44.85,3356,failed a technical gate (trend/near-high/RSI) -- not in the top 20 at all,-4362.79999999999,-2.8169014084507005,15
PRESTIGE,2022-01-10,2022-01-11,464.75,461.7,348,failed a technical gate (trend/near-high/RSI) -- not in the top 20 at all,-1061.400000000004,-0.6562668101129709,1
WIPRO,2021-12-17,2022-01-12,320.55,330.4,473,failed a technical gate (trend/near-high/RSI) -- not in the top 20 at all,4659.049999999984,3.0728435501481632,26
LTM,2022-01-11,2022-01-13,7174.15,7132.6,22,failed a technical gate (trend/near-high/RSI) -- not in the top 20 at all,-914.099999999984,-0.5791626882627132,2
HCLTECH,2022-01-07,2022-01-17,1290.55,1262.6224842035824,124,stop,-3463.0119587557747,-2.1640010690339384,10
TECHM,2022-01-10,2022-01-18,1615.7,1562.9,100,failed a technical gate (trend/near-high/RSI) -- not in the top 20 at all,-5279.999999999995,-3.2679334034783625,8
NBCC,2022-01-17,2022-01-19,35.07,32.77748333578218,4702,stop,-10779.413355152195,-6.536973664721479,2
INFY,2022-01-11,2022-01-20,1816.3,1791.7441157716448,89,stop,-2185.4736963236064,-1.3519729245364265,9
TCS,2022-01-06,2022-01-20,3807.45,3826.55,41,failed a technical gate (trend/near-high/RSI) -- not in the top 20 at all,783.1000000000149,0.5016480846760984,14
SRF,2022-01-18,2022-01-21,2615.15,2469.8005425373512,61,stop,-8866.31690522158,-5.557977839230976,3
PGEL,2021-11-30,2022-01-21,53.55,75.35,2736,failed a technical gate (trend/near-high/RSI) -- not in the top 20 at all,59644.799999999996,40.709617180205406,52
KPITTECH,2021-12-21,2022-01-24,481.5,629.1021241577938,307,stop,45313.8521164427,30.654646761743255,34
PRESTIGE,2022-01-12,2022-01-24,471.15,458.9879693325548,343,stop,-4171.576518933687,-2.581350030233509,12
HAL,2022-01-20,2022-01-24,715.55,675.6888541350477,224,stop,-8928.89667374931,-5.570700281594898,4
KEI,2022-01-21,2022-01-24,1165.8,1108.95,134,failed a technical gate (trend/near-high/RSI) -- not in the top 20 at all,-7617.899999999988,-4.876479670612444,3
INDIGO,2022-01-21,2022-01-24,2084.35,1992.2,75,closed below 200 EMA,-6911.24999999999,-4.421042531244746,3
SUZLON,2022-01-06,2022-01-25,9.3,9.8,17026,stop,8513.0,5.376344086021501,19
PIDILITIND,2022-01-24,2022-01-25,1320.2,1294.9,113,failed a technical gate (trend/near-high/RSI) -- not in the top 20 at all,-2858.899999999995,-1.9163763066202044,1
KPITTECH,2022-01-25,2022-01-27,648.4,633.05,233,failed a technical gate (trend/near-high/RSI) -- not in the top 20 at all,-3576.550000000005,-2.3673658235657036,2
POWERGRID,2022-01-21,2022-02-04,157.75,153.7,993,failed a technical gate (trend/near-high/RSI) -- not in the top 20 at all,-4021.6500000000115,-2.5673534072900184,14
SUZLON,2022-01-25,2022-02-07,10.1,10.2,14981,failed a technical gate (trend/near-high/RSI) -- not in the top 20 at all,1498.0999999999947,0.990099009900991,13
HAL,2022-01-24,2022-02-08,680.45,689.0,220,failed a technical gate (trend/near-high/RSI) -- not in the top 20 at all,1880.99999999999,1.2565214196487595,15
ADANIENSOL,2022-01-24,2022-02-08,2035.9,1968.3,73,failed a technical gate (trend/near-high/RSI) -- not in the top 20 at all,-4934.80000000001,-3.3203988408075147,15
POWERGRID,2022-02-07,2022-02-08,156.7,154.0,986,failed a technical gate (trend/near-high/RSI) -- not in the top 20 at all,-2662.199999999989,-1.723037651563486,1
BSE,2022-02-04,2022-02-09,246.5,225.35625957519036,624,stop,-13193.694025081213,-8.577582322437982,5
ONGC,2022-01-24,2022-02-09,149.8,148.2,1000,failed a technical gate (trend/near-high/RSI) -- not in the top 20 at all,-1600.0000000000227,-1.0680907877169687,16
BDL,2022-01-20,2022-02-11,230.6,226.1,698,failed a technical gate (trend/near-high/RSI) -- not in the top 20 at all,-3141.0,-1.9514310494362586,22
INDHOTEL,2022-02-08,2022-02-11,210.85,206.6,722,failed a technical gate (trend/near-high/RSI) -- not in the top 20 at all,-3068.5,-2.015650936684843,3
HAL,2022-02-09,2022-02-11,707.25,690.0,215,failed a technical gate (trend/near-high/RSI) -- not in the top 20 at all,-3708.75,-2.4390243902439046,2
TATAELXSI,2022-01-13,2022-02-14,6401.75,6911.35,25,failed a technical gate (trend/near-high/RSI) -- not in the top 20 at all,12740.00000000001,7.960323349084231,32
MARUTI,2022-02-08,2022-02-14,8599.45,8366.4,17,failed a technical gate (trend/near-high/RSI) -- not in the top 20 at all,-3961.8500000000186,-2.7100570385315437,6
ADANIENSOL,2022-02-11,2022-02-14,2016.05,1915.25,74,closed below 200 EMA,-7459.199999999997,-4.999875995139003,3
ADANIGREEN,2022-01-24,2022-02-15,1837.85,1792.8244345417575,81,stop,-3647.070802117639,-2.4499042608614685,22
BANKBARODA,2022-01-27,2022-02-15,89.8,90.97337127661508,1689,stop,1981.8240862028802,1.306649528524595,19
ONGC,2022-02-11,2022-02-15,151.95,142.84724655233154,986,stop,-8975.31489940109,-5.9906241840529395,4
OIL,2022-02-14,2022-02-15,150.5,149.8,951,failed a technical gate (trend/near-high/RSI) -- not in the top 20 at all,-665.6999999999891,-0.46511627906975495,1
BDL,2022-02-14,2022-02-16,231.9,230.65,617,failed a technical gate (trend/near-high/RSI) -- not in the top 20 at all,-771.25,-0.5390254420008622,2
NATIONALUM,2022-02-11,2022-02-18,119.94,112.74,1250,failed a technical gate (trend/near-high/RSI) -- not in the top 20 at all,-9000.000000000004,-6.003001500750383,7
BANKBARODA,2022-02-15,2022-02-18,96.0,91.55,1496,failed a technical gate (trend/near-high/RSI) -- not in the top 20 at all,-6657.200000000004,-4.63541666666667,3
INDIGO,2022-02-08,2022-02-21,2182.6,2086.55,69,failed a technical gate (trend/near-high/RSI) -- not in the top 20 at all,-6627.449999999981,-4.400714743883427,13
ONGC,2022-02-16,2022-02-21,152.35,147.65,945,failed a technical gate (trend/near-high/RSI) -- not in the top 20 at all,-4441.499999999989,-3.085001640958307,5
BDL,2022-02-18,2022-02-21,236.35,229.85,605,failed a technical gate (trend/near-high/RSI) -- not in the top 20 at all,-3932.5,-2.750158662999791,3
ADANIPOWER,2022-02-18,2022-02-21,26.3,24.05,5445,failed a technical gate (trend/near-high/RSI) -- not in the top 20 at all,-12251.25,-8.55513307984791,3
BSE,2022-02-09,2022-02-22,248.5,229.5,613,failed a technical gate (trend/near-high/RSI) -- not in the top 20 at all,-11647.0,-7.6458752515090485,13
JSWENERGY,2022-02-21,2022-02-22,339.35,327.65,411,failed a technical gate (trend/near-high/RSI) -- not in the top 20 at all,-4808.700000000019,-3.4477677913658633,1
TVSMOTOR,2022-02-22,2022-02-23,663.5,651.45,209,failed a technical gate (trend/near-high/RSI) -- not in the top 20 at all,-2518.4499999999907,-1.816126601356438,1
BLUESTARCO,2022-02-14,2022-02-24,501.9,507.8,285,failed a technical gate (trend/near-high/RSI) -- not in the top 20 at all,1681.5000000000098,1.1755329746961696,10
ADANIGREEN,2022-02-15,2022-02-24,1889.5,1849.75,76,failed a technical gate (trend/near-high/RSI) -- not in the top 20 at all,-3021.0,-2.103731145805765,9
MARUTI,2022-02-15,2022-02-24,8622.7,8210.15,16,closed below 200 EMA,-6600.8000000000175,-4.784464262933897,9
SIEMENS,2022-02-15,2022-02-24,1844.55,1741.25,77,closed below 200 EMA,-7954.099999999997,-5.600281911577342,9
CHOLAFIN,2022-02-21,2022-02-24,674.15,647.85,207,failed a technical gate (trend/near-high/RSI) -- not in the top 20 at all,-5444.09999999999,-3.9012089297634,3
EICHERMOT,2022-02-21,2022-02-24,2699.0,2617.15,51,closed below 200 EMA,-4174.349999999995,-3.0326046683956998,3
VOLTAS,2022-02-21,2022-02-24,1243.65,1196.9,112,closed below 200 EMA,-5236.0,-3.759096208740398,3
CUMMINSIND,2022-02-22,2022-02-24,950.25,927.7,146,closed below 200 EMA,-3292.2999999999934,-2.373059721126014,2
ADANIENSOL,2022-02-23,2022-02-24,2060.15,1957.3,67,failed a technical gate (trend/near-high/RSI) -- not in the top 20 at all,-6890.950000000009,-4.992354925612219,1
ADANIGREEN,2022-02-25,2022-02-28,1923.5,1843.4,69,failed a technical gate (trend/near-high/RSI) -- not in the top 20 at all,-5526.899999999994,-4.164283857551332,3
VOLTAS,2022-02-25,2022-03-03,1252.3,1197.15,106,closed below 200 EMA,-5845.899999999985,-4.403896829833098,6
CUMMINSIND,2022-02-25,2022-03-03,959.6,951.0,138,failed a technical gate (trend/near-high/RSI) -- not in the top 20 at all,-1186.8000000000031,-0.8962067528136775,6
BLUESTARCO,2022-02-25,2022-03-04,528.5,513.95,251,failed a technical gate (trend/near-high/RSI) -- not in the top 20 at all,-3652.0499999999884,-2.7530747398296973,7
CHOLAFIN,2022-02-25,2022-03-04,683.8,658.5,194,failed a technical gate (trend/near-high/RSI) -- not in the top 20 at all,-4908.199999999992,-3.6999122550453234,7
TITAN,2022-02-28,2022-03-04,2546.55,2441.0,52,closed below 200 EMA,-5488.6000000000095,-4.144823388506024,4
HAL,2022-03-04,2022-03-07,686.05,662.5,193,closed below 200 EMA,-4545.149999999991,-3.432694410028414,3
ONGC,2022-03-07,2022-03-10,168.9,152.05,795,stop,-13395.749999999996,-9.976317347542917,3
NATIONALUM,2022-02-28,2022-03-14,118.77,115.29,1131,failed a technical gate (trend/near-high/RSI) -- not in the top 20 at all,-3935.8799999999883,-2.9300328365748807,14
OIL,2022-03-04,2022-03-14,163.1,154.05,814,failed a technical gate (trend/near-high/RSI) -- not in the top 20 at all,-7366.699999999986,-5.548743102391162,10
HINDALCO,2022-02-25,2022-03-15,533.9,559.75,248,failed a technical gate (trend/near-high/RSI) -- not in the top 20 at all,6410.800000000006,4.841730661172505,18
VEDL,2022-02-28,2022-03-15,173.0,162.1,776,closed below 200 EMA,-8458.400000000005,-6.300578034682081,15
POWERGRID,2022-03-03,2022-03-21,159.85,150.3862754329009,856,stop,-8100.948229436823,-5.920378209007882,18
GAIL,2022-03-04,2022-03-21,91.71,84.89103613995715,1448,stop,-9873.859669342035,-7.435354770518854,17
BSE,2022-03-15,2022-03-28,326.5,294.5,392,dropped out of top 20 rank (now #23 of 47),-12544.0,-9.800918836140893,13
HINDALCO,2022-03-21,2022-03-31,589.95,572.5605906471086,222,stop,-3860.4488763419013,-2.947607314669287,10
COALINDIA,2022-03-28,2022-04-12,178.05,173.15,767,failed a technical gate (trend/near-high/RSI) -- not in the top 20 at all,-3758.3000000000043,-2.7520359449592857,15
TATAELXSI,2022-03-14,2022-04-18,7169.65,7934.491467371794,18,stop,13767.146412692298,10.66776575386239,35
BANKBARODA,2022-03-15,2022-04-18,92.05,99.55,1393,failed a technical gate (trend/near-high/RSI) -- not in the top 20 at all,10447.5,8.147745790331351,34
VEDL,2022-03-21,2022-04-25,182.55,181.4883794448132,720,stop,-764.3667997345005,-0.5815505643313124,35
JINDALSTEL,2022-03-03,2022-04-25,445.1,526.2,307,failed a technical gate (trend/near-high/RSI) -- not in the top 20 at all,24897.700000000008,18.22062457874636,53
COALINDIA,2022-04-18,2022-04-25,176.35,175.45,849,failed a technical gate (trend/near-high/RSI) -- not in the top 20 at all,-764.1000000000048,-0.5103487383045113,7
MAZDOCK,2022-04-18,2022-04-29,165.65,150.39563603843553,904,stop,-13789.945021254289,-9.208792008188638,11
HAL,2022-03-14,2022-04-29,690.6,797.55,189,failed a technical gate (trend/near-high/RSI) -- not in the top 20 at all,20213.54999999999,15.486533449174612,46
BDL,2022-03-10,2022-05-02,237.7,357.7938926765821,548,stop,65811.453186767,50.52330360815402,53
BEL,2022-04-25,2022-05-02,81.95,79.4,1781,failed a technical gate (trend/near-high/RSI) -- not in the top 20 at all,-4541.549999999995,-3.1116534472239166,7
MAZDOCK,2022-04-29,2022-05-02,150.1,146.7,973,failed a technical gate (trend/near-high/RSI) -- not in the top 20 at all,-3308.2000000000057,-2.2651565622918146,3
JINDALSTEL,2022-04-29,2022-05-02,540.05,532.85,270,failed a technical gate (trend/near-high/RSI) -- not in the top 20 at all,-1943.9999999999816,-1.333209887973319,3
ADANIPORTS,2022-04-25,2022-05-04,859.55,821.8033332559509,169,stop,-6379.186679744297,-4.391445145023454,9
ADANIENT,2022-03-31,2022-05-04,1953.3,2185.0,69,failed a technical gate (trend/near-high/RSI) -- not in the top 20 at all,15987.300000000003,11.86197716684585,34
APLAPOLLO,2022-05-02,2022-05-04,1029.0,977.75,140,failed a technical gate (trend/near-high/RSI) -- not in the top 20 at all,-7175.0,-4.980563654033043,2
ADANIPOWER,2022-04-12,2022-05-05,46.15,51.151169504948186,3195,stop,15978.736568309458,10.836770324914813,23
RELIANCE,2022-05-04,2022-05-05,1283.8,1258.65,109,failed a technical gate (trend/near-high/RSI) -- not in the top 20 at all,-2741.349999999985,-1.959027885963538,1
KEI,2022-05-04,2022-05-05,1240.6,1204.3,113,failed a technical gate (trend/near-high/RSI) -- not in the top 20 at all,-4101.899999999995,-2.9260035466709633,1
MARICO,2022-05-05,2022-05-06,519.75,503.65,270,closed below 200 EMA,-4347.000000000006,-3.097643097643099,1
ADANIGREEN,2022-04-25,2022-05-10,2824.0,2489.340403762168,51,stop,-17067.639408129427,-11.850552274710758,15
ADANIENSOL,2022-02-25,2022-05-10,2032.85,2482.55,65,closed below 200 EMA,29230.50000000002,22.121651868067005,74
NHPC,2022-05-04,2022-05-10,32.45,31.95,4351,failed a technical gate (trend/near-high/RSI) -- not in the top 20 at all,-2175.5000000000155,-1.5408320493066396,6
ITC,2022-05-05,2022-05-10,216.1,214.2,651,failed a technical gate (trend/near-high/RSI) -- not in the top 20 at all,-1236.9000000000037,-0.8792225821379063,5
TIINDIA,2022-05-06,2022-05-11,1822.45,1696.6680135467677,77,stop,-9685.21295689889,-6.901807262379345,5
NTPC,2022-05-02,2022-05-11,157.5,152.55,918,failed a technical gate (trend/near-high/RSI) -- not in the top 20 at all,-4544.099999999989,-3.142857142857136,9
ADANIPOWER,2022-05-05,2022-05-11,55.65,51.05,2528,failed a technical gate (trend/near-high/RSI) -- not in the top 20 at all,-11628.800000000003,-8.265947888589398,6
COLPAL,2022-05-10,2022-05-11,1589.9,1576.0,85,failed a technical gate (trend/near-high/RSI) -- not in the top 20 at all,-1181.5000000000077,-0.8742688219384953,1
PHOENIXLTD,2022-05-11,2022-05-12,527.55,516.5,252,closed below 200 EMA,-2784.5999999999885,-2.0945881906928143,1
POWERGRID,2022-05-02,2022-05-18,170.1,167.35,850,failed a technical gate (trend/near-high/RSI) -- not in the top 20 at all,-2337.5,-1.6166960611405101,16
VBL,2022-05-02,2022-05-19,147.3,141.5,981,failed a technical gate (trend/near-high/RSI) -- not in the top 20 at all,-5689.800000000011,-3.9375424304141315,17
POLYCAB,2022-05-17,2022-05-23,2603.1,2543.2,51,dropped out of top 20 rank (now #22 of 23),-3054.9000000000046,-2.3011025315969436,6
PATANJALI,2022-05-18,2022-05-24,396.0,366.4,340,failed a technical gate (trend/near-high/RSI) -- not in the top 20 at all,-10064.000000000007,-7.4747474747474785,6
BDL,2022-05-23,2022-05-25,386.4,353.75,356,failed a technical gate (trend/near-high/RSI) -- not in the top 20 at all,-11623.399999999992,-8.449792960662517,2
VBL,2022-05-24,2022-05-25,147.9,141.8,910,failed a technical gate (trend/near-high/RSI) -- not in the top 20 at all,-5550.9999999999945,-4.1244083840432655,1
BAJAJ-AUTO,2022-05-17,2022-06-01,3650.5,3628.0,36,failed a technical gate (trend/near-high/RSI) -- not in the top 20 at all,-810.0,-0.6163539241199834,15
ADANIPOWER,2022-05-13,2022-06-02,50.95,59.05,2611,failed a technical gate (trend/near-high/RSI) -- not in the top 20 at all,21149.099999999984,15.897939156035324,20
SIEMENS,2022-05-25,2022-06-03,1787.6,1789.2,73,failed a technical gate (trend/near-high/RSI) -- not in the top 20 at all,116.80000000000996,0.08950548221078325,9
EICHERMOT,2022-05-17,2022-06-06,2706.7,2653.1,49,failed a technical gate (trend/near-high/RSI) -- not in the top 20 at all,-2626.3999999999955,-1.9802711789263627,20
BRITANNIA,2022-05-25,2022-06-06,3516.5,3491.95,37,failed a technical gate (trend/near-high/RSI) -- not in the top 20 at all,-908.3500000000067,-0.6981373524811652,12
ADANIPOWER,2022-06-06,2022-06-07,59.65,58.3,2228,failed a technical gate (trend/near-high/RSI) -- not in the top 20 at all,-3007.8000000000034,-2.2632020117351215,1
ITC,2022-05-18,2022-06-08,220.0,220.95,612,failed a technical gate (trend/near-high/RSI) -- not in the top 20 at all,581.399999999993,0.43181818181816656,21
PETRONET,2022-05-18,2022-06-10,206.05,203.9,653,failed a technical gate (trend/near-high/RSI) -- not in the top 20 at all,-1403.9500000000037,-1.0434360592089353,23
ASHOKLEY,2022-06-02,2022-06-13,69.3,64.24282416414306,1944,stop,-9831.149824905888,-7.2975120286535855,11
BEL,2022-06-03,2022-06-13,80.75,78.5,1645,failed a technical gate (trend/near-high/RSI) -- not in the top 20 at all,-3701.25,-2.786377708978327,10
BAJAJ-AUTO,2022-06-13,2022-06-14,3785.5,3571.064950225659,34,stop,-7290.791692327602,-5.66464270966428,1
KEI,2022-06-13,2022-06-14,1265.3,1247.2,102,failed a technical gate (trend/near-high/RSI) -- not in the top 20 at all,-1846.1999999999907,-1.4304907926973809,1
TATAELXSI,2022-05-19,2022-06-15,8261.5,8159.65,16,failed a technical gate (trend/near-high/RSI) -- not in the top 20 at all,-1629.6000000000058,-1.2328269684682036,27
COALINDIA,2022-06-07,2022-06-15,183.9,176.9,727,failed a technical gate (trend/near-high/RSI) -- not in the top 20 at all,-5089.0,-3.8064165307232223,8
OIL,2022-06-06,2022-06-16,185.95,171.7701437904799,714,stop,-10124.417333597348,-7.625628507405269,10
HAL,2022-05-18,2022-06-16,840.5,898.55,160,failed a technical gate (trend/near-high/RSI) -- not in the top 20 at all,9287.999999999993,6.906603212373574,29
EICHERMOT,2022-06-10,2022-06-16,2712.85,2652.5,49,failed a technical gate (trend/near-high/RSI) -- not in the top 20 at all,-2957.1499999999955,-2.224597747756052,6
BEL,2022-06-14,2022-06-16,80.45,77.45,1604,closed below 200 EMA,-4812.0,-3.7290242386575523,2
SIEMENS,2022-06-14,2022-06-16,1828.75,1783.85,70,closed below 200 EMA,-3143.0000000000064,-2.455228981544777,2
KEI,2022-06-15,2022-06-16,1258.65,1237.9,102,failed a technical gate (trend/near-high/RSI) -- not in the top 20 at all,-2116.5,-1.6485917451237397,1
OIL,2022-06-16,2022-06-17,176.6,169.75,714,failed a technical gate (trend/near-high/RSI) -- not in the top 20 at all,-4890.899999999996,-3.878822197055487,1
BDL,2022-06-01,2022-06-20,406.65,357.5940482537787,332,stop,-16286.57597974547,-12.06343335699528,19
HAL,2022-06-17,2022-06-20,949.35,875.3126504867234,132,stop,-9772.93013575251,-7.798741192739933,3
VBL,2022-06-08,2022-06-21,148.95,147.75,887,failed a technical gate (trend/near-high/RSI) -- not in the top 20 at all,-1064.3999999999899,-0.80563947633433,13
BAJAJ-AUTO,2022-06-27,2022-06-30,3766.0,3615.0,32,closed below 200 EMA,-4832.0,-4.009559214020175,3
TORNTPHARM,2022-06-21,2022-07-07,1411.8,1474.25,87,dropped out of top 20 rank (now #23 of 27),5433.150000000004,4.42343108088965,16
ASHOKLEY,2022-06-23,2022-07-14,67.35,68.4,1827,failed a technical gate (trend/near-high/RSI) -- not in the top 20 at all,1918.3500000000208,1.5590200445434466,21
PHOENIXLTD,2022-06-23,2022-07-20,569.7,601.8,216,dropped out of top 20 rank (now #22 of 43),6933.59999999998,5.634544497103722,27
HEROMOTOCO,2022-06-28,2022-07-25,2601.45,2671.8,48,dropped out of top 20 rank (now #21 of 50),3376.8000000000175,2.7042610851640614,27
TIINDIA,2022-06-30,2022-08-02,1841.3,1992.507739065883,67,stop,10130.918517414166,8.212009942208386,33
BRITANNIA,2022-07-20,2022-08-03,3828.3,3770.0,34,failed a technical gate (trend/near-high/RSI) -- not in the top 20 at all,-1982.2000000000062,-1.5228691586343879,14
VBL,2022-06-22,2022-08-22,149.7,187.17200238682832,820,stop,30727.041957199235,25.03139771999221,61
BDL,2022-08-02,2022-08-22,421.6,399.15,325,failed a technical gate (trend/near-high/RSI) -- not in the top 20 at all,-7296.250000000015,-5.324952561669837,20
HINDUNILVR,2022-07-07,2022-08-23,2472.95,2592.75,52,failed a technical gate (trend/near-high/RSI) -- not in the top 20 at all,6229.6000000000095,4.844416587476497,47
BDL,2022-08-23,2022-08-24,405.6,402.7,349,failed a technical gate (trend/near-high/RSI) -- not in the top 20 at all,-1012.100000000012,-0.7149901380670731,1
CGPOWER,2022-06-24,2022-08-26,186.2,227.1,663,failed a technical gate (trend/near-high/RSI) -- not in the top 20 at all,27116.700000000004,21.965628356605805,63
PIIND,2022-08-22,2022-09-06,3379.0,3265.15,41,failed a technical gate (trend/near-high/RSI) -- not in the top 20 at all,-4667.849999999997,-3.369340041432378,15
ADANIENSOL,2022-07-14,2022-09-21,2889.15,3865.75,44,failed a technical gate (trend/near-high/RSI) -- not in the top 20 at all,42970.399999999994,33.80232940484225,69
BEL,2022-07-25,2022-09-23,90.0,106.65,1490,failed a technical gate (trend/near-high/RSI) -- not in the top 20 at all,24808.500000000007,18.500000000000007,60
BANKBARODA,2022-08-26,2022-09-23,113.0,116.95,1276,failed a technical gate (trend/near-high/RSI) -- not in the top 20 at all,5040.2000000000035,3.4955752212389335,28
HAL,2022-08-03,2022-09-26,1012.45,1196.2,136,stop,24990.0,18.149044397254176,54
BDL,2022-09-21,2022-09-26,460.5,423.2213738386928,344,stop,-12823.847399489681,-8.095249980739894,5
EICHERMOT,2022-06-23,2022-09-26,2819.05,3515.55,43,failed a technical gate (trend/near-high/RSI) -- not in the top 20 at all,29949.5,24.70690480835742,95
VBL,2022-08-24,2022-09-27,206.2,209.56746304482184,688,stop,2316.8145748374304,1.6331052593704376,34
TIINDIA,2022-09-23,2022-09-27,2772.35,2555.6880014283797,56,stop,-12133.07192001073,-7.8151026591743555,4
AMBUJACEM,2022-09-23,2022-09-27,539.35,490.3819763321896,292,stop,-14298.662911000645,-9.079081054567617,4
ITC,2022-06-27,2022-09-28,222.65,271.8126895211766,555,stop,27285.292684253007,22.080704927543948,93
CGPOWER,2022-09-26,2022-09-28,246.7,233.6,611,failed a technical gate (trend/near-high/RSI) -- not in the top 20 at all,-8004.099999999997,-5.310093230644508,2
BAJAJHLDNG,2022-09-26,2022-09-29,6760.85,6266.525929743939,22,stop,-10875.129545633354,-7.311566892566191,3
HINDUNILVR,2022-09-26,2022-10-03,2660.55,2622.5,56,failed a technical gate (trend/near-high/RSI) -- not in the top 20 at all,-2130.80000000001,-1.4301554189923182,7
EICHERMOT,2022-09-27,2022-10-03,3570.55,3463.35,41,failed a technical gate (trend/near-high/RSI) -- not in the top 20 at all,-4395.200000000012,-3.0023385752895315,6
AMBUJACEM,2022-09-27,2022-10-03,504.35,488.65,297,failed a technical gate (trend/near-high/RSI) -- not in the top 20 at all,-4662.900000000013,-3.112917616734423,6
MARICO,2022-09-28,2022-10-03,547.4,529.5,272,failed a technical gate (trend/near-high/RSI) -- not in the top 20 at all,-4868.799999999994,-3.270003653635367,5
ITC,2022-09-29,2022-10-03,274.65,267.5,546,failed a technical gate (trend/near-high/RSI) -- not in the top 20 at all,-3903.899999999988,-2.6033133078463444,4
NESTLEIND,2022-10-03,2022-10-07,949.6,966.0,160,dropped out of top 20 rank (now #21 of 36),2623.9999999999964,1.7270429654591357,4
CIPLA,2022-10-03,2022-10-07,1130.75,1130.5,134,dropped out of top 20 rank (now #25 of 36),-33.5,-0.022109219544552694,4
360ONE,2022-10-03,2022-10-10,468.65,445.6,325,failed a technical gate (trend/near-high/RSI) -- not in the top 20 at all,-7491.249999999985,-4.9183825882854855,7
BRITANNIA,2022-09-28,2022-10-11,3853.2,3727.9,38,failed a technical gate (trend/near-high/RSI) -- not in the top 20 at all,-4761.39999999999,-3.251842624312251,13
HAL,2022-10-07,2022-10-11,1229.85,1184.4,130,failed a technical gate (trend/near-high/RSI) -- not in the top 20 at all,-5908.499999999976,-3.695572630808619,4
AMBUJACEM,2022-10-10,2022-10-11,522.65,500.2,305,failed a technical gate (trend/near-high/RSI) -- not in the top 20 at all,-6847.249999999996,-4.295417583468863,1
BDL,2022-10-07,2022-10-12,458.8,441.1,350,failed a technical gate (trend/near-high/RSI) -- not in the top 20 at all,-6194.999999999996,-3.857890148212728,5
UNOMINDA,2022-10-03,2022-10-13,556.4,554.25,274,failed a technical gate (trend/near-high/RSI) -- not in the top 20 at all,-589.0999999999938,-0.3864126527677869,10
AMBUJACEM,2022-10-12,2022-10-13,505.45,496.85,310,failed a technical gate (trend/near-high/RSI) -- not in the top 20 at all,-2665.9999999999895,-1.7014541497675228,1
TIINDIA,2022-09-27,2022-10-14,2577.7,2643.9,58,failed a technical gate (trend/near-high/RSI) -- not in the top 20 at all,3839.600000000016,2.56818093649378,17
MAXHEALTH,2022-10-13,2022-10-18,429.15,407.45,366,failed a technical gate (trend/near-high/RSI) -- not in the top 20 at all,-7942.199999999996,-5.056507048817426,5
BAJAJHLDNG,2022-10-03,2022-10-20,6507.25,6467.45,23,failed a technical gate (trend/near-high/RSI) -- not in the top 20 at all,-915.4000000000042,-0.6116254946405997,17
CGPOWER,2022-10-11,2022-10-24,251.5,255.95,614,dropped out of top 20 rank (now #27 of 47),2732.299999999993,1.7693836978131205,13
AMBUJACEM,2022-10-14,2022-10-25,501.85,513.1,311,dropped out of top 20 rank (now #24 of 46),3498.75,2.241705688950879,11
IDFCFIRSTB,2022-10-13,2022-10-31,54.45,56.1,2891,dropped out of top 20 rank (now #27 of 55),4770.149999999996,3.0303030303030276,18
EICHERMOT,2022-10-31,2022-11-04,3850.45,3647.421030330783,41,stop,-8324.187756437881,-5.272863422956187,4
HAL,2022-10-25,2022-11-10,1251.9,1215.55,128,failed a technical gate (trend/near-high/RSI) -- not in the top 20 at all,-4652.8000000000175,-2.9035865484463685,16
BDL,2022-10-20,2022-11-14,460.8,473.7,345,failed a technical gate (trend/near-high/RSI) -- not in the top 20 at all,4450.499999999992,2.799479166666652,25
BEL,2022-10-24,2022-11-14,104.8,106.6,1529,failed a technical gate (trend/near-high/RSI) -- not in the top 20 at all,2752.1999999999957,1.717557251908386,21
MAZDOCK,2022-08-22,2022-11-22,152.05,377.9707646003949,922,stop,208298.94496156406,148.58320591936524,92
COCHINSHIP,2022-09-06,2022-12-07,186.6,312.7,805,failed a technical gate (trend/near-high/RSI) -- not in the top 20 at all,101510.5,67.57770632368702,92
RVNL,2022-11-14,2022-12-09,54.55,67.5728739777905,3283,stop,42754.095269086196,23.873279519322633,25
INDIANB,2022-11-04,2022-12-09,238.35,260.3,721,failed a technical gate (trend/near-high/RSI) -- not in the top 20 at all,15825.950000000012,9.209146213551511,35
MAZDOCK,2022-11-22,2022-12-16,433.4,416.2,424,failed a technical gate (trend/near-high/RSI) -- not in the top 20 at all,-7292.799999999996,-3.9686202122750314,24
BANKINDIA,2022-11-10,2022-12-20,68.87,82.26791000969959,2515,stop,33695.743674394456,19.45391318382399,40
BANKBARODA,2022-10-18,2022-12-21,124.6,158.7039060406972,1263,stop,43073.23332940058,27.370711108103695,64
UNIONBANK,2022-11-14,2022-12-21,57.45,72.9844251122851,3117,stop,48420.80307499263,27.039904460026264,37
PNB,2022-12-07,2022-12-21,52.37,50.393064472983255,3730,stop,-7373.969515772449,-3.774938947902884,14
NMDC,2022-11-22,2022-12-21,32.9,33.5,5590,failed a technical gate (trend/near-high/RSI) -- not in the top 20 at all,3354.0000000000077,1.823708206686936,29
BANKINDIA,2022-12-20,2022-12-21,82.7,80.93,2383,failed a technical gate (trend/near-high/RSI) -- not in the top 20 at all,-4217.909999999991,-2.1402660217654135,1
MAHABANK,2022-12-09,2022-12-22,28.65,28.590711806744064,6874,stop,-407.5470404412929,-0.20693959251635308,13
GODFRYPHLP,2022-10-11,2022-12-22,437.0,606.0,353,failed a technical gate (trend/near-high/RSI) -- not in the top 20 at all,59657.0,38.672768878718536,72
INDIANB,2022-12-16,2022-12-22,280.8,267.75,699,failed a technical gate (trend/near-high/RSI) -- not in the top 20 at all,-9121.950000000008,-4.647435897435903,6
RVNL,2022-12-21,2022-12-22,69.9,66.45,2716,failed a technical gate (trend/near-high/RSI) -- not in the top 20 at all,-9370.200000000008,-4.935622317596566,1
JINDALSTEL,2022-12-21,2022-12-22,547.6,539.85,346,failed a technical gate (trend/near-high/RSI) -- not in the top 20 at all,-2681.5,-1.415266617969324,1
IRFC,2022-12-21,2022-12-22,32.3,31.25,5878,failed a technical gate (trend/near-high/RSI) -- not in the top 20 at all,-6171.899999999983,-3.2507739938080427,1
ABCAPITAL,2022-12-21,2022-12-22,148.6,147.85,1277,failed a technical gate (trend/near-high/RSI) -- not in the top 20 at all,-957.75,-0.5047106325706596,1
VBL,2022-12-09,2022-12-23,282.05,257.15881762386846,698,stop,-17374.045298539822,-8.825095683790662,14
HINDZINC,2022-12-21,2022-12-23,323.35,310.15466326346336,587,stop,-7745.66266434702,-4.080821628741815,2
JSWSTEEL,2022-12-22,2022-12-23,737.55,727.85,251,failed a technical gate (trend/near-high/RSI) -- not in the top 20 at all,-2434.699999999983,-1.3151650735543252,1
CUMMINSIND,2022-12-22,2022-12-23,1450.15,1388.05,127,failed a technical gate (trend/near-high/RSI) -- not in the top 20 at all,-7886.700000000017,-4.282315622521815,1
PIIND,2022-12-22,2022-12-23,3520.9,3459.6,52,failed a technical gate (trend/near-high/RSI) -- not in the top 20 at all,-3187.6000000000095,-1.7410321224686887,1
RECLTD,2022-12-22,2022-12-23,112.5,108.75,1645,failed a technical gate (trend/near-high/RSI) -- not in the top 20 at all,-6168.75,-3.3333333333333326,1
BRITANNIA,2022-12-22,2022-12-23,4391.45,4331.9,42,failed a technical gate (trend/near-high/RSI) -- not in the top 20 at all,-2501.1000000000076,-1.3560441312095106,1
AXISBANK,2022-12-22,2022-12-23,919.55,906.6,201,failed a technical gate (trend/near-high/RSI) -- not in the top 20 at all,-2602.949999999986,-1.4082975368386652,1
TIINDIA,2022-12-22,2022-12-23,2925.75,2778.5,63,failed a technical gate (trend/near-high/RSI) -- not in the top 20 at all,-9276.75,-5.0328975476373605,1
NESTLEIND,2022-12-23,2022-12-26,1006.6,994.9,178,failed a technical gate (trend/near-high/RSI) -- not in the top 20 at all,-2082.600000000008,-1.16232863103517,3
CIPLA,2022-12-23,2022-12-26,1119.15,1096.5,160,closed below 200 EMA,-3624.0000000000146,-2.023857391770545,3
APOLLOHOSP,2022-12-23,2022-12-27,4700.15,4643.8,38,failed a technical gate (trend/near-high/RSI) -- not in the top 20 at all,-2141.2999999999793,-1.1988979075135742,4
VBL,2022-12-26,2022-12-27,270.55,263.8,662,failed a technical gate (trend/near-high/RSI) -- not in the top 20 at all,-4468.5,-2.494917760118276,1
INDIANB,2022-12-26,2022-12-28,276.1,266.75,649,failed a technical gate (trend/near-high/RSI) -- not in the top 20 at all,-6068.150000000015,-3.3864541832669404,2
PIIND,2022-12-26,2022-12-28,3482.95,3452.7,51,failed a technical gate (trend/near-high/RSI) -- not in the top 20 at all,-1542.75,-0.8685166310168135,2
MARICO,2022-12-23,2022-12-29,515.55,515.4,348,failed a technical gate (trend/near-high/RSI) -- not in the top 20 at all,-52.19999999999209,-0.029095141111434852,6
BRITANNIA,2022-12-26,2022-12-29,4375.35,4348.3,40,failed a technical gate (trend/near-high/RSI) -- not in the top 20 at all,-1082.0000000000073,-0.6182362553852849,3
ZYDUSLIFE,2022-12-23,2022-12-30,420.3,419.95,427,dropped out of top 20 rank (now #26 of 26),-149.4500000000097,-0.08327385201047921,7
VBL,2022-12-29,2022-12-30,271.45,264.5,658,failed a technical gate (trend/near-high/RSI) -- not in the top 20 at all,-4573.099999999992,-2.5603241849327607,1
HDFCBANK,2022-12-26,2023-01-04,814.7,805.0,220,failed a technical gate (trend/near-high/RSI) -- not in the top 20 at all,-2134.00000000001,-1.1906223149625639,9
JSWSTEEL,2022-12-28,2023-01-04,761.7,736.3,233,failed a technical gate (trend/near-high/RSI) -- not in the top 20 at all,-5918.200000000021,-3.3346461861625376,7
AXISBANK,2022-12-26,2023-01-05,928.7,949.55,193,dropped out of top 20 rank (now #21 of 37),4024.0499999999824,2.245073759017968,10
BANKBARODA,2022-12-29,2023-01-10,166.45,162.1,1073,failed a technical gate (trend/near-high/RSI) -- not in the top 20 at all,-4667.549999999994,-2.6133974166416274,12
PNB,2022-12-30,2023-01-10,53.31,52.04,3339,failed a technical gate (trend/near-high/RSI) -- not in the top 20 at all,-4240.530000000011,-2.3822922528606294,11
MAHABANK,2023-01-05,2023-01-10,31.1,29.7,5818,failed a technical gate (trend/near-high/RSI) -- not in the top 20 at all,-8145.200000000013,-4.501607717041811,5
INDIANB,2023-01-04,2023-01-11,282.1,274.85,638,failed a technical gate (trend/near-high/RSI) -- not in the top 20 at all,-4625.5,-2.570010634526765,7
GODFRYPHLP,2023-01-10,2023-01-16,701.0,649.0,255,failed a technical gate (trend/near-high/RSI) -- not in the top 20 at all,-13260.0,-7.4179743223965815,6
BANKBARODA,2023-01-16,2023-01-17,166.85,163.1,1077,failed a technical gate (trend/near-high/RSI) -- not in the top 20 at all,-4038.75,-2.2475277195085352,1
BANKINDIA,2022-12-30,2023-01-18,82.47,83.49,2158,failed a technical gate (trend/near-high/RSI) -- not in the top 20 at all,2201.159999999991,1.2368133866860642,19
HINDZINC,2022-12-27,2023-01-20,321.6,345.0,555,stop,12986.999999999987,7.276119402985071,24
MAHABANK,2023-01-17,2023-01-23,32.0,30.9,5553,failed a technical gate (trend/near-high/RSI) -- not in the top 20 at all,-6108.3000000000075,-3.4375000000000044,6
NMDC,2023-01-04,2023-01-24,34.25,35.05,5255,failed a technical gate (trend/near-high/RSI) -- not in the top 20 at all,4203.999999999985,2.335766423357666,20
PNB,2023-01-11,2023-01-24,53.26,52.42,3364,failed a technical gate (trend/near-high/RSI) -- not in the top 20 at all,-2825.7599999999875,-1.5771686068343893,13
UNIONBANK,2023-01-18,2023-01-24,72.96,72.39,2452,failed a technical gate (trend/near-high/RSI) -- not in the top 20 at all,-1397.6399999999833,-0.7812499999999889,6
PFC,2023-01-10,2023-01-25,124.1,116.09987382764498,1442,stop,-11536.181940535924,-6.446515852018542,15
RECLTD,2022-12-26,2023-01-25,114.0,120.5,1572,failed a technical gate (trend/near-high/RSI) -- not in the top 20 at all,10218.0,5.701754385964919,30
HDFCBANK,2023-01-24,2023-01-27,847.8,816.0,206,stop,-6550.79999999999,-3.7508846426043796,3
JINDALSTEL,2022-12-27,2023-01-27,575.95,588.15,310,failed a technical gate (trend/near-high/RSI) -- not in the top 20 at all,3781.999999999979,2.118239430506108,31
RVNL,2023-01-23,2023-01-27,76.15,72.9,2321,failed a technical gate (trend/near-high/RSI) -- not in the top 20 at all,-7543.25,-4.267892317793831,4
INDIANB,2023-01-25,2023-01-27,278.9,269.55,624,failed a technical gate (trend/near-high/RSI) -- not in the top 20 at all,-5834.399999999979,-3.352456077447097,2
HINDZINC,2023-01-20,2023-01-30,353.0,329.6993061519467,503,stop,-11720.24900557081,-6.6007631297601455,10
TCS,2023-01-27,2023-01-31,3411.05,3358.7,50,failed a technical gate (trend/near-high/RSI) -- not in the top 20 at all,-2617.500000000018,-1.5347180486946943,4
BAJAJ-AUTO,2023-01-27,2023-02-01,3839.5,3688.3707915516648,44,stop,-6649.685171726751,-3.9361689920129006,5
INDIANB,2023-01-30,2023-02-01,283.4,263.1152268578317,604,stop,-12252.00297786963,-7.157647544872359,2
RVNL,2023-01-31,2023-02-01,76.1,72.65,2253,failed a technical gate (trend/near-high/RSI) -- not in the top 20 at all,-7772.849999999974,-4.533508541392894,1
NHPC,2023-01-25,2023-02-02,43.7,41.35018691996278,3984,stop,-9361.655310868293,-5.377146636240782,8
JINDALSTEL,2023-02-01,2023-02-02,608.25,571.2942802082587,277,stop,-10236.734382312348,-6.075745136332323,1
TATASTEEL,2023-01-10,2023-02-06,112.62,111.26,1589,failed a technical gate (trend/near-high/RSI) -- not in the top 20 at all,-2161.039999999999,-1.2076007813887402,27
INDIANB,2023-02-01,2023-02-07,279.5,274.45,603,failed a technical gate (trend/near-high/RSI) -- not in the top 20 at all,-3045.150000000007,-1.806797853309483,6
HCLTECH,2023-01-24,2023-02-10,1137.85,1115.65,154,failed a technical gate (trend/near-high/RSI) -- not in the top 20 at all,-3418.799999999972,-1.9510480291778154,17
COFORGE,2023-01-27,2023-02-13,859.0,808.253436265341,199,stop,-10098.56618319715,-5.9076325651523875,17
GODREJCP,2023-02-02,2023-02-13,939.7,923.85,179,failed a technical gate (trend/near-high/RSI) -- not in the top 20 at all,-2837.150000000004,-1.686708523997027,11
HDFCBANK,2023-02-06,2023-02-20,825.9,820.2,203,failed a technical gate (trend/near-high/RSI) -- not in the top 20 at all,-1157.0999999999863,-0.6901561932437295,14
BRITANNIA,2023-02-07,2023-02-20,4606.85,4453.8,36,failed a technical gate (trend/near-high/RSI) -- not in the top 20 at all,-5509.800000000007,-3.322226684176832,13
CGPOWER,2023-01-24,2023-02-21,299.35,319.9,586,dropped out of top 20 rank (now #22 of 31),12042.299999999974,6.864873893435752,28
TCS,2023-02-02,2023-02-21,3460.4,3451.0,48,failed a technical gate (trend/near-high/RSI) -- not in the top 20 at all,-451.20000000000437,-0.27164489654375457,19
OIL,2023-02-20,2023-02-21,172.75,169.85,966,failed a technical gate (trend/near-high/RSI) -- not in the top 20 at all,-2801.4000000000055,-1.6787264833574511,1
BAJAJ-AUTO,2023-02-13,2023-02-27,3787.5,3631.8712858884815,43,stop,-6692.034706795297,-4.10900895343943,14
ALKEM,2023-02-27,2023-02-28,3272.6,3175.0,50,failed a technical gate (trend/near-high/RSI) -- not in the top 20 at all,-4879.999999999995,-2.9823382020411904,1
COFORGE,2023-02-28,2023-03-02,859.5,850.0,190,failed a technical gate (trend/near-high/RSI) -- not in the top 20 at all,-1805.0,-1.105293775450844,2
PERSISTENT,2023-01-27,2023-03-09,2288.5,2408.8,74,failed a technical gate (trend/near-high/RSI) -- not in the top 20 at all,8902.200000000013,5.2567183744811175,41
BDL,2023-02-21,2023-03-10,466.25,460.0,355,failed a technical gate (trend/near-high/RSI) -- not in the top 20 at all,-2218.75,-1.3404825737265424,17
BANKBARODA,2023-03-09,2023-03-10,153.5,150.0,1093,closed below 200 EMA,-3825.5,-2.28013029315961,1
KPITTECH,2023-02-10,2023-03-13,855.45,792.5425389708114,197,stop,-12392.769822750164,-7.3537273983504186,31
SUPREMEIND,2023-02-21,2023-03-13,2756.65,2666.5,60,failed a technical gate (trend/near-high/RSI) -- not in the top 20 at all,-5409.0000000000055,-3.2702737017757055,20
INDIANB,2023-03-10,2023-03-13,275.95,269.6,602,failed a technical gate (trend/near-high/RSI) -- not in the top 20 at all,-3822.6999999999794,-2.301141511143312,3
HCLTECH,2023-03-10,2023-03-13,1116.3,1098.6,148,closed below 200 EMA,-2619.6000000000067,-1.585595270088691,3
ITC,2023-02-01,2023-03-14,298.05,313.1,565,failed a technical gate (trend/near-high/RSI) -- not in the top 20 at all,8503.250000000007,5.049488340882413,41
OIL,2023-03-02,2023-03-14,171.7,166.45,962,failed a technical gate (trend/near-high/RSI) -- not in the top 20 at all,-5050.5,-3.057658707047173,12
VBL,2023-02-21,2023-03-16,264.9,261.25,625,failed a technical gate (trend/near-high/RSI) -- not in the top 20 at all,-2281.249999999986,-1.3778784446961012,23
NMDC,2023-03-14,2023-03-16,33.8,32.9,4815,closed below 200 EMA,-4333.499999999993,-2.6627218934911157,2
PFC,2023-03-13,2023-03-17,130.75,122.77823485484001,1250,stop,-9964.70643144999,-6.096952309873805,4
ITC,2023-03-16,2023-03-17,314.6,309.7,513,failed a technical gate (trend/near-high/RSI) -- not in the top 20 at all,-2513.7000000000176,-1.5575333757152032,1
HAL,2023-02-20,2023-03-20,1293.6,1322.4,129,failed a technical gate (trend/near-high/RSI) -- not in the top 20 at all,3715.2000000000235,2.2263450834879572,28
VBL,2023-03-17,2023-03-20,263.25,260.6,610,failed a technical gate (trend/near-high/RSI) -- not in the top 20 at all,-1616.4999999999861,-1.0066476733143315,3
GAIL,2023-03-13,2023-03-21,97.84,92.76000922658551,1671,stop,-8488.664582375619,-5.1921410194342705,8
CUMMINSIND,2023-02-13,2023-03-22,1595.25,1612.6,104,failed a technical gate (trend/near-high/RSI) -- not in the top 20 at all,1804.3999999999905,1.0876038238520458,37
NTPC,2023-03-13,2023-03-22,179.7,174.35,909,failed a technical gate (trend/near-high/RSI) -- not in the top 20 at all,-4863.149999999995,-2.977184195882021,9
PETRONET,2023-03-16,2023-03-24,219.25,209.6353596831783,736,stop,-7076.375273180765,-4.385240737432927,8
ABCAPITAL,2023-03-20,2023-03-24,149.85,144.05,1066,closed below 200 EMA,-6182.799999999982,-3.8705372038705277,4
LT,2023-03-22,2023-03-24,2213.95,2166.15,71,failed a technical gate (trend/near-high/RSI) -- not in the top 20 at all,-3393.7999999999806,-2.1590370152894,2
BAJAJ-AUTO,2023-03-22,2023-03-27,3827.0,3713.5,41,failed a technical gate (trend/near-high/RSI) -- not in the top 20 at all,-4653.5,-2.9657695322707123,5
MAXHEALTH,2023-03-13,2023-03-28,462.7,449.95,353,failed a technical gate (trend/near-high/RSI) -- not in the top 20 at all,-4500.75,-2.755565161011453,15
HINDZINC,2023-03-24,2023-03-29,323.1,299.0,484,stop,-11664.40000000001,-7.458991024450645,5
OIL,2023-03-28,2023-03-31,171.65,167.75,913,failed a technical gate (trend/near-high/RSI) -- not in the top 20 at all,-3560.7000000000053,-2.272065249053312,3
KPITTECH,2023-03-17,2023-04-03,869.2,826.6324703087798,185,stop,-7874.99299287574,-4.897322790062153,17
KEI,2023-03-24,2023-04-03,1662.3,1696.7,94,dropped out of top 20 rank (now #21 of 29),3233.6000000000085,2.0694218853396062,10
ZYDUSLIFE,2023-03-14,2023-04-05,470.55,493.1,345,dropped out of top 20 rank (now #23 of 37),7779.750000000004,4.792264371480193,22
ULTRACEMCO,2023-03-24,2023-04-05,7258.0,7538.0,21,dropped out of top 20 rank (now #21 of 37),5880.0,3.857812069440625,12
BDL,2023-03-31,2023-04-19,494.35,485.7,319,dropped out of top 20 rank (now #23 of 62),-2759.350000000011,-1.7497724284413985,19
VBL,2023-03-21,2023-04-20,268.7,276.35,591,failed a technical gate (trend/near-high/RSI) -- not in the top 20 at all,4521.150000000021,2.847041310011167,30
GODREJCP,2023-03-20,2023-04-25,960.0,963.2,166,failed a technical gate (trend/near-high/RSI) -- not in the top 20 at all,531.2000000000075,0.33333333333334103,36
VBL,2023-04-25,2023-05-02,287.45,283.0,561,failed a technical gate (trend/near-high/RSI) -- not in the top 20 at all,-2496.4499999999935,-1.548095320925369,7
HDFCBANK,2023-04-05,2023-05-04,826.9,863.9,189,dropped out of top 20 rank (now #22 of 75),6993.0,4.474543475631876,29
PNB,2023-05-04,2023-05-08,50.38,48.2144083831579,3281,stop,-7105.30609485893,-4.2985145233070625,4
KPITTECH,2023-05-02,2023-05-08,935.3,883.15,176,dropped out of top 20 rank (now #26 of 71),-9178.399999999996,-5.575751095905057,6
INDIANB,2023-03-29,2023-05-09,277.95,290.1987638561156,565,stop,6920.5515787053155,4.406822758091611,41
BANKBARODA,2023-04-03,2023-05-09,151.35,159.4,1033,failed a technical gate (trend/near-high/RSI) -- not in the top 20 at all,8315.650000000012,5.318797489263294,36
SBIN,2023-04-20,2023-05-10,544.8,572.2,292,dropped out of top 20 rank (now #33 of 80),8000.800000000027,5.029368575624105,20
ALKEM,2023-03-27,2023-05-11,3227.95,3497.65,48,dropped out of top 20 rank (now #22 of 74),12945.600000000013,8.355148004151246,45
ABCAPITAL,2023-04-03,2023-05-11,153.8,163.95,1017,failed a technical gate (trend/near-high/RSI) -- not in the top 20 at all,10322.549999999977,6.599479843953171,38
RVNL,2023-05-09,2023-05-12,128.25,120.4,1268,failed a technical gate (trend/near-high/RSI) -- not in the top 20 at all,-9953.799999999992,-6.12085769980506,3
COLPAL,2023-05-11,2023-05-12,1626.15,1627.7,99,dropped out of top 20 rank (now #28 of 69),153.4499999999955,0.09531716016357716,1
NESTLEIND,2023-05-12,2023-05-17,1089.7,1086.6,147,dropped out of top 20 rank (now #21 of 73),-455.70000000002005,-0.28448196751400534,5
PRESTIGE,2023-05-08,2023-05-18,491.75,479.2,333,failed a technical gate (trend/near-high/RSI) -- not in the top 20 at all,-4179.150000000004,-2.552109811896286,10
ITC,2023-04-05,2023-05-19,318.65,339.5149258402821,491,stop,10244.678587578524,6.5479133344679585,44
RVNL,2023-05-17,2023-05-19,121.85,116.2,1322,failed a technical gate (trend/near-high/RSI) -- not in the top 20 at all,-7469.299999999988,-4.636848584324982,2
GLENMARK,2023-05-11,2023-05-26,580.15,591.4,278,dropped out of top 20 rank (now #23 of 77),3127.5,1.939153667155047,15
VBL,2023-05-10,2023-06-08,321.3,316.35,502,failed a technical gate (trend/near-high/RSI) -- not in the top 20 at all,-2484.899999999994,-1.540616246498594,29
INDHOTEL,2023-05-19,2023-06-08,372.35,380.8,431,dropped out of top 20 rank (now #24 of 91),3641.9499999999953,2.269370216194444,20
KPITTECH,2023-05-26,2023-06-14,1006.8,1049.0280141409453,161,stop,6798.710276692199,4.194280308000131,19
SONACOMS,2023-05-12,2023-06-14,534.0,509.85,301,failed a technical gate (trend/near-high/RSI) -- not in the top 20 at all,-7269.149999999993,-4.522471910112358,33
RVNL,2023-06-08,2023-06-15,125.35,122.9,1320,dropped out of top 20 rank (now #21 of 97),-3233.999999999985,-1.954527323494204,7
BAJAJ-AUTO,2023-04-19,2023-06-16,4160.5,4527.0,38,failed a technical gate (trend/near-high/RSI) -- not in the top 20 at all,13927.0,8.809037375315466,58
CHOLAFIN,2023-05-09,2023-06-20,983.55,1121.9,165,dropped out of top 20 rank (now #21 of 97),22827.750000000022,14.066392150882034,42
SBICARD,2023-05-18,2023-06-20,886.6,893.8,180,failed a technical gate (trend/near-high/RSI) -- not in the top 20 at all,1295.9999999999877,0.8120911346717774,33
BEL,2023-06-20,2023-06-23,125.15,119.56842343030075,1360,stop,-7590.9441347909815,-4.459909364521975,3
HAL,2023-06-14,2023-06-26,1857.8,1790.6199283264232,88,stop,-5911.846307274756,-3.616108928494821,12
ITC,2023-05-19,2023-06-26,346.25,367.6,464,dropped out of top 20 rank (now #22 of 77),9906.40000000001,6.166064981949471,38
BEL,2023-06-26,2023-06-27,121.4,118.4,1393,failed a technical gate (trend/near-high/RSI) -- not in the top 20 at all,-4179.0,-2.471169686985175,1
MAXHEALTH,2023-06-16,2023-06-28,594.4,603.3,283,dropped out of top 20 rank (now #35 of 85),2518.6999999999935,1.4973082099596136,12
ASTRAL,2023-06-14,2023-07-04,1968.65,1924.4,83,failed a technical gate (trend/near-high/RSI) -- not in the top 20 at all,-3672.75,-2.2477332181952137,20
DIXON,2023-06-20,2023-07-05,4538.55,4238.886428501893,37,stop,-11087.55214542998,-6.602627964836949,15
ANGELONE,2023-06-15,2023-07-10,156.3,165.17566074597195,1063,stop,9434.827372968175,5.678605723590491,25
RECLTD,2023-07-05,2023-07-14,166.5,160.3,1027,failed a technical gate (trend/near-high/RSI) -- not in the top 20 at all,-6367.399999999989,-3.7237237237237153,9
COFORGE,2023-07-14,2023-07-21,985.0,936.5871636482563,181,stop,-8762.723379665618,-4.9150087666744895,7
KEI,2023-05-08,2023-07-28,1986.9,2437.6,82,failed a technical gate (trend/near-high/RSI) -- not in the top 20 at all,36957.39999999999,22.68357743218077,81
HAL,2023-06-26,2023-08-02,1850.5,1859.3551621014797,91,stop,805.8197512346494,0.478528078977547,37
BEL,2023-06-28,2023-08-02,120.75,125.35,1399,failed a technical gate (trend/near-high/RSI) -- not in the top 20 at all,6435.399999999992,3.809523809523796,35
GODREJPROP,2023-06-27,2023-08-03,1563.3,1628.6842301309114,108,stop,7061.496854138433,4.182449314329384,37
SHRIRAMFIN,2023-06-23,2023-08-03,335.35,363.7,495,dropped out of top 20 rank (now #25 of 69),14033.249999999984,8.453854182197684,41
RBLBANK,2023-07-28,2023-08-04,234.1,213.67512710679432,808,stop,-16503.297297710185,-8.724849591288198,7
KALYANKJIL,2023-07-21,2023-08-10,174.05,181.5,1048,dropped out of top 20 rank (now #27 of 83),7807.599999999988,4.280379201378914,20
MAZDOCK,2023-06-08,2023-08-11,503.55,858.207995141839,328,stop,116327.82240652318,70.43153512895223,64
BSE,2023-07-10,2023-08-16,232.0,278.97823260126677,739,stop,34716.91389233614,20.24923819020119,37
ETERNAL,2023-08-04,2023-08-16,95.4,91.9,1929,dropped out of top 20 rank (now #21 of 68),-6751.5,-3.6687631027253698,12
RBLBANK,2023-08-10,2023-08-18,224.25,215.8,844,failed a technical gate (trend/near-high/RSI) -- not in the top 20 at all,-7131.79999999999,-3.7681159420289823,8
BEL,2023-08-16,2023-08-18,131.3,127.15,1421,failed a technical gate (trend/near-high/RSI) -- not in the top 20 at all,-5897.150000000008,-3.160700685453166,2
AUROPHARMA,2023-08-03,2023-08-24,840.35,833.65,219,failed a technical gate (trend/near-high/RSI) -- not in the top 20 at all,-1467.30000000001,-0.7972868447670645,21
MOTILALOFS,2023-08-11,2023-08-28,228.8,216.35,822,failed a technical gate (trend/near-high/RSI) -- not in the top 20 at all,-10233.900000000014,-5.441433566433574,17
MAZDOCK,2023-08-16,2023-08-29,967.85,909.2,192,failed a technical gate (trend/near-high/RSI) -- not in the top 20 at all,-11260.799999999996,-6.059823319729296,13
PFC,2023-07-04,2023-08-31,177.0,208.15,963,failed a technical gate (trend/near-high/RSI) -- not in the top 20 at all,29997.450000000004,17.598870056497184,58
GODFRYPHLP,2023-08-03,2023-09-05,676.0,700.0,272,failed a technical gate (trend/near-high/RSI) -- not in the top 20 at all,6528.0,3.5502958579881616,33
POLYCAB,2023-08-02,2023-09-11,4588.05,5147.95,39,dropped out of top 20 rank (now #23 of 119),21836.099999999984,12.203441549242044,40
BEL,2023-08-28,2023-09-12,134.9,134.75222372885122,1390,stop,-205.40901689681192,-0.10954504903541995,15
HAL,2023-09-11,2023-09-12,2041.35,1970.4,108,failed a technical gate (trend/near-high/RSI) -- not in the top 20 at all,-7662.59999999998,-3.4756411198471504,1
RECLTD,2023-08-02,2023-09-13,196.3,241.963149986777,934,stop,42649.38208764972,23.261920523065214,42
KALYANKJIL,2023-08-18,2023-09-13,214.6,219.09692085294807,868,stop,3903.327300358933,2.0954896798453415,26
SUPREMEIND,2023-08-18,2023-09-14,4352.55,4294.9,42,failed a technical gate (trend/near-high/RSI) -- not in the top 20 at all,-2421.300000000023,-1.3245109188866455,27
HAL,2023-09-13,2023-09-15,1985.15,1973.8,103,failed a technical gate (trend/near-high/RSI) -- not in the top 20 at all,-1169.050000000014,-0.5717452081706709,2
ADANIPOWER,2023-09-12,2023-09-18,77.25,75.0,2722,dropped out of top 20 rank (now #22 of 110),-6124.5,-2.9126213592232997,6
BSE,2023-08-29,2023-09-20,303.5,392.1247679625419,620,stop,54947.35613677598,29.20091201401711,22
COFORGE,2023-09-05,2023-09-21,1122.5,1067.5,182,failed a technical gate (trend/near-high/RSI) -- not in the top 20 at all,-10010.0,-4.899777282850781,16
IRFC,2023-08-24,2023-09-22,48.6,72.50567466399197,3871,stop,92538.8666243129,49.18863099586823,29
PHOENIXLTD,2023-09-12,2023-09-25,934.2,883.9696194534349,225,stop,-11301.835622977154,-5.376833712969931,13
UNIONBANK,2023-09-18,2023-10-09,89.54,90.66934377488883,2306,stop,2604.2667448936277,1.2612729225919495,21
MAZDOCK,2023-08-31,2023-10-09,924.5,1036.7,208,failed a technical gate (trend/near-high/RSI) -- not in the top 20 at all,23337.60000000001,12.1362898864251,39
MAHABANK,2023-09-15,2023-10-09,45.1,45.3,4607,failed a technical gate (trend/near-high/RSI) -- not in the top 20 at all,921.3999999999803,0.44345898004434225,24
BANKINDIA,2023-09-21,2023-10-09,100.26,97.47,2003,failed a technical gate (trend/near-high/RSI) -- not in the top 20 at all,-5588.370000000013,-2.782764811490135,18
IRFC,2023-09-22,2023-10-09,75.1,71.15,2715,failed a technical gate (trend/near-high/RSI) -- not in the top 20 at all,-10724.249999999969,-5.259653794940067,17
INDIANB,2023-09-25,2023-10-09,411.4,385.0,492,failed a technical gate (trend/near-high/RSI) -- not in the top 20 at all,-12988.799999999988,-6.4171122994652325,14
BANKBARODA,2023-10-09,2023-10-11,191.15,186.9,1054,failed a technical gate (trend/near-high/RSI) -- not in the top 20 at all,-4479.5,-2.223384776353654,2
RBLBANK,2023-10-09,2023-10-11,243.85,245.9,826,dropped out of top 20 rank (now #22 of 71),1693.3000000000093,0.8406807463604782,2
MAZDOCK,2023-10-11,2023-10-19,1077.15,1064.9,193,failed a technical gate (trend/near-high/RSI) -- not in the top 20 at all,-2364.25,-1.1372603629949407,8
MOTILALOFS,2023-10-19,2023-10-23,250.05,232.78394319609924,853,stop,-14727.946453727354,-6.905041713217663,4
RECLTD,2023-09-13,2023-10-23,244.4,278.3,840,failed a technical gate (trend/near-high/RSI) -- not in the top 20 at all,28476.000000000004,13.87070376432078,40
NMDC,2023-09-14,2023-10-23,45.8,46.1,4500,failed a technical gate (trend/near-high/RSI) -- not in the top 20 at all,1350.000000000019,0.6550218340611424,39
IRFC,2023-10-11,2023-10-23,75.6,72.2,2758,failed a technical gate (trend/near-high/RSI) -- not in the top 20 at all,-9377.199999999977,-4.497354497354489,12
PFC,2023-10-09,2023-10-25,240.25,237.2,838,failed a technical gate (trend/near-high/RSI) -- not in the top 20 at all,-2555.9000000000096,-1.2695109261186333,16
ETERNAL,2023-10-23,2023-10-26,108.9,101.33554484580556,1935,stop,-14637.220723366258,-6.946239811014188,3
360ONE,2023-10-23,2023-10-26,532.8,521.4,395,failed a technical gate (trend/near-high/RSI) -- not in the top 20 at all,-4502.999999999991,-2.1396396396396344,3
MOTILALOFS,2023-10-25,2023-10-26,237.45,231.7,895,failed a technical gate (trend/near-high/RSI) -- not in the top 20 at all,-5146.25,-2.421562434196678,1
NBCC,2023-10-26,2023-11-09,42.53,44.67,4980,dropped out of top 20 rank (now #21 of 91),10657.200000000003,5.031742299553255,14
PERSISTENT,2023-10-26,2023-11-13,2933.3,3118.05,72,dropped out of top 20 rank (now #21 of 91),13302.0,6.298367026898033,18
KALYANKJIL,2023-10-23,2023-11-16,287.35,313.5,733,dropped out of top 20 rank (now #27 of 111),19167.949999999983,9.100400208804583,24
BSE,2023-09-20,2023-11-24,400.5,690.9133287809914,511,stop,148401.2110070866,72.512691331084,65
TATAELXSI,2023-10-26,2023-12-05,7463.5,8392.1,28,dropped out of top 20 rank (now #22 of 121),26000.80000000001,12.441883834662026,40
BAJAJ-AUTO,2023-10-23,2023-12-08,5272.0,5925.5,39,dropped out of top 20 rank (now #22 of 124),25486.5,12.395675265553873,46
PHOENIXLTD,2023-11-13,2023-12-08,1055.1,1104.5,229,failed a technical gate (trend/near-high/RSI) -- not in the top 20 at all,11312.60000000002,4.68202066154868,25
CDSL,2023-11-16,2023-12-15,892.15,945.3,281,dropped out of top 20 rank (now #23 of 116),14935.149999999994,5.957518354536795,29
OBEROIRLTY,2023-12-05,2023-12-20,1439.25,1370.003993719077,181,stop,-12533.52713684706,-4.8112562988308465,15
RECLTD,2023-12-15,2023-12-20,431.85,401.8523267234331,618,stop,-18538.562084918343,-6.946317766948451,5
BSE,2023-11-24,2023-12-20,723.5,770.5,343,failed a technical gate (trend/near-high/RSI) -- not in the top 20 at all,16121.0,6.496199032480998,26
MCX,2023-10-09,2023-12-27,416.0,638.0,484,dropped out of top 20 rank (now #22 of 118),107448.0,53.36538461538463,79
MOTILALOFS,2023-11-09,2023-12-27,258.0,302.7,895,failed a technical gate (trend/near-high/RSI) -- not in the top 20 at all,40006.49999999999,17.325581395348834,48
MANAPPURAM,2023-12-08,2023-12-28,163.85,172.5,1599,dropped out of top 20 rank (now #22 of 119),13831.35000000001,5.279218797680807,20
PFC,2023-12-20,2023-12-28,381.85,384.9,679,dropped out of top 20 rank (now #26 of 119),2070.949999999969,0.7987429618960151,8
360ONE,2023-12-28,2024-01-03,708.8,655.5420799518596,383,stop,-20397.783378437758,-7.51381490521168,6
BANKBARODA,2023-12-27,2024-01-05,210.1,212.6,1294,dropped out of top 20 rank (now #21 of 124),3235.0,1.1899095668729265,9
ANGELONE,2023-10-09,2024-01-16,204.0,345.99950090866196,987,stop,140153.50739684934,69.60759848463822,99
PHOENIXLTD,2024-01-05,2024-01-17,1244.4,1168.997970498565,228,stop,-17191.662726327177,-6.0593080602246,12
MOTILALOFS,2023-12-28,2024-01-18,304.1,345.3708156967986,894,stop,36896.10923293794,13.571461919368154,21
PRESTIGE,2023-10-09,2024-01-23,670.5,1191.1690246177827,300,stop,156200.70738533483,77.65384408915477,106
OBEROIRLTY,2024-01-03,2024-01-23,1459.0,1441.769813887543,187,stop,-3222.0448030294547,-1.1809586094898572,20
HAL,2023-12-20,2024-01-23,2665.9,2890.5,97,failed a technical gate (trend/near-high/RSI) -- not in the top 20 at all,21786.19999999999,8.424922165122473,34
BDL,2023-12-20,2024-01-23,739.5,834.8,350,failed a technical gate (trend/near-high/RSI) -- not in the top 20 at all,33354.999999999985,12.887085868830294,34
PHOENIXLTD,2024-01-17,2024-01-23,1209.2,1198.1,235,failed a technical gate (trend/near-high/RSI) -- not in the top 20 at all,-2608.500000000032,-0.9179622891167805,6
MAZDOCK,2023-12-27,2024-01-30,1171.2,1143.2,232,failed a technical gate (trend/near-high/RSI) -- not in the top 20 at all,-6496.0,-2.390710382513661,34
BEL,2023-12-08,2024-02-01,158.75,183.4,1650,failed a technical gate (trend/near-high/RSI) -- not in the top 20 at all,40672.50000000001,15.527559055118111,55
GODREJPROP,2024-01-16,2024-02-08,2304.15,2226.5007128696634,124,stop,-9628.51160416175,-3.369975354483723,23
RVNL,2024-01-23,2024-02-09,288.75,255.947401282547,949,stop,-31129.666182862904,-11.360207348035678,17
NBCC,2024-01-23,2024-02-09,65.73,94.24342450602046,4172,stop,118958.00703911735,43.37962042601622,17
IRFC,2024-01-23,2024-02-12,161.3,144.78648169121539,1700,stop,-28072.981124933864,-10.237767085421346,20
NHPC,2024-01-30,2024-02-12,87.6,86.4651678089221,3334,stop,-3783.5305250536876,-1.295470537760146,13
BHEL,2024-01-23,2024-02-12,202.95,216.7,1351,failed a technical gate (trend/near-high/RSI) -- not in the top 20 at all,18576.25,6.77506775067751,20
NBCC,2024-02-09,2024-02-12,98.63,88.77,3023,failed a technical gate (trend/near-high/RSI) -- not in the top 20 at all,-29806.78,-9.996958329108786,3
PHOENIXLTD,2024-02-08,2024-02-13,1403.35,1271.2401905186805,217,stop,-28667.828657446313,-9.41388887172262,5
MAXHEALTH,2024-02-12,2024-02-16,875.9,865.45,322,dropped out of top 20 rank (now #22 of 90),-3364.899999999978,-1.193058568329708,4
COALINDIA,2024-02-16,2024-02-20,450.75,419.46174957538045,665,stop,-20806.686532372,-6.941375579505172,4
MOTILALOFS,2024-01-18,2024-02-21,380.9,420.1,741,failed a technical gate (trend/near-high/RSI) -- not in the top 20 at all,29047.200000000033,10.291415069572075,34
IOC,2024-02-09,2024-02-27,166.67,157.89,1789,failed a technical gate (trend/near-high/RSI) -- not in the top 20 at all,-15707.420000000002,-5.267894642107162,18
UNIONBANK,2024-02-21,2024-02-28,132.94,128.94,2225,failed a technical gate (trend/near-high/RSI) -- not in the top 20 at all,-8900.0,-3.008876184745002,7
OFSS,2024-01-23,2024-03-02,5887.0,7083.0,46,dropped out of top 20 rank (now #25 of 96),55016.0,20.315950399184636,39
PHOENIXLTD,2024-02-13,2024-03-04,1282.35,1350.9,220,failed a technical gate (trend/near-high/RSI) -- not in the top 20 at all,15081.00000000004,5.345654462510252,20
GODFRYPHLP,2024-02-12,2024-03-12,861.0,1064.6926498564899,328,stop,66811.18915292868,23.657682910161437,29
PETRONET,2024-02-20,2024-03-12,268.65,263.3,1117,failed a technical gate (trend/near-high/RSI) -- not in the top 20 at all,-5975.949999999962,-1.99143867485575,21
UNIONBANK,2024-03-02,2024-03-13,134.67,127.78244709700448,2201,stop,-15159.503939493115,-5.114392888539032,11
BHEL,2024-03-04,2024-03-13,264.55,241.69848153832376,1138,stop,-26005.028009387574,-8.637882616396242,9
GODFRYPHLP,2024-03-12,2024-03-13,1082.0,968.2383070540176,275,stop,-31284.465560145163,-10.51401968077471,1
PHOENIXLTD,2024-03-12,2024-03-13,1402.8,1267.8327139544776,212,stop,-28613.06464165073,-9.621277876070877,1
BANKBARODA,2024-02-01,2024-03-13,232.55,237.2,1282,failed a technical gate (trend/near-high/RSI) -- not in the top 20 at all,5961.299999999971,1.9995699849494564,41
OIL,2024-02-12,2024-03-13,312.6,382.55,904,failed a technical gate (trend/near-high/RSI) -- not in the top 20 at all,63234.79999999999,22.37683941138835,30
BPCL,2024-02-12,2024-03-13,272.4,275.8,1037,failed a technical gate (trend/near-high/RSI) -- not in the top 20 at all,3525.800000000035,1.2481644640235157,30
CUMMINSIND,2024-02-28,2024-03-13,2714.6,2675.95,106,failed a technical gate (trend/near-high/RSI) -- not in the top 20 at all,-4096.90000000001,-1.4237825093936562,14
MARUTI,2024-03-13,2024-03-14,11390.15,11404.6,24,dropped out of top 20 rank (now #23 of 39),346.80000000001746,0.12686400091308503,1
SUNPHARMA,2024-03-13,2024-03-15,1558.6,1548.2,181,failed a technical gate (trend/near-high/RSI) -- not in the top 20 at all,-1882.3999999999753,-0.6672654946746959,2
DRREDDY,2024-03-13,2024-03-15,1260.75,1257.0,224,failed a technical gate (trend/near-high/RSI) -- not in the top 20 at all,-840.0,-0.2974419988102328,2
HEROMOTOCO,2024-03-15,2024-03-18,4473.05,4442.75,64,failed a technical gate (trend/near-high/RSI) -- not in the top 20 at all,-1939.2000000000116,-0.6773901476621158,3
GODFRYPHLP,2024-03-18,2024-03-19,1043.0,1022.0,277,failed a technical gate (trend/near-high/RSI) -- not in the top 20 at all,-5817.0,-2.0134228187919434,1
TRENT,2024-03-13,2024-03-22,2629.4,2632.4,107,dropped out of top 20 rank (now #25 of 44),321.0,0.11409447022134867,9
BHARTIARTL,2024-03-19,2024-03-26,1228.35,1213.1,232,dropped out of top 20 rank (now #22 of 46),-3538.0,-1.2415028289982533,7
GODFRYPHLP,2024-03-22,2024-03-26,1043.0,1021.0,284,failed a technical gate (trend/near-high/RSI) -- not in the top 20 at all,-6248.0,-2.1093000958772756,4
ZYDUSLIFE,2024-03-13,2024-04-03,968.65,987.7,292,dropped out of top 20 rank (now #22 of 113),5562.60000000002,1.9666546224126336,21
OFSS,2024-03-13,2024-04-09,7340.5,7677.0,38,failed a technical gate (trend/near-high/RSI) -- not in the top 20 at all,12787.0,4.584156392616312,27
CGPOWER,2024-03-13,2024-04-12,461.45,492.42525828571684,613,stop,18987.83332914443,6.712592542142559,30
OIL,2024-03-26,2024-04-18,407.65,402.1,733,failed a technical gate (trend/near-high/RSI) -- not in the top 20 at all,-4068.149999999967,-1.3614620385134169,23
GODREJPROP,2024-04-09,2024-04-19,2704.5,2509.99910400842,112,stop,-21784.10035105695,-7.191750637514504,10
ABB,2024-02-27,2024-04-19,5450.5,6292.6,54,failed a technical gate (trend/near-high/RSI) -- not in the top 20 at all,45473.40000000002,15.449958719383549,52
BAJAJ-AUTO,2024-03-13,2024-04-19,8177.5,8587.0,34,failed a technical gate (trend/near-high/RSI) -- not in the top 20 at all,13923.0,5.007642922653632,37
HINDZINC,2024-04-18,2024-04-19,404.95,398.7,753,failed a technical gate (trend/near-high/RSI) -- not in the top 20 at all,-4706.25,-1.543400419804919,1
PETRONET,2024-04-19,2024-04-23,286.7,282.2,1056,dropped out of top 20 rank (now #21 of 76),-4752.0,-1.5695849319846578,4
BSE,2024-04-23,2024-04-29,1066.5,909.5,286,stop,-44902.0,-14.721050164088133,6
HAL,2024-03-26,2024-05-07,3300.8,3714.5047835331807,90,stop,37233.43051798624,12.533470174902472,42
MAZDOCK,2024-04-29,2024-05-07,1188.45,1083.1046289716028,260,stop,-27389.79646738329,-8.864097860944698,8
BEL,2024-04-03,2024-05-07,221.5,227.4,1390,failed a technical gate (trend/near-high/RSI) -- not in the top 20 at all,8201.000000000007,2.6636568848758424,34
PHOENIXLTD,2024-04-12,2024-05-07,1498.35,1487.5,204,failed a technical gate (trend/near-high/RSI) -- not in the top 20 at all,-2213.3999999999814,-0.7241298761971438,25
MOTILALOFS,2024-04-19,2024-05-09,558.0,569.3673903639258,542,stop,6161.1255772477725,2.037166731886342,20
NAM-INDIA,2024-05-07,2024-05-13,574.6,563.05,527,failed a technical gate (trend/near-high/RSI) -- not in the top 20 at all,-6086.850000000036,-2.01009397841978,6
MOTILALOFS,2024-05-13,2024-05-15,567.1,571.3,551,failed a technical gate (trend/near-high/RSI) -- not in the top 20 at all,2314.1999999999625,0.7406101216716587,2
JINDALSTEL,2024-04-19,2024-05-16,927.25,1005.25,326,dropped out of top 20 rank (now #24 of 82),25428.0,8.411970881639252,27
GODREJPROP,2024-05-07,2024-05-23,2781.0,2814.75,109,dropped out of top 20 rank (now #26 of 99),3678.75,1.2135922330097193,16
CUMMINSIND,2024-03-15,2024-05-30,2707.65,3596.8,105,failed a technical gate (trend/near-high/RSI) -- not in the top 20 at all,93360.75000000001,32.83843923697671,76
SUPREMEIND,2024-05-07,2024-05-31,5247.35,5277.6,57,failed a technical gate (trend/near-high/RSI) -- not in the top 20 at all,1724.25,0.576481462071321,24
SIEMENS,2024-03-13,2024-06-04,3542.45,5197.305693169137,79,stop,130733.59976036185,46.71500495897296,83
CGPOWER,2024-04-19,2024-06-04,533.9,608.2986054357098,567,stop,42184.009282047446,13.934932653251497,46
ABB,2024-05-07,2024-06-04,6888.45,8045.552932333119,44,stop,50912.529022657254,16.797725647034078,28
HAL,2024-05-09,2024-06-04,3846.65,4665.954117472403,79,stop,64725.0252803198,21.29915946271177,26
MAZDOCK,2024-05-15,2024-06-04,1196.05,1406.3432804007691,272,stop,57199.77226900921,17.58231515411306,20
OBEROIRLTY,2024-05-16,2024-06-04,1711.15,1695.8263759944157,194,stop,-2972.783057083375,-0.8955161152198521,19
BEL,2024-05-31,2024-06-04,295.95,284.530983215078,1162,stop,-13268.897504079372,-3.858427702288225,4
COCHINSHIP,2024-05-30,2024-06-05,1957.15,1709.1354210085428,176,stop,-43650.56590249648,-12.672231509667487,6
GVT&D,2024-05-23,2024-06-05,1362.85,1280.4,255,dropped out of top 20 rank (now #21 of 49),-21024.749999999953,-6.049822064056931,13
BDL,2024-06-04,2024-06-05,1436.85,1305.25,226,failed a technical gate (trend/near-high/RSI) -- not in the top 20 at all,-29741.59999999998,-9.158924035215922,1
POLYCAB,2024-06-05,2024-06-07,6788.45,6846.45,48,dropped out of top 20 rank (now #23 of 94),2784.0,0.8543923870692138,2
CGPOWER,2024-06-04,2024-06-10,627.0,654.75,520,dropped out of top 20 rank (now #25 of 87),14430.0,4.425837320574155,6
HEROMOTOCO,2024-06-04,2024-06-13,5180.7,5673.65,62,dropped out of top 20 rank (now #23 of 139),30562.899999999987,9.515123438917517,9
SUPREMEIND,2024-06-05,2024-06-21,5527.1,5864.55,59,dropped out of top 20 rank (now #26 of 123),19909.54999999999,6.105371713918695,16
OBEROIRLTY,2024-06-04,2024-06-25,1745.25,1829.3,186,failed a technical gate (trend/near-high/RSI) -- not in the top 20 at all,15633.299999999992,4.815928950007153,21
M&M,2024-06-04,2024-07-05,2572.9,2880.6,126,dropped out of top 20 rank (now #23 of 122),38770.199999999975,11.959267752341706,31
UNOMINDA,2024-06-04,2024-07-10,844.75,1060.25,386,failed a technical gate (trend/near-high/RSI) -- not in the top 20 at all,83183.0,25.5105060668837,36
PHOENIXLTD,2024-06-04,2024-07-12,1628.85,1951.4,200,dropped out of top 20 rank (now #28 of 115),64510.00000000004,19.802314516376597,38
HAL,2024-06-13,2024-07-16,5099.7,5329.4,68,failed a technical gate (trend/near-high/RSI) -- not in the top 20 at all,15619.599999999988,4.504186520775733,33
BEL,2024-06-21,2024-07-18,304.95,313.55,1190,failed a technical gate (trend/near-high/RSI) -- not in the top 20 at all,10234.000000000027,2.820134448270206,27
BDL,2024-06-25,2024-07-18,1545.35,1546.45,237,failed a technical gate (trend/near-high/RSI) -- not in the top 20 at all,260.70000000003233,0.07118128579286509,23
NBCC,2024-07-12,2024-07-19,126.53,114.33790271811878,3346,stop,-40794.75750517455,-9.635736411824247,7
PERSISTENT,2024-07-18,2024-07-19,4896.15,4596.561987933731,82,stop,-24566.216989434033,-6.118848729435755,1
PGEL,2024-07-05,2024-07-19,368.8,350.3,1127,failed a technical gate (trend/near-high/RSI) -- not in the top 20 at all,-20849.5,-5.016268980477223,14
MOTHERSON,2024-07-10,2024-07-19,133.67,128.13,3151,failed a technical gate (trend/near-high/RSI) -- not in the top 20 at all,-17456.539999999975,-4.144535049001263,9
KAYNES,2024-07-18,2024-07-19,4076.6,3901.85,98,failed a technical gate (trend/near-high/RSI) -- not in the top 20 at all,-17125.5,-4.286660452337731,1
OIL,2024-07-19,2024-07-22,571.1,555.25,688,dropped out of top 20 rank (now #22 of 88),-10904.800000000016,-2.7753458238487183,3
OFSS,2024-07-16,2024-07-23,10448.5,9831.651364338122,39,stop,-24057.096790813233,-5.903705179326002,7
PETRONET,2024-07-19,2024-07-23,327.55,318.6,1200,failed a technical gate (trend/near-high/RSI) -- not in the top 20 at all,-10739.999999999985,-2.73240726606625,4
COCHINSHIP,2024-06-07,2024-07-25,1912.75,2461.75,176,failed a technical gate (trend/near-high/RSI) -- not in the top 20 at all,96624.0,28.7021304404653,48
MAZDOCK,2024-06-10,2024-07-25,1562.0,2428.25,216,failed a technical gate (trend/near-high/RSI) -- not in the top 20 at all,187110.0,55.45774647887325,45
SONACOMS,2024-07-19,2024-07-29,693.5,685.05,567,failed a technical gate (trend/near-high/RSI) -- not in the top 20 at all,-4791.150000000026,-1.2184571016582657,10
OFSS,2024-07-23,2024-07-31,10352.5,10404.0,37,dropped out of top 20 rank (now #25 of 113),1905.5,0.49746438058440035,8
PERSISTENT,2024-07-19,2024-08-02,4583.45,4636.35,85,failed a technical gate (trend/near-high/RSI) -- not in the top 20 at all,4496.500000000046,1.1541524397560954,14
COCHINSHIP,2024-07-31,2024-08-02,2620.15,2537.9,154,failed a technical gate (trend/near-high/RSI) -- not in the top 20 at all,-12666.5,-3.1391332557296314,2
CAMS,2024-08-02,2024-08-05,873.7,797.3951789550221,449,stop,-34260.864649195115,-8.733526501657085,3
RVNL,2024-06-04,2024-08-05,351.5,550.8,927,failed a technical gate (trend/near-high/RSI) -- not in the top 20 at all,184751.09999999995,56.699857752489315,62
MAZDOCK,2024-07-29,2024-08-05,2670.2,2399.75,152,failed a technical gate (trend/near-high/RSI) -- not in the top 20 at all,-41108.39999999997,-10.128454797393449,7
360ONE,2024-07-25,2024-08-06,998.7,998.4138281095038,395,stop,-113.03789674601262,-0.02865443982139615,12
NAUKRI,2024-08-02,2024-08-06,1444.0,1361.0,271,failed a technical gate (trend/near-high/RSI) -- not in the top 20 at all,-22493.0,-5.747922437673125,4
KALYANKJIL,2024-07-19,2024-08-08,528.95,536.55,743,failed a technical gate (trend/near-high/RSI) -- not in the top 20 at all,5646.799999999932,1.4368087720956435,20
ZYDUSLIFE,2024-08-05,2024-08-13,1227.55,1194.3538895480233,305,stop,-10124.813687852882,-2.7042572972161394,8
PETRONET,2024-07-25,2024-08-13,348.95,351.6,1132,dropped out of top 20 rank (now #21 of 57),2999.8000000000384,0.7594211205043777,19
SUNPHARMA,2024-08-05,2024-08-16,1720.35,1742.75,218,dropped out of top 20 rank (now #24 of 77),4883.20000000002,1.302060627197954,11
TORNTPHARM,2024-08-06,2024-08-19,3220.55,3349.35,115,dropped out of top 20 rank (now #22 of 79),14811.999999999969,3.9993168868671436,13
LUPIN,2024-08-08,2024-08-19,2050.8,2068.8,186,dropped out of top 20 rank (now #25 of 79),3348.0,0.8777062609713226,11
PIIND,2024-08-06,2024-08-20,4264.75,4327.25,87,dropped out of top 20 rank (now #21 of 85),5437.5,1.4655020810129482,14
KALYANKJIL,2024-08-16,2024-08-20,572.95,541.9,689,failed a technical gate (trend/near-high/RSI) -- not in the top 20 at all,-21393.450000000048,-5.4193210576839235,4
KAYNES,2024-07-25,2024-08-28,4175.15,4881.6,94,dropped out of top 20 rank (now #23 of 114),66406.30000000008,16.920350167059883,34
ETERNAL,2024-08-05,2024-08-29,256.29,252.34,1464,failed a technical gate (trend/near-high/RSI) -- not in the top 20 at all,-5782.800000000025,-1.5412228335089262,24
NAM-INDIA,2024-08-19,2024-08-29,715.15,676.8,556,failed a technical gate (trend/near-high/RSI) -- not in the top 20 at all,-21322.600000000013,-5.362511361252887,10
KFINTECH,2024-08-13,2024-09-06,1016.35,997.5383765505933,377,stop,-7091.98204042634,-1.850900127850319,24
CDSL,2024-08-20,2024-09-09,1443.05,1400.0,275,stop,-11838.749999999987,-2.983264613145764,20
NYKAA,2024-08-29,2024-09-12,209.55,207.69,1885,failed a technical gate (trend/near-high/RSI) -- not in the top 20 at all,-3506.100000000026,-0.8876163206871901,14
LUPIN,2024-09-06,2024-09-19,2256.5,2158.167892502479,184,stop,-18093.107779543876,-4.357726899956615,13
PNBHOUSING,2024-09-12,2024-09-20,1109.0,1003.7498491412,377,stop,-39679.3068737676,-9.490545613958524,8
GODFRYPHLP,2024-08-29,2024-09-27,2043.0,2341.704273721826,193,stop,57649.92482831246,14.620865086726686,29
CDSL,2024-09-20,2024-09-27,1538.65,1463.05,281,dropped out of top 20 rank (now #26 of 107),-21243.60000000004,-4.913398108731693,7
ETERNAL,2024-09-09,2024-09-30,263.2,273.3,1565,failed a technical gate (trend/near-high/RSI) -- not in the top 20 at all,15806.500000000036,3.837386018237088,21
MOTILALOFS,2024-08-20,2024-10-01,677.45,742.8,587,failed a technical gate (trend/near-high/RSI) -- not in the top 20 at all,38360.449999999946,9.646468374049721,42
BAJAJFINSV,2024-09-27,2024-10-03,2010.7,1921.107616073152,211,stop,-18903.993008564932,-4.455780769227036,6
BAJAJ-AUTO,2024-09-30,2024-10-03,12041.0,11442.0,34,stop,-20366.0,-4.9746698779171155,3
TRENT,2024-08-13,2024-10-04,4254.5,4852.763733770615,90,stop,53843.73603935532,14.061904660256541,52
KFINTECH,2024-10-01,2024-10-04,1137.35,1030.7628536573397,371,stop,-39543.83129312692,-9.371534386306779,3
PGEL,2024-07-23,2024-10-04,370.7,609.85,1056,failed a technical gate (trend/near-high/RSI) -- not in the top 20 at all,252542.40000000002,64.51308335581334,73
BAJAJ-AUTO,2024-10-03,2024-10-04,11514.5,11483.5,36,failed a technical gate (trend/near-high/RSI) -- not in the top 20 at all,-1116.0,-0.26922575882583066,1
KALYANKJIL,2024-08-28,2024-10-07,611.2,680.3500873602461,658,stop,45500.75748304191,11.313823193757532,40
BLUESTARCO,2024-09-27,2024-10-07,2119.5,1973.1787439444097,200,stop,-29264.251211118062,-6.903574241830168,10
LUPIN,2024-10-04,2024-10-07,2198.25,2174.9,186,failed a technical gate (trend/near-high/RSI) -- not in the top 20 at all,-4343.099999999983,-1.0622085750028432,3
INFY,2024-10-07,2024-10-15,1893.3,1917.8,211,dropped out of top 20 rank (now #25 of 61),5169.5,1.2940368668462376,8
NAUKRI,2024-08-19,2024-10-17,1478.5,1596.0,269,failed a technical gate (trend/near-high/RSI) -- not in the top 20 at all,31607.5,7.947243828204265,59
TRENT,2024-10-07,2024-10-17,4966.3,5146.4,80,failed a technical gate (trend/near-high/RSI) -- not in the top 20 at all,14407.999999999956,3.626442220566606,10
LTM,2024-10-07,2024-10-18,6254.95,6022.070962982503,63,stop,-14671.379332102282,-3.723115884499417,11
TRENT,2024-10-18,2024-10-21,5178.7,5071.0,81,failed a technical gate (trend/near-high/RSI) -- not in the top 20 at all,-8723.699999999986,-2.079672504682639,3
BSE,2024-09-19,2024-10-22,1237.0,1363.5,343,failed a technical gate (trend/near-high/RSI) -- not in the top 20 at all,43389.5,10.226354082457556,33
SUNPHARMA,2024-10-04,2024-10-22,1910.05,1887.55,214,failed a technical gate (trend/near-high/RSI) -- not in the top 20 at all,-4815.0,-1.1779796340409932,18
NAM-INDIA,2024-10-17,2024-10-22,707.6,659.8,591,closed below 200 EMA,-28249.80000000004,-6.755228942905611,5
BLUESTARCO,2024-10-21,2024-10-22,2017.85,1910.05,211,failed a technical gate (trend/near-high/RSI) -- not in the top 20 at all,-22745.799999999992,-5.342319795822281,1
DIVISLAB,2024-10-22,2024-10-23,5817.95,5727.6,70,failed a technical gate (trend/near-high/RSI) -- not in the top 20 at all,-6324.499999999962,-1.5529525004511768,1
MOTILALOFS,2024-10-15,2024-10-25,924.45,868.2492444652808,461,stop,-25908.548301505594,-6.079372116904025,10
DIXON,2024-10-17,2024-10-25,15130.85,14281.433035756927,27,stop,-22934.258034562983,-5.613808637605111,8
BSE,2024-10-23,2024-10-25,1424.5,1354.0,294,failed a technical gate (trend/near-high/RSI) -- not in the top 20 at all,-20727.0,-4.949104949104955,2
NAM-INDIA,2024-10-25,2024-10-28,681.55,677.8,596,failed a technical gate (trend/near-high/RSI) -- not in the top 20 at all,-2235.0,-0.5502164184579272,3
OBEROIRLTY,2024-10-22,2024-10-30,1950.45,1927.75,209,failed a technical gate (trend/near-high/RSI) -- not in the top 20 at all,-4744.300000000009,-1.1638339870286396,8
HCLTECH,2024-10-04,2024-10-31,1776.6,1759.5912395806506,230,stop,-3912.014896450339,-0.9573770358746625,27
TECHM,2024-10-22,2024-10-31,1623.9,1540.4901087541853,251,stop,-20935.882702699524,-5.136393327533395,9
PERSISTENT,2024-10-25,2024-10-31,5670.9,5372.5,71,failed a technical gate (trend/near-high/RSI) -- not in the top 20 at all,-21186.399999999972,-5.261951365744411,6
WIPRO,2024-10-22,2024-11-04,260.65,258.5,1567,failed a technical gate (trend/near-high/RSI) -- not in the top 20 at all,-3369.0499999999643,-0.8248609246115368,13
LUPIN,2024-10-31,2024-11-06,2186.95,2166.05,183,failed a technical gate (trend/near-high/RSI) -- not in the top 20 at all,-3824.6999999999334,-0.9556688538832403,6
MCX,2024-10-04,2024-11-12,1161.0,1221.9647890186618,352,stop,21459.605734568955,5.251058485672844,39
NAM-INDIA,2024-10-31,2024-11-12,708.2,692.0,565,failed a technical gate (trend/near-high/RSI) -- not in the top 20 at all,-9153.000000000025,-2.2874894097712595,12
CDSL,2024-10-31,2024-11-12,1545.8,1521.9,259,failed a technical gate (trend/near-high/RSI) -- not in the top 20 at all,-6190.099999999965,-1.5461249838271351,12
MOTILALOFS,2024-10-28,2024-11-13,918.55,898.8,445,failed a technical gate (trend/near-high/RSI) -- not in the top 20 at all,-8788.75,-2.1501279190027756,16
PGEL,2024-11-04,2024-11-18,625.6,624.3,634,failed a technical gate (trend/near-high/RSI) -- not in the top 20 at all,-824.2000000000432,-0.20780051150895984,14
WIPRO,2024-11-06,2024-11-18,269.5,264.2,1516,failed a technical gate (trend/near-high/RSI) -- not in the top 20 at all,-8034.8000000000175,-1.9666048237476863,12
TECHM,2024-11-12,2024-11-18,1614.7,1589.7,249,failed a technical gate (trend/near-high/RSI) -- not in the top 20 at all,-6225.0,-1.5482752214033613,6
INFY,2024-11-13,2024-11-18,1828.8,1773.1,216,closed below 200 EMA,-12031.20000000001,-3.045713035870523,5
HCLTECH,2024-11-12,2024-11-19,1872.85,1820.55,215,failed a technical gate (trend/near-high/RSI) -- not in the top 20 at all,-11244.49999999999,-2.7925354406385994,7
BAJAJHLDNG,2024-11-18,2024-11-21,10684.75,10420.95,36,failed a technical gate (trend/near-high/RSI) -- not in the top 20 at all,-9496.799999999974,-2.4689393762137524,3
KAYNES,2024-11-18,2024-11-25,5622.65,5895.85,70,dropped out of top 20 rank (now #25 of 39),19124.00000000005,4.858918837203108,7
BSE,2024-10-30,2024-11-26,1447.0,1477.0,279,failed a technical gate (trend/near-high/RSI) -- not in the top 20 at all,8370.0,2.0732550103662817,27
AMBER,2024-10-03,2024-11-28,5163.85,5992.25,80,failed a technical gate (trend/near-high/RSI) -- not in the top 20 at all,66271.99999999997,16.042294024807056,56
HCLTECH,2024-11-25,2024-11-28,1891.7,1840.9,216,failed a technical gate (trend/near-high/RSI) -- not in the top 20 at all,-10972.79999999999,-2.6854152349738314,3
BSE,2024-11-28,2024-12-03,1524.5,1504.5,264,failed a technical gate (trend/near-high/RSI) -- not in the top 20 at all,-5280.0,-1.3119055428009174,5
MOTILALOFS,2024-12-03,2024-12-18,954.8,953.75,429,failed a technical gate (trend/near-high/RSI) -- not in the top 20 at all,-450.4499999999805,-0.10997067448680342,15
ETERNAL,2024-11-18,2024-12-20,270.79,274.20063660953247,1458,stop,4972.7081766983065,1.2595135010644576,32
NAM-INDIA,2024-12-18,2024-12-27,754.95,731.25,587,failed a technical gate (trend/near-high/RSI) -- not in the top 20 at all,-13911.900000000027,-3.1392807470693507,9
BSE,2024-12-20,2024-12-27,1847.5,1759.5,232,failed a technical gate (trend/near-high/RSI) -- not in the top 20 at all,-20416.0,-4.76319350473613,7
WIPRO,2024-11-19,2024-12-31,268.6,288.5,1478,failed a technical gate (trend/near-high/RSI) -- not in the top 20 at all,29412.199999999968,7.408786299329839,42
COFORGE,2024-10-25,2025-01-02,1548.0,1939.5,262,dropped out of top 20 rank (now #23 of 56),102573.0,25.290697674418606,69
PERSISTENT,2024-11-12,2025-01-03,5680.15,6405.95,71,dropped out of top 20 rank (now #21 of 53),51531.80000000001,12.777831571349353,52
PAYTM,2024-11-21,2025-01-03,845.4,982.8,474,dropped out of top 20 rank (now #26 of 53),65127.59999999999,16.252661462029817,43
INDHOTEL,2024-11-18,2025-01-06,737.2,844.25,535,failed a technical gate (trend/near-high/RSI) -- not in the top 20 at all,57271.74999999998,14.521161150298422,49
MOTILALOFS,2025-01-02,2025-01-06,985.2,925.25,447,closed below 200 EMA,-26797.65000000002,-6.085058871295168,4
NAM-INDIA,2025-01-03,2025-01-06,758.25,729.95,580,failed a technical gate (trend/near-high/RSI) -- not in the top 20 at all,-16413.999999999975,-3.732278272337608,3
NAUKRI,2024-11-26,2025-01-07,1649.5,1687.5,247,failed a technical gate (trend/near-high/RSI) -- not in the top 20 at all,9386.0,2.3037284025462235,42
360ONE,2024-12-27,2025-01-07,1250.9,1217.3,349,failed a technical gate (trend/near-high/RSI) -- not in the top 20 at all,-11726.400000000047,-2.6860660324566465,11
POLICYBZR,2025-01-06,2025-01-07,2120.0,2079.55,201,failed a technical gate (trend/near-high/RSI) -- not in the top 20 at all,-8130.449999999963,-1.9080188679245214,1
LUPIN,2025-01-07,2025-01-08,2357.65,2251.180081918926,181,stop,-19271.055172674387,-4.515934005517098,1
KAYNES,2024-12-31,2025-01-08,7417.3,6970.65,59,failed a technical gate (trend/near-high/RSI) -- not in the top 20 at all,-26352.35000000003,-6.021732975611083,8
MOTILALOFS,2025-01-07,2025-01-08,970.0,940.1,441,failed a technical gate (trend/near-high/RSI) -- not in the top 20 at all,-13185.89999999999,-3.0824742268041216,1
PGEL,2024-11-28,2025-01-09,700.35,922.2,576,failed a technical gate (trend/near-high/RSI) -- not in the top 20 at all,127785.6,31.677018633540378,42
MANKIND,2025-01-03,2025-01-09,2937.55,2828.05,149,failed a technical gate (trend/near-high/RSI) -- not in the top 20 at all,-16315.5,-3.7275961260233914,6
BSE,2025-01-08,2025-01-09,1800.0,1735.0,232,failed a technical gate (trend/near-high/RSI) -- not in the top 20 at all,-15080.0,-3.6111111111111094,1
KFINTECH,2024-12-27,2025-01-10,1511.45,1377.7,289,failed a technical gate (trend/near-high/RSI) -- not in the top 20 at all,-38653.75,-8.849118396242018,14
MAXHEALTH,2025-01-06,2025-01-10,1153.2,1149.9,370,failed a technical gate (trend/near-high/RSI) -- not in the top 20 at all,-1220.9999999999832,-0.286160249739853,4
LUPIN,2025-01-08,2025-01-10,2252.15,2191.1,185,failed a technical gate (trend/near-high/RSI) -- not in the top 20 at all,-11294.250000000033,-2.7107430677352884,2
BIOCON,2025-01-09,2025-01-10,370.7,360.95,1115,failed a technical gate (trend/near-high/RSI) -- not in the top 20 at all,-10871.25,-2.6301591583490658,1
AMBER,2025-01-06,2025-01-13,7664.8,6990.470087264245,55,stop,-37088.145200466526,-8.797749618199491,7
MUTHOOTFIN,2025-01-07,2025-01-13,2209.15,2094.4325713404573,193,stop,-22140.46373129175,-5.192831118735386,6
COFORGE,2025-01-10,2025-01-13,1881.0,1784.5703187180081,217,stop,-20925.240838192232,-5.126511498245179,3
DRREDDY,2025-01-08,2025-01-13,1370.75,1335.1,305,failed a technical gate (trend/near-high/RSI) -- not in the top 20 at all,-10873.250000000027,-2.6007660040124114,5
JUBLFOOD,2025-01-10,2025-01-13,737.0,706.6,554,failed a technical gate (trend/near-high/RSI) -- not in the top 20 at all,-16841.599999999988,-4.124830393487111,3
HCLTECH,2025-01-09,2025-01-14,1934.8,1859.229518340046,213,stop,-16096.512593570178,-3.9058549545148757,5
INFY,2025-01-10,2025-01-16,1925.3,1887.6,212,failed a technical gate (trend/near-high/RSI) -- not in the top 20 at all,-7992.40000000001,-1.9581363943281582,6
TCS,2025-01-14,2025-01-16,4233.05,4206.3,93,closed below 200 EMA,-2487.75,-0.6319320584448618,2
DRREDDY,2025-01-14,2025-01-16,1337.55,1302.75,296,closed below 200 EMA,-10300.799999999987,-2.6017718963777026,2
EICHERMOT,2025-01-16,2025-01-21,5047.8,4969.95,78,failed a technical gate (trend/near-high/RSI) -- not in the top 20 at all,-6072.300000000028,-1.5422560323309242,5
360ONE,2025-01-21,2025-01-22,1201.85,1148.95,328,closed below 200 EMA,-17351.199999999953,-4.401547614094925,1
BSE,2025-01-16,2025-01-27,1998.0,1840.3180787140245,198,stop,-31221.020414623144,-7.891988052351129,11
BIOCON,2025-01-13,2025-01-27,365.2,370.25,1085,failed a technical gate (trend/near-high/RSI) -- not in the top 20 at all,5479.250000000013,1.382803943044908,14
MUTHOOTFIN,2025-01-14,2025-01-27,2123.85,2139.0,186,failed a technical gate (trend/near-high/RSI) -- not in the top 20 at all,2817.900000000017,0.71332721237376,13
MANAPPURAM,2025-01-22,2025-01-27,195.35,184.46,2012,failed a technical gate (trend/near-high/RSI) -- not in the top 20 at all,-21910.67999999997,-5.5746096749423995,5
BAJAJHLDNG,2025-01-27,2025-01-28,11193.2,11029.3,34,failed a technical gate (trend/near-high/RSI) -- not in the top 20 at all,-5572.6000000000495,-1.4642818854304518,1
ITC,2025-01-13,2025-01-29,418.65,413.2,947,failed a technical gate (trend/near-high/RSI) -- not in the top 20 at all,-5161.14999999999,-1.3018034157410652,16
BAJAJFINSV,2025-01-27,2025-02-01,1711.6,1664.9712388726468,225,stop,-10491.471253654441,-2.7242791030236635,5
MARICO,2025-01-13,2025-02-04,668.4,677.05,593,dropped out of top 20 rank (now #23 of 26),5129.449999999986,1.2941352483542667,22
EICHERMOT,2025-01-27,2025-02-11,5144.5,5107.941305355118,75,stop,-2741.902098366154,-0.7106364981024793,15
MUTHOOTFIN,2025-02-01,2025-02-11,2182.45,2188.2,183,failed a technical gate (trend/near-high/RSI) -- not in the top 20 at all,1052.25,0.2634653714861823,10
BAJAJFINSV,2025-02-04,2025-02-11,1813.25,1744.85,225,failed a technical gate (trend/near-high/RSI) -- not in the top 20 at all,-15390.00000000002,-3.7722321797876823,7
MANAPPURAM,2025-01-29,2025-02-12,199.41,185.93977366261308,1977,stop,-26630.63746901394,-6.755040538281387,14
SRF,2025-01-10,2025-02-14,2601.1,2752.25,157,failed a technical gate (trend/near-high/RSI) -- not in the top 20 at all,23730.550000000014,5.8110030371765875,35
WIPRO,2025-01-27,2025-02-14,294.35,300.35,1311,failed a technical gate (trend/near-high/RSI) -- not in the top 20 at all,7866.0,2.038389672158991,18
INDIGO,2025-02-11,2025-02-14,4316.85,4223.3,91,closed below 200 EMA,-8513.050000000017,-2.1670894286343056,3
GODFRYPHLP,2025-02-17,2025-02-18,2346.0,2281.0,170,failed a technical gate (trend/near-high/RSI) -- not in the top 20 at all,-11050.0,-2.770673486786024,1
BHARTIARTL,2025-02-14,2025-02-19,1717.05,1645.4111874540085,232,stop,-16620.20451067001,-4.172203054424239,5
MARUTI,2025-02-11,2025-02-20,12724.35,12440.65,31,failed a technical gate (trend/near-high/RSI) -- not in the top 20 at all,-8794.700000000023,-2.22958343648203,9
HDFCBANK,2025-02-19,2025-02-20,863.6,843.6,460,closed below 200 EMA,-9200.0,-2.315886984715143,1
MUTHOOTFIN,2025-02-14,2025-02-21,2254.9,2212.1,177,failed a technical gate (trend/near-high/RSI) -- not in the top 20 at all,-7575.600000000032,-1.8980886070335767,7
WIPRO,2025-02-18,2025-02-21,304.35,298.65,1312,failed a technical gate (trend/near-high/RSI) -- not in the top 20 at all,-7478.40000000006,-1.8728437654016883,3
BAJAJHLDNG,2025-02-11,2025-02-25,11513.6,11642.05,34,failed a technical gate (trend/near-high/RSI) -- not in the top 20 at all,4367.299999999963,1.1156371595330672,14
BSE,2025-02-21,2025-02-25,1919.5,1834.0,205,failed a technical gate (trend/near-high/RSI) -- not in the top 20 at all,-17527.5,-4.454284970044286,4
ASHOKLEY,2025-02-25,2025-02-28,113.6,105.96533300659954,3439,stop,-26255.619790304176,-6.7206575646130755,3
KOTAKBANK,2025-01-28,2025-02-28,377.6,380.6,1030,failed a technical gate (trend/near-high/RSI) -- not in the top 20 at all,3090.0,0.7944915254237239,31
BAJAJHLDNG,2025-02-27,2025-02-28,12068.65,11574.35,32,failed a technical gate (trend/near-high/RSI) -- not in the top 20 at all,-15817.599999999977,-4.095735645660447,1
BAJAJFINSV,2025-02-12,2025-03-04,1788.7,1790.3,221,failed a technical gate (trend/near-high/RSI) -- not in the top 20 at all,353.5999999999799,0.08945043886621207,20
MANAPPURAM,2025-02-21,2025-03-04,201.32,197.58,1954,failed a technical gate (trend/near-high/RSI) -- not in the top 20 at all,-7307.959999999962,-1.857738923107477,11
BAJFINANCE,2025-01-09,2025-03-05,728.0,830.0,568,failed a technical gate (trend/near-high/RSI) -- not in the top 20 at all,57936.0,14.010989010989006,55
BAJFINANCE,2025-03-06,2025-03-10,841.0,834.0,464,failed a technical gate (trend/near-high/RSI) -- not in the top 20 at all,-3248.0,-0.8323424494649179,4
PGEL,2025-03-10,2025-03-12,899.05,854.5,431,failed a technical gate (trend/near-high/RSI) -- not in the top 20 at all,-19201.04999999998,-4.9552305211056025,2
SBICARD,2025-01-16,2025-03-13,752.75,829.85,526,failed a technical gate (trend/near-high/RSI) -- not in the top 20 at all,40554.60000000001,10.24244437064099,56
BLUESTARCO,2025-03-04,2025-03-21,2100.65,2152.7,184,dropped out of top 20 rank (now #26 of 37),9577.19999999995,2.477804489086699,17
SRF,2025-02-20,2025-03-25,2795.9,2945.65,142,dropped out of top 20 rank (now #21 of 41),21264.5,5.356057083586685,33
HINDALCO,2025-03-05,2025-03-27,657.35,693.35,588,dropped out of top 20 rank (now #21 of 40),21168.0,5.4765345706244695,22
SHRIRAMFIN,2025-02-28,2025-04-01,617.3,637.45,624,failed a technical gate (trend/near-high/RSI) -- not in the top 20 at all,12573.600000000057,3.2642151304066225,32
CHOLAFIN,2025-02-28,2025-04-01,1400.75,1468.25,275,failed a technical gate (trend/near-high/RSI) -- not in the top 20 at all,18562.5,4.818847046225239,32
BAJFINANCE,2025-03-12,2025-04-02,848.5,867.0,456,failed a technical gate (trend/near-high/RSI) -- not in the top 20 at all,8436.0,2.1803182086034267,21
SBICARD,2025-03-25,2025-04-03,859.2,850.3,476,failed a technical gate (trend/near-high/RSI) -- not in the top 20 at all,-4236.400000000043,-1.0358472998137858,9
GODFRYPHLP,2025-04-01,2025-04-04,2369.0,2226.0,169,failed a technical gate (trend/near-high/RSI) -- not in the top 20 at all,-24167.0,-6.036302237230895,3
INDIGO,2025-02-20,2025-04-07,4501.45,4748.465848614266,88,stop,21737.39467805544,5.487472894606538,46
MUTHOOTFIN,2025-03-13,2025-04-07,2196.35,2150.0,175,stop,-8111.249999999984,-2.110319393539273,25
BAJAJFINSV,2025-03-21,2025-04-07,1847.25,1835.0,221,stop,-2707.25,-0.6631479225876258,17
MAZDOCK,2025-03-27,2025-04-07,2695.35,2221.05,152,stop,-72093.59999999996,-17.59697256385997,11
INDHOTEL,2025-04-02,2025-04-07,830.15,744.0,486,stop,-41868.89999999999,-10.3776425947118,5
SHRIRAMFIN,2025-04-03,2025-04-07,654.15,596.0,617,stop,-35878.54999999999,-8.88939845601161,4
HDFCBANK,2025-04-04,2025-04-07,908.6,876.2543262595212,436,stop,-14102.71375084875,-3.5599464825532445,3
TORNTPHARM,2025-04-07,2025-04-09,3233.55,3126.8,115,closed below 200 EMA,-12276.25,-3.301325168931979,2
FEDERALBNK,2025-04-07,2025-04-11,190.81,190.44,1950,dropped out of top 20 rank (now #24 of 30),-721.5000000000089,-0.1939101724228287,4
APOLLOHOSP,2025-04-07,2025-04-11,6683.3,6780.95,55,dropped out of top 20 rank (now #21 of 30),5370.74999999998,1.461104544162306,4
MARICO,2025-04-07,2025-04-16,662.65,720.45,561,dropped out of top 20 rank (now #23 of 43),32425.80000000004,8.722553384139452,9
HDFCLIFE,2025-04-07,2025-04-17,665.95,720.05,558,failed a technical gate (trend/near-high/RSI) -- not in the top 20 at all,30187.79999999995,8.123733012988943,10
MFSL,2025-04-07,2025-04-17,1128.45,1218.0,329,dropped out of top 20 rank (now #22 of 47),29461.949999999986,7.935663963844197,10
SHRIRAMFIN,2025-04-17,2025-04-25,691.75,640.6948737187944,571,stop,-29152.477106568407,-7.380574814774931,8
MANAPPURAM,2025-03-05,2025-04-25,203.68,226.93,1900,failed a technical gate (trend/near-high/RSI) -- not in the top 20 at all,44175.0,11.414964650432058,51
LTF,2025-04-25,2025-04-28,172.99,161.5093994542209,2288,stop,-26267.61404874261,-6.636568903277129,3
BAJFINANCE,2025-04-09,2025-04-30,873.5,861.7556844695237,434,stop,-5097.0329402267325,-1.3445123675416504,21
BAJAJFINSV,2025-04-17,2025-04-30,2035.3,1939.7321172983345,194,stop,-18540.169244123095,-4.6955182381794085,13
GMRAIRPORT,2025-04-28,2025-05-06,88.17,86.42,4503,failed a technical gate (trend/near-high/RSI) -- not in the top 20 at all,-7880.25,-1.984802086877624,8
BDL,2025-05-06,2025-05-07,1527.7,1447.9,256,failed a technical gate (trend/near-high/RSI) -- not in the top 20 at all,-20428.79999999999,-5.223538652876869,1
INDIGO,2025-04-07,2025-05-08,4988.7,5109.429907986336,74,stop,8934.013190988864,2.4200675123045245,31
HDFCBANK,2025-04-11,2025-05-09,903.4,944.8,422,failed a technical gate (trend/near-high/RSI) -- not in the top 20 at all,17470.799999999992,4.582687624529558,28
HDFCAMC,2025-04-25,2025-05-09,2105.0,2051.6,188,failed a technical gate (trend/near-high/RSI) -- not in the top 20 at all,-10039.200000000017,-2.5368171021377672,14
ICICIBANK,2025-05-08,2025-05-09,1435.5,1388.9,269,failed a technical gate (trend/near-high/RSI) -- not in the top 20 at all,-12535.399999999976,-3.246255660048758,1
MUTHOOTFIN,2025-05-09,2025-05-13,2229.6,2216.5,172,dropped out of top 20 rank (now #21 of 51),-2253.1999999999844,-0.5875493362037965,4
GODFRYPHLP,2025-04-16,2025-05-21,2448.0,2851.0,159,dropped out of top 20 rank (now #25 of 59),64077.0,16.462418300653603,35
INDIGO,2025-05-13,2025-05-23,5521.0,5521.0,73,dropped out of top 20 rank (now #22 of 60),0.0,0.0,10
MAZDOCK,2025-04-30,2025-06-11,3057.6,3322.8157328919056,127,stop,33682.39807727202,8.673983938118312,42
BDL,2025-05-09,2025-06-12,1531.8,1871.0,251,failed a technical gate (trend/near-high/RSI) -- not in the top 20 at all,85139.20000000001,22.143883013448228,34
CDSL,2025-06-11,2025-06-12,1739.4,1644.2,255,failed a technical gate (trend/near-high/RSI) -- not in the top 20 at all,-24276.00000000001,-5.47315166149247,1
BSE,2025-04-01,2025-06-13,1822.0,2653.0,220,stop,182820.0,45.60922063666302,73
ANGELONE,2025-05-23,2025-06-13,308.0,294.06146264227834,1379,stop,-19221.243016298165,-4.525499142117417,21
PNBHOUSING,2025-04-11,2025-06-13,979.4,1055.6,389,failed a technical gate (trend/near-high/RSI) -- not in the top 20 at all,29641.799999999974,7.780273636920554,63
HDFCAMC,2025-06-12,2025-06-16,2461.7,2299.7,176,stop,-28512.0,-6.580818133809974,4
BSE,2025-06-13,2025-06-18,2711.2,2633.2,158,failed a technical gate (trend/near-high/RSI) -- not in the top 20 at all,-12324.0,-2.8769548539392176,5
HAL,2025-05-21,2025-06-19,5001.1,4902.3,84,failed a technical gate (trend/near-high/RSI) -- not in the top 20 at all,-8299.200000000015,-1.9755653756173719,29
CDSL,2025-06-16,2025-06-19,1682.6,1637.8,256,failed a technical gate (trend/near-high/RSI) -- not in the top 20 at all,-11468.799999999988,-2.662546059669557,3
BDL,2025-06-13,2025-06-24,1900.0,1851.7,226,failed a technical gate (trend/near-high/RSI) -- not in the top 20 at all,-10915.79999999999,-2.54210526315789,11
BSE,2025-06-24,2025-07-04,2785.6,2635.2,158,failed a technical gate (trend/near-high/RSI) -- not in the top 20 at all,-23763.200000000015,-5.399195864445727,10
MFSL,2025-05-09,2025-07-07,1268.2,1568.5,304,failed a technical gate (trend/near-high/RSI) -- not in the top 20 at all,91291.19999999998,23.679230405298846,59
HDFCAMC,2025-06-18,2025-07-07,2418.6,2446.0,179,failed a technical gate (trend/near-high/RSI) -- not in the top 20 at all,4904.600000000017,1.132886794013066,19
BDL,2025-07-07,2025-07-10,1943.3,1892.8,228,failed a technical gate (trend/near-high/RSI) -- not in the top 20 at all,-11514.0,-2.5986723614470186,3
MCX,2025-06-13,2025-07-11,1512.0,1656.6749616185812,284,stop,41087.68909967705,9.568449842498762,28
BEL,2025-04-30,2025-07-11,314.1,409.3,1243,failed a technical gate (trend/near-high/RSI) -- not in the top 20 at all,118333.59999999999,30.308818847500785,72
GVT&D,2025-06-12,2025-07-11,2308.6,2332.9,187,failed a technical gate (trend/near-high/RSI) -- not in the top 20 at all,4544.100000000034,1.0525859828467654,29
CDSL,2025-07-04,2025-07-11,1762.5,1688.7,253,failed a technical gate (trend/near-high/RSI) -- not in the top 20 at all,-18671.399999999987,-4.1872340425531895,7
AUBANK,2025-05-07,2025-07-16,687.6,797.75,569,failed a technical gate (trend/near-high/RSI) -- not in the top 20 at all,62675.349999999984,16.019488074461897,70
LTF,2025-07-07,2025-07-17,207.77,199.78,2138,failed a technical gate (trend/near-high/RSI) -- not in the top 20 at all,-17082.62000000002,-3.8455984983395197,10
ABCAPITAL,2025-06-19,2025-07-18,255.68,264.35,1674,failed a technical gate (trend/near-high/RSI) -- not in the top 20 at all,14513.580000000027,3.390957446808507,29
360ONE,2025-06-19,2025-07-22,1114.4,1131.0625094890302,384,stop,6398.4036437875475,1.4952000618296823,33
MOTILALOFS,2025-07-11,2025-07-24,934.4,904.9,463,failed a technical gate (trend/near-high/RSI) -- not in the top 20 at all,-13658.5,-3.1571061643835607,13
GODFRYPHLP,2025-07-16,2025-07-24,3106.0,2935.0,141,failed a technical gate (trend/near-high/RSI) -- not in the top 20 at all,-24111.0,-5.505473277527361,8
NAM-INDIA,2025-07-11,2025-07-25,804.85,809.7,538,failed a technical gate (trend/near-high/RSI) -- not in the top 20 at all,2609.300000000012,0.6025967571597235,14
MANAPPURAM,2025-07-17,2025-07-25,270.7,265.65,1615,failed a technical gate (trend/near-high/RSI) -- not in the top 20 at all,-8155.750000000018,-1.865533801256003,8
RBLBANK,2025-07-11,2025-07-28,264.16,253.26,1639,failed a technical gate (trend/near-high/RSI) -- not in the top 20 at all,-17865.100000000057,-4.126287098728055,17
LTF,2025-07-24,2025-07-28,210.1,201.99,2050,failed a technical gate (trend/near-high/RSI) -- not in the top 20 at all,-16625.49999999997,-3.8600666349357327,4
MUTHOOTFIN,2025-07-10,2025-07-29,2644.8,2617.1,165,failed a technical gate (trend/near-high/RSI) -- not in the top 20 at all,-4570.5000000000455,-1.0473381730187636,19
DELHIVERY,2025-07-28,2025-07-30,428.85,409.15,989,failed a technical gate (trend/near-high/RSI) -- not in the top 20 at all,-19483.300000000047,-4.593680774163467,2
POLYCAB,2025-07-28,2025-08-01,6837.5,6698.0,62,failed a technical gate (trend/near-high/RSI) -- not in the top 20 at all,-8649.0,-2.0402193784277878,4
GLENMARK,2025-07-22,2025-08-05,2157.9,2052.6,202,failed a technical gate (trend/near-high/RSI) -- not in the top 20 at all,-21270.600000000035,-4.879744195745872,14
MOTILALOFS,2025-07-29,2025-08-05,937.4,910.75,453,failed a technical gate (trend/near-high/RSI) -- not in the top 20 at all,-12072.44999999999,-2.842969916791127,7
ETERNAL,2025-07-24,2025-08-07,313.15,291.55,1376,stop,-29721.599999999955,-6.897652882005422,14
MOTILALOFS,2025-08-07,2025-08-08,917.8,905.6,466,failed a technical gate (trend/near-high/RSI) -- not in the top 20 at all,-5685.199999999968,-1.3292656352146381,1
HDFCAMC,2025-07-11,2025-08-11,2503.2,2691.6,173,failed a technical gate (trend/near-high/RSI) -- not in the top 20 at all,32593.200000000015,7.526366251198469,31
RBLBANK,2025-07-30,2025-08-11,261.75,258.5,1627,failed a technical gate (trend/near-high/RSI) -- not in the top 20 at all,-5287.75,-1.241642788920727,12
MOTILALOFS,2025-08-11,2025-08-12,918.55,911.3,468,failed a technical gate (trend/near-high/RSI) -- not in the top 20 at all,-3393.0,-0.7892874639377268,1
SBIN,2025-08-12,2025-08-19,820.6,830.4,522,dropped out of top 20 rank (now #22 of 51),5115.599999999977,1.1942481111381964,7
INDIANB,2025-08-11,2025-08-25,659.95,654.1,652,dropped out of top 20 rank (now #22 of 49),-3814.200000000015,-0.8864307902113788,14
GVT&D,2025-07-18,2025-08-26,2358.2,2690.1,184,failed a technical gate (trend/near-high/RSI) -- not in the top 20 at all,61069.60000000002,14.074293953015026,39
NAM-INDIA,2025-08-19,2025-08-26,861.7,825.7,508,failed a technical gate (trend/near-high/RSI) -- not in the top 20 at all,-18288.0,-4.177788093303936,7
HDFCAMC,2025-08-25,2025-08-28,2882.9,2770.6387988524725,153,stop,-17175.96377557172,-3.89403729395843,3
DELHIVERY,2025-08-05,2025-09-01,458.05,473.75,930,dropped out of top 20 rank (now #21 of 42),14600.999999999989,3.427573409016471,27
GODFRYPHLP,2025-08-05,2025-09-02,3292.0,3353.0,129,failed a technical gate (trend/near-high/RSI) -- not in the top 20 at all,7869.0,1.8529769137302532,28
FORTIS,2025-08-01,2025-09-12,859.25,970.0,496,dropped out of top 20 rank (now #21 of 66),54932.0,12.88914751236543,42
PAYTM,2025-07-25,2025-09-17,1067.75,1222.1,398,dropped out of top 20 rank (now #21 of 79),61431.29999999997,14.455630999765855,54
GODFRYPHLP,2025-09-17,2025-09-19,3571.0,3525.0,127,dropped out of top 20 rank (now #23 of 86),-5842.0,-1.2881545785494275,2
CUMMINSIND,2025-07-25,2025-09-23,3535.1,4005.2,120,dropped out of top 20 rank (now #21 of 64),56411.999999999985,13.298067947158486,60
HAL,2025-09-19,2025-09-24,4916.2,4731.756218957258,92,stop,-16968.82785593223,-3.751755035245552,5
ADANIPOWER,2025-09-23,2025-09-24,162.35,147.19789905277287,2796,stop,-42365.274248447044,-9.332984876641282,1
MANAPPURAM,2025-09-02,2025-09-25,281.0,281.2,1559,failed a technical gate (trend/near-high/RSI) -- not in the top 20 at all,311.7999999999823,0.0711743772241924,23
ETERNAL,2025-08-08,2025-09-26,300.9,322.27622414754416,1420,stop,30354.238289512734,7.104095761895701,49
BAJFINANCE,2025-09-24,2025-09-26,1029.75,990.7447282465973,434,stop,-16928.287940976756,-3.787838966098822,2
UNOMINDA,2025-08-26,2025-09-26,1276.8,1268.9,341,failed a technical gate (trend/near-high/RSI) -- not in the top 20 at all,-2693.8999999999533,-0.618734335839588,31
ADANIPOWER,2025-09-25,2025-09-30,149.0,144.65,2988,failed a technical gate (trend/near-high/RSI) -- not in the top 20 at all,-12997.799999999983,-2.9194630872483196,5
ASHOKLEY,2025-09-26,2025-10-06,141.93,137.78,3092,failed a technical gate (trend/near-high/RSI) -- not in the top 20 at all,-12831.800000000017,-2.92397660818714,10
HAL,2025-09-26,2025-10-13,4736.1,4745.4,92,failed a technical gate (trend/near-high/RSI) -- not in the top 20 at all,855.5999999999331,0.19636409704184565,17
MUTHOOTFIN,2025-09-24,2025-10-23,3088.3,3136.072669039739,144,stop,6879.26434172241,1.5468921102139932,29
EICHERMOT,2025-08-28,2025-10-23,6133.0,6884.5,70,failed a technical gate (trend/near-high/RSI) -- not in the top 20 at all,52605.0,12.253383336050883,56
MARUTI,2025-09-30,2025-10-28,16029.0,16311.0,27,dropped out of top 20 rank (now #24 of 77),7614.0,1.7593112483623496,28
NAM-INDIA,2025-09-12,2025-10-29,827.75,870.0,540,stop,22815.0,5.104198127453952,47
HEROMOTOCO,2025-09-01,2025-10-30,5244.0,5515.0,83,failed a technical gate (trend/near-high/RSI) -- not in the top 20 at all,22493.0,5.167810831426389,59
BAJFINANCE,2025-09-26,2025-10-31,985.1,1042.8,445,failed a technical gate (trend/near-high/RSI) -- not in the top 20 at all,25676.49999999997,5.8572733732615845,35
ADANIPOWER,2025-10-06,2025-11-03,151.99,156.73,2951,failed a technical gate (trend/near-high/RSI) -- not in the top 20 at all,13987.739999999943,3.1186262254095487,28
MCX,2025-11-03,2025-11-07,1905.0,1803.8993842555371,244,stop,-24668.550241648936,-5.307118936717215,4
INDIANB,2025-10-23,2025-11-21,808.95,834.05,569,failed a technical gate (trend/near-high/RSI) -- not in the top 20 at all,14281.899999999949,3.102787564126319,29
BANKBARODA,2025-10-31,2025-11-24,269.7,273.05,1698,failed a technical gate (trend/near-high/RSI) -- not in the top 20 at all,5688.300000000038,1.2421208750463597,24
BANKINDIA,2025-10-23,2025-12-03,131.24,135.04261241598502,3512,stop,13354.774804939354,2.897449265456431,41
SBIN,2025-10-29,2025-12-03,939.75,951.05,489,failed a technical gate (trend/near-high/RSI) -- not in the top 20 at all,5525.699999999978,1.2024474594307,35
BSE,2025-11-24,2025-12-03,2802.2,2751.1,169,failed a technical gate (trend/near-high/RSI) -- not in the top 20 at all,-8635.899999999985,-1.8235671972021916,9
CANBK,2025-10-30,2025-12-08,128.65,137.74350071247605,3561,stop,32381.95603712719,7.068403196638973,39
BHARATFORG,2025-12-03,2025-12-08,1406.7,1373.6,340,failed a technical gate (trend/near-high/RSI) -- not in the top 20 at all,-11254.000000000047,-2.353024809838644,5
BSE,2025-12-08,2025-12-09,2798.8,2634.114493698545,170,stop,-27996.536071247352,-5.88414700233868,1
HEROMOTOCO,2025-12-08,2025-12-09,6167.0,6001.0,77,failed a technical gate (trend/near-high/RSI) -- not in the top 20 at all,-12782.0,-2.6917463920869134,1
BANKBARODA,2025-12-09,2025-12-10,280.75,277.15,1692,failed a technical gate (trend/near-high/RSI) -- not in the top 20 at all,-6091.200000000039,-1.2822796081923493,1
CANBK,2025-12-09,2025-12-10,141.52,140.91,3357,failed a technical gate (trend/near-high/RSI) -- not in the top 20 at all,-2047.770000000046,-0.4310344827586299,1
EICHERMOT,2025-12-10,2025-12-16,7228.5,7061.5,65,failed a technical gate (trend/near-high/RSI) -- not in the top 20 at all,-10855.0,-2.310299508888425,6
LTF,2025-08-26,2025-12-18,220.0,299.85,1983,failed a technical gate (trend/near-high/RSI) -- not in the top 20 at all,158342.55000000005,36.295454545454554,114
SBIN,2025-12-18,2025-12-26,977.55,966.3,493,failed a technical gate (trend/near-high/RSI) -- not in the top 20 at all,-5546.25,-1.150836274359368,8
MUTHOOTFIN,2025-12-03,2025-12-29,3763.4,3736.5,127,failed a technical gate (trend/near-high/RSI) -- not in the top 20 at all,-3416.3000000000116,-0.7147791890312005,26
MOTHERSON,2025-12-10,2025-12-30,116.28,119.75,4068,dropped out of top 20 rank (now #21 of 57),14115.959999999995,2.984176126590987,20
FEDERALBNK,2025-11-07,2026-01-05,237.26,263.75,1981,dropped out of top 20 rank (now #23 of 76),52476.69000000002,11.1649667031948,59
CANBK,2025-12-16,2026-01-07,142.47,148.08,3370,dropped out of top 20 rank (now #21 of 79),18905.700000000044,3.937671088650241,22
HINDZINC,2025-12-29,2026-01-08,618.55,588.9347918307274,795,stop,-23544.090494571712,-4.787843855674168,10
NMDC,2025-12-26,2026-01-09,80.17,77.92451096293601,6158,stop,-13827.721490240052,-2.8009093639316363,14
MANAPPURAM,2026-01-07,2026-01-09,319.9,303.2254862480685,1611,stop,-26862.641654361647,-5.2124144269870225,2
BAJAJ-AUTO,2026-01-08,2026-01-12,9760.5,9403.10208080076,51,stop,-18227.293879161254,-3.6616763403436337,4
AUBANK,2025-10-28,2026-01-13,879.9,962.3143977396953,525,stop,43267.55881334006,9.36633682687753,77
EICHERMOT,2026-01-09,2026-01-14,7507.0,7266.614916663225,66,stop,-15865.415500227156,-3.2021457751002402,5
NMDC,2026-01-12,2026-01-19,79.35,78.99,6347,failed a technical gate (trend/near-high/RSI) -- not in the top 20 at all,-2284.9199999999964,-0.4536862003780673,7
MANAPPURAM,2026-01-13,2026-01-20,308.05,301.85,1634,failed a technical gate (trend/near-high/RSI) -- not in the top 20 at all,-10130.799999999981,-2.0126602824216855,7
BANKBARODA,2026-01-05,2026-01-21,297.25,289.7,1720,failed a technical gate (trend/near-high/RSI) -- not in the top 20 at all,-12986.00000000002,-2.5399495374264114,16
MCX,2026-01-19,2026-01-22,2429.0,2283.714148951454,212,stop,-30800.60042229179,-5.981303048519814,3
BANKBARODA,2026-01-22,2026-01-23,295.75,286.85,1734,failed a technical gate (trend/near-high/RSI) -- not in the top 20 at all,-15432.59999999996,-3.009298393913773,1
NATIONALUM,2025-10-13,2026-01-30,225.38,386.7146736057631,2007,stop,323798.68992676656,71.58340296644027,109
HINDZINC,2026-01-09,2026-01-30,606.45,647.2246923040271,827,stop,33720.670535430414,6.7235043786012305,21
SBIN,2025-12-30,2026-02-01,973.45,1024.551936766317,515,stop,26317.49743465329,5.2495697535895,33
BANKINDIA,2026-01-14,2026-02-01,148.03,147.07184702545635,3448,stop,-3303.7114562265097,-0.6472694552074887,18
NATIONALUM,2026-01-30,2026-02-01,385.45,352.40908366071045,1352,stop,-44671.318890719456,-8.572036928081339,2
MCX,2026-01-30,2026-02-01,2528.0,2300.0,206,stop,-46968.0,-9.018987341772156,2
UNIONBANK,2026-01-20,2026-02-01,170.69,164.51,2965,failed a technical gate (trend/near-high/RSI) -- not in the top 20 at all,-18323.70000000002,-3.620598746265158,12
INDIANB,2026-01-21,2026-02-01,832.8,825.55,605,failed a technical gate (trend/near-high/RSI) -- not in the top 20 at all,-4386.25,-0.8705571565802095,11
SHRIRAMFIN,2025-11-21,2026-02-02,823.3,951.4016966590506,574,stop,73530.37388229505,15.559540466300327,73
INFY,2026-02-01,2026-02-02,1619.5,1594.9,305,failed a technical gate (trend/near-high/RSI) -- not in the top 20 at all,-7502.999999999973,-1.518987341772149,1
OIL,2026-02-01,2026-02-03,501.8,488.9,985,dropped out of top 20 rank (now #27 of 43),-12706.500000000033,-2.570745316859313,2
BEL,2026-02-01,2026-02-03,425.35,438.95,1163,dropped out of top 20 rank (now #22 of 43),15816.799999999961,3.1973668743387806,2
TECHM,2026-02-01,2026-02-04,1673.8,1600.3000691168083,295,stop,-21682.479610541526,-4.391201510526443,3
NATIONALUM,2026-02-02,2026-02-05,369.7,363.85,1333,failed a technical gate (trend/near-high/RSI) -- not in the top 20 at all,-7798.049999999955,-1.5823640789829452,3
BAJAJ-AUTO,2026-02-01,2026-02-09,9499.5,9590.0,52,dropped out of top 20 rank (now #23 of 78),4706.0,0.9526817200905313,8
MCX,2026-02-04,2026-02-11,2543.3,2372.8,197,failed a technical gate (trend/near-high/RSI) -- not in the top 20 at all,-33588.5,-6.703888648606138,7
NMDC,2026-02-02,2026-02-13,79.04,79.43,6236,failed a technical gate (trend/near-high/RSI) -- not in the top 20 at all,2432.0400000000036,0.49342105263157077,11
NATIONALUM,2026-02-09,2026-02-13,365.2,349.3,1386,failed a technical gate (trend/near-high/RSI) -- not in the top 20 at all,-22037.39999999997,-4.353778751369108,4
BSE,2026-02-11,2026-02-16,3177.1,2810.0,160,stop,-58735.999999999985,-11.554562336722164,5
NMDC,2026-02-16,2026-02-17,80.46,79.03,6202,failed a technical gate (trend/near-high/RSI) -- not in the top 20 at all,-8868.859999999953,-1.7772806363410276,1
FEDERALBNK,2026-02-01,2026-02-19,285.1,288.3,1735,dropped out of top 20 rank (now #23 of 63),5551.99999999998,1.1224131883549537,18
SHRIRAMFIN,2026-02-13,2026-03-02,1065.8,1052.5,468,failed a technical gate (trend/near-high/RSI) -- not in the top 20 at all,-6224.399999999979,-1.2478889097391588,17
APLAPOLLO,2026-01-23,2026-03-04,2000.1,2131.603593202479,255,stop,33533.41626663212,6.574850917578057,40
BANKINDIA,2026-02-03,2026-03-04,153.01,157.94769555088027,3253,stop,16062.323627013544,3.2270410763219903,29
BANKBARODA,2026-02-19,2026-03-04,294.9,293.1645718101938,1694,stop,-2939.8153535316305,-0.5884802271299283,13
ASHOKLEY,2025-12-03,2026-03-04,162.71,200.46,2946,failed a technical gate (trend/near-high/RSI) -- not in the top 20 at all,111211.5,23.20078667568066,91
SBIN,2026-02-03,2026-03-05,1064.2,1155.7756478961394,467,stop,42765.82756749707,8.605116321757134,30
UNIONBANK,2026-02-05,2026-03-06,172.82,183.24,2883,failed a technical gate (trend/near-high/RSI) -- not in the top 20 at all,30040.860000000044,6.029394745978478,29
SBIN,2026-03-05,2026-03-06,1169.5,1143.0,431,failed a technical gate (trend/near-high/RSI) -- not in the top 20 at all,-11421.5,-2.26592560923472,1
INDIANB,2026-02-17,2026-03-09,900.9,891.708604135213,557,stop,-5119.607496686334,-1.0202459612373094,20
POLYCAB,2026-03-04,2026-03-10,8284.0,7918.111182872448,59,stop,-21587.440210525572,-4.416813340506421,6
CUMMINSIND,2026-03-06,2026-03-11,4800.7,4630.7,104,failed a technical gate (trend/near-high/RSI) -- not in the top 20 at all,-17680.0,-3.5411502489220315,5
BHARATFORG,2026-02-13,2026-03-12,1738.8,1758.347843916154,287,stop,5610.2312039362205,1.1242146259577979,27
ASTRAL,2026-03-11,2026-03-12,1746.3,1643.0154946714922,282,stop,-29126.230502639184,-5.914476626496468,1
BEL,2026-03-06,2026-03-13,468.45,442.746140295647,1075,stop,-27631.649182179437,-5.487001751382847,7
GVT&D,2026-03-02,2026-03-13,3772.4,3604.3,135,failed a technical gate (trend/near-high/RSI) -- not in the top 20 at all,-22693.49999999999,-4.4560491994486195,11
CUMMINSIND,2026-03-12,2026-03-13,4753.6,4649.7,103,failed a technical gate (trend/near-high/RSI) -- not in the top 20 at all,-10701.700000000055,-2.1857118815213794,1
CGPOWER,2026-03-10,2026-03-16,728.2,680.4669792593064,681,stop,-32506.187124412365,-6.554932812509429,6
NATIONALUM,2026-03-04,2026-03-16,373.5,372.25,1326,failed a technical gate (trend/near-high/RSI) -- not in the top 20 at all,-1657.5,-0.33467202141901353,12
TORNTPHARM,2026-03-04,2026-03-16,4341.0,4266.6,114,failed a technical gate (trend/near-high/RSI) -- not in the top 20 at all,-8481.599999999959,-1.7138908085694404,12
SUNPHARMA,2026-03-13,2026-03-19,1801.6,1744.4,267,failed a technical gate (trend/near-high/RSI) -- not in the top 20 at all,-15272.39999999995,-3.1749555950266295,6
LUPIN,2026-03-16,2026-03-19,2290.4,2251.5,207,failed a technical gate (trend/near-high/RSI) -- not in the top 20 at all,-8052.300000000019,-1.698393293747824,3
MCX,2026-03-09,2026-03-20,2577.1,2414.5,191,failed a technical gate (trend/near-high/RSI) -- not in the top 20 at all,-31056.599999999984,-6.309417562376307,11
BSE,2026-03-13,2026-03-20,2797.0,2806.1,171,failed a technical gate (trend/near-high/RSI) -- not in the top 20 at all,1556.0999999999844,0.32534858777260034,7
ASTRAL,2026-03-19,2026-03-20,1640.4,1631.8,287,failed a technical gate (trend/near-high/RSI) -- not in the top 20 at all,-2468.200000000039,-0.5242623750304931,1
ABB,2026-03-04,2026-03-23,5830.5,6041.5,84,failed a technical gate (trend/near-high/RSI) -- not in the top 20 at all,17724.0,3.6189006088671594,19
PFC,2026-03-19,2026-03-23,411.85,398.0,1143,closed below 200 EMA,-15830.550000000027,-3.362874833070295,4
SUNPHARMA,2026-03-20,2026-03-23,1777.1,1758.4,265,failed a technical gate (trend/near-high/RSI) -- not in the top 20 at all,-4955.499999999952,-1.052276180293732,3
GLENMARK,2026-03-20,2026-03-23,2180.1,2089.0,216,failed a technical gate (trend/near-high/RSI) -- not in the top 20 at all,-19677.59999999998,-4.1787073987431755,3
COALINDIA,2026-03-12,2026-03-24,470.1,444.37037857580697,1045,stop,-26887.45438828174,-5.473223021525852,12
TATAPOWER,2026-03-16,2026-03-24,390.55,384.75,1215,failed a technical gate (trend/near-high/RSI) -- not in the top 20 at all,-7047.000000000014,-1.485085136346176,8
ABB,2026-03-24,2026-03-27,6162.0,6105.0,74,failed a technical gate (trend/near-high/RSI) -- not in the top 20 at all,-4218.0,-0.9250243427458615,3
TATAPOWER,2026-03-25,2026-03-27,390.7,385.7,1184,failed a technical gate (trend/near-high/RSI) -- not in the top 20 at all,-5920.0,-1.2797542871768597,2
DELHIVERY,2026-03-25,2026-03-30,430.35,416.7,1075,closed below 200 EMA,-14673.750000000036,-3.171836876960621,5
SUNPHARMA,2026-03-27,2026-03-30,1793.6,1757.2,257,failed a technical gate (trend/near-high/RSI) -- not in the top 20 at all,-9354.799999999965,-2.029438001784112,3
GLENMARK,2026-03-27,2026-03-30,2170.5,2131.7,212,failed a technical gate (trend/near-high/RSI) -- not in the top 20 at all,-8225.600000000039,-1.7876065422713694,3
LUPIN,2026-03-20,2026-04-01,2322.5,2274.9,203,failed a technical gate (trend/near-high/RSI) -- not in the top 20 at all,-9662.799999999981,-2.0495156081808408,12
OIL,2026-04-02,2026-04-06,480.15,472.2,960,failed a technical gate (trend/near-high/RSI) -- not in the top 20 at all,-7631.999999999989,-1.6557325835676373,4
GVT&D,2026-04-01,2026-04-07,3798.7,3673.2,121,failed a technical gate (trend/near-high/RSI) -- not in the top 20 at all,-15185.5,-3.303761813251904,6
DELHIVERY,2026-04-01,2026-04-08,431.4,459.85,1066,dropped out of top 20 rank (now #24 of 30),30327.700000000048,6.5948076031525416,7
COALINDIA,2026-04-02,2026-04-08,449.35,449.25,1026,failed a technical gate (trend/near-high/RSI) -- not in the top 20 at all,-102.60000000002333,-0.022254367419616283,6
ONGC,2026-03-27,2026-04-09,281.95,288.6,1635,dropped out of top 20 rank (now #23 of 42),10872.750000000056,2.358574215286402,13
AUROPHARMA,2026-03-13,2026-04-15,1296.5,1373.9,371,dropped out of top 20 rank (now #21 of 65),28715.400000000034,5.969919012726588,33
DMART,2026-04-01,2026-04-16,4271.1,4428.3,107,dropped out of top 20 rank (now #23 of 70),16820.39999999998,3.680550677811323,15
INDIANB,2026-04-08,2026-04-17,936.55,919.85,500,dropped out of top 20 rank (now #25 of 78),-8349.999999999965,-1.7831402487854309,9
NATIONALUM,2026-04-01,2026-04-30,399.45,399.79447966096217,1151,stop,396.496089767468,0.0862384931686444,29
ABB,2026-04-08,2026-05-08,6565.0,7012.5,71,failed a technical gate (trend/near-high/RSI) -- not in the top 20 at all,31772.5,6.816450875856805,30
NMDC,2026-04-07,2026-05-11,81.74,86.79,5682,failed a technical gate (trend/near-high/RSI) -- not in the top 20 at all,28694.100000000064,6.178125764619535,34
GVT&D,2026-04-15,2026-05-12,4134.5,4233.513680237785,118,stop,11683.614268058593,2.3948163076015216,27
ADANIENSOL,2026-04-17,2026-05-12,1259.8,1262.6814054743188,401,stop,1155.4435952018603,0.2287192787997272,25
CAMS,2026-05-08,2026-05-12,836.3,784.540417794548,635,stop,-32867.33470046197,-6.1891166095243255,4
ANGELONE,2026-04-09,2026-05-12,281.8,299.1,1681,failed a technical gate (trend/near-high/RSI) -- not in the top 20 at all,29081.300000000017,6.139105748757978,33
OFSS,2026-05-11,2026-05-14,9239.5,8730.12060712311,56,stop,-28525.246001105843,-5.513062318057149,3
CGPOWER,2026-05-12,2026-05-18,833.7,808.75,602,failed a technical gate (trend/near-high/RSI) -- not in the top 20 at all,-15019.900000000027,-2.992683219383474,6
NMDC,2026-05-14,2026-05-20,93.21,88.05957293310695,5574,stop,-28708.48047086183,-5.525616421942969,6
CAMS,2026-05-12,2026-05-21,784.65,769.1,640,failed a technical gate (trend/near-high/RSI) -- not in the top 20 at all,-9951.99999999997,-1.9817753138341887,9
ADANIGREEN,2026-05-12,2026-05-22,1308.0,1362.3,384,dropped out of top 20 rank (now #21 of 53),20851.199999999983,4.1513761467889765,10
PNBHOUSING,2026-04-30,2026-05-29,1045.65,1030.5,494,failed a technical gate (trend/near-high/RSI) -- not in the top 20 at all,-7484.100000000045,-1.4488595610385957,29
BSE,2026-04-06,2026-06-01,2982.3,4047.402659762728,155,stop,165090.91226322282,35.714135390897226,56
BSE,2026-06-01,2026-06-02,4066.6,3931.9,127,failed a technical gate (trend/near-high/RSI) -- not in the top 20 at all,-17106.899999999976,-3.312349382776758,1
BHEL,2026-05-12,2026-06-04,391.75,389.2,1282,failed a technical gate (trend/near-high/RSI) -- not in the top 20 at all,-3269.1000000000145,-0.6509253350351019,23
SAIL,2026-05-22,2026-06-05,201.21,190.56,2550,failed a technical gate (trend/near-high/RSI) -- not in the top 20 at all,-27157.500000000015,-5.292977486208439,14
BSE,2026-06-04,2026-06-05,4033.4,3880.0,129,failed a technical gate (trend/near-high/RSI) -- not in the top 20 at all,-19788.600000000013,-3.8032429216045993,1
NMDC,2026-06-02,2026-06-08,95.31,89.31408644924116,5484,stop,-32881.589912361494,-6.290959553833641,6
ADANIPOWER,2026-03-16,2026-06-08,154.06,225.85,3080,failed a technical gate (trend/near-high/RSI) -- not in the top 20 at all,221113.19999999998,46.59872776840193,84
NAM-INDIA,2026-04-16,2026-06-08,964.85,1055.2,509,failed a technical gate (trend/near-high/RSI) -- not in the top 20 at all,45988.15000000001,9.364149867855097,53
GVT&D,2026-05-20,2026-06-08,4679.4,4744.0,109,failed a technical gate (trend/near-high/RSI) -- not in the top 20 at all,7041.40000000004,1.3805188699405946,19
COALINDIA,2026-06-05,2026-06-08,472.3,464.9,1094,failed a technical gate (trend/near-high/RSI) -- not in the top 20 at all,-8095.600000000038,-1.566800762227405,3
OFSS,2026-05-18,2026-06-09,9408.5,9639.5,54,failed a technical gate (trend/near-high/RSI) -- not in the top 20 at all,12474.0,2.4552266567465564,22
GVT&D,2026-06-09,2026-06-11,4931.0,4735.0,102,failed a technical gate (trend/near-high/RSI) -- not in the top 20 at all,-19992.0,-3.974852970999798,2
PREMIERENE,2026-06-08,2026-06-12,1090.5,1034.6,458,failed a technical gate (trend/near-high/RSI) -- not in the top 20 at all,-25602.20000000004,-5.126088950022933,4
ZYDUSLIFE,2026-06-08,2026-06-17,1087.6,1061.4,459,failed a technical gate (trend/near-high/RSI) -- not in the top 20 at all,-12025.799999999916,-2.4089738874586097,9
ADANIENSOL,2026-06-08,2026-06-17,1570.4,1491.0,318,dropped out of top 20 rank (now #24 of 65),-25249.20000000003,-5.0560366785532445,9
CGPOWER,2026-05-29,2026-06-24,917.45,919.45,578,failed a technical gate (trend/near-high/RSI) -- not in the top 20 at all,1156.0,0.21799553109160819,26
CUMMINSIND,2026-06-08,2026-06-24,5610.5,5555.5,89,failed a technical gate (trend/near-high/RSI) -- not in the top 20 at all,-4895.0,-0.9803047856697278,16
POLYCAB,2026-06-11,2026-06-25,9372.0,9531.0,52,failed a technical gate (trend/near-high/RSI) -- not in the top 20 at all,8268.0,1.696542893725983,14
SUZLON,2026-06-17,2026-06-25,59.27,57.14,8423,failed a technical gate (trend/near-high/RSI) -- not in the top 20 at all,-17940.99000000002,-3.5937236375906956,8
GVT&D,2026-06-12,2026-06-29,4942.5,4826.673115213523,99,stop,-11466.861593861264,-2.3434878054927166,17
FEDERALBNK,2026-06-25,2026-06-29,324.05,324.05,1537,dropped out of top 20 rank (now #25 of 62),0.0,0.0,4
ADANIGREEN,2026-06-05,2026-06-30,1525.7,1492.2,338,dropped out of top 20 rank (now #22 of 66),-11323.0,-2.1957134430097613,25
CGPOWER,2026-06-25,2026-07-03,942.1,897.0961271009405,528,stop,-23762.044890703415,-4.776974089699559,8
BHEL,2026-06-29,2026-07-03,413.75,385.6890708066307,1201,stop,-33701.175961236535,-6.7820976902403185,4
SUZLON,2026-06-30,2026-07-03,58.9,56.87,8457,failed a technical gate (trend/near-high/RSI) -- not in the top 20 at all,-17167.71000000001,-3.446519524617997,3
MOTILALOFS,2026-06-24,2026-07-08,935.15,909.6,532,failed a technical gate (trend/near-high/RSI) -- not in the top 20 at all,-13592.599999999977,-2.732182002887229,14
ABCAPITAL,2026-07-03,2026-07-08,401.25,385.75,1245,dropped out of top 20 rank (now #21 of 49),-19297.5,-3.8629283489096555,5
ADANIENT,2026-05-21,2026-07-09,2697.6,3083.6,190,dropped out of top 20 rank (now #26 of 51),73340.0,14.309015421115067,49
NAM-INDIA,2026-06-17,2026-07-16,1153.7,1151.5,432,failed a technical gate (trend/near-high/RSI) -- not in the top 20 at all,-950.4000000000196,-0.1906908208373137,29
LTF,2026-07-03,2026-07-17,327.0,308.4489612739548,1528,stop,-28345.987173397054,-5.673100527842568,14
AUROPHARMA,2026-07-09,2026-07-17,1587.4,1533.4,310,failed a technical gate (trend/near-high/RSI) -- not in the top 20 at all,-16740.0,-3.401789089076479,8
NAM-INDIA,2026-07-17,2026-07-21,1186.5,1166.9,409,failed a technical gate (trend/near-high/RSI) -- not in the top 20 at all,-8016.399999999963,-1.651917404129788,4
OFSS,2026-06-24,2026-07-22,10468.5,10851.0,47,failed a technical gate (trend/near-high/RSI) -- not in the top 20 at all,17977.5,3.6538185986531024,28
LICI,2026-06-29,2026-07-22,431.25,423.3,1152,failed a technical gate (trend/near-high/RSI) -- not in the top 20 at all,-9158.399999999987,-1.8434782608695577,23
ZYDUSLIFE,2026-07-08,2026-07-22,1148.0,1126.3,420,failed a technical gate (trend/near-high/RSI) -- not in the top 20 at all,-9114.000000000018,-1.890243902439026,14
LUPIN,2026-07-08,2026-07-22,2459.0,2406.9,196,failed a technical gate (trend/near-high/RSI) -- not in the top 20 at all,-10211.599999999982,-2.1187474583163834,14
GODREJPROP,2026-07-21,2026-07-23,2164.3,2045.1897435723915,225,stop,-26799.807696211945,-5.503407865250132,2
PIDILITIND,2026-07-22,2026-07-23,1608.6,1564.2,296,failed a technical gate (trend/near-high/RSI) -- not in the top 20 at all,-13142.39999999996,-2.7601641178664593,1
PHOENIXLTD,2026-07-03,2026-07-24,2047.6,1988.7837052880766,244,stop,-14351.17590970929,-2.8724504157024433,21
BHEL,2026-07-16,2026-07-24,435.4,403.83182944334754,1127,stop,-35577.32821734729,-7.250383683199912,8
BAJFINANCE,2026-07-17,2026-07-24,1056.3,1007.0003161440566,459,stop,-22628.554889878014,-4.667204757733923,7
BHEL,2026-07-24,2026-07-28,417.3,405.75,1119,failed a technical gate (trend/near-high/RSI) -- not in the top 20 at all,-12924.450000000013,-2.7677929547088476,4
ABB,2026-07-24,2026-07-28,7375.5,7243.5,63,dropped out of top 20 rank (now #29 of 49),-8316.0,-1.7897091722595126,4
TORNTPHARM,2026-07-22,2026-07-29,5033.4,4878.5,94,failed a technical gate (trend/near-high/RSI) -- not in the top 20 at all,-14560.599999999966,-3.077442682878362,7
BIOCON,2026-07-22,2026-07-30,437.95,425.35,1089,failed a technical gate (trend/near-high/RSI) -- not in the top 20 at all,-13721.399999999963,-2.8770407580773982,8
MANKIND,2026-07-28,2026-07-31,2617.9,2484.1865065838256,180,stop,-24068.428814911415,-5.107662378859946,3
ALKEM,2026-07-24,2026-08-04,5633.5,5608.0,82,failed a technical gate (trend/near-high/RSI) -- not in the top 20 at all,-2091.0,-0.45264932990147777,11
GODREJPROP,2026-07-30,2026-08-04,2110.9,2033.6,228,failed a technical gate (trend/near-high/RSI) -- not in the top 20 at all,-17624.40000000004,-3.6619451418826166,5
LODHA,2026-07-28,2026-08-07,1301.4,1205.2705728022672,364,stop,-34991.111499974766,-7.386616505127774,10
BAJFINANCE,2026-07-31,2026-08-07,1141.2,1081.270698804315,419,stop,-25110.377200991996,-5.251428425839899,7
OFSS,2026-08-04,2026-08-13,11600.0,11420.0,41,failed a technical gate (trend/near-high/RSI) -- not in the top 20 at all,-7380.0,-1.551724137931032,9
LODHA,2026-08-07,2026-08-21,1218.7,1242.0,392,dropped out of top 20 rank (now #21 of 60),9133.599999999982,1.91187330762288,14
