symbol,entry_date,exit_date,entry_price,exit_price,qty,reason,pnl,ret_pct,holding_days
TATASTEEL,2021-01-01,2021-01-04,59.32,62.9853870893331,1685,target,6176.177245526276,6.179007230837996,3
TATAELXSI,2021-01-01,2021-01-06,1867.95,2004.7059437777816,53,target,7248.065020222423,7.321177963959502,5
DIXON,2021-01-01,2021-01-06,2724.4,2928.0055333313385,36,target,7329.799199928182,7.473408212132515,5
APLAPOLLO,2021-01-01,2021-01-08,429.9,465.6363142378265,232,target,8290.824903175759,8.312703939945699,7
PERSISTENT,2021-01-01,2021-01-11,748.8,806.2082844781742,133,target,7635.30183559717,7.6667046578758224,10
ADANIENT,2021-01-01,2021-01-12,476.2,518.0489074315758,209,target,8746.421653199344,8.788094798734946,11
DLF,2021-01-01,2021-01-12,238.35,257.6992364469679,419,target,8107.330071279559,8.117993055157502,11
DLF,2021-01-12,2021-01-13,267.55,289.4899692465359,392,target,8600.46794464207,8.20032489124869,1
SAIL,2021-01-06,2021-01-14,76.2,69.0,1343,stop,-9669.600000000004,-9.4488188976378,8
OBEROIRLTY,2021-01-01,2021-01-15,590.1,559.6,169,failed a technical gate (trend/near-high/RSI) -- not in the top 20 at all,-5154.5,-5.168615488900185,14
GODREJPROP,2021-01-01,2021-01-15,1427.25,1382.3,70,failed a technical gate (trend/near-high/RSI) -- not in the top 20 at all,-3146.500000000003,-3.149413207216678,14
NMDC,2021-01-11,2021-01-18,15.55,14.386307654726487,6698,stop,-7794.411328641996,-7.483552059636745,7
TATASTEEL,2021-01-04,2021-01-18,64.2,61.61,1582,failed a technical gate (trend/near-high/RSI) -- not in the top 20 at all,-4097.380000000006,-4.034267912772593,14
SAIL,2021-01-15,2021-01-18,70.15,65.95,1456,failed a technical gate (trend/near-high/RSI) -- not in the top 20 at all,-6115.200000000004,-5.987170349251603,3
TATAELXSI,2021-01-15,2021-01-19,2357.8,2590.0884315751264,43,target,9988.402557730427,9.85191413924531,4
TMPV,2021-01-18,2021-01-20,169.35,185.30481949252905,589,target,9397.388681099614,9.421210211118435,2
TATASTEEL,2021-01-20,2021-01-21,63.91,61.61,1627,failed a technical gate (trend/near-high/RSI) -- not in the top 20 at all,-3742.0999999999954,-3.598810827726484,1
VEDL,2021-01-06,2021-01-22,76.4,69.15981149177375,1339,stop,-9694.612412514954,-9.47668652909196,16
RVNL,2021-01-12,2021-01-22,32.85,29.43325737712744,3200,stop,-10933.576393192197,-10.401042992001708,10
MPHASIS,2021-01-14,2021-01-22,1567.0,1436.1,65,stop,-8508.500000000005,-8.353541799617103,8
KPITTECH,2021-01-01,2021-01-25,143.9,127.12076423815654,694,stop,-11644.789618719366,-11.660344518306786,24
PERSISTENT,2021-01-18,2021-01-25,796.2,769.5,125,failed a technical gate (trend/near-high/RSI) -- not in the top 20 at all,-3337.5000000000055,-3.3534287867370116,7
ASHOKLEY,2021-01-22,2021-01-27,58.65,53.76149030897642,1695,stop,-8286.023926284966,-8.335054886655724,5
DLF,2021-01-18,2021-01-27,277.15,258.75,360,failed a technical gate (trend/near-high/RSI) -- not in the top 20 at all,-6623.999999999992,-6.63900414937758,9
MPHASIS,2021-01-22,2021-01-27,1474.3,1461.6,67,failed a technical gate (trend/near-high/RSI) -- not in the top 20 at all,-850.900000000003,-0.8614257613782872,5
HAVELLS,2021-01-27,2021-01-28,1116.05,1185.8637038233123,86,target,6003.978528804864,6.255427966785754,1
KPITTECH,2021-01-27,2021-01-28,136.1,132.95,712,failed a technical gate (trend/near-high/RSI) -- not in the top 20 at all,-2242.800000000004,-2.3144746509919267,1
WIPRO,2021-01-22,2021-01-29,212.55,199.04750555654957,467,stop,-6305.6649050913575,-6.352620298024203,7
APLAPOLLO,2021-01-08,2021-01-29,481.05,453.3,218,failed a technical gate (trend/near-high/RSI) -- not in the top 20 at all,-6049.5,-5.76863111942626,21
ADANIENT,2021-01-13,2021-01-29,519.7,491.2,202,failed a technical gate (trend/near-high/RSI) -- not in the top 20 at all,-5757.000000000012,-5.483933038291333,16
DLF,2021-01-28,2021-01-29,261.0,255.45,369,failed a technical gate (trend/near-high/RSI) -- not in the top 20 at all,-2047.9500000000041,-2.126436781609198,1
IDFCFIRSTB,2021-01-19,2021-02-01,50.15,45.21953151712527,2044,stop,-10077.877578995947,-9.831442637835952,13
TATAELXSI,2021-01-21,2021-02-01,2577.6,2869.8062576587145,39,target,11396.044048689868,11.336369400167378,11
CROMPTON,2021-01-29,2021-02-01,427.75,416.45,223,dropped out of top 20 rank (now #33 of 44),-2519.9000000000024,-2.641729982466401,3
TMPV,2021-01-25,2021-02-02,192.2,212.67813614461159,506,target,10361.936889173468,10.65459736972507,8
PGEL,2021-01-29,2021-02-02,17.35,18.951734948079817,5520,target,8841.576913400584,9.231901718039293,4
RVNL,2021-01-28,2021-02-02,30.15,29.65,3199,failed a technical gate (trend/near-high/RSI) -- not in the top 20 at all,-1599.5,-1.6583747927031545,5
KPITTECH,2021-01-29,2021-02-02,142.8,134.95,670,dropped out of top 20 rank (now #28 of 54),-5259.5000000000155,-5.497198879551835,4
SHRIRAMFIN,2021-01-29,2021-02-03,258.25,287.98345867772036,370,target,11001.379710756535,11.513439952650684,5
UNOMINDA,2021-01-27,2021-02-04,237.95,259.4622472823448,407,target,8755.48464391433,9.04065866036763,8
DLF,2021-02-01,2021-02-04,281.65,310.6703624259942,343,target,9953.984312116017,10.303696938041629,3
PGEL,2021-02-02,2021-02-04,19.1,20.755577582783108,5192,target,8595.758809809888,8.667945459597416,2
SBIN,2021-02-04,2021-02-05,355.1,382.97608747284346,289,target,8056.189279651753,7.8502076803276255,1
DIXON,2021-02-02,2021-02-08,3139.3,3433.5413377247373,31,target,9121.481469466851,9.37283272464362,6
IDFCFIRSTB,2021-02-01,2021-02-09,46.6,51.78297224017575,2076,target,10759.850370604858,11.122258026128229,8
VEDL,2021-02-03,2021-02-09,73.35,79.7073152955088,1370,target,8709.521954847072,8.667096517394434,6
NATIONALUM,2021-02-01,2021-02-09,48.27,48.12,2004,dropped out of top 20 rank (now #30 of 100),-300.6000000000114,-0.3107520198881386,8
DIXON,2021-02-08,2021-02-10,3457.4,3777.419404590697,30,target,9600.582137720907,9.256071168817526,2
UNOMINDA,2021-02-05,2021-02-11,275.95,304.1222806179028,370,target,10423.743828624036,10.209197542273163,6
ADANIENT,2021-02-09,2021-02-12,610.6,659.7217160507363,173,target,8498.056876777375,8.044827391211307,3
ASHOKLEY,2021-02-02,2021-02-12,63.7,61.65,1556,dropped out of top 20 rank (now #21 of 99),-3189.8000000000065,-3.2182103610675084,10
VOLTAS,2021-02-09,2021-02-16,1079.6,1037.65,98,dropped out of top 20 rank (now #23 of 94),-4111.099999999982,-3.8856984068173284,7
IDFCFIRSTB,2021-02-09,2021-02-17,50.0,54.974407115608514,2119,target,10540.768677974442,9.948814231217028,8
ADANIPORTS,2021-02-12,2021-02-17,616.6,662.225444930798,174,target,7938.827417958839,7.39952074777781,5
SHRIRAMFIN,2021-02-04,2021-02-18,284.15,287.75,362,dropped out of top 20 rank (now #23 of 99),1303.2000000000082,1.2669364772127434,14
PGEL,2021-02-16,2021-02-19,24.8,27.196037419072123,4396,target,10532.98049424105,9.661441205935972,3
IDFCFIRSTB,2021-02-17,2021-02-19,56.4,61.433483130339404,1955,target,9840.459519813538,8.924615479325194,2
TATAELXSI,2021-02-01,2021-02-22,2949.8,2624.323208093646,32,stop,-10415.257341003336,-11.033859648327148,21
VEDL,2021-02-10,2021-02-22,79.2,85.6928838579449,1355,target,8797.857627515345,8.198085679223354,12
UNOMINDA,2021-02-11,2021-02-22,300.35,269.0293625903811,362,stop,-11338.070742282056,-10.428046415721305,11
TMPV,2021-02-02,2021-02-22,221.7,209.65,447,failed a technical gate (trend/near-high/RSI) -- not in the top 20 at all,-5386.349999999992,-5.43527289129454,20
DLF,2021-02-04,2021-02-22,304.75,294.1,337,failed a technical gate (trend/near-high/RSI) -- not in the top 20 at all,-3589.0499999999925,-3.49466776045938,18
CHOLAFIN,2021-02-22,2021-02-24,528.65,504.5,204,dropped out of top 20 rank (now #35 of 83),-4926.599999999995,-4.568239856237577,2
PGEL,2021-02-19,2021-02-26,26.45,29.044166986042804,4171,target,10820.270498784537,9.80781469203329,7
MOTHERSON,2021-02-18,2021-02-26,87.77,85.1,1266,dropped out of top 20 rank (now #21 of 64),-3380.220000000002,-3.0420416998974575,8
ADANIPORTS,2021-02-22,2021-03-02,673.8,724.5791219832112,160,target,8124.659517313794,7.536230629743423,8
IDFCFIRSTB,2021-02-22,2021-03-03,61.5,67.57003004276811,1758,target,10671.112815186338,9.86996754921643,9
VEDL,2021-02-22,2021-03-03,88.0,95.52159598208232,1228,target,9236.519865997085,8.54726816145719,9
ADANIENSOL,2021-02-26,2021-03-03,750.0,840.9681929426351,148,target,13463.292555510001,12.12909239235136,5
IEX,2021-02-17,2021-03-04,94.65,104.6685099756046,1165,target,11671.564121579344,10.584796593348745,15
SBIN,2021-02-22,2021-03-05,389.5,383.65,277,failed a technical gate (trend/near-high/RSI) -- not in the top 20 at all,-1620.4500000000062,-1.5019255455712477,11
TMPV,2021-03-03,2021-03-05,239.95,223.85,482,dropped out of top 20 rank (now #28 of 86),-7760.199999999997,-6.709731193998747,2
DIXON,2021-02-12,2021-03-08,3734.6,3801.2,28,dropped out of top 20 rank (now #22 of 88),1864.7999999999975,1.7833235152358906,24
ABCAPITAL,2021-03-02,2021-03-09,126.75,139.54961863787025,888,target,11366.061350428785,10.098318451968646,7
NATIONALUM,2021-02-26,2021-03-10,58.75,57.47,1894,dropped out of top 20 rank (now #21 of 95),-2424.320000000002,-2.1787234042553227,12
IEX,2021-03-04,2021-03-12,103.5,113.14702881881338,1114,target,10746.790104158108,9.32080079112405,8
APLAPOLLO,2021-03-12,2021-03-15,628.75,569.147482263948,181,stop,-10788.05571022542,-9.479525683666335,3
MAHABANK,2021-02-19,2021-03-16,23.35,21.061171981031173,4725,stop,-10814.712389627715,-9.802261323206974,25
IDFCFIRSTB,2021-03-08,2021-03-17,67.25,61.683067075690666,1706,stop,-9497.187568871725,-8.27796717369418,9
ADANIPOWER,2021-03-15,2021-03-17,15.85,17.44747158829872,7079,target,11308.501373566629,10.078685099676466,2
ADANIPORTS,2021-03-03,2021-03-17,729.85,688.25,158,failed a technical gate (trend/near-high/RSI) -- not in the top 20 at all,-6572.800000000004,-5.699801329040222,14
NBCC,2021-03-05,2021-03-18,33.9,29.93722000911046,3324,stop,-13172.280689716821,-11.689616492299514,13
ASTRAL,2021-03-17,2021-03-18,1388.15,1288.8786177392099,79,stop,-7842.439198602428,-7.151344037805007,1
HINDALCO,2021-02-26,2021-03-19,340.25,321.1474273511433,327,stop,-6246.541256176148,-5.61427557644577,21
ABCAPITAL,2021-03-09,2021-03-19,134.3,120.49016350532747,843,stop,-11641.69216500895,-10.282826876152296,10
IEX,2021-03-16,2021-03-19,113.25,124.52536436258491,986,target,11117.509261508721,9.956171622591526,3
PGEL,2021-03-17,2021-03-19,42.9,38.7,2568,stop,-10785.59999999999,-9.790209790209781,2
ADANIENT,2021-03-10,2021-03-22,870.7,941.4934021480303,130,target,9203.142279243937,8.1306307738636,12
NMDC,2021-03-17,2021-03-22,16.0,15.45,6886,failed a technical gate (trend/near-high/RSI) -- not in the top 20 at all,-3787.3000000000047,-3.4375000000000044,5
DIXON,2021-03-19,2021-03-23,4267.25,3883.765813958087,25,stop,-9587.10465104782,-8.986681962432785,4
GRASIM,2021-03-22,2021-03-23,1408.3,1405.65,77,dropped out of top 20 rank (now #21 of 53),-204.0499999999895,-0.18817013420434625,1
HINDALCO,2021-03-19,2021-03-24,335.1,317.75,325,failed a technical gate (trend/near-high/RSI) -- not in the top 20 at all,-5638.750000000007,-5.177558937630566,5
PGEL,2021-03-22,2021-03-24,40.65,38.75,2699,failed a technical gate (trend/near-high/RSI) -- not in the top 20 at all,-5128.099999999996,-4.674046740467396,2
IEX,2021-03-19,2021-03-25,123.65,111.2941780231053,882,stop,-10897.834983621127,-9.992577417626125,6
AUBANK,2021-03-22,2021-03-25,611.45,575.25,179,failed a technical gate (trend/near-high/RSI) -- not in the top 20 at all,-6479.800000000008,-5.920353258647482,3
APLAPOLLO,2021-03-18,2021-03-26,609.8,679.7001043591051,179,target,12512.118680279826,11.462791793884097,8
ADANIENSOL,2021-03-05,2021-03-30,813.65,914.1497680695726,138,target,13868.96799360102,12.351719789783399,25
JSWSTEEL,2021-03-19,2021-03-31,440.55,473.1363856115367,247,target,8048.837246049561,7.396750791405449,12
ADANIPOWER,2021-03-25,2021-03-31,19.85,17.25,5348,stop,-13904.800000000008,-13.09823677581865,6
ADANIENSOL,2021-03-30,2021-04-01,877.55,981.0708549122068,125,target,12940.10686402585,11.796576253456426,2
PGEL,2021-03-31,2021-04-01,40.7,39.05,2697,failed a technical gate (trend/near-high/RSI) -- not in the top 20 at all,-4450.050000000016,-4.054054054054069,1
VEDL,2021-03-03,2021-04-05,95.3,101.3,1215,time_stop_20d,7290.0,6.295907660020994,33
ADANIENT,2021-03-24,2021-04-05,994.2,1087.3589243325982,109,target,10154.322752253203,9.37023982424041,12
TATASTEEL,2021-03-31,2021-04-05,75.83,82.27419808782001,1448,target,9331.198831163378,8.498217180298063,5
NBCC,2021-03-23,2021-04-05,31.93,30.3,3458,failed a technical gate (trend/near-high/RSI) -- not in the top 20 at all,-5636.539999999996,-5.104917005950515,13
APLAPOLLO,2021-03-26,2021-04-05,666.85,617.75,161,failed a technical gate (trend/near-high/RSI) -- not in the top 20 at all,-7905.100000000004,-7.362975181825004,10
ADANIENSOL,2021-04-01,2021-04-06,999.2,1108.051145306954,112,target,12191.328274378833,10.893829594370885,5
ADANIENT,2021-04-05,2021-04-06,1103.5,1201.9382336705612,101,target,9942.26160072668,8.920546775764503,1
KPITTECH,2021-03-24,2021-04-07,171.95,191.9895309720043,631,target,12644.944043334723,11.654277971505845,14
ADANIPOWER,2021-04-01,2021-04-07,17.85,20.03747162783784,6271,target,13717.634578171077,12.254743013097125,6
VEDL,2021-04-05,2021-04-08,101.3,107.01060045294264,1110,target,6338.766502766333,5.637315353349104,3
TATASTEEL,2021-04-05,2021-04-08,81.26,88.12821161653869,1384,target,9505.604877289543,8.452143264261247,3
SAIL,2021-04-05,2021-04-08,89.65,98.26744348691426,1254,target,10806.274132590475,9.612318446083945,3
JINDALSTEL,2021-04-05,2021-04-08,382.85,416.5954100244144,293,target,9887.405137153406,8.814264078467904,3
NATIONALUM,2021-04-06,2021-04-12,58.01,52.73117575787267,1979,stop,-10446.793175169982,-9.099852167087274,6
TATASTEEL,2021-04-08,2021-04-12,86.24,79.0656119090614,1393,stop,-9993.922610677459,-8.319095652758113,4
SAIL,2021-04-08,2021-04-12,95.6,86.52943755803548,1257,stop,-11401.696989549391,-9.48803602715953,4
IEX,2021-03-25,2021-04-12,110.95,112.6,956,failed a technical gate (trend/near-high/RSI) -- not in the top 20 at all,1577.399999999992,1.4871563767462792,18
HINDALCO,2021-04-06,2021-04-12,350.45,336.2,327,failed a technical gate (trend/near-high/RSI) -- not in the top 20 at all,-4659.75,-4.066200599229564,6
NMDC,2021-04-06,2021-04-12,16.8,16.2,6833,failed a technical gate (trend/near-high/RSI) -- not in the top 20 at all,-4099.800000000009,-3.571428571428581,6
ADANIENSOL,2021-04-08,2021-04-12,1002.4,924.9,119,failed a technical gate (trend/near-high/RSI) -- not in the top 20 at all,-9222.5,-7.731444533120513,4
ADANIPOWER,2021-04-07,2021-04-13,20.0,17.79027872946074,5826,stop,-12873.83612216172,-11.04860635269629,6
COFORGE,2021-04-12,2021-04-13,623.5,572.5568299025961,178,stop,-9067.8842773379,-8.170516455076815,1
HINDZINC,2021-04-12,2021-04-13,294.15,291.95,379,failed a technical gate (trend/near-high/RSI) -- not in the top 20 at all,-833.7999999999956,-0.7479177290497963,1
SAIL,2021-04-12,2021-04-15,84.7,94.83431149332654,1316,target,13336.753925217721,11.964948634387884,3
CGPOWER,2021-04-12,2021-04-15,74.65,67.66481706930249,1493,stop,-10428.878115531395,-9.35724438137645,3
ADANIPOWER,2021-04-13,2021-04-19,18.1,17.5,6191,failed a technical gate (trend/near-high/RSI) -- not in the top 20 at all,-3714.600000000009,-3.314917127071826,6
JSWENERGY,2021-04-12,2021-04-20,92.9,104.18723993591817,1200,target,13544.6879231018,12.149881524131501,8
TATASTEEL,2021-04-12,2021-04-22,79.69,87.23454891514604,1399,target,10554.823932289308,9.467372211251135,10
ADANIENSOL,2021-04-15,2021-04-23,944.15,1063.8329669262143,119,target,14242.27306421951,12.676266157518867,8
JINDALSTEL,2021-04-08,2021-04-26,415.65,451.20683885701106,289,target,10275.926429676205,8.554514340673913,18
JSWSTEEL,2021-04-19,2021-04-27,615.8,665.1512749210369,184,target,9080.634585470803,8.014172608157999,8
VEDL,2021-04-20,2021-04-27,98.55,106.16580883244686,1167,target,8887.648907465486,7.727862843680233,7
SAIL,2021-04-15,2021-04-28,92.8,103.24540123659278,1215,target,12691.162502460236,11.255820298052566,13
TATASTEEL,2021-04-22,2021-04-29,86.53,93.7307089765647,1355,target,9756.960663245165,8.321632932583721,7
NMDC,2021-04-23,2021-04-29,16.75,18.06935205670394,6994,target,9227.548284587367,7.876728696739943,6
VEDL,2021-04-27,2021-04-30,106.9,114.59801426654298,1141,target,8783.434278125529,7.201135890124388,3
SAIL,2021-04-28,2021-04-30,103.5,113.79629252526462,1175,target,12098.143717185927,9.948108720062443,2
HINDZINC,2021-04-27,2021-05-03,318.75,297.7,382,failed a technical gate (trend/near-high/RSI) -- not in the top 20 at all,-8041.100000000004,-6.603921568627458,6
ADANIENT,2021-04-07,2021-05-04,1130.0,1247.975823930229,103,target,12151.509864813577,10.440338400905214,27
KPITTECH,2021-04-12,2021-05-04,187.1,209.47559578917924,595,target,13313.47949456165,11.959163970699759,22
HINDALCO,2021-04-13,2021-05-04,348.7,379.2508938550158,321,target,9806.836927460081,8.761369043595014,21
SAIL,2021-04-30,2021-05-04,119.5,131.43302773862104,1038,target,12386.482792688636,9.98579727081259,4
NMDC,2021-04-29,2021-05-05,18.6,19.91070944636405,6683,target,8759.471230050927,7.04682498045186,6
TATASTEEL,2021-04-29,2021-05-06,97.28,104.68575098551875,1277,target,9457.144008507445,7.612819680837535,7
JINDALSTEL,2021-04-26,2021-05-07,442.95,480.73053743342,270,target,10200.745107023406,8.529300696110177,11
VEDL,2021-04-30,2021-05-07,113.6,122.10624538760746,1092,target,9288.819963267351,7.487892066555868,7
NATIONALUM,2021-05-03,2021-05-07,66.24,72.04171479962426,1917,target,11121.887270879715,8.758627414891706,4
HINDALCO,2021-05-04,2021-05-07,362.55,395.1279895844708,352,target,11467.452333733721,8.985792189896792,3
NMDC,2021-05-05,2021-05-07,20.25,21.738532707663566,6388,target,9508.74693655486,7.350778803276881,2
APLAPOLLO,2021-05-04,2021-05-07,658.25,640.9,194,failed a technical gate (trend/near-high/RSI) -- not in the top 20 at all,-3365.900000000004,-2.635776680592483,3
ADANIENSOL,2021-04-23,2021-05-10,1065.45,1184.108052892647,109,target,12933.727765298521,11.136895480092646,17
JSWSTEEL,2021-05-04,2021-05-10,715.4,769.4029803571542,178,target,9612.530503573453,7.5486413694652255,6
CGPOWER,2021-05-07,2021-05-11,88.45,81.5495436007322,1543,stop,-10647.40422407021,-7.801533520935888,4
JINDALSTEL,2021-05-07,2021-05-14,479.9,441.4077920740162,284,stop,-10931.787050979397,-8.02088100145526,7
NATIONALUM,2021-05-07,2021-05-14,74.41,69.08983301294597,1834,stop,-9757.186254257078,-7.1498010846042455,7
HINDALCO,2021-05-07,2021-05-14,401.1,374.0346290232858,340,stop,-9202.22613208284,-6.7477863317662035,7
SAIL,2021-05-11,2021-05-14,140.4,126.00885229639712,976,stop,-14045.760158716414,-10.250105201996352,3
HINDZINC,2021-05-10,2021-05-18,317.85,344.9338466037291,436,target,11808.557119225869,8.520952211335242,8
ADANIENSOL,2021-05-10,2021-05-19,1163.55,1266.1302002133893,119,target,12207.043825393337,8.816140278749462,9
SAIL,2021-05-14,2021-05-20,127.15,121.45,1015,failed a technical gate (trend/near-high/RSI) -- not in the top 20 at all,-5785.500000000003,-4.482894219425882,6
PERSISTENT,2021-05-07,2021-05-24,1129.35,1226.8874077168418,120,target,11704.488926021031,8.636596955491394,17
JSWSTEEL,2021-05-14,2021-05-24,707.1,681.45,182,failed a technical gate (trend/near-high/RSI) -- not in the top 20 at all,-4668.299999999996,-3.6274925753075893,10
SAIL,2021-05-24,2021-05-25,124.75,123.95,1052,failed a technical gate (trend/near-high/RSI) -- not in the top 20 at all,-841.599999999997,-0.6412825651302634,1
TATASTEEL,2021-05-18,2021-05-26,111.79,101.80597726091086,1207,stop,-12050.715446080594,-8.931051739054608,8
VEDL,2021-05-19,2021-05-27,125.9,118.65,1068,failed a technical gate (trend/near-high/RSI) -- not in the top 20 at all,-7743.0,-5.758538522637013,8
ADANIENT,2021-05-04,2021-06-01,1224.0,1344.726975669334,104,target,12555.605469610739,9.863315005664553,28
JSWENERGY,2021-05-06,2021-06-02,116.5,128.17880775616936,1139,target,13302.162034276904,10.02472768769902,27
ADANIENT,2021-06-01,2021-06-02,1373.0,1480.8070050411775,96,target,10349.472483953039,7.851930447281674,1
ADANIENSOL,2021-05-25,2021-06-03,1450.2,1583.9121913544004,90,target,12034.097221896034,9.220258678416805,9
ADANIENT,2021-06-02,2021-06-04,1499.6,1619.6493618239504,90,target,10804.44256415554,8.005425568414948,2
TATAELXSI,2021-05-07,2021-06-07,3690.75,3613.0,36,time_stop_20d,-2799.0,-2.1066178960915782,31
NMDC,2021-05-14,2021-06-08,22.5,21.6,5739,failed a technical gate (trend/near-high/RSI) -- not in the top 20 at all,-5165.099999999992,-3.9999999999999925,25
NATIONALUM,2021-05-19,2021-06-09,72.26,68.98,1860,failed a technical gate (trend/near-high/RSI) -- not in the top 20 at all,-6100.800000000002,-4.539164129532248,21
TATASTEEL,2021-05-27,2021-06-09,103.63,104.07,1265,failed a technical gate (trend/near-high/RSI) -- not in the top 20 at all,556.5999999999972,0.4245874746694911,13
JSWSTEEL,2021-06-02,2021-06-09,706.05,697.85,191,failed a technical gate (trend/near-high/RSI) -- not in the top 20 at all,-1566.199999999987,-1.1613908363430236,7
VEDL,2021-06-04,2021-06-09,125.0,119.75,1104,failed a technical gate (trend/near-high/RSI) -- not in the top 20 at all,-5796.0,-4.200000000000004,5
BHEL,2021-05-26,2021-06-14,72.5,66.77889559704344,1790,stop,-10240.776881292235,-7.891178486836625,19
ADANIENT,2021-06-07,2021-06-14,1574.7,1397.5,87,stop,-15416.400000000003,-11.25293706737791,7
SAIL,2021-06-09,2021-06-14,124.45,135.89134262688387,1087,target,12436.739435422762,9.193525614209609,5
ADANIENSOL,2021-06-03,2021-06-15,1577.9,1446.4,85,failed a technical gate (trend/near-high/RSI) -- not in the top 20 at all,-11177.5,-8.333861461436086,12
PNBHOUSING,2021-06-09,2021-06-15,671.45,609.8,201,failed a technical gate (trend/near-high/RSI) -- not in the top 20 at all,-12391.650000000018,-9.181621863132039,6
ADANIENT,2021-06-14,2021-06-16,1455.6,1404.1,91,failed a technical gate (trend/near-high/RSI) -- not in the top 20 at all,-4686.5,-3.5380599065677365,2
ADANIPOWER,2021-06-14,2021-06-16,28.2,25.45,4730,failed a technical gate (trend/near-high/RSI) -- not in the top 20 at all,-13007.5,-9.751773049645395,2
HINDZINC,2021-05-20,2021-06-17,344.6,334.15,380,time_stop_20d,-3971.0000000000173,-3.0325014509576476,28
TATASTEEL,2021-06-15,2021-06-17,111.26,103.90716173259997,1186,stop,-8720.466185136436,-6.60869878428908,2
OFSS,2021-06-16,2021-06-17,3260.0,3148.0,39,failed a technical gate (trend/near-high/RSI) -- not in the top 20 at all,-4368.0,-3.435582822085892,1
KPITTECH,2021-06-08,2021-06-18,244.05,222.55577548944356,562,stop,-12079.754174932725,-8.807303630631614,10
SAIL,2021-06-14,2021-06-18,137.3,125.29058682534118,971,stop,-11661.140192593726,-8.7468413508076,4
BSE,2021-06-16,2021-06-18,103.0,95.44723503324762,1254,stop,-9471.167268307481,-7.3327815211188145,2
JSWENERGY,2021-06-17,2021-06-18,161.05,146.29449638575755,794,stop,-11715.869869708511,-9.162063715766811,1
TATAELXSI,2021-06-09,2021-06-18,3709.5,3639.95,36,failed a technical gate (trend/near-high/RSI) -- not in the top 20 at all,-2503.8000000000065,-1.874915756840545,9
PNBHOUSING,2021-06-17,2021-06-18,620.95,611.1,206,failed a technical gate (trend/near-high/RSI) -- not in the top 20 at all,-2029.1000000000047,-1.5862790884934364,1
PERSISTENT,2021-05-24,2021-06-21,1214.6,1282.7,108,time_stop_20d,7354.800000000015,5.606784126461406,28
BSE,2021-06-18,2021-06-24,99.5,98.0,1246,failed a technical gate (trend/near-high/RSI) -- not in the top 20 at all,-1869.0,-1.5075376884422065,6
COFORGE,2021-06-09,2021-06-25,769.5,818.660999775432,175,target,8603.174960700591,6.388693927931377,16
PERSISTENT,2021-06-21,2021-06-28,1282.7,1364.782272168416,97,target,7961.980400336353,6.399179244438757,7
TATAELXSI,2021-06-24,2021-06-29,3740.15,3971.4592483846154,33,target,7633.205196692306,6.184491220528998,5
LAURUSLABS,2021-06-25,2021-06-29,650.7,694.2657136238454,193,target,8408.182729402151,6.695207257391322,4
KPITTECH,2021-06-18,2021-06-30,236.9,258.82259012878336,523,target,11465.514637353695,9.253942646172785,12
TATAELXSI,2021-06-29,2021-06-30,4002.95,4235.400699235059,31,target,7205.971676286826,5.806984829564676,1
PERSISTENT,2021-06-29,2021-06-30,1406.25,1493.8130319906777,90,target,7880.672879160993,6.2267044971148655,1
JSWENERGY,2021-06-18,2021-07-01,157.95,174.0943962132251,785,target,12673.351027381721,10.221206845979825,13
MPHASIS,2021-06-18,2021-07-01,1888.5,2025.9385331154901,65,target,8933.50465250686,7.277655976462283,13
ADANIENT,2021-06-18,2021-07-01,1442.1,1444.8,86,failed a technical gate (trend/near-high/RSI) -- not in the top 20 at all,232.2000000000039,0.18722696068234068,13
SAIL,2021-06-25,2021-07-01,131.35,126.95,958,failed a technical gate (trend/near-high/RSI) -- not in the top 20 at all,-4215.199999999992,-3.349828701941371,6
SUZLON,2021-06-30,2021-07-05,7.35,8.171515550100588,17853,target,14666.517115945813,11.17708231429373,5
NMDC,2021-06-30,2021-07-05,22.35,21.25,5871,failed a technical gate (trend/near-high/RSI) -- not in the top 20 at all,-6458.100000000009,-4.921700223713654,5
COFORGE,2021-06-30,2021-07-08,831.5,877.3134899948377,157,target,7192.717929189521,5.509740227881865,8
SUZLON,2021-07-05,2021-07-08,8.45,7.55,15790,stop,-14210.99999999999,-10.650887573964496,3
OFSS,2021-07-08,2021-07-09,3322.0,3516.5488957586404,39,target,7587.406934586974,5.8563785598627405,1
APLAPOLLO,2021-06-17,2021-07-09,782.2,771.85,163,failed a technical gate (trend/near-high/RSI) -- not in the top 20 at all,-1687.0500000000038,-1.323190999744317,22
PNBHOUSING,2021-07-09,2021-07-13,627.7,612.75,211,failed a technical gate (trend/near-high/RSI) -- not in the top 20 at all,-3154.45000000001,-2.3817110084435322,4
MPHASIS,2021-07-01,2021-07-14,2021.1,2153.0915236966657,65,target,8579.449040283278,6.53067753681984,13
SUZLON,2021-07-08,2021-07-14,7.85,7.25,16794,failed a technical gate (trend/near-high/RSI) -- not in the top 20 at all,-10076.399999999994,-7.643312101910826,6
TATAELXSI,2021-07-01,2021-07-15,4243.75,4525.216674340432,31,target,8725.466904553401,6.632498953530064,14
KEI,2021-06-18,2021-07-16,702.1,710.95,176,time_stop_20d,1557.600000000004,1.2605042016806678,28
NATIONALUM,2021-06-28,2021-07-16,78.38,85.57516763025413,1620,target,11656.171561011695,9.179851531327031,18
JSWENERGY,2021-07-01,2021-07-16,174.35,191.78417077075477,764,target,13319.706468856648,9.999524388158743,15
TATAELXSI,2021-07-15,2021-07-19,4487.1,4219.437374665819,30,stop,-8029.878760025431,-5.965158461683073,4
JSWENERGY,2021-07-16,2021-07-22,194.05,211.0463539402375,695,target,11812.465988465061,8.758749775953367,6
LAURUSLABS,2021-07-01,2021-07-22,666.5,653.6,200,failed a technical gate (trend/near-high/RSI) -- not in the top 20 at all,-2579.9999999999955,-1.9354838709677358,21
PERSISTENT,2021-07-05,2021-07-23,1451.85,1543.2908542452558,91,target,8321.117736318285,6.2982301370841265,18
MPHASIS,2021-07-14,2021-07-23,2215.6,2367.698512217415,59,target,8973.812220827496,6.864890423244963,9
KPITTECH,2021-07-16,2021-07-23,266.45,287.4440589838449,506,target,10622.993845825531,7.8791739477744205,7
PERSISTENT,2021-07-23,2021-07-26,1519.6,1619.6943970520356,90,target,9008.49573468321,6.586891093184755,3
KPITTECH,2021-07-23,2021-07-26,285.0,308.1660615013951,480,target,11119.709520669658,8.128442632068467,3
TATASTEEL,2021-07-09,2021-07-27,117.61,125.23757618197347,1131,target,8626.788661811992,6.485482681722199,18
APLAPOLLO,2021-07-26,2021-07-27,804.8,868.993871312278,175,target,11233.927479648653,7.976375660074297,1
TATAELXSI,2021-07-19,2021-07-27,4223.35,4175.75,31,failed a technical gate (trend/near-high/RSI) -- not in the top 20 at all,-1475.6000000000113,-1.1270673754247285,8
OFSS,2021-07-13,2021-07-28,3551.5,3770.908135561856,36,target,7898.692880226814,6.177900480412668,15
COFORGE,2021-07-14,2021-07-28,907.0,962.3633988844166,146,target,8083.056237124823,6.104013107432915,14
TATASTEEL,2021-07-27,2021-07-29,126.5,133.4951237457152,1123,target,7855.523966438175,5.529742091474477,2
COFORGE,2021-07-28,2021-07-29,948.5,1002.9582046857507,150,target,8168.730702862609,5.741508137664808,1
NATIONALUM,2021-07-16,2021-07-30,86.46,93.14957332347143,1560,target,10435.73438461544,7.737188669293826,14
MOTILALOFS,2021-07-22,2021-07-30,269.95,241.82358423492022,503,stop,-14147.587129835125,-10.41912049086119,8
MPHASIS,2021-07-23,2021-08-03,2363.3,2549.109926329807,57,target,10591.165800798986,7.862308057792355,11
NMDC,2021-07-29,2021-08-06,22.15,21.6,6572,dropped out of top 20 rank (now #21 of 81),-3614.5999999999813,-2.483069977426622,8
HINDALCO,2021-07-29,2021-08-09,458.1,429.5106149910874,317,stop,-9062.835047825309,-6.240861167629919,11
NATIONALUM,2021-07-30,2021-08-09,91.55,83.81620391396959,1568,stop,-12126.592262895681,-8.447619973818032,10
CDSL,2021-07-26,2021-08-09,699.9,657.9,201,dropped out of top 20 rank (now #21 of 70),-8442.0,-6.0008572653236225,14
BSE,2021-07-22,2021-08-10,138.5,123.94047210596958,981,stop,-14282.896864043845,-10.512294508325216,19
APLAPOLLO,2021-07-27,2021-08-10,875.3,838.65,162,failed a technical gate (trend/near-high/RSI) -- not in the top 20 at all,-5937.2999999999965,-4.187135839140865,14
COFORGE,2021-08-10,2021-08-11,962.5,938.0,144,failed a technical gate (trend/near-high/RSI) -- not in the top 20 at all,-3528.0,-2.5454545454545507,1
OFSS,2021-07-28,2021-08-12,3893.5,4163.648255112303,36,target,9725.337184042895,6.938442406891032,15
KPITTECH,2021-08-09,2021-08-13,301.75,329.6149187789579,470,target,13096.5118261102,9.234438700565995,4
VEDL,2021-08-09,2021-08-13,138.85,148.9066065014403,1022,target,10277.851844472001,7.242784660742041,4
PRESTIGE,2021-08-11,2021-08-13,360.95,338.8,384,failed a technical gate (trend/near-high/RSI) -- not in the top 20 at all,-8505.599999999991,-6.136584014406421,2
TATASTEEL,2021-07-30,2021-08-16,136.66,145.16820221185725,1050,target,8933.612322450115,6.2258175119693115,17
KPITTECH,2021-08-13,2021-08-16,332.4,362.2267999074817,426,target,12706.216760587204,8.973164833779101,3
VEDL,2021-08-13,2021-08-17,148.05,137.40821433028853,958,stop,-10194.830671583599,-7.187967355428215,4
JINDALSTEL,2021-08-16,2021-08-17,430.3,414.95,335,failed a technical gate (trend/near-high/RSI) -- not in the top 20 at all,-5142.250000000007,-3.5672786428073477,1
MPHASIS,2021-08-06,2021-08-18,2520.3,2698.183145703896,57,target,10139.339305122068,7.058014748398844,12
HINDALCO,2021-08-13,2021-08-18,442.05,426.95,320,failed a technical gate (trend/near-high/RSI) -- not in the top 20 at all,-4832.000000000007,-3.4159031783734917,5
OFSS,2021-08-12,2021-08-20,4174.0,3900.3477522349676,33,stop,-9030.524176246068,-6.556115183637578,8
TATASTEEL,2021-08-16,2021-08-20,144.97,135.594457077755,996,stop,-9338.040750556009,-6.467229718041656,4
INOXWIND,2021-08-09,2021-08-20,33.02,29.28,4299,failed a technical gate (trend/near-high/RSI) -- not in the top 20 at all,-16078.26000000001,-11.326468806783774,11
JSWENERGY,2021-08-03,2021-08-23,245.15,225.1,590,failed a technical gate (trend/near-high/RSI) -- not in the top 20 at all,-11829.500000000007,-8.178666122781975,20
PERSISTENT,2021-07-27,2021-08-25,1581.55,1613.2,89,time_stop_20d,2816.850000000008,2.001201353102977,29
COFORGE,2021-08-13,2021-08-25,962.5,1025.649616730364,147,target,9282.993659363503,6.560999140817025,12
OFSS,2021-08-20,2021-08-25,3955.0,4229.875656403252,35,target,9620.647974113817,6.950079807920395,5
SRF,2021-08-17,2021-08-30,1823.45,1924.2434318103838,78,target,7861.88768120993,5.527622463483151,13
PERSISTENT,2021-08-25,2021-09-01,1613.2,1708.7271843169578,87,target,8310.865035575329,5.921595854014239,7
LTM,2021-08-25,2021-09-01,5087.9,5381.82856565277,27,target,7936.071272624789,5.777011451733927,7
APOLLOHOSP,2021-08-18,2021-09-02,4787.9,5111.684754878857,29,target,9389.757891486874,6.762563020924794,15
WIPRO,2021-08-23,2021-09-02,300.5,313.49253200753196,463,target,6015.542319487299,4.323637939278524,10
MPHASIS,2021-08-18,2021-09-06,2663.2,2842.9339375168715,53,target,9525.898688394202,6.748796091802034,19
PERSISTENT,2021-09-01,2021-09-06,1666.5,1760.8345333168402,87,target,8207.104398565096,5.660638062816692,5
TATAELXSI,2021-08-17,2021-09-07,4715.25,4991.192716582439,30,target,8278.281497473172,5.852133324477782,21
JSWENERGY,2021-08-30,2021-09-09,252.2,276.3790968726101,570,target,13782.08521738776,9.587270766300593,10
APOLLOHOSP,2021-09-02,2021-09-09,5043.5,4728.282803563995,29,stop,-9141.298696644146,-6.249969196708738,7
JSWENERGY,2021-09-09,2021-09-14,279.2,302.5447194595696,531,target,12396.04603303146,8.361289204716904,5
COFORGE,2021-08-25,2021-09-15,1000.0,1070.6292395701857,140,target,9888.093539826004,7.062923957018574,21
TATAELXSI,2021-09-07,2021-09-15,4919.5,5197.548001961727,29,target,8063.392056890086,5.651956539520819,8
PERSISTENT,2021-09-09,2021-09-15,1747.75,1839.6373909394317,84,target,7718.540838912265,5.257467654952475,6
MPHASIS,2021-09-06,2021-09-16,2836.5,3033.0892548946463,52,target,10222.641254521606,6.93069821592267,10
KPITTECH,2021-08-20,2021-09-16,332.15,325.2,420,failed a technical gate (trend/near-high/RSI) -- not in the top 20 at all,-2918.9999999999955,-2.0924281198253736,27
TATAELXSI,2021-09-15,2021-09-17,5113.4,5394.4104831550385,30,target,8430.314494651166,5.495570132495775,2
NATIONALUM,2021-09-06,2021-09-20,97.13,87.92087869438573,1530,stop,-14089.955597589818,-9.481232683634577,14
JSWENERGY,2021-09-14,2021-09-20,307.8,331.87223259524114,492,target,11843.538436858636,7.820738335036115,6
OFSS,2021-08-25,2021-09-20,4212.0,4196.5,33,failed a technical gate (trend/near-high/RSI) -- not in the top 20 at all,-511.5,-0.3679962013295346,26
PRESTIGE,2021-09-15,2021-09-20,427.65,395.9,358,failed a technical gate (trend/near-high/RSI) -- not in the top 20 at all,-11366.5,-7.424295568806272,5
ADANIENSOL,2021-09-17,2021-09-21,1820.35,1642.9,84,stop,-14905.799999999985,-9.748125360507586,4
TECHM,2021-09-01,2021-09-22,1348.0,1418.8091277003607,107,target,7576.576663938596,5.252902648394708,21
MPHASIS,2021-09-16,2021-09-23,2978.8,3177.937636762118,51,target,10156.01947486801,6.685163044249953,7
COFORGE,2021-09-16,2021-09-24,1093.0,1154.3525871114175,140,target,8589.36219559845,5.613228463990616,8
WIPRO,2021-09-20,2021-09-24,316.65,329.71477869966753,474,target,6192.705103642422,4.125936743934178,4
HAL,2021-09-02,2021-09-24,689.9,670.7,212,failed a technical gate (trend/near-high/RSI) -- not in the top 20 at all,-4070.3999999999855,-2.7830120307290818,22
PRESTIGE,2021-09-22,2021-09-27,430.9,478.51480793084767,355,target,16903.256815450928,11.050083065873206,5
COFORGE,2021-09-24,2021-09-27,1130.0,1064.05538407112,138,stop,-9100.356998185442,-5.8358067193699075,3
PERSISTENT,2021-09-15,2021-09-28,1826.85,1732.8735065984215,84,stop,-7894.025445732586,-5.144182248218431,13
INDIGO,2021-09-20,2021-09-28,2169.5,2031.2085774519715,69,stop,-9542.10815581397,-6.374345358286638,8
MPHASIS,2021-09-23,2021-09-28,3135.2,2918.2728250016416,49,stop,-10629.43157491955,-6.919085704208927,5
KPITTECH,2021-09-24,2021-09-28,369.25,339.58516751583136,423,stop,-12548.224140803335,-8.033807037012497,4
IEX,2021-09-20,2021-09-29,194.15,210.5543426389107,773,target,12680.556859877965,8.449313746541698,9
OIL,2021-09-28,2021-09-29,155.5,167.14256971352785,961,target,11188.509494700262,7.487183095516303,1
INDIGO,2021-09-28,2021-09-29,2023.05,2009.3,73,failed a technical gate (trend/near-high/RSI) -- not in the top 20 at all,-1003.75,-0.6796668396727767,1
SRF,2021-09-20,2021-09-30,2121.5,2257.5497038162084,70,target,9523.47926713459,6.412901428998752,10
GMRAIRPORT,2021-09-29,2021-10-01,38.0,41.28708217808886,4009,target,13177.912451958236,8.650216258128584,2
MPHASIS,2021-09-28,2021-10-01,2959.7,2836.9,50,failed a technical gate (trend/near-high/RSI) -- not in the top 20 at all,-6139.999999999986,-4.149069162415097,3
TATAELXSI,2021-09-21,2021-10-06,5619.95,6043.335089790479,26,target,11008.012334552466,7.533609547958253,15
PERSISTENT,2021-09-29,2021-10-07,1771.4,1897.2916443837048,86,target,10826.681416998606,7.106901003935007,8
GODREJPROP,2021-10-01,2021-10-07,2233.3,2439.7778618019365,68,target,14040.494602531671,9.245415385390965,6
INDHOTEL,2021-09-28,2021-10-08,181.65,198.9926975714782,823,target,14273.040101326556,9.547314930623841,10
IEX,2021-09-29,2021-10-08,212.4,229.17111991506812,717,target,12024.892979103837,7.896007492969925,9
INDHOTEL,2021-10-08,2021-10-13,196.5,215.9937695308176,803,target,15653.496933246523,9.920493399907171,5
GODREJPROP,2021-10-08,2021-10-14,2359.5,2590.146100103428,66,target,15222.642606826255,9.775210854139772,6
PRESTIGE,2021-09-27,2021-10-14,494.6,453.55,310,failed a technical gate (trend/near-high/RSI) -- not in the top 20 at all,-12725.500000000004,-8.299636069551152,17
OIL,2021-10-01,2021-10-18,166.7,157.05,923,dropped out of top 20 rank (now #21 of 95),-8906.949999999979,-5.788842231553682,17
PGEL,2021-10-13,2021-10-19,57.25,50.24869398730552,2799,stop,-19596.655529531843,-12.22935548068904,6
ADANIENSOL,2021-10-07,2021-10-19,1764.3,1745.05,89,dropped out of top 20 rank (now #21 of 89),-1713.25,-1.0910842827183576,12
GODREJPROP,2021-10-14,2021-10-20,2502.75,2277.75101350859,64,stop,-14399.935135450243,-8.990070382235938,6
OBEROIRLTY,2021-09-24,2021-10-20,932.0,882.2,167,failed a technical gate (trend/near-high/RSI) -- not in the top 20 at all,-8316.599999999993,-5.343347639484975,26
TATAELXSI,2021-10-07,2021-10-21,6348.25,5913.450338817176,24,stop,-10435.191868387774,-6.8491263132804185,14
DLF,2021-09-27,2021-10-21,420.0,407.1,365,failed a technical gate (trend/near-high/RSI) -- not in the top 20 at all,-4708.499999999992,-3.0714285714285694,24
PERSISTENT,2021-10-19,2021-10-22,2096.0,1934.0781231368073,74,stop,-11982.218887876257,-7.725280384694311,3
MPHASIS,2021-10-19,2021-10-22,3333.7,3002.9,46,stop,-15216.799999999988,-9.922908480067182,3
GMRAIRPORT,2021-10-14,2021-10-25,43.4,39.297167450466176,3712,stop,-15229.714423869547,-9.453531220124011,11
INDHOTEL,2021-10-18,2021-10-25,218.6,196.35701201432838,739,stop,-16437.568121411325,-10.175200359410619,7
INDIANB,2021-10-21,2021-10-25,166.3,181.11617981514664,915,target,13556.804530859163,8.909308367496461,4
INDUSTOWER,2021-09-30,2021-10-25,297.5,278.1,518,failed a technical gate (trend/near-high/RSI) -- not in the top 20 at all,-10049.199999999988,-6.521008403361339,25
TATAELXSI,2021-10-22,2021-10-25,6032.3,5809.2,24,failed a technical gate (trend/near-high/RSI) -- not in the top 20 at all,-5354.400000000009,-3.6984234868955523,3
BANKBARODA,2021-10-21,2021-10-26,82.25,88.59730342334039,1850,target,11742.511333179726,7.7170862289852815,5
JSWENERGY,2021-10-06,2021-10-27,380.65,366.55,402,failed a technical gate (trend/near-high/RSI) -- not in the top 20 at all,-5668.199999999986,-3.704190200972013,21
GODREJPROP,2021-10-20,2021-10-28,2309.7,2270.45,66,failed a technical gate (trend/near-high/RSI) -- not in the top 20 at all,-2590.5,-1.6993548945750558,8
GMRAIRPORT,2021-10-25,2021-10-28,40.8,39.75,3649,failed a technical gate (trend/near-high/RSI) -- not in the top 20 at all,-3831.44999999999,-2.5735294117646967,3
INDHOTEL,2021-10-25,2021-10-28,199.6,193.25,746,failed a technical gate (trend/near-high/RSI) -- not in the top 20 at all,-4737.099999999996,-3.181362725450898,3
OBEROIRLTY,2021-10-26,2021-10-28,940.35,891.75,160,failed a technical gate (trend/near-high/RSI) -- not in the top 20 at all,-7776.000000000004,-5.168288403254106,2
INDIANB,2021-10-25,2021-10-29,179.2,162.54421230224602,830,stop,-13824.30378913579,-9.294524384907344,4
MPHASIS,2021-10-28,2021-10-29,3070.6,3037.1,47,failed a technical gate (trend/near-high/RSI) -- not in the top 20 at all,-1574.5,-1.0909919885364383,1
TECHM,2021-10-28,2021-10-29,1440.9,1387.7,101,failed a technical gate (trend/near-high/RSI) -- not in the top 20 at all,-5373.200000000004,-3.6921368589076353,1
GODFRYPHLP,2021-10-28,2021-11-01,457.0,423.0,319,dropped out of top 20 rank (now #25 of 44),-10846.0,-7.4398249452954035,4
OBEROIRLTY,2021-10-29,2021-11-03,905.3,1015.1254416665333,159,target,17462.245224978808,12.131386464877213,5
LTM,2021-10-27,2021-11-09,6658.55,6839.65,22,dropped out of top 20 rank (now #21 of 68),3984.199999999988,2.7198113703433835,13
BANKBARODA,2021-10-26,2021-11-10,86.45,93.62836210680716,1746,target,12533.420238485296,8.303484218400413,15
GODREJPROP,2021-11-01,2021-11-11,2345.3,2292.8,62,failed a technical gate (trend/near-high/RSI) -- not in the top 20 at all,-3255.0,-2.2385195923762424,10
GMRAIRPORT,2021-10-29,2021-11-15,40.55,40.5,3553,failed a technical gate (trend/near-high/RSI) -- not in the top 20 at all,-177.64999999998992,-0.12330456226880004,17
BANKBARODA,2021-11-10,2021-11-16,87.2,83.5,1732,failed a technical gate (trend/near-high/RSI) -- not in the top 20 at all,-6408.400000000005,-4.243119266055051,6
TMPV,2021-10-20,2021-11-17,335.25,369.26219068770064,461,target,15679.619907029994,10.145321607069535,28
PRESTIGE,2021-11-09,2021-11-17,514.85,468.4813071685027,295,stop,-13678.764385291703,-9.006252856462527,8
ADANIENSOL,2021-10-25,2021-11-17,1869.9,1857.5,79,dropped out of top 20 rank (now #25 of 65),-979.6000000000072,-0.6631370661532743,23
PERSISTENT,2021-10-25,2021-11-18,1979.85,2190.680225038777,75,target,15812.266877908269,10.648797890687533,24
OBEROIRLTY,2021-11-03,2021-11-18,1035.5,919.2646882866712,142,stop,-16505.414263292685,-11.225042174150534,15
TATAELXSI,2021-11-10,2021-11-22,6410.15,6016.765068713109,23,stop,-9047.853419598483,-6.136906800728381,12
INDIGO,2021-11-16,2021-11-22,2364.4,2192.483314270936,63,stop,-10830.75120093105,-7.271049134201668,6
TMPV,2021-11-17,2021-11-22,365.0,338.42810525781744,407,stop,-10814.761160068303,-7.279971162241794,5
PGEL,2021-10-28,2021-11-22,49.3,49.4,2963,failed a technical gate (trend/near-high/RSI) -- not in the top 20 at all,296.3000000000042,0.20283975659229903,25
INDHOTEL,2021-11-15,2021-11-22,216.25,201.95,691,failed a technical gate (trend/near-high/RSI) -- not in the top 20 at all,-9881.300000000008,-6.612716763005788,7
PHOENIXLTD,2021-11-17,2021-11-22,542.3,503.0,274,failed a technical gate (trend/near-high/RSI) -- not in the top 20 at all,-10768.199999999988,-7.246911303706427,5
LTM,2021-11-18,2021-11-22,7147.65,6829.6,20,failed a technical gate (trend/near-high/RSI) -- not in the top 20 at all,-6360.999999999985,-4.449714241743785,4
KEI,2021-11-22,2021-11-24,1032.6,1128.9476615887445,135,target,13006.934314480519,9.330588958817021,2
TECHM,2021-11-22,2021-11-24,1448.5,1445.4,96,failed a technical gate (trend/near-high/RSI) -- not in the top 20 at all,-297.59999999999127,-0.21401449775629855,2
COFORGE,2021-11-22,2021-11-24,1085.5,1075.5,128,failed a technical gate (trend/near-high/RSI) -- not in the top 20 at all,-1280.0,-0.9212344541685846,2
INDUSTOWER,2021-11-22,2021-11-24,281.35,278.35,497,failed a technical gate (trend/near-high/RSI) -- not in the top 20 at all,-1491.0,-1.0662875422072116,2
PGEL,2021-11-24,2021-11-25,52.3,58.364369790786256,2717,target,16476.892721566266,11.59535332846322,1
PERSISTENT,2021-11-18,2021-11-25,2080.7,2032.15,70,failed a technical gate (trend/near-high/RSI) -- not in the top 20 at all,-3398.499999999981,-2.333349353582914,7
BLUESTARCO,2021-11-22,2021-11-25,522.3,492.7,268,failed a technical gate (trend/near-high/RSI) -- not in the top 20 at all,-7932.799999999991,-5.66724104920543,3
INDHOTEL,2021-11-24,2021-11-25,206.15,205.55,689,failed a technical gate (trend/near-high/RSI) -- not in the top 20 at all,-413.3999999999961,-0.2910502061605591,1
TIINDIA,2021-11-22,2021-11-26,1719.35,1568.1324051195572,81,stop,-12248.625185315857,-8.795044341201185,4
IEX,2021-11-17,2021-11-26,272.2,250.95,546,failed a technical gate (trend/near-high/RSI) -- not in the top 20 at all,-11602.5,-7.806759735488611,9
TVSMOTOR,2021-11-22,2021-11-26,709.85,676.8,197,failed a technical gate (trend/near-high/RSI) -- not in the top 20 at all,-6510.850000000013,-4.6559132211030585,4
PHOENIXLTD,2021-11-24,2021-11-26,517.7,484.2,274,closed below 200 EMA,-9179.000000000016,-6.4709291095229045,2
INDUSTOWER,2021-11-25,2021-11-26,286.05,268.6,500,closed below 200 EMA,-8724.999999999995,-6.100332109771012,1
KEI,2021-11-24,2021-11-29,1090.6,991.011965262766,130,stop,-12946.444515840407,-9.13149043987107,5
PGEL,2021-11-25,2021-11-29,59.25,52.19022805141276,2418,stop,-17070.528571683946,-11.91522691744682,4
KPITTECH,2021-11-18,2021-11-30,449.45,501.84617022864325,324,target,16976.359154080415,11.657841857524364,12
ADANIGREEN,2021-11-25,2021-11-30,1405.05,1302.7252601426108,101,stop,-10334.798725596309,-7.282640465278045,5
ADANIENSOL,2021-11-26,2021-11-30,1993.85,1800.4066656589641,68,stop,-13154.146735190432,-9.70200036818396,4
BHARTIARTL,2021-11-26,2021-11-30,738.75,728.25,185,failed a technical gate (trend/near-high/RSI) -- not in the top 20 at all,-1942.5,-1.4213197969543123,4
POWERGRID,2021-11-26,2021-12-02,147.95,155.61253624816013,925,target,7087.846029548127,5.1791390660088865,6
BSE,2021-11-29,2021-12-02,170.0,186.97705356732712,782,target,13276.055889649806,9.986502098427707,3
PGEL,2021-11-30,2021-12-02,53.55,61.68182178245122,2500,target,20329.554456128066,15.185474850515824,2
BAJAJHLDNG,2021-11-30,2021-12-02,5037.8,5341.723416449602,26,target,7902.008827689651,6.032859908086907,2
VEDL,2021-11-25,2021-12-03,166.9,152.25,858,dropped out of top 20 rank (now #27 of 30),-12569.700000000004,-8.777711204313965,8
KEI,2021-11-30,2021-12-06,1104.9,1234.4631783665698,121,target,15677.144582354931,11.726235710613597,6
TORNTPHARM,2021-11-29,2021-12-06,1518.65,1468.45,87,closed below 200 EMA,-4367.400000000004,-3.30556744477003,7
TECHM,2021-12-02,2021-12-06,1533.1,1458.5,89,failed a technical gate (trend/near-high/RSI) -- not in the top 20 at all,-6639.399999999992,-4.865957863153081,4
BSE,2021-12-02,2021-12-08,211.0,231.87885812223675,653,target,13633.894353820597,9.895193422861027,6
APOLLOHOSP,2021-11-26,2021-12-09,5687.6,5215.024152646725,24,stop,-11341.820336478602,-8.308879797335877,13
CDSL,2021-12-06,2021-12-09,747.2,762.05,180,dropped out of top 20 rank (now #24 of 37),2672.9999999999836,1.9874197002141214,3
INOXWIND,2021-12-03,2021-12-10,35.88,31.888225933171064,3827,stop,-15276.519353754347,-11.125345782689344,7
ADANIGREEN,2021-12-02,2021-12-13,1341.6,1463.3008263593101,102,target,12413.48428864964,9.071319794224086,11
KEI,2021-12-06,2021-12-13,1223.8,1088.3664270791442,110,stop,-14897.693021294137,-11.066642663903892,7
BSE,2021-12-08,2021-12-14,228.5,251.67662085665359,606,target,14045.032239132073,10.14294129394031,6
PGEL,2021-12-02,2021-12-15,64.55,73.36876470017478,2137,target,18845.70016427351,13.66191278106086,13
PRESTIGE,2021-12-10,2021-12-15,472.7,450.1,291,failed a technical gate (trend/near-high/RSI) -- not in the top 20 at all,-6576.59999999999,-4.781045060291933,5
INDHOTEL,2021-12-09,2021-12-16,203.9,195.05,676,failed a technical gate (trend/near-high/RSI) -- not in the top 20 at all,-5982.599999999996,-4.340362923001473,7
PHOENIXLTD,2021-12-09,2021-12-16,509.6,506.3,270,failed a technical gate (trend/near-high/RSI) -- not in the top 20 at all,-891.0000000000031,-0.647566718995296,7
PERSISTENT,2021-12-02,2021-12-17,2196.3,2369.83674402184,62,target,10759.278129354061,7.901322406858791,15
BSE,2021-12-15,2021-12-17,247.0,220.31776735934156,565,stop,-15075.461441972018,-10.802523336298965,2
GMRAIRPORT,2021-12-06,2021-12-17,41.85,41.45,3226,failed a technical gate (trend/near-high/RSI) -- not in the top 20 at all,-1290.3999999999953,-0.9557945041815952,11
DLF,2021-12-13,2021-12-17,414.2,390.2,335,closed below 200 EMA,-8040.0,-5.794302269435059,4
PRESTIGE,2021-12-16,2021-12-17,455.3,450.85,304,failed a technical gate (trend/near-high/RSI) -- not in the top 20 at all,-1352.7999999999965,-0.9773775532615825,1
MPHASIS,2021-12-17,2021-12-20,3063.2,2834.274671099007,44,stop,-10072.714471643692,-7.473404573680886,3
KPITTECH,2021-11-30,2021-12-20,494.65,456.75,270,failed a technical gate (trend/near-high/RSI) -- not in the top 20 at all,-10232.999999999995,-7.661983220458901,20
TECHM,2021-12-13,2021-12-20,1541.2,1502.8,90,failed a technical gate (trend/near-high/RSI) -- not in the top 20 at all,-3456.000000000008,-2.4915650142745993,7
KEI,2021-12-14,2021-12-20,1141.15,1064.95,123,failed a technical gate (trend/near-high/RSI) -- not in the top 20 at all,-9372.600000000006,-6.677474477500766,6
BSE,2021-12-17,2021-12-20,217.5,212.5,625,failed a technical gate (trend/near-high/RSI) -- not in the top 20 at all,-3125.0,-2.298850574712641,3
PHOENIXLTD,2021-12-17,2021-12-20,510.35,505.9,266,failed a technical gate (trend/near-high/RSI) -- not in the top 20 at all,-1183.700000000012,-0.8719506221220863,3
BLUESTARCO,2021-12-20,2021-12-21,503.4,489.4,261,failed a technical gate (trend/near-high/RSI) -- not in the top 20 at all,-3654.0,-2.7810885975367516,1
POWERGRID,2021-12-20,2021-12-22,153.85,144.96555495320607,855,stop,-7596.200515008809,-5.774744911793261,2
KPITTECH,2021-12-21,2021-12-24,481.5,535.2314540315635,274,target,14722.418404648412,11.159180484229193,3
TORNTPHARM,2021-12-20,2021-12-24,1533.9,1523.1,85,failed a technical gate (trend/near-high/RSI) -- not in the top 20 at all,-918.0000000000155,-0.7040876197926926,4
PIDILITIND,2021-12-20,2021-12-24,1202.8,1205.1,109,dropped out of top 20 rank (now #22 of 26),250.69999999999504,0.1912204855337496,4
APLAPOLLO,2021-12-20,2021-12-27,1017.15,991.2,129,dropped out of top 20 rank (now #23 of 32),-3347.549999999991,-2.5512461288895394,7
PGEL,2021-12-15,2021-12-28,69.6,78.84581875415292,2007,target,18556.35823958491,13.28422234792086,13
WIPRO,2021-12-17,2021-12-28,320.55,336.40988001670416,424,target,6724.589127082561,4.947708631010506,11
INFY,2021-12-20,2021-12-28,1760.8,1838.5569488489575,74,target,5754.01421482286,4.416001184061646,8
KPITTECH,2021-12-24,2021-12-28,539.1,592.4072173860587,249,target,13273.497129128618,9.888187235403212,4
TECHM,2021-12-24,2021-12-28,1623.2,1711.5091213588555,82,target,7241.347951426148,5.440433794902377,4
SUZLON,2021-12-28,2021-12-30,8.15,8.806442511017263,17043,target,11187.749715267204,8.054509337635118,2
SIEMENS,2021-12-16,2021-12-30,1886.65,1793.75,73,failed a technical gate (trend/near-high/RSI) -- not in the top 20 at all,-6781.700000000006,-4.9240717674184475,14
PERSISTENT,2021-12-17,2022-01-03,2320.1,2482.8952952109835,58,target,9442.127122237047,7.0167361411570095,17
COFORGE,2021-12-24,2022-01-04,1129.0,1208.116423982436,119,target,9414.854453909871,7.007654914299022,11
KPITTECH,2021-12-28,2022-01-06,581.2,637.1393864196119,239,target,13369.513354287239,9.624808399795581,9
TECHM,2021-12-28,2022-01-06,1702.0,1608.2181555630277,81,stop,-7596.329399394755,-5.510096617918469,9
INFY,2021-12-30,2022-01-06,1852.8,1785.0892675339635,76,stop,-5146.015667418771,-3.6545084448422083,7
PERSISTENT,2022-01-03,2022-01-06,2436.05,2277.7450225810194,58,stop,-9181.688690300885,-6.498428908231801,3
SUZLON,2022-01-04,2022-01-06,9.35,8.558592012920336,15377,stop,-12169.48061732399,-8.46425654630657,2
PRESTIGE,2021-12-30,2022-01-06,466.45,463.95,304,failed a technical gate (trend/near-high/RSI) -- not in the top 20 at all,-760.0,-0.535963125736949,7
KPITTECH,2022-01-06,2022-01-07,630.45,689.9943591280353,223,target,13278.392085551859,9.444739333497543,1
TATAELXSI,2022-01-06,2022-01-07,5873.55,5799.55,23,closed below 200 EMA,-1702.0,-1.2598854185288277,1
SUZLON,2022-01-06,2022-01-10,9.3,10.149224233757465,15151,target,12866.596365659345,9.13144337373617,4
COFORGE,2022-01-06,2022-01-10,1186.0,1113.2097131269074,118,stop,-8589.253851024921,-6.137460950513707,4
TCS,2022-01-06,2022-01-10,3807.45,3934.749309938298,37,target,4710.0744677170405,3.3434269639338154,4
LTM,2021-12-24,2022-01-10,7166.55,7103.55,18,failed a technical gate (trend/near-high/RSI) -- not in the top 20 at all,-1134.0,-0.8790840781129017,17
HCLTECH,2022-01-06,2022-01-11,1284.9,1341.4833606861382,109,target,6167.586314789055,4.403717074179947,5
GMRAIRPORT,2021-12-28,2022-01-11,46.35,44.85,2996,failed a technical gate (trend/near-high/RSI) -- not in the top 20 at all,-4494.0,-3.2362459546925515,14
PRESTIGE,2022-01-10,2022-01-11,464.75,461.7,307,failed a technical gate (trend/near-high/RSI) -- not in the top 20 at all,-936.3500000000035,-0.6562668101129709,1
SUZLON,2022-01-10,2022-01-12,10.25,11.11285150767863,13963,target,12047.99560171672,8.418063489547611,2
WIPRO,2021-12-28,2022-01-12,337.15,330.4,412,failed a technical gate (trend/near-high/RSI) -- not in the top 20 at all,-2781.0,-2.0020762271985793,15
TATAELXSI,2022-01-10,2022-01-13,5992.95,6330.471984580237,23,target,7763.0056453454645,5.63198399085989,3
HCLTECH,2022-01-11,2022-01-17,1343.65,1273.0,106,stop,-7488.90000000001,-5.258065716518445,6
PRESTIGE,2022-01-12,2022-01-17,471.15,510.76550680165445,304,target,12043.114067702962,8.408257837557986,5
ADANIGREEN,2022-01-12,2022-01-17,1647.55,1761.90884456022,86,target,9834.860632178916,6.941145613803523,5
SUZLON,2022-01-13,2022-01-17,10.7,11.686874913400127,13510,target,13332.68008003572,9.223130031776883,4
TECHM,2022-01-10,2022-01-18,1615.7,1562.9,88,failed a technical gate (trend/near-high/RSI) -- not in the top 20 at all,-4646.399999999996,-3.2679334034783625,8
SUZLON,2022-01-17,2022-01-19,11.75,10.707745610384583,12580,stop,-13111.560221361946,-8.870250124386525,2
TATAELXSI,2022-01-17,2022-01-19,6398.1,6762.985198542182,23,target,8392.359566470175,5.703024312564375,2
INFY,2022-01-17,2022-01-19,1898.4,1826.8726985027192,77,stop,-5507.602215290626,-3.767767672633837,2
TATAELXSI,2022-01-19,2022-01-20,6977.25,7434.81121711035,20,target,9151.224342207006,6.557901997353555,1
TCS,2022-01-11,2022-01-20,3915.9,3826.55,36,failed a technical gate (trend/near-high/RSI) -- not in the top 20 at all,-3216.5999999999967,-2.2817232309303104,9
NBCC,2022-01-07,2022-01-21,33.5,32.131225003673265,4244,stop,-5809.081084410664,-4.085895511423088,14
SRF,2022-01-18,2022-01-21,2615.15,2469.8005425373512,55,stop,-7994.220160445686,-5.557977839230976,3
PGEL,2021-12-28,2022-01-21,77.7,75.35,1787,failed a technical gate (trend/near-high/RSI) -- not in the top 20 at all,-4199.450000000015,-3.024453024453033,24
TITAN,2022-01-07,2022-01-21,2572.7,2528.15,55,failed a technical gate (trend/near-high/RSI) -- not in the top 20 at all,-2450.249999999985,-1.7316437983441402,14
KPITTECH,2022-01-11,2022-01-24,726.6,645.8153582345869,197,stop,-15914.574427786378,-11.118172552355233,13
PRESTIGE,2022-01-17,2022-01-24,512.45,469.49181179182403,288,stop,-12371.958203954691,-8.382903348263437,7
KEI,2022-01-19,2022-01-24,1210.85,1115.943061127228,119,stop,-11293.925725859855,-7.838042604184825,5
HAL,2022-01-20,2022-01-24,715.55,675.6888541350477,202,stop,-8051.95146472036,-5.570700281594898,4
INDHOTEL,2022-01-21,2022-01-24,206.35,192.21758555178684,682,stop,-9638.306653681371,-6.848759121983594,3
INDIGO,2022-01-21,2022-01-24,2084.35,1992.2,67,closed below 200 EMA,-6174.049999999991,-4.421042531244746,3
PIDILITIND,2022-01-24,2022-01-25,1320.2,1294.9,102,failed a technical gate (trend/near-high/RSI) -- not in the top 20 at all,-2580.5999999999954,-1.9163763066202044,1
BDL,2022-01-20,2022-01-27,230.6,247.7304083442978,628,target,10757.89644021903,7.42862460724103,7
KPITTECH,2022-01-25,2022-01-27,648.4,633.05,210,failed a technical gate (trend/near-high/RSI) -- not in the top 20 at all,-3223.5000000000045,-2.3673658235657036,2
HAL,2022-01-24,2022-01-28,680.45,726.2557839345762,198,target,9069.545219046087,6.731689901473459,4
ONGC,2022-01-24,2022-01-28,149.8,157.87846121831237,901,target,7278.693557699433,5.3928312538800816,4
TATAELXSI,2022-01-21,2022-02-01,7200.7,7778.604824957393,19,target,10980.191674190475,8.025675628166606,11
BDL,2022-01-27,2022-02-03,244.3,265.7708036422712,562,target,12066.591646956394,8.788703905964447,7
BANKBARODA,2022-01-27,2022-02-03,89.8,96.61396996579278,1530,target,10425.374047662952,7.587939828277035,7
POWERGRID,2022-01-21,2022-02-04,157.75,153.7,892,failed a technical gate (trend/near-high/RSI) -- not in the top 20 at all,-3612.6000000000104,-2.5673534072900184,14
ADANIGREEN,2022-01-24,2022-02-07,1837.85,1983.4723244271268,73,target,10630.42968318026,7.92351521762531,14
SUZLON,2022-01-19,2022-02-07,10.65,10.2,13534,failed a technical gate (trend/near-high/RSI) -- not in the top 20 at all,-6090.300000000015,-4.225352112676061,19
BANKBARODA,2022-02-03,2022-02-08,95.45,102.84583795165166,1482,target,10960.631844347756,7.748389682191359,5
ADANIGREEN,2022-02-07,2022-02-08,2024.65,1870.0996230278383,69,stop,-10663.976011079161,-7.633436740777999,1
ADANIENSOL,2022-01-24,2022-02-08,2035.9,1968.3,66,failed a technical gate (trend/near-high/RSI) -- not in the top 20 at all,-4461.6000000000095,-3.3203988408075147,15
HAL,2022-01-28,2022-02-08,708.55,689.0,194,failed a technical gate (trend/near-high/RSI) -- not in the top 20 at all,-3792.699999999991,-2.7591560228635847,11
POWERGRID,2022-02-07,2022-02-08,156.7,154.0,902,failed a technical gate (trend/near-high/RSI) -- not in the top 20 at all,-2435.3999999999896,-1.723037651563486,1
BSE,2022-02-04,2022-02-09,246.5,225.35625957519036,572,stop,-12094.219522991112,-8.577582322437982,5
ONGC,2022-01-28,2022-02-09,152.55,148.2,903,failed a technical gate (trend/near-high/RSI) -- not in the top 20 at all,-3928.0500000000206,-2.851524090462154,12
OIL,2022-02-08,2022-02-10,153.35,153.45,906,dropped out of top 20 rank (now #22 of 37),90.59999999999485,0.06521030322790278,2
BDL,2022-02-03,2022-02-11,251.65,228.33037778762235,562,stop,-13105.62768335624,-9.266688739271867,8
INDHOTEL,2022-02-08,2022-02-11,210.85,206.6,659,failed a technical gate (trend/near-high/RSI) -- not in the top 20 at all,-2800.75,-2.015650936684843,3
HAL,2022-02-09,2022-02-11,707.25,690.0,197,failed a technical gate (trend/near-high/RSI) -- not in the top 20 at all,-3398.25,-2.4390243902439046,2
BANKBARODA,2022-02-08,2022-02-14,103.35,94.59739213564916,1345,stop,-11772.257577551874,-8.468899723609901,6
JINDALSTEL,2022-02-11,2022-02-14,436.4,403.8355543324693,313,stop,-10192.671493937098,-7.46206362684021,3
MARUTI,2022-01-27,2022-02-14,8820.2,8366.4,15,failed a technical gate (trend/near-high/RSI) -- not in the top 20 at all,-6807.000000000016,-5.145008049704103,18
TATAELXSI,2022-02-01,2022-02-14,7464.85,6911.35,18,failed a technical gate (trend/near-high/RSI) -- not in the top 20 at all,-9963.0,-7.4147504638405355,13
ADANIENSOL,2022-02-11,2022-02-14,2016.05,1915.25,67,closed below 200 EMA,-6753.599999999997,-4.999875995139003,3
NATIONALUM,2022-02-10,2022-02-15,123.27,114.16975142054648,1124,stop,-10228.679403305758,-7.382370876493482,5
ONGC,2022-02-11,2022-02-15,151.95,142.84724655233154,900,stop,-8192.478102901603,-5.9906241840529395,4
OIL,2022-02-14,2022-02-15,150.5,149.8,866,failed a technical gate (trend/near-high/RSI) -- not in the top 20 at all,-606.1999999999902,-0.46511627906975495,1
BLUESTARCO,2022-02-14,2022-02-16,501.9,545.1049977501666,259,target,11190.094417293156,8.60828805542273,2
BDL,2022-02-14,2022-02-16,231.9,230.65,562,failed a technical gate (trend/near-high/RSI) -- not in the top 20 at all,-702.5,-0.5390254420008622,2
ADANIGREEN,2022-02-08,2022-02-18,1928.0,2099.225350045579,72,target,12328.22520328169,8.880982886181489,10
BANKBARODA,2022-02-14,2022-02-18,92.25,91.55,1413,failed a technical gate (trend/near-high/RSI) -- not in the top 20 at all,-989.100000000004,-0.7588075880758827,4
NATIONALUM,2022-02-15,2022-02-18,119.79,112.74,1099,failed a technical gate (trend/near-high/RSI) -- not in the top 20 at all,-7747.950000000013,-5.885299273729039,3
INDIGO,2022-02-08,2022-02-21,2182.6,2086.55,63,failed a technical gate (trend/near-high/RSI) -- not in the top 20 at all,-6051.149999999983,-4.400714743883427,13
ONGC,2022-02-16,2022-02-21,152.35,147.65,864,failed a technical gate (trend/near-high/RSI) -- not in the top 20 at all,-4060.79999999999,-3.085001640958307,5
BDL,2022-02-18,2022-02-21,236.35,229.85,556,failed a technical gate (trend/near-high/RSI) -- not in the top 20 at all,-3614.0,-2.750158662999791,3
ADANIPOWER,2022-02-18,2022-02-21,26.3,24.05,5001,failed a technical gate (trend/near-high/RSI) -- not in the top 20 at all,-11252.25,-8.55513307984791,3
BLUESTARCO,2022-02-16,2022-02-22,553.5,505.8609968378665,238,stop,-11338.082752587778,-8.606865973285194,6
ADANIGREEN,2022-02-18,2022-02-22,2041.85,1850.0,64,stop,-12278.399999999994,-9.395890981218013,4
BSE,2022-02-09,2022-02-22,248.5,229.5,560,failed a technical gate (trend/near-high/RSI) -- not in the top 20 at all,-10640.0,-7.6458752515090485,13
JSWENERGY,2022-02-21,2022-02-22,339.35,327.65,378,failed a technical gate (trend/near-high/RSI) -- not in the top 20 at all,-4422.600000000017,-3.4477677913658633,1
BAJAJHLDNG,2022-02-21,2022-02-22,5352.9,5198.7,23,closed below 200 EMA,-3546.599999999996,-2.8806814997477947,1
TVSMOTOR,2022-02-22,2022-02-23,663.5,651.45,189,failed a technical gate (trend/near-high/RSI) -- not in the top 20 at all,-2277.4499999999916,-1.816126601356438,1
MARUTI,2022-02-15,2022-02-24,8622.7,8210.15,15,closed below 200 EMA,-6188.250000000016,-4.784464262933897,9
SIEMENS,2022-02-15,2022-02-24,1844.55,1741.25,71,closed below 200 EMA,-7334.2999999999965,-5.600281911577342,9
EICHERMOT,2022-02-18,2022-02-24,2699.25,2617.15,48,closed below 200 EMA,-3940.7999999999956,-3.0415856256367446,6
CHOLAFIN,2022-02-21,2022-02-24,674.15,647.85,190,failed a technical gate (trend/near-high/RSI) -- not in the top 20 at all,-4996.999999999991,-3.9012089297634,3
VOLTAS,2022-02-21,2022-02-24,1243.65,1196.9,103,closed below 200 EMA,-4815.25,-3.759096208740398,3
ADANIGREEN,2022-02-22,2022-02-24,1971.95,1849.75,63,failed a technical gate (trend/near-high/RSI) -- not in the top 20 at all,-7698.600000000003,-6.196911686401785,2
BLUESTARCO,2022-02-22,2022-02-24,534.4,507.8,235,failed a technical gate (trend/near-high/RSI) -- not in the top 20 at all,-6250.999999999992,-4.977544910179632,2
CUMMINSIND,2022-02-22,2022-02-24,950.25,927.7,132,closed below 200 EMA,-2976.599999999994,-2.373059721126014,2
ADANIENSOL,2022-02-23,2022-02-24,2060.15,1957.3,61,failed a technical gate (trend/near-high/RSI) -- not in the top 20 at all,-6273.850000000009,-4.992354925612219,1
HINDALCO,2022-02-25,2022-02-28,533.9,566.4991650459098,225,target,7334.812135329702,6.105855974135577,3
ADANIGREEN,2022-02-25,2022-02-28,1923.5,1843.4,62,failed a technical gate (trend/near-high/RSI) -- not in the top 20 at all,-4966.199999999994,-4.164283857551332,3
ADANIENSOL,2022-02-25,2022-03-02,2032.85,2235.011112490721,59,target,11927.505636952556,9.944713701981023,5
HINDALCO,2022-02-28,2022-03-02,573.75,610.9135103997734,211,target,7841.500694352181,6.477300287542209,2
VOLTAS,2022-02-25,2022-03-03,1252.3,1197.15,96,closed below 200 EMA,-5294.399999999987,-4.403896829833098,6
CUMMINSIND,2022-02-25,2022-03-03,959.6,951.0,125,failed a technical gate (trend/near-high/RSI) -- not in the top 20 at all,-1075.0000000000027,-0.8962067528136775,6
JSWENERGY,2022-02-28,2022-03-03,340.2,337.35,357,failed a technical gate (trend/near-high/RSI) -- not in the top 20 at all,-1017.4499999999878,-0.8377425044091558,3
NATIONALUM,2022-02-28,2022-03-04,118.77,129.40900789325534,1023,target,10883.705074800213,8.957655883855642,4
ADANIENSOL,2022-03-02,2022-03-04,2241.05,2453.1098367904688,54,target,11451.231186685303,9.462521442648253,2
BLUESTARCO,2022-02-25,2022-03-04,528.5,513.95,227,failed a technical gate (trend/near-high/RSI) -- not in the top 20 at all,-3302.8499999999894,-2.7530747398296973,7
CHOLAFIN,2022-02-25,2022-03-04,683.8,658.5,176,failed a technical gate (trend/near-high/RSI) -- not in the top 20 at all,-4452.799999999992,-3.6999122550453234,7
TITAN,2022-02-28,2022-03-04,2546.55,2441.0,47,closed below 200 EMA,-4960.850000000009,-4.144823388506024,4
HAL,2022-03-04,2022-03-07,686.05,662.5,177,closed below 200 EMA,-4168.349999999992,-3.432694410028414,3
GAIL,2022-03-03,2022-03-10,93.91,86.94299349682373,1319,stop,-9189.481577689494,-7.418812163961519,7
ONGC,2022-03-07,2022-03-10,168.9,152.05,728,stop,-12266.799999999996,-9.976317347542917,3
NATIONALUM,2022-03-04,2022-03-14,120.23,115.29,1011,failed a technical gate (trend/near-high/RSI) -- not in the top 20 at all,-4994.339999999997,-4.108791482990936,10
OIL,2022-03-04,2022-03-14,163.1,154.05,745,failed a technical gate (trend/near-high/RSI) -- not in the top 20 at all,-6742.249999999987,-5.548743102391162,10
HINDALCO,2022-03-02,2022-03-15,600.1,559.805311771639,205,stop,-8260.411086814005,-6.714662261016668,13
BDL,2022-03-10,2022-03-15,237.7,259.90325119146894,502,target,11146.032098117414,9.34087134685273,5
VEDL,2022-02-28,2022-03-15,173.0,162.1,702,closed below 200 EMA,-7651.800000000004,-6.300578034682081,15
BEL,2022-03-04,2022-03-15,71.65,68.5,1696,closed below 200 EMA,-5342.40000000001,-4.396371249127706,11
HAL,2022-03-14,2022-03-16,690.6,740.3484678415648,173,target,8606.484936590707,7.203658824437409,2
BDL,2022-03-15,2022-03-16,261.25,284.51462932494803,447,target,10399.289308251771,8.905121272707373,1
JINDALSTEL,2022-03-03,2022-03-17,445.1,486.51162548487855,278,target,11512.431884796231,9.303892492670984,14
BDL,2022-03-16,2022-03-17,277.55,303.06715580173744,433,target,11048.928462152307,9.193714934872066,1
POWERGRID,2022-03-03,2022-03-21,159.85,150.3862754329009,774,stop,-7324.922814934697,-5.920378209007882,18
CIPLA,2022-03-15,2022-03-23,1068.05,1012.128616222702,109,stop,-6095.4308317254745,-5.235839499770412,8
TATAELXSI,2022-03-14,2022-03-24,7169.65,7750.465237994786,16,target,9293.043807916576,8.101026381968236,10
HINDALCO,2022-03-16,2022-03-24,572.7,617.3227892109355,209,target,9326.162945085514,7.791651686910339,8
JINDALSTEL,2022-03-17,2022-03-24,477.15,519.830710312242,256,target,10926.261839933955,8.944925141410875,7
BSE,2022-03-15,2022-03-28,326.5,294.5,358,dropped out of top 20 rank (now #23 of 47),-11456.0,-9.800918836140893,13
ADANIENSOL,2022-03-04,2022-03-30,2323.2,2550.5898592734143,52,target,11824.272682217552,9.787786642278506,26
NATIONALUM,2022-03-24,2022-03-30,121.51,114.36,1013,closed below 200 EMA,-7242.950000000006,-5.884289358900507,6
BDL,2022-03-17,2022-03-31,299.75,271.99121246981525,407,stop,-11297.826524785192,-9.260646382046623,14
HINDALCO,2022-03-24,2022-03-31,621.95,580.2415978563697,198,stop,-8258.263624438807,-6.706069964407158,7
BANKBARODA,2022-03-15,2022-04-01,92.05,101.05471360541301,1270,target,11435.98627887453,9.782415649552444,17
HAL,2022-03-16,2022-04-04,731.1,784.3035258429819,164,target,8725.37823824903,7.277188598410866,19
ADANIENT,2022-03-31,2022-04-05,1953.3,2069.623481752285,62,target,7212.055868641672,5.955228677227509,5
VEDL,2022-03-21,2022-04-06,182.55,198.53760507498666,663,target,10599.782164716147,8.757932114481859,16
JINDALSTEL,2022-03-24,2022-04-06,521.65,563.675394815388,236,target,9917.993176431577,8.05624361456687,13
ADANIENSOL,2022-03-30,2022-04-07,2377.4,2600.4625624013343,51,target,11376.190682468043,9.382626499593428,8
BDL,2022-03-31,2022-04-07,274.65,299.99992868435316,442,target,11204.668478484109,9.229903034536013,7
BDL,2022-04-07,2022-04-08,310.4,338.55468567970104,412,target,11599.730500036836,9.070452860728428,1
HAL,2022-04-04,2022-04-11,780.5,831.6915654452414,161,target,8241.842036683865,6.558816841158421,7
ADANIGREEN,2022-04-06,2022-04-11,2197.4,2385.629642993359,58,target,10917.319293614823,8.566016337187543,5
ADANIENSOL,2022-04-07,2022-04-11,2449.65,2696.11236511278,52,target,12816.042985864557,10.061125675618143,4
MAZDOCK,2022-04-11,2022-04-12,151.0,162.35592840716112,890,target,10106.776282373394,7.520482388848415,1
TATASTEEL,2022-03-23,2022-04-12,126.55,125.47,969,failed a technical gate (trend/near-high/RSI) -- not in the top 20 at all,-1046.5199999999984,-0.8534176214934797,20
COALINDIA,2022-03-28,2022-04-12,178.05,173.15,690,failed a technical gate (trend/near-high/RSI) -- not in the top 20 at all,-3381.000000000004,-2.7520359449592857,15
NMDC,2022-04-11,2022-04-12,21.05,20.55,6386,failed a technical gate (trend/near-high/RSI) -- not in the top 20 at all,-3193.0,-2.375296912114011,1
TATAELXSI,2022-03-30,2022-04-18,8996.8,8176.7866840326615,13,stop,-10660.173107575392,-9.114499777335695,19
BANKBARODA,2022-04-01,2022-04-18,101.5,99.55,1217,failed a technical gate (trend/near-high/RSI) -- not in the top 20 at all,-2373.1500000000033,-1.9211822660098576,17
ADANIENSOL,2022-04-11,2022-04-19,2756.5,2490.843164775205,48,stop,-12751.528090790162,-9.637469081255034,8
BEL,2022-04-12,2022-04-19,80.8,85.66153728074292,1647,target,8006.951901383593,6.016754060325402,7
ADANIENT,2022-04-05,2022-04-21,2074.6,2194.803385353415,60,target,7212.203121204893,5.794051159424218,16
ADANIPOWER,2022-04-08,2022-04-21,44.2,49.28399816734938,2986,target,15180.818527705243,11.502258297170531,13
JSWSTEEL,2022-04-12,2022-04-22,755.9,723.4,176,failed a technical gate (trend/near-high/RSI) -- not in the top 20 at all,-5720.0,-4.299510517264194,10
JINDALSTEL,2022-04-06,2022-04-25,561.15,521.0099010761933,227,stop,-9111.802455704123,-7.153185231008951,19
VEDL,2022-04-18,2022-04-25,194.2,183.55,689,failed a technical gate (trend/near-high/RSI) -- not in the top 20 at all,-7337.849999999984,-5.484037075180215,7
ADANIPOWER,2022-04-21,2022-04-26,49.35,54.95838724829687,2677,target,15013.652663690726,11.364513167774826,5
ADANIENT,2022-04-25,2022-04-27,2214.5,2344.6552198191107,58,target,7549.0027495084205,5.877408887744906,2
COALINDIA,2022-04-26,2022-04-27,178.15,174.55,747,failed a technical gate (trend/near-high/RSI) -- not in the top 20 at all,-2689.1999999999957,-2.020769014875101,1
APLAPOLLO,2022-04-12,2022-04-28,1045.45,1007.95,127,failed a technical gate (trend/near-high/RSI) -- not in the top 20 at all,-4762.5,-3.586972117270071,16
MAZDOCK,2022-04-18,2022-04-29,165.65,150.39563603843553,808,stop,-12325.526080944099,-9.208792008188638,11
HAL,2022-04-12,2022-04-29,835.5,797.55,159,failed a technical gate (trend/near-high/RSI) -- not in the top 20 at all,-6034.0500000000075,-4.542190305206473,17
BDL,2022-04-19,2022-05-02,413.95,363.93431451407463,316,stop,-15804.956613552415,-12.082542694993448,13
BEL,2022-04-22,2022-05-02,83.9,78.35,1585,stop,-8796.750000000018,-6.61501787842671,10
ADANIPORTS,2022-04-26,2022-05-02,909.5,850.0,146,stop,-8687.0,-6.542056074766355,6
JINDALSTEL,2022-04-27,2022-05-02,539.85,532.85,242,failed a technical gate (trend/near-high/RSI) -- not in the top 20 at all,-1694.0,-1.2966564786514811,5
MAZDOCK,2022-04-29,2022-05-02,150.1,146.7,860,failed a technical gate (trend/near-high/RSI) -- not in the top 20 at all,-2924.000000000005,-2.2651565622918146,3
ADANIENT,2022-04-27,2022-05-04,2262.9,2185.0,57,failed a technical gate (trend/near-high/RSI) -- not in the top 20 at all,-4440.300000000005,-3.4424853064651595,7
ADANIPORTS,2022-05-02,2022-05-04,856.55,812.8,149,failed a technical gate (trend/near-high/RSI) -- not in the top 20 at all,-6518.75,-5.107699492148732,2
APLAPOLLO,2022-05-02,2022-05-04,1029.0,977.75,124,failed a technical gate (trend/near-high/RSI) -- not in the top 20 at all,-6355.0,-4.980563654033043,2
ADANIPOWER,2022-04-28,2022-05-05,56.85,50.67215255068221,2310,stop,-14270.827607924091,-10.866926032221258,7
RELIANCE,2022-05-04,2022-05-05,1283.8,1258.65,97,failed a technical gate (trend/near-high/RSI) -- not in the top 20 at all,-2439.5499999999865,-1.959027885963538,1
KEI,2022-05-04,2022-05-05,1240.6,1204.3,100,failed a technical gate (trend/near-high/RSI) -- not in the top 20 at all,-3629.9999999999955,-2.9260035466709633,1
MARICO,2022-05-05,2022-05-06,519.75,503.65,240,closed below 200 EMA,-3864.0000000000055,-3.097643097643099,1
POWERGRID,2022-05-02,2022-05-09,170.1,179.7133036591188,753,target,7238.817655316456,5.651560058270899,7
ADANIGREEN,2022-04-21,2022-05-10,2811.5,2488.466648199225,46,stop,-14859.534182835654,-11.489715518434117,19
ADANIENSOL,2022-04-19,2022-05-10,2598.05,2482.55,50,closed below 200 EMA,-5775.0,-4.445641923750509,21
NHPC,2022-05-04,2022-05-10,32.45,31.95,3859,failed a technical gate (trend/near-high/RSI) -- not in the top 20 at all,-1929.5000000000136,-1.5408320493066396,6
ITC,2022-05-05,2022-05-10,216.1,214.2,577,failed a technical gate (trend/near-high/RSI) -- not in the top 20 at all,-1096.3000000000034,-0.8792225821379063,5
TIINDIA,2022-05-06,2022-05-11,1822.45,1696.6680135467677,69,stop,-8678.95706527303,-6.901807262379345,5
NTPC,2022-05-02,2022-05-11,157.5,152.55,814,failed a technical gate (trend/near-high/RSI) -- not in the top 20 at all,-4029.2999999999906,-3.142857142857136,9
ADANIPOWER,2022-05-05,2022-05-11,55.65,51.05,2242,failed a technical gate (trend/near-high/RSI) -- not in the top 20 at all,-10313.200000000003,-8.265947888589398,6
COLPAL,2022-05-10,2022-05-11,1589.9,1576.0,75,failed a technical gate (trend/near-high/RSI) -- not in the top 20 at all,-1042.5000000000068,-0.8742688219384953,1
PHOENIXLTD,2022-05-11,2022-05-12,527.55,516.5,223,closed below 200 EMA,-2464.1499999999896,-2.0945881906928143,1
POWERGRID,2022-05-09,2022-05-18,180.3,169.83178712494555,687,stop,-7191.662245162415,-5.805997157545462,9
ADANIPOWER,2022-05-13,2022-05-18,50.95,57.83467004124506,2320,target,15972.434495688536,13.512600669764584,5
VBL,2022-04-29,2022-05-19,144.5,141.5,893,failed a technical gate (trend/near-high/RSI) -- not in the top 20 at all,-2679.0,-2.076124567474047,20
ITC,2022-05-18,2022-05-20,220.0,231.65331293025596,543,target,6327.7489211289885,5.296960422843622,2
ADANIPOWER,2022-05-18,2022-05-23,58.95,65.52836008768783,2028,target,13340.914257830913,11.159219826442456,5
HAL,2022-05-18,2022-05-23,840.5,900.154080435741,142,target,8470.87942187522,7.097451568797264,5
POLYCAB,2022-05-17,2022-05-23,2603.1,2543.2,46,dropped out of top 20 rank (now #22 of 23),-2755.400000000004,-2.3011025315969436,6
PATANJALI,2022-05-18,2022-05-24,396.0,366.4,301,failed a technical gate (trend/near-high/RSI) -- not in the top 20 at all,-8909.600000000008,-7.4747474747474785,6
KEI,2022-05-19,2022-05-25,1219.55,1114.0,97,closed below 200 EMA,-10238.349999999995,-8.654831700217292,6
BDL,2022-05-20,2022-05-25,380.55,353.75,320,failed a technical gate (trend/near-high/RSI) -- not in the top 20 at all,-8576.000000000004,-7.042438575745635,5
VBL,2022-05-23,2022-05-25,143.9,141.8,850,failed a technical gate (trend/near-high/RSI) -- not in the top 20 at all,-1784.9999999999952,-1.459346768589298,2
BEL,2022-05-24,2022-05-25,77.2,75.45,1556,closed below 200 EMA,-2723.0,-2.266839378238339,1
ADANIPOWER,2022-05-23,2022-05-26,65.55,58.974578311716414,1867,stop,-12276.31229202545,-10.031154368090899,3
BAJAJ-AUTO,2022-05-17,2022-06-01,3650.5,3628.0,32,failed a technical gate (trend/near-high/RSI) -- not in the top 20 at all,-720.0,-0.6163539241199834,15
MARICO,2022-05-25,2022-06-01,521.8,520.25,223,failed a technical gate (trend/near-high/RSI) -- not in the top 20 at all,-345.64999999998986,-0.2970486776542658,7
ADANIPOWER,2022-06-01,2022-06-02,61.4,59.05,1936,failed a technical gate (trend/near-high/RSI) -- not in the top 20 at all,-4549.600000000003,-3.827361563517917,1
SIEMENS,2022-05-25,2022-06-03,1787.6,1789.2,65,failed a technical gate (trend/near-high/RSI) -- not in the top 20 at all,104.00000000000887,0.08950548221078325,9
EICHERMOT,2022-05-17,2022-06-06,2706.7,2653.1,44,failed a technical gate (trend/near-high/RSI) -- not in the top 20 at all,-2358.399999999996,-1.9802711789263627,20
BRITANNIA,2022-05-25,2022-06-06,3516.5,3491.95,33,failed a technical gate (trend/near-high/RSI) -- not in the top 20 at all,-810.150000000006,-0.6981373524811652,12
ADANIPOWER,2022-06-06,2022-06-07,59.65,58.3,1962,failed a technical gate (trend/near-high/RSI) -- not in the top 20 at all,-2648.700000000003,-2.2632020117351215,1
ITC,2022-05-25,2022-06-08,224.85,220.95,518,failed a technical gate (trend/near-high/RSI) -- not in the top 20 at all,-2020.200000000003,-1.7344896597731863,14
OIL,2022-06-06,2022-06-09,185.95,202.71989032001503,629,target,10548.261011289458,9.018494390973398,3
PETRONET,2022-05-18,2022-06-10,206.05,203.9,580,failed a technical gate (trend/near-high/RSI) -- not in the top 20 at all,-1247.0000000000032,-1.0434360592089353,23
ASHOKLEY,2022-06-02,2022-06-13,69.3,64.24282416414306,1712,stop,-8657.885030987078,-7.2975120286535855,11
BEL,2022-06-03,2022-06-13,80.75,78.5,1449,failed a technical gate (trend/near-high/RSI) -- not in the top 20 at all,-3260.25,-2.786377708978327,10
OIL,2022-06-09,2022-06-14,198.2,179.247795541883,594,stop,-11257.609448121495,-9.562161684216441,5
BAJAJ-AUTO,2022-06-13,2022-06-14,3785.5,3571.064950225659,30,stop,-6433.051493230237,-5.66464270966428,1
KEI,2022-06-13,2022-06-14,1265.3,1247.2,90,failed a technical gate (trend/near-high/RSI) -- not in the top 20 at all,-1628.9999999999918,-1.4304907926973809,1
TATAELXSI,2022-05-19,2022-06-15,8261.5,8159.65,14,failed a technical gate (trend/near-high/RSI) -- not in the top 20 at all,-1425.900000000005,-1.2328269684682036,27
COALINDIA,2022-06-07,2022-06-15,183.9,176.9,640,failed a technical gate (trend/near-high/RSI) -- not in the top 20 at all,-4480.0,-3.8064165307232223,8
HAL,2022-05-23,2022-06-16,907.9,898.55,134,failed a technical gate (trend/near-high/RSI) -- not in the top 20 at all,-1252.900000000003,-1.029849102324043,24
EICHERMOT,2022-06-10,2022-06-16,2712.85,2652.5,43,failed a technical gate (trend/near-high/RSI) -- not in the top 20 at all,-2595.049999999996,-2.224597747756052,6
BEL,2022-06-14,2022-06-16,80.45,77.45,1418,closed below 200 EMA,-4254.0,-3.7290242386575523,2
SIEMENS,2022-06-14,2022-06-16,1828.75,1783.85,62,closed below 200 EMA,-2783.8000000000056,-2.455228981544777,2
KEI,2022-06-15,2022-06-16,1258.65,1237.9,90,failed a technical gate (trend/near-high/RSI) -- not in the top 20 at all,-1867.5,-1.6485917451237397,1
OIL,2022-06-14,2022-06-17,178.75,169.75,638,failed a technical gate (trend/near-high/RSI) -- not in the top 20 at all,-5742.0,-5.034965034965033,3
BDL,2022-06-01,2022-06-20,406.65,357.5940482537787,292,stop,-14324.337909896618,-12.06343335699528,19
HAL,2022-06-17,2022-06-20,949.35,875.3126504867234,117,stop,-8662.36989305336,-7.798741192739933,3
VBL,2022-06-08,2022-06-21,148.95,147.75,781,failed a technical gate (trend/near-high/RSI) -- not in the top 20 at all,-937.1999999999912,-0.80563947633433,13
BAJAJ-AUTO,2022-06-27,2022-06-30,3766.0,3615.0,29,closed below 200 EMA,-4379.0,-4.009559214020175,3
ITC,2022-06-27,2022-07-01,222.65,231.93486768681944,492,target,4568.154901915164,4.170162895494922,4
TATAELXSI,2022-07-01,2022-07-05,8152.05,8003.2,13,closed below 200 EMA,-1935.0500000000047,-1.8259210873338705,4
VBL,2022-06-22,2022-07-06,149.7,162.4816161603913,727,target,9292.234948604482,8.538153747756393,14
CGPOWER,2022-06-24,2022-07-06,186.2,200.11732064643434,588,target,8183.384540103397,7.474393472843377,12
TIINDIA,2022-06-30,2022-07-06,1841.3,1987.7785511402203,60,target,8788.71306841322,7.955170322067029,6
PHOENIXLTD,2022-06-23,2022-07-07,569.7,628.1122541849056,191,target,11156.740549316964,10.253160292242502,14
TORNTPHARM,2022-06-21,2022-07-07,1411.8,1474.25,77,dropped out of top 20 rank (now #23 of 27),4808.650000000003,4.42343108088965,16
ASHOKLEY,2022-06-23,2022-07-08,67.35,72.31844017190602,1619,target,8043.904638315854,7.377045541063132,15
EICHERMOT,2022-06-23,2022-07-11,2819.05,2985.032160656545,38,target,6307.322104948698,5.887875726097258,18
ITC,2022-07-01,2022-07-11,234.5,244.2701375990017,471,target,4601.734809129807,4.166369978252327,10
VBL,2022-07-06,2022-07-13,164.2,175.79151251649847,690,target,7998.143636383953,7.059386429049019,7
VBL,2022-07-13,2022-07-15,174.95,163.61973646250766,660,stop,-7477.973934744937,-6.476286674759835,2
TIINDIA,2022-07-06,2022-07-19,1975.75,2140.5035375654893,57,target,9390.95164123289,8.338784642059437,13
BAJAJ-AUTO,2022-07-08,2022-07-19,3730.5,3921.6949857124164,30,target,5735.8495713724915,5.125183908656106,11
VBL,2022-07-15,2022-07-20,165.3,177.70568641753167,701,target,8696.38617868969,7.504952460696712,5
HINDUNILVR,2022-07-06,2022-07-21,2498.4,2626.237192263465,45,target,5752.67365185593,5.116762418486442,15
CGPOWER,2022-07-07,2022-07-21,199.2,213.00959541553365,576,target,7954.326959347391,6.932527819043011,14
SIEMENS,2022-07-07,2022-07-21,2029.15,2135.9420883989956,56,target,5980.356950343747,5.262897686173784,14
BEL,2022-07-19,2022-07-22,85.05,90.00300600654145,1385,target,6859.913319059919,5.823640219331527,3
HEROMOTOCO,2022-06-28,2022-07-25,2601.45,2671.8,42,dropped out of top 20 rank (now #21 of 50),2954.7000000000153,2.7042610851640614,27
HAL,2022-07-25,2022-07-28,951.7,1002.6627741844723,126,target,6421.309547243498,5.354920057210477,3
ITC,2022-07-11,2022-08-01,243.25,252.80765812051365,479,target,4578.118239726039,3.9291503064804223,21
VBL,2022-07-21,2022-08-01,174.4,187.161901545479,691,target,8818.473967925984,7.317604097178321,11
BEL,2022-07-22,2022-08-01,88.95,94.04910867214709,1363,target,6950.085120136473,5.7325561238303235,10
ADANIENSOL,2022-07-19,2022-08-02,3029.75,3318.8663741391974,38,target,10986.422217289502,9.542581867784383,14
TIINDIA,2022-07-20,2022-08-02,2194.9,1993.672528421162,53,stop,-10665.055993678416,-9.167956243056086,13
BRITANNIA,2022-07-06,2022-08-03,3830.8,3770.0,29,time_stop_20d,-1763.2000000000053,-1.5871358462984264,28
CGPOWER,2022-07-21,2022-08-03,221.2,236.59396041519707,545,target,8389.708426282412,6.959294943579164,13
VBL,2022-08-01,2022-08-04,185.2,197.4426850442123,665,target,8141.385554401195,6.61052108218807,3
BEL,2022-08-01,2022-08-05,94.75,89.53843096962449,1300,stop,-6775.039739488168,-5.500336707520336,4
TIINDIA,2022-08-02,2022-08-05,2079.6,2266.5355173396792,59,target,11029.19552304108,8.989013143858404,3
EICHERMOT,2022-07-11,2022-08-08,3046.85,3116.75,38,time_stop_20d,2656.2000000000035,2.294172670134742,28
HAL,2022-07-28,2022-08-08,1012.3,1066.861521458923,119,target,6492.821053611855,5.389856905949131,11
ADANIPOWER,2022-08-03,2022-08-08,67.9,65.7,1834,dropped out of top 20 rank (now #23 of 60),-4034.800000000005,-3.2400589101620025,5
BDL,2022-08-01,2022-08-11,410.6,441.56804540231013,300,target,9290.413620693032,7.542144520776928,10
HAL,2022-08-08,2022-08-11,1079.6,1141.5921054299752,117,target,7253.076335307105,5.742136479249282,3
COALINDIA,2022-08-08,2022-08-11,200.5,210.91216587146963,633,target,6590.900996640273,5.193100185271637,3
BDL,2022-08-11,2022-08-12,442.1,406.94365565550663,290,stop,-10195.339859903084,-7.95212493655132,1
VBL,2022-08-04,2022-08-16,200.75,215.35101277045717,627,target,9154.835007076648,7.273231766105681,12
BEL,2022-08-05,2022-08-16,92.05,97.9939484349374,1359,target,8077.825923079922,6.4573041118277,11
MAZDOCK,2022-08-11,2022-08-16,148.7,158.68907294680972,862,target,8610.580880149986,6.717601174720733,5
ADANIENSOL,2022-08-05,2022-08-17,3313.55,3596.2332252254996,37,target,10459.279333343478,8.531129007424054,12
EICHERMOT,2022-08-11,2022-08-17,3176.45,3362.9024602992754,40,target,7458.098411971023,5.869837721332805,6
HINDUNILVR,2022-07-21,2022-08-22,2607.45,2626.7,46,time_stop_20d,885.5,0.7382691902049876,32
TIINDIA,2022-08-08,2022-08-22,2325.55,2116.4020483460386,54,stop,-11293.989389313927,-8.993483333145347,14
VBL,2022-08-16,2022-08-22,207.85,192.83900381782388,631,stop,-9471.938590953128,-7.222033284664953,6
BDL,2022-08-12,2022-08-22,410.8,399.15,313,failed a technical gate (trend/near-high/RSI) -- not in the top 20 at all,-3646.4500000000107,-2.8359298928919308,10
ADANIENSOL,2022-08-17,2022-08-23,3597.65,3344.45594118051,36,stop,-9114.986117501649,-7.037762395438419,6
MAZDOCK,2022-08-22,2022-08-26,152.05,164.09624747146674,841,target,10130.894123503518,7.922556705995865,4
COALINDIA,2022-08-22,2022-08-26,203.25,213.2215274247199,629,target,6272.090750148823,4.906040553367719,4
CGPOWER,2022-08-03,2022-08-26,232.05,227.1,536,failed a technical gate (trend/near-high/RSI) -- not in the top 20 at all,-2653.200000000009,-2.133160956690372,23
BEL,2022-08-16,2022-08-29,97.9,103.34260863452211,1341,target,7298.5381788941395,5.559355091442386,13
ADANIENSOL,2022-08-23,2022-08-29,3601.9,3895.234954548716,35,target,10266.723409205053,8.143895015095248,6
MAZDOCK,2022-08-26,2022-08-29,177.1,190.98191050688675,735,target,10203.204222561764,7.8384587842387,3
ITC,2022-08-02,2022-08-30,255.65,264.0119926370613,483,target,4038.8424437006174,3.27087527364025,28
HAL,2022-08-22,2022-09-02,1114.9,1184.0240691469132,114,target,7880.143882748098,6.200024140901705,11
BEL,2022-08-29,2022-09-02,102.95,108.63780089121519,1275,target,7251.946136299367,5.5248187384314695,4
PIIND,2022-08-16,2022-09-06,3389.95,3265.15,38,failed a technical gate (trend/near-high/RSI) -- not in the top 20 at all,-4742.39999999999,-3.681470228174444,21
ADANIPORTS,2022-08-22,2022-09-08,840.25,887.1969601988126,152,target,7135.937950219512,5.587260957906892,17
VBL,2022-08-26,2022-09-08,204.7,221.9587174766356,636,target,10976.544315140249,8.431224951947058,13
BANKBARODA,2022-08-26,2022-09-08,113.0,120.571290776745,1153,target,8729.698265586987,6.700257324553105,13
COCHINSHIP,2022-08-29,2022-09-08,187.9,198.2740010046316,698,target,7241.052701232853,5.521022354779981,10
MAZDOCK,2022-09-06,2022-09-08,190.0,208.46226133613487,713,target,13163.592332664164,9.716979650597303,2
BDL,2022-08-30,2022-09-08,408.9,407.2,326,failed a technical gate (trend/near-high/RSI) -- not in the top 20 at all,-554.1999999999963,-0.41574957202249463,9
HAL,2022-09-02,2022-09-12,1184.75,1253.3268717042615,113,target,7749.186502581551,5.788298941064496,10
ADANIPORTS,2022-09-08,2022-09-12,885.05,933.4027172892837,156,target,7543.023897128267,5.463275214878682,4
EICHERMOT,2022-08-17,2022-09-15,3397.6,3589.538431223582,38,target,7293.660386496117,5.649235672933317,29
ADANIENSOL,2022-08-29,2022-09-15,3855.55,4187.135231072102,34,target,11273.89785645147,8.600205705336506,17
BEL,2022-09-02,2022-09-15,108.2,114.23924874562675,1246,target,7524.903937050931,5.581560763056137,13
BDL,2022-09-12,2022-09-16,419.3,448.3475364345179,336,target,9759.972241998013,6.9276261470350375,4
COCHINSHIP,2022-09-08,2022-09-20,198.05,210.01863273416225,700,target,8378.042913913569,6.04323793696655,12
ADANIENSOL,2022-09-15,2022-09-21,4105.4,3865.75,34,failed a technical gate (trend/near-high/RSI) -- not in the top 20 at all,-8148.099999999988,-5.837433624007393,6
VBL,2022-09-08,2022-09-22,219.65,236.02155810887874,632,target,10346.824724811358,7.453475123550524,14
TIINDIA,2022-09-08,2022-09-23,2623.6,2827.1389976376186,52,target,10584.02787715617,7.758004178899935,15
BANKBARODA,2022-09-08,2022-09-23,122.45,116.95,1133,failed a technical gate (trend/near-high/RSI) -- not in the top 20 at all,-6231.5,-4.491629236423034,15
BEL,2022-09-15,2022-09-23,111.1,106.65,1280,failed a technical gate (trend/near-high/RSI) -- not in the top 20 at all,-5695.999999999985,-4.005400540053994,8
ADANIPORTS,2022-09-12,2022-09-26,938.5,892.9570373565793,150,stop,-6831.444396513098,-4.85273975955468,14
HAL,2022-09-15,2022-09-26,1272.1,1196.2,111,stop,-8424.899999999985,-5.966512066661411,11
BDL,2022-09-16,2022-09-26,460.5,424.99237588228175,308,stop,-10936.348228257222,-7.710667560850871,10
VBL,2022-09-22,2022-09-26,234.1,217.33305039115413,622,stop,-10429.042656702126,-7.162302267768417,4
EICHERMOT,2022-09-23,2022-09-26,3688.45,3483.5815363919723,38,stop,-7785.001617105044,-5.554324000814093,3
ITC,2022-09-23,2022-09-26,285.65,276.42512634745106,502,stop,-4630.886573579559,-3.229432400682275,3
AMBUJACEM,2022-09-21,2022-09-27,541.35,493.06045775804233,266,stop,-12845.018236360746,-8.920207304323945,6
TIINDIA,2022-09-23,2022-09-27,2772.35,2555.6880014283797,51,stop,-11049.76192715263,-7.8151026591743555,4
VBL,2022-09-26,2022-09-27,217.4,207.7,631,failed a technical gate (trend/near-high/RSI) -- not in the top 20 at all,-6120.700000000011,-4.4618215271389206,1
ITC,2022-09-26,2022-09-28,274.3,268.0,500,failed a technical gate (trend/near-high/RSI) -- not in the top 20 at all,-3150.0000000000055,-2.2967553773241,2
CGPOWER,2022-09-26,2022-09-28,246.7,233.6,556,failed a technical gate (trend/near-high/RSI) -- not in the top 20 at all,-7283.599999999997,-5.310093230644508,2
BAJAJHLDNG,2022-09-26,2022-09-29,6760.85,6266.525929743939,20,stop,-9886.48140512123,-7.311566892566191,3
MAZDOCK,2022-09-08,2022-09-30,216.3,237.09450084595304,641,target,13329.27504225589,9.613731320366625,22
COCHINSHIP,2022-09-20,2022-10-03,209.3,224.31556426748728,696,target,10450.832730171136,7.174182640939919,13
HINDUNILVR,2022-09-26,2022-10-03,2660.55,2622.5,51,failed a technical gate (trend/near-high/RSI) -- not in the top 20 at all,-1940.5500000000093,-1.4301554189923182,7
EICHERMOT,2022-09-27,2022-10-03,3570.55,3463.35,38,failed a technical gate (trend/near-high/RSI) -- not in the top 20 at all,-4073.6000000000104,-3.0023385752895315,6
AMBUJACEM,2022-09-27,2022-10-03,504.35,488.65,270,failed a technical gate (trend/near-high/RSI) -- not in the top 20 at all,-4239.000000000013,-3.112917616734423,6
MARICO,2022-09-28,2022-10-03,547.4,529.5,247,failed a technical gate (trend/near-high/RSI) -- not in the top 20 at all,-4421.299999999995,-3.270003653635367,5
ITC,2022-09-29,2022-10-03,274.65,267.5,494,failed a technical gate (trend/near-high/RSI) -- not in the top 20 at all,-3532.0999999999885,-2.6033133078463444,4
MAZDOCK,2022-09-30,2022-10-04,246.7,271.3507499418362,557,target,13730.467717602785,9.992196976828627,4
BHARTIARTL,2022-10-03,2022-10-06,803.35,788.6,168,dropped out of top 20 rank (now #27 of 28),-2478.0,-1.8360614925001517,3
MAZDOCK,2022-10-04,2022-10-07,278.1,306.84324867433844,493,target,14170.42159644884,10.335580249672205,3
NESTLEIND,2022-10-03,2022-10-07,949.6,966.0,142,dropped out of top 20 rank (now #21 of 36),2328.7999999999965,1.7270429654591357,4
CIPLA,2022-10-03,2022-10-07,1130.75,1130.5,119,dropped out of top 20 rank (now #25 of 36),-29.75,-0.022109219544552694,4
360ONE,2022-10-03,2022-10-10,468.65,445.6,289,failed a technical gate (trend/near-high/RSI) -- not in the top 20 at all,-6661.449999999987,-4.9183825882854855,7
ITC,2022-10-07,2022-10-10,275.5,270.4,502,failed a technical gate (trend/near-high/RSI) -- not in the top 20 at all,-2560.2000000000116,-1.851179673321246,3
VBL,2022-10-06,2022-10-11,228.55,210.4797983465072,603,stop,-10896.33159705616,-7.9064544535081165,5
BRITANNIA,2022-09-26,2022-10-11,3787.5,3727.9,36,failed a technical gate (trend/near-high/RSI) -- not in the top 20 at all,-2145.5999999999967,-1.5735973597359676,15
HAL,2022-10-07,2022-10-11,1229.85,1184.4,112,failed a technical gate (trend/near-high/RSI) -- not in the top 20 at all,-5090.39999999998,-3.695572630808619,4
AMBUJACEM,2022-10-07,2022-10-11,521.8,500.2,265,failed a technical gate (trend/near-high/RSI) -- not in the top 20 at all,-5723.999999999991,-4.139517056343422,4
BDL,2022-10-04,2022-10-12,452.6,441.1,303,failed a technical gate (trend/near-high/RSI) -- not in the top 20 at all,-3484.5,-2.5408749447635826,8
UNOMINDA,2022-10-03,2022-10-13,556.4,554.25,243,failed a technical gate (trend/near-high/RSI) -- not in the top 20 at all,-522.4499999999945,-0.3864126527677869,10
AMBUJACEM,2022-10-12,2022-10-13,505.45,496.85,268,failed a technical gate (trend/near-high/RSI) -- not in the top 20 at all,-2304.799999999991,-1.7014541497675228,1
COCHINSHIP,2022-10-11,2022-10-14,253.9,277.5433834272802,528,target,12483.706449603953,9.312084847294289,3
TIINDIA,2022-09-28,2022-10-14,2641.9,2643.9,51,failed a technical gate (trend/near-high/RSI) -- not in the top 20 at all,102.0,0.07570309247133533,16
GODFRYPHLP,2022-10-10,2022-10-18,444.0,476.38877112226675,308,target,9975.741505658158,7.294768270780794,8
MAXHEALTH,2022-10-13,2022-10-18,429.15,407.45,316,failed a technical gate (trend/near-high/RSI) -- not in the top 20 at all,-6857.199999999996,-5.056507048817426,5
BRITANNIA,2022-10-13,2022-10-18,3784.6,3766.85,35,failed a technical gate (trend/near-high/RSI) -- not in the top 20 at all,-621.25,-0.46900597156899204,5
IDFCFIRSTB,2022-10-11,2022-10-19,53.1,57.286899562065855,2526,target,10576.108293778347,7.884933261894256,8
INDUSINDBK,2022-10-14,2022-10-19,1181.6,1218.4,115,dropped out of top 20 rank (now #22 of 36),4232.000000000021,3.114421123899813,5
MAZDOCK,2022-10-11,2022-10-20,289.4,326.06177960713705,463,target,16974.403958104467,12.66820304324019,9
BAJAJHLDNG,2022-10-03,2022-10-20,6507.25,6467.45,20,failed a technical gate (trend/near-high/RSI) -- not in the top 20 at all,-796.0000000000036,-0.6116254946405997,17
BEL,2022-10-20,2022-10-21,108.0,103.55,1288,failed a technical gate (trend/near-high/RSI) -- not in the top 20 at all,-5731.600000000004,-4.120370370370374,1
CGPOWER,2022-10-10,2022-10-24,254.9,255.95,537,dropped out of top 20 rank (now #27 of 47),563.8499999999908,0.4119262455865025,14
BANKBARODA,2022-10-18,2022-10-25,124.6,133.66667164278954,1107,target,10036.805508568024,7.276622506251651,7
BDL,2022-10-19,2022-10-25,458.0,495.332367890606,301,target,11237.042735072408,8.151172028516607,6
AMBUJACEM,2022-10-14,2022-10-25,501.85,513.1,271,dropped out of top 20 rank (now #24 of 46),3048.75,2.241705688950879,11
BRITANNIA,2022-10-24,2022-10-25,3801.85,3713.1,36,closed below 200 EMA,-3195.0,-2.334389836526951,1
GODFRYPHLP,2022-10-18,2022-10-27,466.0,501.25655444796297,296,target,10435.94011659704,7.565784216301075,9
INDIANB,2022-10-21,2022-10-28,215.95,232.6123550537017,639,target,10647.244879315387,7.715839339523822,7
GODFRYPHLP,2022-10-27,2022-11-01,492.0,526.2090928735074,289,target,9886.427840443643,6.953067657216949,5
COCHINSHIP,2022-10-14,2022-11-02,260.9,286.56148447147757,521,target,13369.633409639826,9.835754875997548,19
MAZDOCK,2022-10-20,2022-11-02,325.8,359.4392553949131,427,target,14363.962053627896,10.325124430605626,13
BEL,2022-10-25,2022-11-03,105.05,111.78810274991292,1344,target,9056.010095882972,6.414186339755279,9
MAZDOCK,2022-11-02,2022-11-03,362.3,396.08704836248336,402,target,13582.393441718305,9.325710284980214,1
BANKBARODA,2022-10-25,2022-11-07,131.8,141.04028941487599,1071,target,9896.349963332168,7.010841741180562,13
INDIANB,2022-10-28,2022-11-07,233.55,250.53145363100725,608,target,10324.723807652403,7.271014185830538,10
ITC,2022-10-19,2022-11-09,285.6,296.668539676106,483,target,5346.104663559177,3.875539102278003,21
UNIONBANK,2022-11-07,2022-11-09,51.63,55.34807957584276,2951,target,10972.052828311978,7.201393716526749,2
TIINDIA,2022-11-01,2022-11-09,2797.8,2713.1,51,failed a technical gate (trend/near-high/RSI) -- not in the top 20 at all,-4319.7000000000135,-3.0273786546572423,8
HAL,2022-10-19,2022-11-10,1235.0,1215.55,111,failed a technical gate (trend/near-high/RSI) -- not in the top 20 at all,-2158.9500000000053,-1.574898785425105,22
EICHERMOT,2022-10-25,2022-11-11,3710.65,3545.906545496175,38,stop,-6260.251271145349,-4.439746526991906,17
COCHINSHIP,2022-11-02,2022-11-11,291.2,315.7097973926209,500,target,12254.898696310449,8.416826027685742,9
GODFRYPHLP,2022-11-03,2022-11-11,532.0,566.7851689777384,280,target,9739.847313766753,6.538565597319246,8
ITC,2022-11-09,2022-11-14,297.45,287.43400067768243,509,stop,-5098.143655059635,-3.3672883921054164,5
GODFRYPHLP,2022-11-11,2022-11-14,561.0,600.0832274968232,269,target,10513.388196645428,6.966707218685064,3
BDL,2022-10-25,2022-11-14,497.6,473.7,283,failed a technical gate (trend/near-high/RSI) -- not in the top 20 at all,-6763.70000000001,-4.803054662379425,20
BEL,2022-11-03,2022-11-14,109.95,106.6,1356,failed a technical gate (trend/near-high/RSI) -- not in the top 20 at all,-4542.600000000011,-3.046839472487506,11
MAZDOCK,2022-11-10,2022-11-15,386.5,425.3969476030291,388,target,15092.015669975293,10.06389329961943,5
RVNL,2022-11-11,2022-11-15,51.15,56.28474651497087,2956,target,15178.310698253896,10.038605112357523,4
HAL,2022-11-14,2022-11-16,1245.1,1323.644386070452,123,target,9660.959486665595,6.308279340651524,2
UNIONBANK,2022-11-14,2022-11-17,57.45,62.04007681085082,2671,target,12260.095161782534,7.989689836119784,3
BDL,2022-11-16,2022-11-17,478.5,470.65,327,failed a technical gate (trend/near-high/RSI) -- not in the top 20 at all,-2566.9500000000075,-1.6405433646813017,1
MAHABANK,2022-11-14,2022-11-18,23.1,24.912570560332618,6644,target,12042.718802849906,7.846625802305707,4
UNIONBANK,2022-11-17,2022-11-21,62.62,67.84341791306095,2520,target,13163.013140913592,8.341453071001204,4
MAZDOCK,2022-11-15,2022-11-22,419.55,379.9873564563211,370,stop,-14638.1781111612,-9.429780370320318,7
NMDC,2022-11-15,2022-11-22,30.6,33.04051772588684,5077,target,12390.508494327496,7.975548123813203,7
BANKINDIA,2022-11-15,2022-11-22,69.38,75.00012251497776,2239,target,12583.454311035217,8.100493679702758,7
INDIANB,2022-11-07,2022-11-24,248.1,267.8467713175458,614,target,12124.517588973125,7.95919843512527,17
RVNL,2022-11-17,2022-11-24,61.05,67.70282942560607,2585,target,17197.564065191695,10.897345496488242,7
RVNL,2022-11-24,2022-11-28,67.15,74.69628855521799,2435,target,18375.21263195579,11.237957639937424,4
INDIANB,2022-11-24,2022-12-06,263.45,281.00487511185975,620,target,10884.02256935305,6.6634561062288045,12
UNIONBANK,2022-11-28,2022-12-06,71.26,77.17488421896886,2316,target,13698.871851131858,8.3004269140736,8
BANKBARODA,2022-11-09,2022-12-07,148.6,158.15,1020,time_stop_20d,9741.000000000011,6.42664872139973,28
SBIN,2022-11-09,2022-12-07,615.55,607.05,246,time_stop_20d,-2091.0,-1.3808788887986312,28
COCHINSHIP,2022-11-11,2022-12-07,319.2,312.7,473,failed a technical gate (trend/near-high/RSI) -- not in the top 20 at all,-3074.5,-2.036340852130325,26
BANKBARODA,2022-12-07,2022-12-08,158.15,166.3223823459605,1066,target,8711.759580793892,5.1674880467660556,1
NMDC,2022-11-22,2022-12-09,32.9,35.3260586139661,4884,target,11848.870270610427,7.374038340322486,17
MAHABANK,2022-11-22,2022-12-09,27.85,30.50536665124498,5769,target,15318.810211032282,9.534530166050192,17
PNB,2022-12-06,2022-12-09,52.37,56.061153119651685,3239,target,11955.644954551815,7.048220583638898,3
INDIANB,2022-12-07,2022-12-09,279.05,261.9454552207015,604,stop,-10331.145046696307,-6.129562723274873,2
RVNL,2022-12-06,2022-12-09,72.0,67.35,2356,failed a technical gate (trend/near-high/RSI) -- not in the top 20 at all,-10955.400000000014,-6.458333333333344,3
GODFRYPHLP,2022-11-18,2022-12-12,614.0,662.472483167315,260,target,12602.845623501893,7.894541232461716,24
UNIONBANK,2022-12-07,2022-12-13,78.12,84.42595364202104,2160,target,13620.859866765442,8.072137278572766,6
MAHABANK,2022-12-09,2022-12-13,28.65,31.681672916030486,5972,target,18105.15065453407,10.581755378814961,4
PNB,2022-12-09,2022-12-14,53.13,57.258754884794016,3220,target,13294.590729036721,7.771042508552628,5
HAL,2022-11-21,2022-12-14,1327.2,1341.8,119,failed a technical gate (trend/near-high/RSI) -- not in the top 20 at all,1737.3999999999892,1.1000602772754497,23
UNIONBANK,2022-12-13,2022-12-16,84.7,76.73343341394829,2116,stop,-16857.254896085422,-9.405627610450662,3
MAZDOCK,2022-11-22,2022-12-16,433.4,416.2,370,failed a technical gate (trend/near-high/RSI) -- not in the top 20 at all,-6363.999999999995,-3.9686202122750314,24
IRFC,2022-12-08,2022-12-20,32.2,35.15447141363906,5404,target,15965.963519305455,9.175377060990852,12
BANKINDIA,2022-12-09,2022-12-20,89.01,81.88083423019133,1922,stop,-13702.256609572281,-8.009398685326008,11
PNB,2022-12-14,2022-12-20,55.95,51.79618276898964,3218,stop,-13366.983849391354,-7.424159483485903,6
BRITANNIA,2022-12-16,2022-12-20,4444.7,4509.05,38,dropped out of top 20 rank (now #22 of 44),2445.300000000014,1.44779175197427,4
MAHABANK,2022-12-14,2022-12-21,34.1,30.37281873304702,5280,stop,-19679.517089511748,-10.930150342970624,7
NMDC,2022-12-09,2022-12-21,34.4,33.5,4974,failed a technical gate (trend/near-high/RSI) -- not in the top 20 at all,-4476.599999999993,-2.6162790697674354,12
UNIONBANK,2022-12-16,2022-12-21,76.19,72.91,2253,failed a technical gate (trend/near-high/RSI) -- not in the top 20 at all,-7389.840000000003,-4.305026906418163,5
PNB,2022-12-20,2022-12-21,52.46,50.19,3302,failed a technical gate (trend/near-high/RSI) -- not in the top 20 at all,-7495.54000000001,-4.327106366755629,1
BANKINDIA,2022-12-20,2022-12-21,82.7,80.93,2094,failed a technical gate (trend/near-high/RSI) -- not in the top 20 at all,-3706.3799999999915,-2.1402660217654135,1
BANKBARODA,2022-12-20,2022-12-21,164.85,159.15,1050,failed a technical gate (trend/near-high/RSI) -- not in the top 20 at all,-5984.999999999988,-3.4576888080072754,1
RVNL,2022-12-12,2022-12-22,70.7,66.45,2474,failed a technical gate (trend/near-high/RSI) -- not in the top 20 at all,-10514.5,-6.0113154172560135,10
INDIANB,2022-12-13,2022-12-22,280.65,267.75,638,failed a technical gate (trend/near-high/RSI) -- not in the top 20 at all,-8230.199999999986,-4.596472474612501,9
MAHABANK,2022-12-21,2022-12-22,29.95,28.85,5589,failed a technical gate (trend/near-high/RSI) -- not in the top 20 at all,-6147.899999999988,-3.6727879799666074,1
JINDALSTEL,2022-12-21,2022-12-22,547.6,539.85,305,failed a technical gate (trend/near-high/RSI) -- not in the top 20 at all,-2363.75,-1.415266617969324,1
IRFC,2022-12-21,2022-12-22,32.3,31.25,5183,failed a technical gate (trend/near-high/RSI) -- not in the top 20 at all,-5442.149999999985,-3.2507739938080427,1
GODFRYPHLP,2022-12-21,2022-12-22,648.0,606.0,258,failed a technical gate (trend/near-high/RSI) -- not in the top 20 at all,-10836.0,-6.481481481481477,1
ABCAPITAL,2022-12-21,2022-12-22,148.6,147.85,1126,failed a technical gate (trend/near-high/RSI) -- not in the top 20 at all,-844.5,-0.5047106325706596,1
VBL,2022-12-09,2022-12-23,282.05,257.15881762386846,606,stop,-15084.05651993572,-8.825095683790662,14
HINDZINC,2022-12-21,2022-12-23,323.35,310.15466326346336,517,stop,-6821.989092789453,-4.080821628741815,2
JSWSTEEL,2022-12-22,2022-12-23,737.55,727.85,221,failed a technical gate (trend/near-high/RSI) -- not in the top 20 at all,-2143.699999999985,-1.3151650735543252,1
CUMMINSIND,2022-12-22,2022-12-23,1450.15,1388.05,112,failed a technical gate (trend/near-high/RSI) -- not in the top 20 at all,-6955.200000000015,-4.282315622521815,1
PIIND,2022-12-22,2022-12-23,3520.9,3459.6,46,failed a technical gate (trend/near-high/RSI) -- not in the top 20 at all,-2819.8000000000084,-1.7410321224686887,1
RECLTD,2022-12-22,2022-12-23,112.5,108.75,1454,failed a technical gate (trend/near-high/RSI) -- not in the top 20 at all,-5452.5,-3.3333333333333326,1
BRITANNIA,2022-12-22,2022-12-23,4391.45,4331.9,37,failed a technical gate (trend/near-high/RSI) -- not in the top 20 at all,-2203.3500000000067,-1.3560441312095106,1
AXISBANK,2022-12-22,2022-12-23,919.55,906.6,177,failed a technical gate (trend/near-high/RSI) -- not in the top 20 at all,-2292.149999999988,-1.4082975368386652,1
TIINDIA,2022-12-22,2022-12-23,2925.75,2778.5,55,failed a technical gate (trend/near-high/RSI) -- not in the top 20 at all,-8098.75,-5.0328975476373605,1
GODREJCP,2022-12-22,2022-12-23,891.35,873.4,183,failed a technical gate (trend/near-high/RSI) -- not in the top 20 at all,-3284.8500000000085,-2.0137992932069415,1
NESTLEIND,2022-12-23,2022-12-26,1006.6,994.9,157,failed a technical gate (trend/near-high/RSI) -- not in the top 20 at all,-1836.9000000000071,-1.16232863103517,3
CIPLA,2022-12-23,2022-12-26,1119.15,1096.5,141,closed below 200 EMA,-3193.650000000013,-2.023857391770545,3
APOLLOHOSP,2022-12-23,2022-12-27,4700.15,4643.8,33,failed a technical gate (trend/near-high/RSI) -- not in the top 20 at all,-1859.549999999982,-1.1988979075135742,4
VBL,2022-12-26,2022-12-27,270.55,263.8,584,failed a technical gate (trend/near-high/RSI) -- not in the top 20 at all,-3942.0,-2.494917760118276,1
INDIANB,2022-12-26,2022-12-28,276.1,266.75,572,failed a technical gate (trend/near-high/RSI) -- not in the top 20 at all,-5348.2000000000135,-3.3864541832669404,2
PIIND,2022-12-26,2022-12-28,3482.95,3452.7,45,failed a technical gate (trend/near-high/RSI) -- not in the top 20 at all,-1361.25,-0.8685166310168135,2
MARICO,2022-12-23,2022-12-29,515.55,515.4,307,failed a technical gate (trend/near-high/RSI) -- not in the top 20 at all,-46.04999999999302,-0.029095141111434852,6
BRITANNIA,2022-12-26,2022-12-29,4375.35,4348.3,36,failed a technical gate (trend/near-high/RSI) -- not in the top 20 at all,-973.8000000000065,-0.6182362553852849,3
ZYDUSLIFE,2022-12-23,2022-12-30,420.3,419.95,377,dropped out of top 20 rank (now #26 of 26),-131.95000000000857,-0.08327385201047921,7
VBL,2022-12-29,2022-12-30,271.45,264.5,580,failed a technical gate (trend/near-high/RSI) -- not in the top 20 at all,-4030.9999999999936,-2.5603241849327607,1
RECLTD,2022-12-26,2023-01-02,114.0,120.08742193105638,1387,target,8443.254218375203,5.3398437991722725,7
AXISBANK,2022-12-26,2023-01-03,928.7,963.6963517203466,170,target,5949.379792458909,3.7683161107296748,8
HDFCBANK,2022-12-26,2023-01-04,814.7,805.0,194,failed a technical gate (trend/near-high/RSI) -- not in the top 20 at all,-1881.8000000000088,-1.1906223149625639,9
JSWSTEEL,2022-12-28,2023-01-04,761.7,736.3,205,failed a technical gate (trend/near-high/RSI) -- not in the top 20 at all,-5207.000000000018,-3.3346461861625376,7
HINDZINC,2022-12-28,2023-01-05,324.25,340.01118481681533,483,target,7612.652266521804,4.860812588069496,8
BANKBARODA,2022-12-29,2023-01-10,166.45,162.1,946,failed a technical gate (trend/near-high/RSI) -- not in the top 20 at all,-4115.099999999995,-2.6133974166416274,12
PNB,2022-12-30,2023-01-10,53.31,52.04,2943,failed a technical gate (trend/near-high/RSI) -- not in the top 20 at all,-3737.610000000009,-2.3822922528606294,11
MAHABANK,2023-01-04,2023-01-10,31.45,29.7,5018,failed a technical gate (trend/near-high/RSI) -- not in the top 20 at all,-8781.5,-5.564387917329094,6
INDIANB,2023-01-03,2023-01-11,283.35,274.85,566,failed a technical gate (trend/near-high/RSI) -- not in the top 20 at all,-4811.0,-2.9998235397917794,8
JINDALSTEL,2022-12-27,2023-01-13,575.95,611.38927438613,273,target,9674.921907413465,6.153185933870975,17
BANKINDIA,2022-12-30,2023-01-16,82.47,92.78846504097184,1903,target,19636.03897296942,12.511780090908031,17
GODFRYPHLP,2023-01-10,2023-01-16,701.0,649.0,223,failed a technical gate (trend/near-high/RSI) -- not in the top 20 at all,-11596.0,-7.4179743223965815,6
BANKBARODA,2023-01-13,2023-01-17,166.0,163.1,957,failed a technical gate (trend/near-high/RSI) -- not in the top 20 at all,-2775.3000000000056,-1.7469879518072329,4
HINDZINC,2023-01-05,2023-01-18,337.7,353.00249678392765,470,target,7192.173488446003,4.531387854287128,13
BANKINDIA,2023-01-16,2023-01-18,91.43,83.49,1733,failed a technical gate (trend/near-high/RSI) -- not in the top 20 at all,-13760.02000000002,-8.68423930876081,2
HINDZINC,2023-01-18,2023-01-19,361.35,378.85435499537545,435,target,7614.394422988309,4.844155249861748,1
HINDZINC,2023-01-19,2023-01-20,377.55,345.0,420,stop,-13671.000000000005,-8.621374652363933,1
MAHABANK,2023-01-17,2023-01-23,32.0,30.9,4899,failed a technical gate (trend/near-high/RSI) -- not in the top 20 at all,-5388.900000000007,-3.4375000000000044,6
NMDC,2023-01-02,2023-01-24,35.55,35.05,4475,failed a technical gate (trend/near-high/RSI) -- not in the top 20 at all,-2237.5,-1.406469760900142,22
PNB,2023-01-11,2023-01-24,53.26,52.42,2949,failed a technical gate (trend/near-high/RSI) -- not in the top 20 at all,-2477.159999999989,-1.5771686068343893,13
UNIONBANK,2023-01-18,2023-01-24,72.96,72.39,2158,failed a technical gate (trend/near-high/RSI) -- not in the top 20 at all,-1230.0599999999854,-0.7812499999999889,6
PFC,2023-01-04,2023-01-25,123.6,117.34121432168439,1276,stop,-7986.210525530711,-5.063742458184151,21
RECLTD,2023-01-10,2023-01-25,123.15,120.5,1274,failed a technical gate (trend/near-high/RSI) -- not in the top 20 at all,-3376.100000000007,-2.1518473406414995,15
HDFCBANK,2023-01-24,2023-01-27,847.8,816.0,182,stop,-5787.599999999991,-3.7508846426043796,3
JINDALSTEL,2023-01-16,2023-01-27,589.5,588.15,268,failed a technical gate (trend/near-high/RSI) -- not in the top 20 at all,-361.8000000000061,-0.22900763358778553,11
RVNL,2023-01-23,2023-01-27,76.15,72.9,2045,failed a technical gate (trend/near-high/RSI) -- not in the top 20 at all,-6646.25,-4.267892317793831,4
INDIANB,2023-01-25,2023-01-27,278.9,269.55,550,failed a technical gate (trend/near-high/RSI) -- not in the top 20 at all,-5142.499999999981,-3.352456077447097,2
HINDZINC,2023-01-20,2023-01-30,353.0,329.6993061519467,443,stop,-10322.207374687612,-6.6007631297601455,10
TCS,2023-01-27,2023-01-31,3411.05,3358.7,44,failed a technical gate (trend/near-high/RSI) -- not in the top 20 at all,-2303.400000000016,-1.5347180486946943,4
BAJAJ-AUTO,2023-01-27,2023-02-01,3839.5,3688.3707915516648,39,stop,-5894.039129485074,-3.9361689920129006,5
INDIANB,2023-01-30,2023-02-01,283.4,263.1152268578317,533,stop,-10811.784084775683,-7.157647544872359,2
RVNL,2023-01-31,2023-02-01,76.1,72.65,1988,failed a technical gate (trend/near-high/RSI) -- not in the top 20 at all,-6858.599999999978,-4.533508541392894,1
NHPC,2023-01-25,2023-02-02,43.7,41.35018691996278,3516,stop,-8261.942789410874,-5.377146636240782,8
PERSISTENT,2023-01-27,2023-02-02,2288.5,2435.3998405559837,66,target,9695.389476694923,6.419044813457875,6
JINDALSTEL,2023-02-01,2023-02-02,608.25,571.2942802082587,244,stop,-9017.195629184884,-6.075745136332323,1
ITC,2023-02-01,2023-02-02,298.05,312.12192769769297,499,target,7021.8919211487855,4.721331218819991,1
TATASTEEL,2023-01-10,2023-02-06,112.62,111.26,1393,failed a technical gate (trend/near-high/RSI) -- not in the top 20 at all,-1894.479999999999,-1.2076007813887402,27
CGPOWER,2023-01-24,2023-02-07,299.35,319.4952047026154,516,target,10394.92562654954,6.729649140676597,14
INDIANB,2023-02-01,2023-02-07,279.5,274.45,532,failed a technical gate (trend/near-high/RSI) -- not in the top 20 at all,-2686.600000000006,-1.806797853309483,6
HCLTECH,2023-01-24,2023-02-10,1137.85,1115.65,135,failed a technical gate (trend/near-high/RSI) -- not in the top 20 at all,-2996.9999999999754,-1.9510480291778154,17
ULTRACEMCO,2023-02-07,2023-02-10,6930.0,7062.0,21,dropped out of top 20 rank (now #21 of 28),2772.0,1.904761904761898,3
COFORGE,2023-01-27,2023-02-13,859.0,808.253436265341,176,stop,-8931.395217299993,-5.9076325651523875,17
GODREJCP,2023-02-02,2023-02-13,939.7,923.85,158,failed a technical gate (trend/near-high/RSI) -- not in the top 20 at all,-2504.300000000004,-1.686708523997027,11
CGPOWER,2023-02-07,2023-02-14,315.3,335.526311547083,472,target,9546.819050223183,6.414941816391684,7
CGPOWER,2023-02-14,2023-02-15,335.75,315.7310964307076,443,stop,-8868.374281196522,-5.962443356453429,1
OIL,2023-02-14,2023-02-15,171.85,165.25,866,failed a technical gate (trend/near-high/RSI) -- not in the top 20 at all,-5715.599999999995,-3.840558626709334,1
BRITANNIA,2023-02-02,2023-02-20,4573.05,4453.8,32,failed a technical gate (trend/near-high/RSI) -- not in the top 20 at all,-3816.0,-2.6076688424574446,18
HDFCBANK,2023-02-06,2023-02-20,825.9,820.2,180,failed a technical gate (trend/near-high/RSI) -- not in the top 20 at all,-1025.9999999999877,-0.6901561932437295,14
GODREJCP,2023-02-15,2023-02-20,935.5,927.7,158,failed a technical gate (trend/near-high/RSI) -- not in the top 20 at all,-1232.3999999999928,-0.8337787279529607,5
PERSISTENT,2023-02-02,2023-02-21,2412.2,2566.757300242593,61,target,9427.99531479818,6.4073169821156295,19
TCS,2023-02-02,2023-02-21,3460.4,3451.0,43,failed a technical gate (trend/near-high/RSI) -- not in the top 20 at all,-404.2000000000039,-0.27164489654375457,19
OIL,2023-02-20,2023-02-21,172.75,169.85,853,failed a technical gate (trend/near-high/RSI) -- not in the top 20 at all,-2473.700000000005,-1.6787264833574511,1
ITC,2023-02-07,2023-02-23,307.75,324.3170456834082,483,target,8001.883065086158,5.383280482017283,16
ULTRACEMCO,2023-02-22,2023-02-23,7062.0,7033.0,20,failed a technical gate (trend/near-high/RSI) -- not in the top 20 at all,-580.0,-0.41064854148966656,1
BAJAJ-AUTO,2023-02-13,2023-02-27,3787.5,3631.8712858884815,39,stop,-6069.519850349223,-4.10900895343943,14
COFORGE,2023-02-23,2023-02-27,884.0,833.1689710644915,166,stop,-8437.950803294407,-5.750116395419513,4
BAJAJHLDNG,2023-02-27,2023-02-28,6086.9,6336.32380081868,23,target,5736.747418829647,4.097714777944117,1
ALKEM,2023-02-27,2023-02-28,3272.6,3175.0,44,failed a technical gate (trend/near-high/RSI) -- not in the top 20 at all,-4294.399999999996,-2.9823382020411904,1
COFORGE,2023-02-28,2023-03-02,859.5,850.0,168,failed a technical gate (trend/near-high/RSI) -- not in the top 20 at all,-1596.0,-1.105293775450844,2
HAL,2023-02-20,2023-03-03,1293.6,1380.7560367042067,114,target,9935.788184279578,6.737479646274491,11
HAL,2023-03-03,2023-03-08,1346.0,1426.3101457324944,109,target,8753.805884841895,5.966578434806413,5
CUMMINSIND,2023-02-10,2023-03-09,1600.8,1691.445076606591,93,target,8429.992124412976,5.662486044889503,27
PERSISTENT,2023-02-21,2023-03-09,2484.0,2408.8,59,failed a technical gate (trend/near-high/RSI) -- not in the top 20 at all,-4436.799999999989,-3.0273752012882404,16
BDL,2023-02-21,2023-03-10,466.25,460.0,315,failed a technical gate (trend/near-high/RSI) -- not in the top 20 at all,-1968.75,-1.3404825737265424,17
BANKBARODA,2023-03-08,2023-03-10,155.8,150.0,959,closed below 200 EMA,-5562.200000000011,-3.7227214377406947,2
KPITTECH,2023-02-10,2023-03-13,855.45,792.5425389708114,175,stop,-11008.805680108015,-7.3537273983504186,31
SUPREMEIND,2023-02-21,2023-03-13,2756.65,2666.5,53,failed a technical gate (trend/near-high/RSI) -- not in the top 20 at all,-4777.950000000004,-3.2702737017757055,20
ZYDUSLIFE,2023-03-03,2023-03-13,472.95,466.2,311,failed a technical gate (trend/near-high/RSI) -- not in the top 20 at all,-2099.25,-1.4272121788772574,10
INDIANB,2023-03-10,2023-03-13,275.95,269.6,534,failed a technical gate (trend/near-high/RSI) -- not in the top 20 at all,-3390.899999999982,-2.301141511143312,3
HCLTECH,2023-03-10,2023-03-13,1116.3,1098.6,132,closed below 200 EMA,-2336.400000000006,-1.585595270088691,3
ITC,2023-02-23,2023-03-14,319.65,313.1,459,failed a technical gate (trend/near-high/RSI) -- not in the top 20 at all,-3006.449999999979,-2.0491162208665537,19
OIL,2023-03-02,2023-03-14,171.7,166.45,853,failed a technical gate (trend/near-high/RSI) -- not in the top 20 at all,-4478.25,-3.057658707047173,12
HAL,2023-03-09,2023-03-16,1431.35,1348.1379773417307,103,stop,-8570.83833380173,-5.813534261939379,7
VBL,2023-02-20,2023-03-16,261.5,261.25,564,failed a technical gate (trend/near-high/RSI) -- not in the top 20 at all,-141.0,-0.09560229445506607,24
NMDC,2023-03-14,2023-03-16,33.8,32.9,4268,closed below 200 EMA,-3841.199999999994,-2.6627218934911157,2
PFC,2023-03-13,2023-03-17,130.75,122.77823485484001,1108,stop,-8832.71578083727,-6.096952309873805,4
ITC,2023-03-16,2023-03-17,314.6,309.7,454,failed a technical gate (trend/near-high/RSI) -- not in the top 20 at all,-2224.6000000000154,-1.5575333757152032,1
HAL,2023-03-16,2023-03-20,1361.4,1322.4,105,failed a technical gate (trend/near-high/RSI) -- not in the top 20 at all,-4095.0,-2.8646981048920273,4
VBL,2023-03-17,2023-03-20,263.25,260.6,540,failed a technical gate (trend/near-high/RSI) -- not in the top 20 at all,-1430.9999999999877,-1.0066476733143315,3
GAIL,2023-03-13,2023-03-21,97.84,92.76000922658551,1481,stop,-7523.466335426865,-5.1921410194342705,8
CUMMINSIND,2023-03-09,2023-03-22,1685.1,1608.5378588834267,88,stop,-6737.468418258444,-4.543477604686563,13
NTPC,2023-03-13,2023-03-22,179.7,174.35,806,failed a technical gate (trend/near-high/RSI) -- not in the top 20 at all,-4312.099999999996,-2.977184195882021,9
PETRONET,2023-03-16,2023-03-24,219.25,209.6353596831783,652,stop,-6268.745486567743,-4.385240737432927,8
ABCAPITAL,2023-03-20,2023-03-24,149.85,144.05,944,closed below 200 EMA,-5475.199999999984,-3.8705372038705277,4
LT,2023-03-22,2023-03-24,2213.95,2166.15,63,failed a technical gate (trend/near-high/RSI) -- not in the top 20 at all,-3011.399999999983,-2.1590370152894,2
BAJAJ-AUTO,2023-03-22,2023-03-27,3827.0,3713.5,36,failed a technical gate (trend/near-high/RSI) -- not in the top 20 at all,-4086.0,-2.9657695322707123,5
MAXHEALTH,2023-03-13,2023-03-28,462.7,449.95,313,failed a technical gate (trend/near-high/RSI) -- not in the top 20 at all,-3990.75,-2.755565161011453,15
ZYDUSLIFE,2023-03-14,2023-03-29,470.55,492.38128682399406,306,target,6680.373768142179,4.6395254115384255,15
HINDZINC,2023-03-24,2023-03-29,323.1,299.0,429,stop,-10338.90000000001,-7.458991024450645,5
KPITTECH,2023-03-17,2023-03-31,869.2,936.2341716446225,163,target,10926.569978073461,7.712168850048595,14
ALKEM,2023-03-27,2023-03-31,3227.95,3378.9535653393996,43,target,6493.1533095941895,4.678001993196923,4
OIL,2023-03-28,2023-03-31,171.65,167.75,809,failed a technical gate (trend/near-high/RSI) -- not in the top 20 at all,-3155.1000000000045,-2.272065249053312,3
ULTRACEMCO,2023-03-24,2023-04-03,7258.0,7508.918519961612,19,target,4767.451879270632,3.4571303384074437,10
KPITTECH,2023-03-31,2023-04-03,925.1,859.4549802058532,151,stop,-9912.397988916171,-7.09599176241994,3
KEI,2023-03-24,2023-04-03,1662.3,1696.7,83,dropped out of top 20 rank (now #21 of 29),2855.2000000000075,2.0694218853396062,10
ITC,2023-03-31,2023-04-03,316.3,312.45,444,failed a technical gate (trend/near-high/RSI) -- not in the top 20 at all,-1709.40000000001,-1.2171988618400298,3
VBL,2023-03-21,2023-04-05,268.7,286.45412983560755,523,target,9285.409904022752,6.607417132715865,15
HDFCBANK,2023-04-03,2023-04-06,805.3,831.0167762896809,173,target,4449.0022981148095,3.193440492944366,3
BDL,2023-03-29,2023-04-12,477.45,509.29528576309167,291,target,9266.978157059679,6.669868208836882,14
ABCAPITAL,2023-04-03,2023-04-17,153.8,163.98766765304563,907,target,9240.21456131238,6.623971165829401,14
HDFCBANK,2023-04-06,2023-04-17,833.2,859.9568122089597,167,target,4468.387638896265,3.2113312780796432,11
INDIANB,2023-03-29,2023-04-18,277.95,300.7377751066114,501,target,11416.675328412328,8.198515958485864,20
HINDUNILVR,2023-03-31,2023-04-18,2560.35,2541.05,54,dropped out of top 20 rank (now #22 of 62),-1042.1999999999853,-0.7538031909699705,18
BANKBARODA,2023-04-03,2023-04-19,151.35,160.4251575072009,921,target,8358.220064132041,5.996139747076912,16
VBL,2023-04-05,2023-04-20,290.8,276.35,481,failed a technical gate (trend/near-high/RSI) -- not in the top 20 at all,-6950.449999999994,-4.969050894085281,15
GODREJCP,2023-03-20,2023-04-21,960.0,987.15,147,time_stop_20d,3991.0499999999965,2.8281250000000036,32
INDIANB,2023-04-18,2023-04-21,307.0,285.4958642153481,468,stop,-10063.935547217094,-7.00460449011463,3
DLF,2023-04-18,2023-04-21,423.85,402.62764094436733,339,stop,-7194.379719859483,-5.007044722338727,3
SBIN,2023-04-20,2023-04-25,544.8,565.8555879799931,261,target,5495.508462778201,3.8648289243746525,5
HAL,2023-04-03,2023-04-26,1356.2,1420.5,102,dropped out of top 20 rank (now #25 of 57),6558.599999999995,4.741188615248482,23
ITC,2023-04-17,2023-04-27,330.0,341.3937754397054,437,target,4979.079867151257,3.452659224153143,10
COLPAL,2023-04-05,2023-04-28,1541.15,1586.3099033590406,90,target,4064.3913023136474,2.9302730661545207,23
BANKBARODA,2023-04-19,2023-04-28,158.85,167.20891579190126,905,target,7564.818791670647,5.262144030155036,9
INDIANB,2023-04-21,2023-04-28,288.55,310.4632603202916,492,target,10781.324077583473,7.594268002180415,7
BAJAJ-AUTO,2023-04-12,2023-05-02,4180.0,4331.058848083969,33,target,4984.941986770969,3.613848040286327,20
VBL,2023-04-21,2023-05-02,279.45,283.0,508,failed a technical gate (trend/near-high/RSI) -- not in the top 20 at all,1803.4000000000058,1.2703524780819597,11
SBIN,2023-04-25,2023-05-05,561.8,583.02847186299,258,target,5476.945740651443,3.778652877000721,10
ABCAPITAL,2023-04-17,2023-05-08,164.65,174.5315038480979,877,target,8666.078874781864,6.001520709442998,21
BANKBARODA,2023-04-28,2023-05-08,168.7,161.22588791878425,878,stop,-6562.2704073074165,-4.430416171437901,10
KPITTECH,2023-04-26,2023-05-08,905.5,883.15,160,dropped out of top 20 rank (now #26 of 71),-3576.0000000000036,-2.4682495858641684,12
ALKEM,2023-04-21,2023-05-09,3409.0,3557.727106593555,41,target,6097.811370335761,4.362778134161194,18
INDIANB,2023-04-28,2023-05-09,307.8,290.1987638561156,481,stop,-8466.194585208406,-5.718400306655102,11
GLENMARK,2023-05-02,2023-05-09,543.9,570.6842194244729,272,target,7285.307683456627,4.924474981517357,7
BANKBARODA,2023-05-08,2023-05-09,164.25,159.4,904,failed a technical gate (trend/near-high/RSI) -- not in the top 20 at all,-4384.399999999995,-2.952815829528155,1
VBL,2023-05-09,2023-05-10,301.1,317.0508411668019,489,target,7799.961330566112,5.2975228053144585,1
ABCAPITAL,2023-05-08,2023-05-11,174.3,165.50479861936114,852,stop,-7493.511576304319,-5.046013414021155,3
ALKEM,2023-05-09,2023-05-11,3618.05,3497.65,40,dropped out of top 20 rank (now #22 of 74),-4816.000000000004,-3.327759428421384,2
GLENMARK,2023-05-11,2023-05-12,580.15,607.3975697600212,253,target,6893.635149285358,4.696642206329593,1
DLF,2023-04-27,2023-05-12,421.65,435.95,347,failed a technical gate (trend/near-high/RSI) -- not in the top 20 at all,4962.100000000004,3.391438396774582,15
RVNL,2023-05-09,2023-05-12,128.25,120.4,1148,failed a technical gate (trend/near-high/RSI) -- not in the top 20 at all,-9011.799999999994,-6.12085769980506,3
PRESTIGE,2023-04-28,2023-05-16,490.7,519.8067944535853,302,target,8790.251924982771,5.931688292966242,18
MARICO,2023-05-12,2023-05-16,541.5,536.15,271,dropped out of top 20 rank (now #21 of 76),-1449.8500000000063,-0.9879963065558717,4
NESTLEIND,2023-05-12,2023-05-17,1089.7,1086.6,134,dropped out of top 20 rank (now #21 of 73),-415.4000000000183,-0.28448196751400534,5
CHOLAFIN,2023-05-09,2023-05-18,983.55,1034.9380964380873,149,target,7656.826369275017,5.22475689472699,9
PRESTIGE,2023-05-16,2023-05-18,503.75,479.2,294,failed a technical gate (trend/near-high/RSI) -- not in the top 20 at all,-7217.7000000000035,-4.873449131513652,2
ITC,2023-05-05,2023-05-19,353.6,342.5004595776384,418,stop,-4639.607896547149,-3.1390103004416248,14
RVNL,2023-05-17,2023-05-19,121.85,116.2,1211,failed a technical gate (trend/near-high/RSI) -- not in the top 20 at all,-6842.14999999999,-4.636848584324982,2
BDL,2023-05-18,2023-05-23,536.75,538.2,272,dropped out of top 20 rank (now #22 of 65),394.40000000001237,0.27014438751746805,5
ITC,2023-05-19,2023-05-25,346.25,359.1121382629648,424,target,5453.546623497065,3.714696971253373,6
IRFC,2023-05-12,2023-05-25,33.35,32.0,4400,failed a technical gate (trend/near-high/RSI) -- not in the top 20 at all,-5940.000000000006,-4.047976011994003,13
BAJAJ-AUTO,2023-05-02,2023-05-26,4387.0,4540.272937944446,33,target,5058.006952166728,3.493798448699481,24
VBL,2023-05-10,2023-05-26,321.3,339.38292394060176,457,target,8263.896240854998,5.628049779210009,16
GLENMARK,2023-05-16,2023-05-26,607.85,591.4,243,dropped out of top 20 rank (now #23 of 77),-3997.3500000000113,-2.70625976803488,10
MAXHEALTH,2023-05-23,2023-05-30,553.75,535.75,264,dropped out of top 20 rank (now #21 of 81),-4752.0,-3.2505643340857815,7
SONACOMS,2023-05-12,2023-05-31,534.0,569.9110333577746,274,target,9839.623140030244,6.72491261381547,19
SBICARD,2023-05-18,2023-05-31,886.6,927.341575529441,164,target,6681.618386828321,4.595260041669413,13
INDHOTEL,2023-05-19,2023-05-31,372.35,391.786209113747,394,target,7657.866390816317,5.219876222303488,12
KPITTECH,2023-05-25,2023-06-01,1020.3,1082.4122300196289,143,target,8882.048892806932,6.087643832169842,7
KEI,2023-05-08,2023-06-02,1986.9,2113.880055828305,74,target,9396.52413129457,6.390862943696463,25
ASTRAL,2023-05-30,2023-06-02,1789.9,1876.5295816210278,82,target,7103.62569292427,4.8399118174773825,3
MAXHEALTH,2023-05-31,2023-06-05,549.45,519.05,273,failed a technical gate (trend/near-high/RSI) -- not in the top 20 at all,-8299.200000000024,-5.532805532805551,5
COFORGE,2023-06-05,2023-06-06,918.5,883.0,164,dropped out of top 20 rank (now #22 of 86),-5822.0,-3.864997278170934,1
BAJAJ-AUTO,2023-05-26,2023-06-07,4502.0,4652.572167484738,32,target,4818.3093595116225,3.3445616944633105,12
VBL,2023-05-26,2023-06-08,340.4,319.35106991164736,434,stop,-9135.235658345036,-6.183586982477274,13
INDHOTEL,2023-05-31,2023-06-08,389.7,380.8,385,dropped out of top 20 rank (now #24 of 91),-3426.4999999999914,-2.283808057480108,8
HAL,2023-06-06,2023-06-09,1706.55,1794.6562294749642,88,target,7753.348193796855,5.162827310946905,3
BRITANNIA,2023-06-08,2023-06-12,4875.05,4900.25,30,dropped out of top 20 rank (now #29 of 86),755.9999999999945,0.516917775202308,4
CHOLAFIN,2023-05-26,2023-06-13,1049.7,1095.6692780536791,140,target,6435.698927515073,4.37927770350377,18
KPITTECH,2023-06-01,2023-06-14,1100.3,1049.0280141409453,136,stop,-6972.990076831435,-4.659818763887547,13
KEI,2023-06-02,2023-06-14,2094.3,2223.9029517187864,72,target,9331.41252375261,6.188366123229061,12
SONACOMS,2023-05-31,2023-06-14,541.55,509.85,277,failed a technical gate (trend/near-high/RSI) -- not in the top 20 at all,-8780.899999999981,-5.853568460899261,14
KEI,2023-06-14,2023-06-15,2205.7,2346.9593078712282,68,target,9605.632935243533,6.404284711031805,1
RVNL,2023-06-07,2023-06-15,127.1,122.9,1201,dropped out of top 20 rank (now #21 of 97),-5044.199999999986,-3.3044846577497955,8
MAZDOCK,2023-06-08,2023-06-16,503.55,548.4868256539592,299,target,13436.110870533785,8.924004697440013,8
HEROMOTOCO,2023-06-12,2023-06-16,2761.1,2640.1640218096504,54,stop,-6530.542822278872,-4.379992690969159,4
HAL,2023-06-13,2023-06-16,1819.6,1921.4832260376031,83,target,8456.307761121067,5.599210048230563,3
BAJAJ-AUTO,2023-06-09,2023-06-16,4626.0,4527.0,32,failed a technical gate (trend/near-high/RSI) -- not in the top 20 at all,-3168.0,-2.1400778210116767,7
COFORGE,2023-06-14,2023-06-20,924.0,878.5791307510311,163,stop,-7403.601687581926,-4.915678490148146,6
SBICARD,2023-06-02,2023-06-20,914.4,893.8,165,failed a technical gate (trend/near-high/RSI) -- not in the top 20 at all,-3399.0000000000036,-2.2528433945756765,18
ITC,2023-05-25,2023-06-22,363.8,369.15,403,time_stop_20d,2156.049999999986,1.4705882352941124,28
HAL,2023-06-20,2023-06-23,1924.35,1820.296618884282,78,stop,-8116.163727025997,-5.407196254097125,3
ANGELONE,2023-06-15,2023-06-26,156.3,165.8114457914339,969,target,9216.590971899435,6.085377985562301,11
MAXHEALTH,2023-06-16,2023-06-28,594.4,603.3,255,dropped out of top 20 rank (now #35 of 85),2269.499999999994,1.4973082099596136,12
KPITTECH,2023-06-16,2023-06-30,1084.4,1089.8,140,dropped out of top 20 rank (now #22 of 94),755.9999999999809,0.4979712283290194,14
PIIND,2023-06-16,2023-06-30,3904.45,3921.75,38,dropped out of top 20 rank (now #21 of 94),657.4000000000069,0.4430841731870139,14
ASTRAL,2023-06-14,2023-07-04,1968.65,1924.4,76,failed a technical gate (trend/near-high/RSI) -- not in the top 20 at all,-3363.0,-2.2477332181952137,20
DIXON,2023-06-20,2023-07-05,4538.55,4238.886428501893,33,stop,-9888.89785943755,-6.602627964836949,15
SHRIRAMFIN,2023-06-26,2023-07-05,340.65,364.55143694669533,445,target,10636.139441279433,7.016420650725186,9
GODREJPROP,2023-06-16,2023-07-06,1536.55,1614.989580467214,98,target,7687.078885786972,5.10491558798698,20
MAZDOCK,2023-06-22,2023-07-10,614.9,677.3392637816698,243,target,15172.741098945777,10.154376936358744,18
ANGELONE,2023-06-28,2023-07-10,171.5,165.17566074597195,887,stop,-5609.688918322878,-3.6876613726111063,12
BAJFINANCE,2023-07-05,2023-07-10,784.0,752.8275682205116,196,stop,-6109.79662877973,-3.976075482077601,5
HAL,2023-06-23,2023-07-11,1820.3,1934.192156818962,81,target,9225.264702335931,6.256779476952268,18
PFC,2023-06-30,2023-07-11,172.7,182.53888075052274,885,target,8707.409464212631,5.69709365982789,11
MAZDOCK,2023-07-10,2023-07-11,723.6,789.885680001385,211,target,13986.278480292236,9.160541735957018,1
BSE,2023-07-10,2023-07-12,232.0,246.05645961245895,659,target,9263.206884610448,6.058818798473675,2
KEI,2023-06-15,2023-07-14,2312.55,2446.45,65,time_stop_20d,8703.499999999976,5.790145077944242,29
RECLTD,2023-07-04,2023-07-14,164.65,160.3,931,failed a technical gate (trend/near-high/RSI) -- not in the top 20 at all,-4049.849999999995,-2.6419678105071287,10
ANGELONE,2023-07-10,2023-07-17,171.0,160.31492063288863,894,stop,-9552.460954197566,-6.248584425211323,7
BDL,2023-07-12,2023-07-17,614.75,582.9,257,dropped out of top 20 rank (now #25 of 110),-8185.450000000006,-5.180967873119158,5
MAZDOCK,2023-07-14,2023-07-20,819.4,900.0873882371812,191,target,15411.291153301621,9.847130612299404,6
COFORGE,2023-07-17,2023-07-21,991.5,942.4023662448094,156,stop,-7659.230865809734,-4.951854135672273,4
PFC,2023-07-11,2023-07-24,181.7,191.50871099622253,863,target,8464.917589740056,5.398299942885276,13
TIINDIA,2023-07-11,2023-07-25,3220.3,3131.4,48,failed a technical gate (trend/near-high/RSI) -- not in the top 20 at all,-4267.200000000004,-2.76061236530758,14
RBLBANK,2023-07-21,2023-07-26,221.6,237.87144933762676,699,target,11373.743087001107,7.342711794957935,5
PFC,2023-07-24,2023-07-27,191.8,201.92913805558712,808,target,8184.343548914381,5.281093876739895,3
BEL,2023-06-30,2023-07-28,125.75,130.15,1215,time_stop_20d,5346.000000000007,3.4990059642147076,28
SHRIRAMFIN,2023-07-06,2023-07-31,354.25,376.63032186819385,435,target,9735.440012664323,6.317663194973555,25
BSE,2023-07-14,2023-07-31,252.5,270.0228952257247,620,target,10864.19503994932,6.93976048543552,17
RECLTD,2023-07-27,2023-07-31,188.2,198.56677261931588,842,target,8728.822545463983,5.5083807754069625,4
HEROMOTOCO,2023-07-05,2023-08-01,2983.35,2928.6,51,dropped out of top 20 rank (now #21 of 97),-2792.25,-1.8351852782945377,27
HAL,2023-07-11,2023-08-02,1958.7,1859.3551621014797,80,stop,-7947.5870318816305,-5.071978245699715,22
KALYANKJIL,2023-07-17,2023-08-02,181.0,165.46156299328237,859,stop,-13347.517388770444,-8.584771826915816,16
RBLBANK,2023-07-26,2023-08-02,239.2,220.79067995817564,659,stop,-12131.741907562242,-7.696204030863019,7
GODREJPROP,2023-07-28,2023-08-02,1751.95,1667.8668831709108,91,stop,-7651.563631447121,-4.799401628419142,5
BSE,2023-07-31,2023-08-02,270.0,286.804418647572,597,target,10032.23793260048,6.223858758360001,2
SHRIRAMFIN,2023-07-31,2023-08-03,378.65,363.7,426,dropped out of top 20 rank (now #25 of 69),-6368.699999999995,-3.9482371583256293,3
RECLTD,2023-08-02,2023-08-07,196.3,208.82309695908688,802,target,10043.523761187671,6.37957053443039,5
PFC,2023-08-02,2023-08-08,205.05,217.2381968478759,767,target,9348.346982320816,5.944012117959474,6
PATANJALI,2023-07-20,2023-08-08,446.2,449.1,346,dropped out of top 20 rank (now #32 of 79),1003.4000000000118,0.649932765575989,19
GODFRYPHLP,2023-08-02,2023-08-09,678.0,727.5254558309844,232,target,11489.90575278837,7.304639503095034,7
AUROPHARMA,2023-08-03,2023-08-09,840.35,884.681338219093,187,target,8289.960246970397,5.275342204925693,6
OBEROIRLTY,2023-08-02,2023-08-09,1108.75,1089.05,142,dropped out of top 20 rank (now #22 of 88),-2797.4000000000065,-1.7767756482525376,7
PHOENIXLTD,2023-07-31,2023-08-10,865.4,831.0,186,failed a technical gate (trend/near-high/RSI) -- not in the top 20 at all,-6398.399999999996,-3.9750404437254416,10
MAZDOCK,2023-07-25,2023-08-11,930.0,858.207995141839,167,stop,-11989.26481131289,-7.719570414856025,17
MOTILALOFS,2023-08-09,2023-08-11,213.5,228.38055633649017,758,target,11279.461703059551,6.969815614281116,2
GODFRYPHLP,2023-08-09,2023-08-14,726.0,672.2283143335856,222,stop,-11937.314217944006,-7.406568273610803,5
GLENMARK,2023-08-08,2023-08-14,824.85,797.65,194,dropped out of top 20 rank (now #23 of 72),-5276.800000000008,-3.297569255016064,6
ETERNAL,2023-08-08,2023-08-16,93.45,91.9,1716,dropped out of top 20 rank (now #21 of 68),-2659.799999999995,-1.6586409844836725,8
RBLBANK,2023-08-02,2023-08-18,220.4,215.8,714,failed a technical gate (trend/near-high/RSI) -- not in the top 20 at all,-3284.399999999996,-2.0871143375680523,16
BEL,2023-08-07,2023-08-18,128.55,127.15,1240,failed a technical gate (trend/near-high/RSI) -- not in the top 20 at all,-1736.000000000007,-1.0890704006223273,11
HAL,2023-08-16,2023-08-18,1950.1,1894.0,82,failed a technical gate (trend/near-high/RSI) -- not in the top 20 at all,-4600.1999999999925,-2.8767755499717884,2
POLYCAB,2023-08-01,2023-08-22,4630.2,4931.036203804334,34,target,10228.430929347363,6.497261539551946,21
ZYDUSLIFE,2023-08-09,2023-08-23,661.55,645.35,244,dropped out of top 20 rank (now #22 of 68),-3952.7999999999834,-2.448794497770379,14
MOTILALOFS,2023-08-11,2023-08-28,228.8,216.35,703,failed a technical gate (trend/near-high/RSI) -- not in the top 20 at all,-8752.350000000011,-5.441433566433574,17
MAZDOCK,2023-08-14,2023-08-29,931.55,909.2,171,failed a technical gate (trend/near-high/RSI) -- not in the top 20 at all,-3821.8499999999844,-2.399227094627221,15
BSE,2023-08-10,2023-08-30,297.5,318.3229988658825,541,target,11265.242386442424,6.999327349876472,20
KALYANKJIL,2023-08-18,2023-08-30,214.6,234.28113353702676,735,target,14465.633149714673,9.171078069443972,12
SUPREMEIND,2023-08-18,2023-08-31,4352.55,4686.91457170859,36,target,12037.124581509244,7.68203861434309,13
BSE,2023-08-30,2023-08-31,322.5,344.13894418645316,498,target,10776.194204853673,6.7097501353343025,1
KALYANKJIL,2023-08-30,2023-08-31,232.8,251.94067220813986,691,target,13226.204495824635,8.221938233737047,1
PFC,2023-08-11,2023-08-31,211.25,208.15,761,failed a technical gate (trend/near-high/RSI) -- not in the top 20 at all,-2359.099999999996,-1.467455621301772,20
IRFC,2023-08-28,2023-09-01,48.7,52.71314561873745,3254,target,13058.775843371652,8.240545418352042,4
MANAPPURAM,2023-08-29,2023-09-01,145.9,155.89210387683937,1091,target,10901.385329631748,6.848597585222316,3
BEL,2023-08-22,2023-09-04,133.3,139.61794373379237,1201,target,7587.850424284627,4.73964271102203,13
PHOENIXLTD,2023-08-31,2023-09-05,899.9,946.3700718353061,182,target,8457.55307402572,5.163915083376613,5
GODFRYPHLP,2023-08-18,2023-09-05,732.0,700.0,215,failed a technical gate (trend/near-high/RSI) -- not in the top 20 at all,-6880.0,-4.371584699453557,18
MAZDOCK,2023-08-30,2023-09-07,932.0,1006.7199444999354,172,target,12851.830453988892,8.017161427031706,8
MANAPPURAM,2023-09-01,2023-09-07,151.8,144.8,1092,failed a technical gate (trend/near-high/RSI) -- not in the top 20 at all,-7644.0,-4.611330698287219,6
APLAPOLLO,2023-09-05,2023-09-07,1795.3,1727.2,93,dropped out of top 20 rank (now #32 of 107),-6333.299999999992,-3.7932378989583904,2
RECLTD,2023-08-31,2023-09-08,238.65,253.78823037831174,686,target,10384.826039521848,6.343276923658792,8
MAZDOCK,2023-09-07,2023-09-08,1043.95,1123.7902640603338,160,target,12774.442249653403,7.647901150470204,1
BEL,2023-09-04,2023-09-11,140.55,146.93378841014925,1187,target,7577.556842847143,4.542005272251326,7
BHEL,2023-09-07,2023-09-11,137.7,147.94961860780248,1213,target,12432.78737126442,7.443441254758532,4
KALYANKJIL,2023-08-31,2023-09-12,251.8,229.99794723529874,651,stop,-14193.136349820528,-8.65848004952393,12
MAZDOCK,2023-09-08,2023-09-12,1106.15,1003.6697548011188,154,stop,-15781.957760627725,-9.264588455352463,4
RECLTD,2023-09-08,2023-09-12,270.15,251.35876665785133,634,stop,-11913.64193892224,-6.9558516905973145,4
BEL,2023-09-11,2023-09-12,144.7,138.06814915256749,1193,stop,-7911.7980609869755,-4.58317266581375,1
PFC,2023-09-11,2023-09-12,244.95,228.0243057569059,705,stop,-11932.61444138133,-6.909856804692415,1
HAL,2023-08-23,2023-09-12,2015.55,1970.4,79,failed a technical gate (trend/near-high/RSI) -- not in the top 20 at all,-3566.8499999999894,-2.240083351938671,20
NBCC,2023-09-07,2023-09-12,39.3,36.47,4252,dropped out of top 20 rank (now #27 of 97),-12033.159999999993,-7.201017811704835,5
SUPREMEIND,2023-09-01,2023-09-14,4395.75,4294.9,37,failed a technical gate (trend/near-high/RSI) -- not in the top 20 at all,-3731.4500000000135,-2.2942615025877355,13
PFC,2023-09-12,2023-09-15,226.3,223.5,725,dropped out of top 20 rank (now #21 of 112),-2030.0000000000082,-1.2372956252761913,3
MAZDOCK,2023-09-12,2023-09-18,1035.9,1153.3890889725049,158,target,18563.276057655752,11.341740416305113,6
ADANIPOWER,2023-09-12,2023-09-18,77.25,75.0,2123,dropped out of top 20 rank (now #22 of 110),-4776.75,-2.9126213592232997,6
OBEROIRLTY,2023-09-12,2023-09-20,1140.3,1142.95,143,dropped out of top 20 rank (now #25 of 103),378.950000000013,0.23239498377620738,8
COFORGE,2023-08-31,2023-09-21,1093.5,1067.5,149,failed a technical gate (trend/near-high/RSI) -- not in the top 20 at all,-3874.0,-2.3776863283036076,21
BEL,2023-09-20,2023-09-21,136.9,135.25,1181,failed a technical gate (trend/near-high/RSI) -- not in the top 20 at all,-1948.6500000000067,-1.2052593133674239,1
BSE,2023-09-12,2023-09-22,432.5,385.5058087387164,379,stop,-17810.798488026492,-10.865708962146503,10
RECLTD,2023-09-12,2023-09-22,248.35,270.37866548379145,660,target,14538.919219302361,8.870008247953077,10
PHOENIXLTD,2023-09-05,2023-09-25,925.8,893.15,180,failed a technical gate (trend/near-high/RSI) -- not in the top 20 at all,-5876.999999999996,-3.5266796284294633,20
PFC,2023-09-21,2023-09-27,229.7,247.69599031116158,691,target,12435.22930501266,7.834562608254947,6
BSE,2023-09-22,2023-09-28,399.0,443.44366258102855,406,target,18044.12700789759,11.138762551636216,6
UNIONBANK,2023-09-18,2023-09-29,89.54,95.6281623036541,1819,target,11074.367230346785,6.799377153958108,11
RECLTD,2023-09-22,2023-10-03,270.9,293.63903691596283,598,target,13597.944075745789,8.393885904748188,11
UNIONBANK,2023-10-03,2023-10-04,101.93,94.42289584992588,1647,stop,-12364.200535172087,-7.364960414082333,1
IRFC,2023-09-14,2023-10-09,81.25,71.22177289523574,1996,stop,-20016.341301109453,-12.342433359709847,25
BSE,2023-09-28,2023-10-09,431.5,477.5488714852342,377,target,17360.424549933294,10.671812626937239,11
UNIONBANK,2023-10-04,2023-10-09,98.5,90.19340328921689,1663,stop,-13813.870330032314,-8.433093107394019,5
MAZDOCK,2023-09-18,2023-10-09,1099.4,1036.7,148,failed a technical gate (trend/near-high/RSI) -- not in the top 20 at all,-9279.600000000006,-5.703110787702393,21
MAHABANK,2023-09-18,2023-10-09,48.15,45.3,3383,failed a technical gate (trend/near-high/RSI) -- not in the top 20 at all,-9641.550000000005,-5.919003115264799,21
BANKINDIA,2023-09-21,2023-10-09,100.26,97.47,1584,failed a technical gate (trend/near-high/RSI) -- not in the top 20 at all,-4419.36000000001,-2.782764811490135,18
INDIANB,2023-09-25,2023-10-09,411.4,385.0,391,failed a technical gate (trend/near-high/RSI) -- not in the top 20 at all,-10322.39999999999,-6.4171122994652325,14
PRESTIGE,2023-10-09,2023-10-10,670.5,718.8441444998177,239,target,11554.250535456438,7.210163236363565,1
LICHSGFIN,2023-10-09,2023-10-10,466.1,469.35,344,dropped out of top 20 rank (now #21 of 62),1118.0,0.6972752628191303,1
BANKBARODA,2023-10-09,2023-10-11,191.15,186.9,840,failed a technical gate (trend/near-high/RSI) -- not in the top 20 at all,-3570.0,-2.223384776353654,2
RBLBANK,2023-10-09,2023-10-11,243.85,245.9,659,dropped out of top 20 rank (now #22 of 71),1350.9500000000075,0.8406807463604782,2
NMDC,2023-09-15,2023-10-12,45.7,48.69706226204908,3588,target,10753.459396232089,6.558123111704761,27
ANGELONE,2023-10-09,2023-10-13,204.0,219.01532705436654,787,target,11817.062391786465,7.360454438414976,4
PHOENIXLTD,2023-10-13,2023-10-18,1007.3,936.7716249759724,166,stop,-11707.710253988578,-7.001724910555707,5
UNIONBANK,2023-10-12,2023-10-18,94.14,92.59,1764,dropped out of top 20 rank (now #23 of 82),-2734.199999999995,-1.646483960059486,6
BSE,2023-10-09,2023-10-19,461.5,506.5563648709259,348,target,15679.614975082215,9.76302597419847,10
MAZDOCK,2023-10-10,2023-10-19,1083.8,1064.9,152,failed a technical gate (trend/near-high/RSI) -- not in the top 20 at all,-2872.7999999999793,-1.74386418158331,9
MCX,2023-09-29,2023-10-20,410.0,443.70114802669036,406,target,13682.666098836287,8.219792201631805,21
ANGELONE,2023-10-13,2023-10-20,207.0,223.67301530611627,808,target,13471.796367341945,8.05459676623974,7
MOTILALOFS,2023-10-18,2023-10-23,250.25,232.48655421118377,669,stop,-11883.745232718056,-7.098280035491,5
BSE,2023-10-19,2023-10-23,512.5,554.3022442712839,328,target,13711.136120981133,8.156535467567604,4
NBCC,2023-10-19,2023-10-23,47.17,42.91609135561026,3574,stop,-15203.469495048927,-9.018250253105231,4
RECLTD,2023-10-09,2023-10-23,280.4,278.3,573,failed a technical gate (trend/near-high/RSI) -- not in the top 20 at all,-1203.2999999999804,-0.7489300998573367,14
IRFC,2023-10-10,2023-10-23,75.65,72.2,2188,failed a technical gate (trend/near-high/RSI) -- not in the top 20 at all,-7548.600000000006,-4.560475875743563,13
PRESTIGE,2023-10-11,2023-10-25,723.8,788.6635735738224,229,target,14853.758348405345,8.96153268497133,14
ETERNAL,2023-10-20,2023-10-25,113.35,105.65,1486,stop,-11442.199999999983,-6.793118659020725,5
PFC,2023-09-27,2023-10-25,249.65,237.2,659,failed a technical gate (trend/near-high/RSI) -- not in the top 20 at all,-8204.550000000012,-4.986981774484289,28
360ONE,2023-10-23,2023-10-26,532.8,521.4,306,failed a technical gate (trend/near-high/RSI) -- not in the top 20 at all,-3488.3999999999933,-2.1396396396396344,3
MOTILALOFS,2023-10-25,2023-10-26,237.45,231.7,693,failed a technical gate (trend/near-high/RSI) -- not in the top 20 at all,-3984.75,-2.421562434196678,1
ANGELONE,2023-10-20,2023-10-27,234.3,251.9063207890571,718,target,12641.338326542993,7.514434822474225,7
PERSISTENT,2023-10-23,2023-10-27,2903.1,3050.061999925043,56,target,8229.871995802412,5.062243805760835,4
MOTILALOFS,2023-10-27,2023-10-31,242.45,262.6689854467088,687,target,13890.443001888954,8.339445430690384,4
HEROMOTOCO,2023-10-26,2023-10-31,2938.25,2915.2,56,failed a technical gate (trend/near-high/RSI) -- not in the top 20 at all,-1290.8000000000102,-0.784480558155376,5
COALINDIA,2023-10-26,2023-11-02,284.15,287.5,579,dropped out of top 20 rank (now #21 of 48),1939.6500000000133,1.1789547774063047,7
MCX,2023-10-20,2023-11-03,464.0,496.6456596297205,363,target,11850.374445588546,7.035702506405284,14
ANGELONE,2023-10-27,2023-11-03,253.6,275.2633831751421,656,target,14211.179362893228,8.542343523321016,7
KALYANKJIL,2023-10-23,2023-11-06,287.35,317.483590812594,568,target,17115.87958155338,10.486720310629538,14
TATAELXSI,2023-10-25,2023-11-07,7545.25,7858.54704705078,21,target,6579.237988066377,4.15224210000702,13
BSE,2023-11-02,2023-11-07,590.5,654.6358959655905,287,target,18407.00214212448,10.861286361657996,5
PRESTIGE,2023-10-25,2023-11-08,757.85,825.6505399390146,217,target,14712.717166766164,8.946432663325798,14
NBCC,2023-10-23,2023-11-09,41.6,44.67,3929,dropped out of top 20 rank (now #21 of 91),12062.03,7.379807692307683,17
BSE,2023-11-09,2023-11-12,654.5,720.9227929968763,274,target,18199.845281144106,10.148631473930681,3
MOTILALOFS,2023-10-31,2023-11-13,259.5,281.2020843902744,653,target,14171.461106849198,8.36303830068379,13
BSE,2023-11-12,2023-11-13,708.5,777.3900613085311,256,target,17635.85569498397,9.723367862883725,1
PERSISTENT,2023-10-31,2023-11-13,3080.1,3118.05,55,dropped out of top 20 rank (now #21 of 91),2087.250000000015,1.2321028538034628,13
PHOENIXLTD,2023-11-03,2023-11-15,1002.3,1078.2109319191618,172,target,13056.680290095836,7.573673742308884,12
ANGELONE,2023-11-06,2023-11-15,262.6,287.591157022189,671,target,16769.06636188881,9.51681531690365,9
MOTILALOFS,2023-11-13,2023-11-15,282.65,307.4799015459315,655,target,16263.585512585156,8.784681247454994,2
KALYANKJIL,2023-11-07,2023-11-16,336.95,308.02546580071464,524,stop,-15156.455920425522,-8.584221456977403,9
PRESTIGE,2023-11-08,2023-11-16,832.75,910.1483105854919,215,target,16640.63677588076,9.294303282556825,8
MCX,2023-11-13,2023-11-16,555.0,598.914681149456,333,target,14623.588822768843,7.91255516206415,3
KPITTECH,2023-11-13,2023-11-16,1393.5,1489.4641432731914,132,target,12667.26691206127,6.886554953225077,3
BAJAJ-AUTO,2023-10-23,2023-11-17,5272.0,5478.325416826741,31,target,6396.0879216289795,3.913608058170359,25
GODREJPROP,2023-11-03,2023-11-17,1784.4,1884.1524259743915,97,target,9675.985319515963,5.590250278771092,14
TATAELXSI,2023-11-07,2023-11-17,8171.15,8524.052247872129,21,target,7410.947205314709,4.318881037211764,10
OBEROIRLTY,2023-11-16,2023-11-21,1333.25,1406.7187910416542,143,target,10506.037118956549,5.510503734607486,5
MOTILALOFS,2023-11-15,2023-11-22,305.95,279.05794856449216,620,stop,-16673.07189001485,-8.789688326689927,7
BSE,2023-11-15,2023-11-24,767.5,690.9162226472359,247,stop,-18916.193006132722,-9.978342326093037,9
PHOENIXLTD,2023-11-16,2023-11-24,1108.2,1198.3325868419174,172,target,15502.804936809789,8.13324190957565,8
MCX,2023-11-17,2023-11-28,574.0,622.1022428882488,335,target,16114.25136756336,8.380181687848221,11
BSE,2023-11-24,2023-11-29,723.5,805.7880327850987,265,target,21806.328688051162,11.37360508432601,5
PRESTIGE,2023-11-16,2023-11-30,912.2,988.1386626770691,210,target,15947.119162184497,8.324782139560295,14
CDSL,2023-11-16,2023-11-30,892.15,961.7086527783998,214,target,14885.551694577567,7.7967441325337505,14
PRESTIGE,2023-11-30,2023-12-04,1002.9,1084.1528027101117,199,target,16169.307739312233,8.10178509423789,4
TATAELXSI,2023-11-17,2023-12-05,8306.6,8392.1,23,dropped out of top 20 rank (now #22 of 121),1966.5,1.0293020008186327,18
MOTILALOFS,2023-11-22,2023-12-07,281.2,308.9825683748661,669,target,18586.53824278543,9.88000297825964,15
PHOENIXLTD,2023-11-24,2023-12-08,1181.9,1086.1820188837867,162,stop,-15506.312940826574,-8.098653110771926,14
PRESTIGE,2023-12-05,2023-12-08,1080.35,1175.2690260765726,186,target,17654.938850242514,8.785951411725158,3
GODREJPROP,2023-11-17,2023-12-11,1862.9,1958.7696919006314,103,target,9874.578265765027,5.146260770875055,24
CAMS,2023-12-04,2023-12-11,578.8,542.9383202691139,350,stop,-12551.587905810124,-6.1958672651841855,7
ANGELONE,2023-11-15,2023-12-14,303.5,319.4,625,time_stop_20d,9937.499999999985,5.238879736408553,29
OBEROIRLTY,2023-11-21,2023-12-14,1406.6,1486.5667397662223,136,target,10875.476608206249,5.685108756307589,23
BEL,2023-12-08,2023-12-15,158.75,167.07860728041953,1268,target,10560.674031571967,5.246366790815449,7
CDSL,2023-11-30,2023-12-15,946.9,945.3,211,dropped out of top 20 rank (now #23 of 116),-337.6000000000048,-0.16897243637131742,15
MANAPPURAM,2023-12-08,2023-12-18,163.85,176.07581818456657,1229,target,15025.530548832323,7.461591812368984,10
RECLTD,2023-12-15,2023-12-20,431.85,401.8523267234331,479,stop,-14368.885499475546,-6.946317766948451,5
OBEROIRLTY,2023-12-15,2023-12-20,1476.7,1397.1359958127182,140,stop,-11138.960586219458,-5.387959923293961,5
BSE,2023-11-29,2023-12-20,809.0,770.5,244,failed a technical gate (trend/near-high/RSI) -- not in the top 20 at all,-9394.0,-4.758961681087759,21
RBLBANK,2023-12-11,2023-12-20,276.7,267.9,731,dropped out of top 20 rank (now #23 of 97),-6432.800000000008,-3.180339718106262,9
BHEL,2023-12-11,2023-12-21,179.65,168.6507677318935,1127,stop,-12396.134766156038,-6.122589628781805,10
MANAPPURAM,2023-12-18,2023-12-21,171.3,159.26991347864868,1220,stop,-14676.70555604863,-7.022817583976259,3
HAL,2023-12-20,2023-12-26,2665.9,2829.925021451451,74,target,12137.85158740736,6.152707207751629,6
BDL,2023-12-20,2023-12-26,739.5,800.1984863966231,270,target,16388.59132708825,8.208044137474403,6
BEL,2023-12-20,2023-12-26,167.25,176.3720798663942,1193,target,10882.641280608266,5.454158365557071,6
BSE,2023-12-21,2023-12-26,778.0,770.0,259,failed a technical gate (trend/near-high/RSI) -- not in the top 20 at all,-2072.0,-1.0282776349614386,5
MCX,2023-11-28,2023-12-27,626.0,638.0,313,time_stop_20d,3756.0,1.9169329073482455,29
MOTILALOFS,2023-12-07,2023-12-27,304.1,302.7,672,failed a technical gate (trend/near-high/RSI) -- not in the top 20 at all,-940.8000000000229,-0.46037487668530996,20
PHOENIXLTD,2023-12-26,2023-12-27,1152.4,1117.5,177,failed a technical gate (trend/near-high/RSI) -- not in the top 20 at all,-6177.300000000016,-3.0284623394654764,1
PFC,2023-12-20,2023-12-28,381.85,384.9,522,dropped out of top 20 rank (now #26 of 119),1592.0999999999763,0.7987429618960151,8
ANGELONE,2023-12-14,2023-12-29,319.4,345.48076677754193,650,target,16952.498405402268,8.16555002427739,15
HEROMOTOCO,2023-12-26,2024-01-02,3870.35,3890.6,52,dropped out of top 20 rank (now #25 of 118),1053.0,0.5232084953557203,7
PRESTIGE,2023-12-14,2024-01-03,1164.6,1291.920447345999,178,target,22663.039627587845,10.932547427958017,20
360ONE,2023-12-27,2024-01-03,674.45,655.25,302,dropped out of top 20 rank (now #37 of 113),-5798.400000000014,-2.8467640299503327,7
ANGELONE,2023-12-29,2024-01-04,348.8,374.95608744632716,592,target,15484.403768225671,7.498878281630494,6
PRESTIGE,2024-01-03,2024-01-04,1258.25,1373.7174242864548,163,target,18821.190158692138,9.176826885472277,1
OBEROIRLTY,2024-01-03,2024-01-04,1459.0,1533.3948506242068,140,target,10415.279087388953,5.099030200425414,1
HAL,2023-12-26,2024-01-05,2820.65,2995.7564402801886,72,target,12607.663700173573,6.208017310910208,10
BANKBARODA,2023-12-27,2024-01-05,210.1,212.6,969,dropped out of top 20 rank (now #21 of 124),2422.5,1.1899095668729265,9
MOTILALOFS,2023-12-29,2024-01-08,310.2,334.5464282576126,666,target,16214.721219570001,7.848622907031788,10
MOTILALOFS,2024-01-08,2024-01-11,332.2,356.1453204064233,638,target,15277.11441929808,7.208103674420019,3
MAZDOCK,2023-12-26,2024-01-16,1143.9,1227.3010578572687,178,target,14845.38829859381,7.290939580144129,21
ANGELONE,2024-01-11,2024-01-16,378.8,350.0,572,stop,-16473.600000000006,-7.602956705385433,5
PHOENIXLTD,2024-01-05,2024-01-17,1244.4,1168.997970498565,171,stop,-12893.747044745382,-6.0593080602246,12
BEL,2023-12-26,2024-01-19,181.95,192.37616963063704,1124,target,11719.014664836042,5.730238873666971,24
BHEL,2024-01-02,2024-01-19,202.0,217.98067538561673,1014,target,16204.404841015368,7.91122543842413,17
GODREJPROP,2024-01-04,2024-01-19,2216.15,2339.3301936182525,95,target,11702.118393733974,5.558296758714554,15
MOTILALOFS,2024-01-16,2024-01-19,371.3,402.5232385960579,583,target,18203.148101501763,8.409167410734696,3
PRESTIGE,2024-01-04,2024-01-23,1355.35,1222.8588203054346,156,stop,-20668.624032352185,-9.775421824219965,19
OBEROIRLTY,2024-01-04,2024-01-23,1533.3,1445.0,138,stop,-12185.399999999994,-5.758820843931389,19
BHEL,2024-01-19,2024-01-23,222.25,205.55112713247001,991,stop,-16548.583011722214,-7.513553596188971,4
BDL,2023-12-28,2024-01-23,848.8,834.8,242,failed a technical gate (trend/near-high/RSI) -- not in the top 20 at all,-3388.0,-1.6493873704052753,26
HAL,2024-01-05,2024-01-23,2998.85,2890.5,71,failed a technical gate (trend/near-high/RSI) -- not in the top 20 at all,-7692.849999999993,-3.613051669806755,18
PHOENIXLTD,2024-01-17,2024-01-23,1209.2,1198.1,179,failed a technical gate (trend/near-high/RSI) -- not in the top 20 at all,-1986.9000000000244,-0.9179622891167805,6
MOTILALOFS,2024-01-19,2024-01-24,397.55,433.9065434386076,554,target,20141.52506498862,9.145149902806594,5
HEROMOTOCO,2024-01-23,2024-01-24,4237.85,4227.6,49,dropped out of top 20 rank (now #22 of 78),-502.25,-0.2418679283127112,1
NBCC,2024-01-23,2024-01-25,65.73,72.55667737853645,3220,target,21981.901158887355,10.385938503782821,2
HAL,2024-01-24,2024-01-25,2931.45,2903.8,74,failed a technical gate (trend/near-high/RSI) -- not in the top 20 at all,-2046.099999999973,-0.9432192259803074,1
BHEL,2024-01-23,2024-01-29,202.95,221.270456707207,1042,target,19089.915888909694,9.027078939249567,6
NBCC,2024-01-25,2024-01-29,76.47,84.6065738621054,2915,target,23718.112808037265,10.640216898267818,4
NHPC,2024-01-25,2024-01-30,83.3,91.64892140082333,2676,target,22341.713668603228,10.022714766894758,5
MAZDOCK,2024-01-16,2024-01-30,1163.0,1143.2,186,failed a technical gate (trend/near-high/RSI) -- not in the top 20 at all,-3682.7999999999915,-1.7024935511607886,14
BEL,2024-01-19,2024-02-01,191.85,181.80394043858857,1148,stop,-11532.876376500317,-5.236413636388548,13
IRFC,2024-01-23,2024-02-01,161.3,182.78273594812742,1312,target,28185.349563943164,13.318497178008304,9
NHPC,2024-01-30,2024-02-02,87.6,96.35595773846501,2583,target,22616.638838455132,9.995385546192948,3
BHEL,2024-01-29,2024-02-05,221.3,239.17104350792047,1024,target,18299.948552110553,8.075482832318336,7
OIL,2024-01-30,2024-02-05,286.05,308.96365311361455,791,target,18124.699612869103,8.010366409234248,6
HAL,2024-01-29,2024-02-05,2976.95,2932.5,76,failed a technical gate (trend/near-high/RSI) -- not in the top 20 at all,-3378.199999999986,-1.4931389509397097,7
OFSS,2024-01-23,2024-02-06,5887.0,6457.210495795452,35,target,19957.367352840807,9.685926546550894,14
PETRONET,2024-02-05,2024-02-06,261.15,277.2562778520539,880,target,14173.524509807476,6.167443175207343,1
GODREJPROP,2024-01-19,2024-02-08,2343.4,2226.5007128696634,94,stop,-10988.53299025165,-4.988447859107992,20
MOTILALOFS,2024-01-24,2024-02-08,428.1,474.555439480547,512,target,23785.185014040064,10.851539238623452,15
RVNL,2024-01-23,2024-02-09,288.75,255.947401282547,733,stop,-24044.304859893055,-11.360207348035678,17
IRFC,2024-02-01,2024-02-12,169.9,147.60948268006888,1351,stop,-30114.48889922695,-13.119786533214317,11
UNIONBANK,2024-02-02,2024-02-12,136.41,126.5040515782596,1698,stop,-16820.30042011518,-7.261893132277974,10
BHEL,2024-02-05,2024-02-12,235.3,217.01918869893066,977,stop,-17860.352641144753,-7.76915057419012,7
NBCC,2024-02-06,2024-02-12,104.97,91.5644855153655,2210,stop,-29626.18701104223,-12.770805453591016,6
NHPC,2024-02-08,2024-02-12,101.5,89.94976279791103,2317,stop,-26761.89959724013,-11.37954404146696,4
OFSS,2024-02-06,2024-02-13,6400.5,6955.108006492421,36,target,19965.88823372715,8.665073142604808,7
MOTILALOFS,2024-02-08,2024-02-13,476.1,433.57817423916646,494,stop,-21005.78192585178,-8.931280353042126,5
BANKBARODA,2024-02-01,2024-02-15,232.55,248.43085998995917,987,target,15674.408810089693,6.829008810990822,14
OIL,2024-02-12,2024-02-15,312.6,346.44011169036736,703,target,23789.59851832824,10.825371621998503,3
BPCL,2024-02-12,2024-02-15,272.4,294.30340361548514,806,target,17654.14331408104,8.040897068827157,3
MAXHEALTH,2024-02-12,2024-02-16,875.9,865.45,250,dropped out of top 20 rank (now #22 of 90),-2612.4999999999827,-1.193058568329708,4
OIL,2024-02-15,2024-02-20,375.45,416.6214378220616,610,target,25114.57707145757,10.965891016663099,5
COALINDIA,2024-02-16,2024-02-20,450.75,419.46174957538045,509,stop,-15925.71946613135,-6.941375579505172,4
PHOENIXLTD,2024-02-05,2024-02-21,1327.6,1456.666416575667,173,target,22328.490067590403,9.721784918323827,16
MOTILALOFS,2024-02-13,2024-02-21,442.6,420.1,495,failed a technical gate (trend/near-high/RSI) -- not in the top 20 at all,-11137.5,-5.083596927248079,8
GODFRYPHLP,2024-02-12,2024-02-26,861.0,936.515088822499,255,target,19256.34764973725,8.77062587950046,14
IOC,2024-02-09,2024-02-27,166.67,157.89,1387,failed a technical gate (trend/near-high/RSI) -- not in the top 20 at all,-12177.860000000002,-5.267894642107162,18
NHPC,2024-02-15,2024-02-27,92.6,90.2,2474,failed a technical gate (trend/near-high/RSI) -- not in the top 20 at all,-5937.5999999999785,-2.591792656587466,12
BPCL,2024-02-15,2024-02-29,301.2,277.59778507900114,760,stop,-17937.683339959123,-7.836060730743311,14
OFSS,2024-02-13,2024-03-02,7027.5,7083.0,31,dropped out of top 20 rank (now #25 of 96),1720.5,0.7897545357524072,18
PHOENIXLTD,2024-02-21,2024-03-04,1448.1,1350.9,157,failed a technical gate (trend/near-high/RSI) -- not in the top 20 at all,-15260.399999999972,-6.712243629583581,12
UNIONBANK,2024-02-29,2024-03-07,134.06,146.45485635782822,1649,target,20439.11813405873,9.245752914984507,7
ABB,2024-02-27,2024-03-11,5450.5,5849.6542762338495,41,target,16365.32532558783,7.32325981531694,13
GODREJPROP,2024-02-26,2024-03-11,2462.6,2421.15,92,dropped out of top 20 rank (now #22 of 86),-3813.3999999999833,-1.6831803784617794,14
PETRONET,2024-02-20,2024-03-12,268.65,263.3,860,failed a technical gate (trend/near-high/RSI) -- not in the top 20 at all,-4600.999999999971,-1.99143867485575,21
CANBK,2024-03-02,2024-03-12,106.66,102.97,2117,failed a technical gate (trend/near-high/RSI) -- not in the top 20 at all,-7811.729999999995,-3.4595912244515303,10
ONGC,2024-02-20,2024-03-13,257.5,242.6261059499985,898,stop,-13356.756856901344,-5.77626953398116,22
UNIONBANK,2024-03-07,2024-03-13,144.45,132.70913391719324,1608,stop,-18879.31266115325,-8.127979288893561,6
GODFRYPHLP,2024-03-12,2024-03-13,1082.0,968.2383070540176,209,stop,-23776.193825710325,-10.51401968077471,1
BANKBARODA,2024-02-15,2024-03-13,251.05,237.2,912,failed a technical gate (trend/near-high/RSI) -- not in the top 20 at all,-12631.20000000002,-5.5168293168691545,27
OIL,2024-02-21,2024-03-13,390.15,382.55,585,failed a technical gate (trend/near-high/RSI) -- not in the top 20 at all,-4445.99999999998,-1.9479687299756465,21
CUMMINSIND,2024-02-27,2024-03-13,2754.1,2675.95,82,failed a technical gate (trend/near-high/RSI) -- not in the top 20 at all,-6408.3000000000075,-2.8375875966740516,15
PHOENIXLTD,2024-03-11,2024-03-13,1383.45,1294.7,166,closed below 200 EMA,-14732.5,-6.41512161624923,2
BAJAJ-AUTO,2024-03-11,2024-03-15,8445.5,7972.8358291155255,27,stop,-12761.932613880812,-5.596639285826466,4
SUNPHARMA,2024-03-13,2024-03-15,1558.6,1548.2,138,failed a technical gate (trend/near-high/RSI) -- not in the top 20 at all,-1435.1999999999812,-0.6672654946746959,2
DRREDDY,2024-03-13,2024-03-15,1260.75,1257.0,171,failed a technical gate (trend/near-high/RSI) -- not in the top 20 at all,-641.25,-0.2974419988102328,2
HEROMOTOCO,2024-03-15,2024-03-18,4473.05,4442.75,48,failed a technical gate (trend/near-high/RSI) -- not in the top 20 at all,-1454.4000000000087,-0.6773901476621158,3
TCS,2024-03-13,2024-03-19,4149.0,3982.975694242616,52,stop,-8633.263899383963,-4.001549909794743,6
CGPOWER,2024-03-13,2024-03-20,461.45,496.30490014852126,468,target,16312.093269507954,7.55334275620787,7
SIEMENS,2024-03-13,2024-03-21,3542.45,3744.53100923753,60,target,12124.8605542518,5.7045550180674365,8
CUMMINSIND,2024-03-15,2024-03-21,2707.65,2875.3649799526597,80,target,13417.19839621277,6.194115929040289,6
DMART,2024-03-19,2024-03-21,4014.1,4194.03719186577,53,target,9536.671168885825,4.482628531072219,2
CGPOWER,2024-03-20,2024-03-21,502.25,540.9349378994707,437,target,16905.317862068696,7.7023271079085465,1
BAJAJ-AUTO,2024-03-15,2024-03-22,8144.5,8629.849629962293,26,target,12619.090379019617,5.959231751025751,7
MARUTI,2024-03-18,2024-03-22,11636.3,12078.236262189266,18,target,7954.852719406805,3.7979105230121935,4
TRENT,2024-03-13,2024-03-22,2629.4,2632.4,82,dropped out of top 20 rank (now #25 of 44),246.0,0.11409447022134867,9
ZYDUSLIFE,2024-03-13,2024-03-26,968.65,1019.8914496434628,223,target,11426.84327049221,5.289986026269844,13
GODFRYPHLP,2024-03-22,2024-03-26,1043.0,1021.0,217,failed a technical gate (trend/near-high/RSI) -- not in the top 20 at all,-4774.0,-2.1093000958772756,4
ABB,2024-03-11,2024-03-27,5841.35,6170.828052983408,39,target,12849.644066352908,5.640443612921797,16
OFSS,2024-03-12,2024-03-27,7564.5,8143.603097781852,29,target,16793.989835673703,7.655537018730274,15
SIEMENS,2024-03-21,2024-03-27,3765.1,4000.603522463641,59,target,13894.707825354835,6.254907504811058,6
ETERNAL,2024-03-21,2024-03-27,169.65,184.67633208358325,1329,target,19969.99533908213,8.857254396453417,6
MARUTI,2024-03-26,2024-04-01,12250.55,12569.6,18,dropped out of top 20 rank (now #24 of 98),5742.90000000002,2.6043728648917908,6
HAL,2024-03-27,2024-04-02,3281.05,3512.7617615523045,71,target,16451.535070213606,7.062122233806378,6
SIEMENS,2024-03-27,2024-04-03,4028.9,4272.601799873404,58,target,14134.704392657437,6.048842112571773,7
UNIONBANK,2024-03-22,2024-04-05,135.76,148.6799963517519,1673,target,21615.153896480937,9.516791655680535,14
ABB,2024-03-27,2024-04-05,6279.35,6651.65308264342,37,target,13775.214057806526,5.929006706799589,9
CGPOWER,2024-03-21,2024-04-09,541.4,498.6639862362058,416,stop,-17778.181725738377,-7.893611703693049,19
OFSS,2024-03-27,2024-04-09,8065.5,7677.0,28,failed a technical gate (trend/near-high/RSI) -- not in the top 20 at all,-10878.0,-4.81681234889344,13
GODFRYPHLP,2024-04-02,2024-04-10,1117.0,1031.0,214,failed a technical gate (trend/near-high/RSI) -- not in the top 20 at all,-18404.0,-7.699194270367049,8
CUMMINSIND,2024-03-21,2024-04-12,2898.25,3071.4193498133045,77,target,13334.039935624447,5.974962470915357,22
PHOENIXLTD,2024-04-01,2024-04-12,1423.05,1565.383849452329,165,target,23485.0851596343,10.002027297166594,11
CGPOWER,2024-04-10,2024-04-12,504.1,494.25,470,failed a technical gate (trend/near-high/RSI) -- not in the top 20 at all,-4629.500000000011,-1.9539773854393983,2
ABB,2024-04-05,2024-04-18,6669.85,6310.213262313774,35,stop,-12587.285819017921,-5.3919763965640355,13
OIL,2024-03-26,2024-04-18,407.65,402.1,565,failed a technical gate (trend/near-high/RSI) -- not in the top 20 at all,-3135.7499999999745,-1.3614620385134169,23
GODREJPROP,2024-04-09,2024-04-19,2704.5,2509.99910400842,87,stop,-16921.577951267453,-7.191750637514504,10
BAJAJ-AUTO,2024-03-22,2024-04-19,8724.0,8587.0,26,failed a technical gate (trend/near-high/RSI) -- not in the top 20 at all,-3562.0,-1.5703805593764275,28
HINDZINC,2024-04-18,2024-04-19,404.95,398.7,582,failed a technical gate (trend/near-high/RSI) -- not in the top 20 at all,-3637.5,-1.543400419804919,1
HAL,2024-04-03,2024-04-23,3589.3,3824.200588861291,66,target,15503.438864845206,6.544467970392298,20
PETRONET,2024-04-12,2024-04-23,291.8,282.2,818,dropped out of top 20 rank (now #21 of 76),-7852.800000000018,-3.2899246058944565,11
BEL,2024-04-05,2024-04-25,224.5,239.32778994489675,1062,target,15747.11292148035,6.604806211535297,20
MOTILALOFS,2024-04-19,2024-04-25,558.0,607.9635990567076,419,target,20934.748004760488,8.95405001016265,6
HAL,2024-04-23,2024-04-25,3795.7,4009.377097969831,62,target,13247.980074129538,5.6294516945446516,2
CUMMINSIND,2024-04-18,2024-04-29,3124.05,3284.0295977701503,75,target,11998.469832761259,5.120903883425365,11
BSE,2024-04-23,2024-04-29,1066.5,909.5,223,stop,-35011.0,-14.721050164088133,6
KEI,2024-04-12,2024-04-29,3992.55,3846.1,59,dropped out of top 20 rank (now #22 of 102),-8640.550000000016,-3.668081802356893,17
SIEMENS,2024-04-09,2024-04-30,4270.1,4504.079523849736,55,target,12868.873811735448,5.47948581648523,21
CGPOWER,2024-04-19,2024-05-07,533.9,572.4317982280713,438,target,16876.92762389525,7.217044058451272,18
HAL,2024-04-25,2024-05-07,4000.75,3775.6927063423395,60,stop,-13503.437619459628,-5.625377583144675,12
MAZDOCK,2024-04-25,2024-05-07,1227.9,1124.0390963220957,196,stop,-20356.73712086926,-8.458417108714421,12
SUPREMEIND,2024-04-30,2024-05-07,5062.1,5472.388439324657,46,target,18873.268208934212,8.105103402237358,7
PHOENIXLTD,2024-04-12,2024-05-07,1498.35,1487.5,159,failed a technical gate (trend/near-high/RSI) -- not in the top 20 at all,-1725.1499999999855,-0.7241298761971438,25
BEL,2024-04-25,2024-05-07,237.6,227.4,1016,failed a technical gate (trend/near-high/RSI) -- not in the top 20 at all,-10363.199999999988,-4.292929292929292,12
MOTILALOFS,2024-04-29,2024-05-09,623.6,565.5586260296375,381,stop,-22113.763482708127,-9.307468564843258,10
OIL,2024-04-29,2024-05-09,414.05,411.55,573,failed a technical gate (trend/near-high/RSI) -- not in the top 20 at all,-1432.5,-0.6037918125830211,10
ABB,2024-05-06,2024-05-13,6940.35,7307.48751144445,33,target,12115.537877666848,5.2898990893031295,7
SIEMENS,2024-05-07,2024-05-13,4642.85,4876.339782290863,50,target,11674.489114543121,5.029018432446941,6
NAM-INDIA,2024-04-25,2024-05-13,581.45,563.05,415,failed a technical gate (trend/near-high/RSI) -- not in the top 20 at all,-7636.000000000038,-3.16450253676156,18
CUMMINSIND,2024-05-07,2024-05-14,3372.3,3561.692369253518,69,target,13068.07347849272,5.6161186505802485,7
JINDALSTEL,2024-05-07,2024-05-14,924.05,977.8500404440223,254,target,13665.210272781671,5.822200145449097,7
HAL,2024-05-09,2024-05-14,3846.65,4079.6292730027217,61,target,14211.735653166017,6.056679786378316,5
MOTILALOFS,2024-05-13,2024-05-15,567.1,571.3,420,failed a technical gate (trend/near-high/RSI) -- not in the top 20 at all,1763.9999999999714,0.7406101216716587,2
HAL,2024-05-14,2024-05-16,4074.7,4318.593572444234,59,target,14389.720774209833,5.985558996839879,2
CGPOWER,2024-05-14,2024-05-17,608.7,649.8404234650574,397,target,16332.748115627757,6.758735578291009,3
MAZDOCK,2024-05-15,2024-05-17,1196.05,1310.9061777943164,205,target,23545.516447834863,9.602957885900798,2
PRESTIGE,2024-05-07,2024-05-18,1470.65,1610.6100074792214,160,target,22393.60119667541,9.516880799593475,11
ABB,2024-05-13,2024-05-21,7984.25,8512.122699129723,29,target,15308.308274761956,6.611424982054959,8
POLYCAB,2024-05-14,2024-05-21,6323.55,6706.745951865254,38,target,14561.446170879646,6.05982323007257,7
HAL,2024-05-17,2024-05-21,4531.7,4836.629802718652,55,target,16771.13914952588,6.7288170602346264,4
BEL,2024-05-18,2024-05-21,258.8,274.7859861497667,989,target,15810.140302119255,6.176965281980951,3
EICHERMOT,2024-05-09,2024-05-23,4568.05,4781.42197644566,51,target,10881.970798728662,4.670964119168142,14
MAZDOCK,2024-05-17,2024-05-23,1378.3,1509.9515002410176,183,target,24092.224544106226,9.551730409999104,6
GODREJPROP,2024-05-07,2024-05-23,2781.0,2814.75,84,dropped out of top 20 rank (now #26 of 99),2835.0,1.2135922330097193,16
BHARATFORG,2024-05-13,2024-05-24,1416.0,1518.3677409219117,168,target,17197.78047488117,7.229360234598281,11
SUPREMEIND,2024-05-07,2024-05-27,5247.35,5723.63245823489,44,target,20956.428162335134,9.07662835974139,20
OBEROIRLTY,2024-05-16,2024-05-28,1711.15,1841.5894862597256,145,target,18913.7255076602,7.622913611297988,12
MAZDOCK,2024-05-23,2024-05-30,1562.9,1713.8962697413504,167,target,25216.377046805494,9.661287973725141,7
CUMMINSIND,2024-05-21,2024-05-30,3749.1,3596.8,69,failed a technical gate (trend/near-high/RSI) -- not in the top 20 at all,-10508.69999999998,-4.06230828732228,9
GODFRYPHLP,2024-05-21,2024-05-30,1311.0,1282.0,197,dropped out of top 20 rank (now #23 of 67),-5713.0,-2.212051868802445,9
SUPREMEIND,2024-05-27,2024-05-31,5604.9,5277.6,46,failed a technical gate (trend/near-high/RSI) -- not in the top 20 at all,-15055.799999999967,-5.8395332655355014,4
CGPOWER,2024-05-21,2024-06-03,643.0,689.7535471634058,402,target,18794.925959689113,7.27115819026527,13
HAL,2024-05-30,2024-06-03,4976.25,5340.426303650529,52,target,18937.16778982751,7.31828794072904,4
BEL,2024-05-30,2024-06-03,290.65,310.8714094273953,900,target,18199.268484655782,6.957305841181949,4
CROMPTON,2024-05-21,2024-06-03,390.65,395.65,662,dropped out of top 20 rank (now #23 of 93),3310.0,1.2799180852425485,13
ABB,2024-05-23,2024-06-04,8423.55,8045.552932333119,30,stop,-11339.912030006399,-4.487384388611448,12
SIEMENS,2024-05-24,2024-06-04,5548.4,5244.629761263113,47,stop,-14277.201220633657,-5.474915989057861,11
MAZDOCK,2024-05-30,2024-06-04,1647.55,1463.405364057619,158,stop,-29094.8524788962,-11.176876934987167,5
OBEROIRLTY,2024-05-31,2024-06-04,1819.65,1700.7868853293242,143,stop,-16997.42539790666,-6.532196558166459,4
HAL,2024-06-03,2024-06-04,5273.65,4868.519411648268,51,stop,-20661.660005938313,-7.6821667792085435,1
CGPOWER,2024-06-03,2024-06-04,686.25,634.2824036238065,397,stop,-20631.135761348803,-7.57269163951817,1
SBIN,2024-06-03,2024-06-04,905.65,861.9758711125603,301,stop,-13145.912795119344,-4.822406988068206,1
COCHINSHIP,2024-05-28,2024-06-05,1909.4,1671.1937427081325,136,stop,-32396.05099169399,-12.47545078516118,8
PHOENIXLTD,2024-06-03,2024-06-05,1671.45,1512.621802378071,163,stop,-25888.996212374448,-9.502419912167825,2
HEROMOTOCO,2024-06-04,2024-06-05,5180.7,5479.174504232164,48,target,14326.776203143861,5.7612775152424245,1
M&M,2024-06-04,2024-06-05,2572.9,2730.678250244958,98,target,15462.268524005853,6.132311797775181,1
GVT&D,2024-05-23,2024-06-05,1362.85,1280.4,191,dropped out of top 20 rank (now #21 of 49),-15747.949999999964,-6.049822064056931,13
BDL,2024-06-04,2024-06-05,1436.85,1305.25,176,failed a technical gate (trend/near-high/RSI) -- not in the top 20 at all,-23161.599999999984,-9.158924035215922,1
OBEROIRLTY,2024-06-04,2024-06-06,1745.25,1902.371767241552,145,target,22782.656250025055,9.002822933193077,2
UNOMINDA,2024-06-04,2024-06-06,844.75,924.441161801616,300,target,23907.348540484792,9.433697756924065,2
POLYCAB,2024-06-05,2024-06-07,6788.45,6846.45,37,dropped out of top 20 rank (now #23 of 94),2146.0,0.8543923870692138,2
CROMPTON,2024-06-05,2024-06-07,402.25,397.35,624,dropped out of top 20 rank (now #22 of 94),-3057.599999999986,-1.2181479179614652,2
CGPOWER,2024-06-04,2024-06-10,627.0,654.75,404,dropped out of top 20 rank (now #25 of 87),11211.0,4.425837320574155,6
HAL,2024-06-06,2024-06-10,4666.6,4812.7,55,failed a technical gate (trend/near-high/RSI) -- not in the top 20 at all,8035.49999999997,3.1307590108430094,4
SUPREMEIND,2024-06-05,2024-06-11,5527.1,6045.370321024201,45,target,23322.16444608903,9.376894230685174,6
M&M,2024-06-05,2024-06-14,2740.95,2913.4440895131747,91,target,15696.962145698917,6.2932227699584065,9
PHOENIXLTD,2024-06-05,2024-06-14,1609.9,1793.3885989699288,156,target,28624.22143930888,11.397515309642126,9
COCHINSHIP,2024-06-06,2024-06-14,1853.0,2126.1123491652943,138,target,37689.50418481061,14.738928719120036,8
MAZDOCK,2024-06-06,2024-06-14,1580.3,1838.2137219851745,162,target,41782.02296159828,16.320554450748247,8
RVNL,2024-06-04,2024-06-18,351.5,398.440130141802,721,target,33843.833832239245,13.354233326259468,14
BEL,2024-06-07,2024-06-18,283.2,319.5644425654963,919,target,33418.92271769109,12.840551753353214,11
BDL,2024-06-10,2024-06-18,1418.85,1618.5571625196485,184,target,36746.11790361534,14.075283681830264,8
HAL,2024-06-11,2024-06-18,4856.6,5410.417479328266,54,target,29906.143883726363,11.403399071948805,7
PGEL,2024-06-10,2024-06-19,289.7,320.9987345865864,901,target,28200.159862514363,10.803843488638742,9
COCHINSHIP,2024-06-14,2024-06-19,2122.35,2371.100816858062,132,target,32835.1078252642,11.720536992393438,5
UNOMINDA,2024-06-14,2024-06-20,1042.75,1142.6831669563212,269,target,26882.021911250402,9.583617066058125,6
OBEROIRLTY,2024-06-10,2024-06-25,1899.3,1829.3,137,failed a technical gate (trend/near-high/RSI) -- not in the top 20 at all,-9590.0,-3.6855683672932127,15
LODHA,2024-06-14,2024-06-26,1557.1,1434.85,180,failed a technical gate (trend/near-high/RSI) -- not in the top 20 at all,-22005.0,-7.85113351743626,12
MAZDOCK,2024-06-14,2024-06-27,1938.8,2187.7179160311525,145,target,36093.09782451712,12.838761916193132,13
PGEL,2024-06-19,2024-06-27,318.25,348.6969055717572,899,target,27371.768109009736,9.566977398823951,8
PGEL,2024-06-27,2024-07-01,344.8,375.06235635713915,838,target,25359.8546272826,8.776785486409256,4
PRESTIGE,2024-06-25,2024-07-01,1989.8,1840.4,143,dropped out of top 20 rank (now #36 of 117),-21364.19999999998,-7.508292290682473,6
UNOMINDA,2024-06-20,2024-07-02,1079.0,1187.1930276250139,268,target,28995.73140350372,10.02715733318016,12
COCHINSHIP,2024-06-19,2024-07-04,2256.2,2531.3902451480226,126,target,34673.97088865087,12.19706786402015,15
MAZDOCK,2024-06-27,2024-07-04,2208.2,2473.684543757119,130,target,34512.99068842552,12.022667501001694,7
RVNL,2024-06-26,2024-07-05,409.1,449.68643960998935,700,target,28410.507726992528,9.920909217792563,9
KAYNES,2024-07-02,2024-07-05,3962.65,4307.383971672187,74,target,25510.31390374182,8.699581635324517,3
COCHINSHIP,2024-07-04,2024-07-08,2679.95,2950.1289534966177,115,target,31070.579652111053,10.081492322491759,4
PGEL,2024-07-04,2024-07-10,369.9,406.6741031990228,836,target,30743.150274383075,9.941633738584166,6
PHOENIXLTD,2024-06-18,2024-07-12,1902.3,1951.4,153,dropped out of top 20 rank (now #28 of 115),7512.300000000021,2.581086053724446,24
HAL,2024-06-18,2024-07-16,5533.45,5329.4,52,time_stop_20d,-10610.60000000001,-3.687572852379617,28
BEL,2024-06-18,2024-07-16,318.25,326.15,915,time_stop_20d,7228.499999999979,2.4823252160251386,28
BDL,2024-06-18,2024-07-16,1627.3,1601.9,178,time_stop_20d,-4521.199999999975,-1.5608676949548261,28
DIXON,2024-07-01,2024-07-18,12446.45,11689.563239999186,23,stop,-17408.395480018728,-6.081145708220525,17
BEL,2024-07-16,2024-07-18,326.15,313.55,967,failed a technical gate (trend/near-high/RSI) -- not in the top 20 at all,-12184.199999999966,-3.863253104399811,2
BDL,2024-07-16,2024-07-18,1601.9,1546.45,196,failed a technical gate (trend/near-high/RSI) -- not in the top 20 at all,-10868.200000000008,-3.461514451588743,2
NBCC,2024-07-05,2024-07-19,125.74,114.38765366292797,2518,stop,-28585.20807674735,-9.028428771331331,14
PERSISTENT,2024-07-18,2024-07-19,4896.15,4596.561987933731,62,stop,-18574.456748108656,-6.118848729435755,1
MOTHERSON,2024-07-01,2024-07-19,131.17,128.13,2246,failed a technical gate (trend/near-high/RSI) -- not in the top 20 at all,-6827.839999999982,-2.3176031104673256,18
KAYNES,2024-07-05,2024-07-19,4238.8,3901.85,74,failed a technical gate (trend/near-high/RSI) -- not in the top 20 at all,-24934.30000000002,-7.949183731244702,14
PGEL,2024-07-12,2024-07-19,376.6,350.3,851,failed a technical gate (trend/near-high/RSI) -- not in the top 20 at all,-22381.30000000001,-6.983536909187471,7
OIL,2024-07-19,2024-07-22,571.1,555.25,525,dropped out of top 20 rank (now #22 of 88),-8321.250000000013,-2.7753458238487183,3
MAZDOCK,2024-07-08,2024-07-23,2790.1,2453.925952088825,114,stop,-38323.84146187395,-12.048817171828075,15
OFSS,2024-07-16,2024-07-23,10448.5,9831.651364338122,30,stop,-18505.459069856333,-5.903705179326002,7
KALYANKJIL,2024-07-18,2024-07-23,519.45,555.9492450816482,589,target,21498.055353090764,7.026517486119577,5
PETRONET,2024-07-19,2024-07-23,327.55,318.6,915,failed a technical gate (trend/near-high/RSI) -- not in the top 20 at all,-8189.24999999999,-2.73240726606625,4
PGEL,2024-07-22,2024-07-25,370.3,411.9601407799729,817,target,34036.335017237856,11.250375581953254,3
COCHINSHIP,2024-07-10,2024-07-25,2727.25,2461.75,116,failed a technical gate (trend/near-high/RSI) -- not in the top 20 at all,-30798.0,-9.735081125676048,15
MAZDOCK,2024-07-23,2024-07-25,2530.6,2428.25,117,failed a technical gate (trend/near-high/RSI) -- not in the top 20 at all,-11974.94999999999,-4.044495376590529,2
KAYNES,2024-07-23,2024-07-29,4051.05,4461.953141994787,73,target,29995.929365619442,10.143126892899046,6
SONACOMS,2024-07-19,2024-07-29,693.5,685.05,432,failed a technical gate (trend/near-high/RSI) -- not in the top 20 at all,-3650.4000000000196,-1.2184571016582657,10
KPITTECH,2024-07-19,2024-07-29,1819.7,1799.5,164,dropped out of top 20 rank (now #27 of 102),-3312.8000000000075,-1.1100730889707089,10
360ONE,2024-07-25,2024-07-30,998.7,1086.2959917217022,297,target,26016.00954134554,8.771001474086537,5
OFSS,2024-07-23,2024-07-31,10352.5,10404.0,28,dropped out of top 20 rank (now #25 of 113),1442.0,0.49746438058440035,8
BEL,2024-07-31,2024-08-01,316.05,311.15,953,failed a technical gate (trend/near-high/RSI) -- not in the top 20 at all,-4669.700000000033,-1.5503875968992387,1
PERSISTENT,2024-07-23,2024-08-02,4810.15,4636.35,61,failed a technical gate (trend/near-high/RSI) -- not in the top 20 at all,-10601.799999999956,-3.6131929357712145,10
COCHINSHIP,2024-07-29,2024-08-02,2590.95,2537.9,117,failed a technical gate (trend/near-high/RSI) -- not in the top 20 at all,-6206.849999999968,-2.0475115305196856,4
KALYANKJIL,2024-07-25,2024-08-05,573.7,518.7137795931376,517,stop,-28427.87595034789,-9.584490222566233,11
KAYNES,2024-07-29,2024-08-05,4594.15,4169.290128110341,66,stop,-28040.751544717445,-9.247845017895761,7
CAMS,2024-07-30,2024-08-05,939.0,862.0,323,stop,-24871.0,-8.200212992545264,6
RVNL,2024-07-18,2024-08-05,586.15,550.8,522,failed a technical gate (trend/near-high/RSI) -- not in the top 20 at all,-18452.70000000001,-6.030879467713046,18
MAZDOCK,2024-07-29,2024-08-05,2670.2,2399.75,114,failed a technical gate (trend/near-high/RSI) -- not in the top 20 at all,-30831.29999999998,-10.128454797393449,7
360ONE,2024-08-01,2024-08-06,1099.15,998.4823697820739,269,stop,-27079.592528622154,-9.158679908831935,5
NAUKRI,2024-08-02,2024-08-06,1444.0,1361.0,202,failed a technical gate (trend/near-high/RSI) -- not in the top 20 at all,-16766.0,-5.747922437673125,4
TORNTPHARM,2024-08-05,2024-08-08,3167.5,3366.1465382980846,88,target,17480.895370231443,6.271398209884271,3
PIIND,2024-08-06,2024-08-08,4264.75,4497.519249658978,65,target,15130.001227833567,5.457981116336907,2
KALYANKJIL,2024-08-05,2024-08-08,544.6,536.55,514,failed a technical gate (trend/near-high/RSI) -- not in the top 20 at all,-4137.700000000035,-1.4781491002570868,3
ZYDUSLIFE,2024-08-02,2024-08-09,1249.9,1316.7861319007254,233,target,15584.468732869002,5.35131865755063,7
KFINTECH,2024-08-08,2024-08-09,909.0,986.4805480873225,314,target,24328.89209941927,8.523712660871574,1
ZYDUSLIFE,2024-08-09,2024-08-12,1300.9,1229.869259698682,224,stop,-15910.885827495236,-5.460123014937201,3
KAYNES,2024-08-05,2024-08-13,4252.4,4658.2653174896,65,target,26381.245636824053,9.54438240733706,8
PETRONET,2024-07-25,2024-08-13,348.95,351.6,850,dropped out of top 20 rank (now #21 of 57),2252.500000000029,0.7594211205043777,19
SUNPHARMA,2024-08-05,2024-08-16,1720.35,1742.75,162,dropped out of top 20 rank (now #24 of 77),3628.8000000000147,1.302060627197954,11
PGEL,2024-07-25,2024-08-19,449.55,502.42745236647244,660,target,34899.1185618718,11.762307277604812,25
ETERNAL,2024-08-05,2024-08-19,256.29,278.46292690394625,1092,target,24212.836179109287,8.651499045591414,14
LUPIN,2024-08-08,2024-08-19,2050.8,2068.8,139,dropped out of top 20 rank (now #25 of 79),2502.0,0.8777062609713226,11
TORNTPHARM,2024-08-08,2024-08-19,3333.4,3349.35,85,dropped out of top 20 rank (now #22 of 79),1355.7499999999845,0.4784904301913917,11
BAJAJ-AUTO,2024-08-08,2024-08-19,9403.0,9529.0,30,dropped out of top 20 rank (now #24 of 79),3780.0,1.3399978730192386,11
TRENT,2024-08-09,2024-08-20,4183.6,4505.982282351477,69,target,22244.377482251883,7.705858168837287,11
KALYANKJIL,2024-08-13,2024-08-20,558.15,541.9,522,failed a technical gate (trend/near-high/RSI) -- not in the top 20 at all,-8482.5,-2.911403744513119,7
OIL,2024-08-13,2024-08-21,687.35,671.3,424,dropped out of top 20 rank (now #23 of 95),-6805.200000000029,-2.335054921073698,8
PGEL,2024-08-19,2024-08-23,519.85,575.9044548711644,577,target,32343.420460661833,10.782813286748926,4
CDSL,2024-08-19,2024-08-23,1438.1,1550.47620212191,208,target,23374.250041357318,7.814213345519105,4
MOTILALOFS,2024-08-20,2024-08-26,677.45,733.6405393728256,441,target,24780.027863416082,8.294418683714744,6
KFINTECH,2024-08-12,2024-08-27,1021.05,1123.3092480957016,284,target,29041.626459179268,10.01510681119453,15
TRENT,2024-08-20,2024-08-28,4529.3,4817.994843997644,66,target,19053.859703844508,6.3739395491057005,8
KAYNES,2024-08-16,2024-08-28,5082.2,4881.6,58,dropped out of top 20 rank (now #23 of 114),-11634.799999999968,-3.9471095194994144,12
PGEL,2024-08-23,2024-08-29,558.15,500.93809387819334,549,stop,-31409.336460871844,-10.250274320846842,6
KFINTECH,2024-08-27,2024-08-29,1148.0,1033.5162899660718,269,stop,-30796.11799912669,-9.972448609227191,2
ETERNAL,2024-08-19,2024-08-29,262.17,252.34,1145,failed a technical gate (trend/near-high/RSI) -- not in the top 20 at all,-11255.350000000015,-3.74947553114392,10
NAM-INDIA,2024-08-19,2024-08-29,715.15,676.8,420,failed a technical gate (trend/near-high/RSI) -- not in the top 20 at all,-16107.00000000001,-5.362511361252887,10
GODFRYPHLP,2024-08-29,2024-09-02,2043.0,2250.0336691456027,147,target,30433.949364403605,10.133806615056429,4
KALYANKJIL,2024-08-23,2024-09-03,588.9,645.4236591628433,521,target,29448.826423841347,9.598176118669265,11
PGEL,2024-08-29,2024-09-04,490.0,547.7872253942347,613,target,35423.56916666589,11.793311304945853,6
OIL,2024-09-02,2024-09-04,726.25,682.25,422,dropped out of top 20 rank (now #21 of 100),-18568.0,-6.058519793459549,2
GODFRYPHLP,2024-09-03,2024-09-06,2212.0,2432.0805288312276,139,target,30591.193507540644,9.949390995986773,3
KFINTECH,2024-08-29,2024-09-06,1034.25,989.6,290,failed a technical gate (trend/near-high/RSI) -- not in the top 20 at all,-12948.499999999993,-4.317138022721778,8
CDSL,2024-08-28,2024-09-09,1493.25,1372.6,205,failed a technical gate (trend/near-high/RSI) -- not in the top 20 at all,-24733.25000000002,-8.079691947095268,12
PGEL,2024-09-04,2024-09-10,567.45,629.2129905373995,539,target,33290.2518996583,10.884305319834242,6
ETERNAL,2024-09-09,2024-09-12,263.2,282.8711708041409,1169,target,22995.598670040712,7.473849089719198,3
NYKAA,2024-08-21,2024-09-12,210.79,207.69,1429,failed a technical gate (trend/near-high/RSI) -- not in the top 20 at all,-4429.899999999991,-1.4706580008539305,22
KALYANKJIL,2024-09-04,2024-09-13,654.2,706.5910459755872,467,target,24466.618470599216,8.008414242676132,9
NAUKRI,2024-08-19,2024-09-16,1478.5,1571.5712346089424,203,target,18893.46062561531,6.294976977270372,28
GODFRYPHLP,2024-09-06,2024-09-16,2402.0,2651.2204525664024,129,target,32149.43838106591,10.375539240899357,10
MOTILALOFS,2024-08-26,2024-09-18,760.1,823.4590273591023,403,target,25533.688025718202,8.335617334443125,23
ALKEM,2024-09-06,2024-09-18,6309.95,6090.3,49,failed a technical gate (trend/near-high/RSI) -- not in the top 20 at all,-10762.849999999982,-3.4810101506351,12
LUPIN,2024-09-02,2024-09-19,2232.75,2146.5220729729176,137,stop,-11813.226002710288,-3.861960677509013,17
PNBHOUSING,2024-09-12,2024-09-20,1109.0,1003.7498491412,282,stop,-29680.5425421816,-9.490545613958524,8
GODFRYPHLP,2024-09-16,2024-09-23,2745.0,2433.0,116,stop,-36192.0,-11.366120218579233,7
KALYANKJIL,2024-09-16,2024-09-23,699.95,759.3954149270436,456,target,27107.109206731857,8.492808761632054,7
BSE,2024-09-19,2024-09-23,1237.0,1358.162949788714,256,target,31017.7151459108,9.794902974027009,4
TRENT,2024-08-28,2024-09-24,4828.1,5119.942050328391,63,target,18386.049170688602,6.044656289811523,27
PGEL,2024-09-10,2024-09-25,617.95,684.22790172685,500,target,33138.95086342495,10.725447322089154,15
KFINTECH,2024-09-24,2024-09-26,1105.85,1037.75,293,dropped out of top 20 rank (now #22 of 99),-19953.299999999974,-6.158158882307719,2
KALYANKJIL,2024-09-23,2024-09-27,768.65,706.4731396432536,421,stop,-26176.458210190223,-8.089099116209763,4
CDSL,2024-09-18,2024-09-27,1504.15,1463.05,212,dropped out of top 20 rank (now #26 of 107),-8713.20000000003,-2.732440248645418,9
GODFRYPHLP,2024-09-23,2024-09-27,2451.0,2333.0,132,failed a technical gate (trend/near-high/RSI) -- not in the top 20 at all,-15576.0,-4.814361485108121,4
ETERNAL,2024-09-12,2024-09-30,283.9,273.3,1105,failed a technical gate (trend/near-high/RSI) -- not in the top 20 at all,-11712.999999999962,-3.7337090524832584,18
MOTILALOFS,2024-09-18,2024-10-01,774.95,742.8,411,failed a technical gate (trend/near-high/RSI) -- not in the top 20 at all,-13213.650000000038,-4.148654751919489,13
VOLTAS,2024-09-13,2024-10-03,1921.55,1827.0897966578555,165,stop,-15585.933551453842,-4.915833745785669,20
PGEL,2024-09-25,2024-10-03,674.75,609.3115314043954,476,stop,-31148.71105150779,-9.6981798585557,8
BAJAJFINSV,2024-09-27,2024-10-03,2010.7,1921.107616073152,155,stop,-13886.819508661443,-4.455780769227036,6
BAJAJ-AUTO,2024-09-30,2024-10-03,12041.0,11442.0,25,stop,-14975.0,-4.9746698779171155,3
SONACOMS,2024-09-27,2024-10-03,735.45,706.6,426,closed below 200 EMA,-12290.10000000001,-3.9227683731049012,6
KFINTECH,2024-10-01,2024-10-04,1137.35,1030.7628536573397,275,stop,-29311.465244231546,-9.371534386306779,3
PGEL,2024-10-03,2024-10-04,612.95,609.85,501,failed a technical gate (trend/near-high/RSI) -- not in the top 20 at all,-1553.1000000000113,-0.5057508769067631,1
TRENT,2024-10-03,2024-10-04,4991.9,4902.2,61,failed a technical gate (trend/near-high/RSI) -- not in the top 20 at all,-5471.699999999989,-1.7969109958132168,1
BAJAJ-AUTO,2024-10-03,2024-10-04,11514.5,11483.5,26,failed a technical gate (trend/near-high/RSI) -- not in the top 20 at all,-806.0,-0.26922575882583066,1
BLUESTARCO,2024-09-26,2024-10-07,2134.8,1987.0540319401337,147,stop,-21718.65730480038,-6.920834179307967,11
KALYANKJIL,2024-09-27,2024-10-07,706.7,702.2,443,failed a technical gate (trend/near-high/RSI) -- not in the top 20 at all,-1993.5,-0.6367624168671315,10
LUPIN,2024-10-04,2024-10-07,2198.25,2174.9,137,failed a technical gate (trend/near-high/RSI) -- not in the top 20 at all,-3198.9499999999875,-1.0622085750028432,3
TRENT,2024-10-07,2024-10-08,4966.3,5231.98819260243,60,target,15941.291556145788,5.3498216499694,1
BSE,2024-09-23,2024-10-09,1311.0,1446.354788338228,246,target,33297.27793120409,10.324545258446062,16
MCX,2024-10-04,2024-10-10,1161.0,1237.4085411526196,261,target,19942.629240833714,6.581269694454739,6
HCLTECH,2024-10-04,2024-10-11,1776.6,1852.04009529046,170,target,12824.816199378203,4.246318546125183,7
BSE,2024-10-09,2024-10-14,1393.5,1567.3471294289675,223,target,38767.90986265975,12.475574411838352,5
MOTILALOFS,2024-10-10,2024-10-15,772.8,843.2049427031216,399,target,28091.57213854552,9.110370432598547,5
INFY,2024-10-07,2024-10-15,1893.3,1917.8,157,dropped out of top 20 rank (now #25 of 61),3846.5,1.2940368668462376,8
AMBER,2024-10-03,2024-10-16,5163.85,5658.294696214061,59,target,29172.237076629597,9.575117329396887,13
BSE,2024-10-14,2024-10-17,1603.0,1418.0699186022443,199,stop,-36801.086198153374,-11.536499151450762,3
NAUKRI,2024-09-20,2024-10-17,1621.0,1596.0,199,failed a technical gate (trend/near-high/RSI) -- not in the top 20 at all,-4975.0,-1.5422578655151176,27
TRENT,2024-10-08,2024-10-17,5361.3,5146.4,57,failed a technical gate (trend/near-high/RSI) -- not in the top 20 at all,-12249.300000000032,-4.008356182269235,9
LTM,2024-10-07,2024-10-18,6254.95,6022.070962982503,47,stop,-10945.314739822337,-3.723115884499417,11
MOTILALOFS,2024-10-15,2024-10-18,924.45,1006.1730536147079,345,target,28194.45349707421,8.840181038964555,3
KALYANKJIL,2024-10-09,2024-10-18,721.55,718.95,431,failed a technical gate (trend/near-high/RSI) -- not in the top 20 at all,-1120.5999999999608,-0.36033538909291396,9
AMBER,2024-10-16,2024-10-21,5491.65,5978.713598432771,58,target,28249.688709100716,8.86916679746108,5
KFINTECH,2024-10-17,2024-10-21,1069.3,1037.7,294,failed a technical gate (trend/near-high/RSI) -- not in the top 20 at all,-9290.399999999972,-2.955204339287376,4
TRENT,2024-10-18,2024-10-21,5178.7,5071.0,60,failed a technical gate (trend/near-high/RSI) -- not in the top 20 at all,-6461.999999999989,-2.079672504682639,3
MOTILALOFS,2024-10-18,2024-10-22,1029.7,922.0661629768539,306,stop,-32935.954129082726,-10.452931632819862,4
AMBER,2024-10-21,2024-10-22,6344.45,5753.382497902041,49,stop,-28962.30760279998,-9.316292225456246,1
SUNPHARMA,2024-10-04,2024-10-22,1910.05,1887.55,158,failed a technical gate (trend/near-high/RSI) -- not in the top 20 at all,-3555.0,-1.1779796340409932,18
BLUESTARCO,2024-10-11,2024-10-22,2019.3,1910.05,155,failed a technical gate (trend/near-high/RSI) -- not in the top 20 at all,-16933.75,-5.410290694795227,11
NAM-INDIA,2024-10-15,2024-10-22,707.05,659.8,451,closed below 200 EMA,-21309.75,-6.68269570751715,7
BSE,2024-10-17,2024-10-22,1419.0,1363.5,221,failed a technical gate (trend/near-high/RSI) -- not in the top 20 at all,-12265.5,-3.9112050739957716,5
CDSL,2024-10-21,2024-10-22,1551.9,1460.85,203,failed a technical gate (trend/near-high/RSI) -- not in the top 20 at all,-18483.150000000038,-5.867001739802835,1
AMBER,2024-10-22,2024-10-23,5692.45,6375.141251948105,53,target,36182.63635324955,11.9929248732638,1
DIVISLAB,2024-10-22,2024-10-23,5817.95,5727.6,51,failed a technical gate (trend/near-high/RSI) -- not in the top 20 at all,-4607.849999999972,-1.5529525004511768,1
NAM-INDIA,2024-10-23,2024-10-24,690.1,679.2,447,failed a technical gate (trend/near-high/RSI) -- not in the top 20 at all,-4872.29999999999,-1.5794812346036746,1
DIXON,2024-10-17,2024-10-25,15130.85,14281.433035756927,20,stop,-16988.339284861468,-5.613808637605111,8
MOTILALOFS,2024-10-22,2024-10-25,927.15,872.0,325,failed a technical gate (trend/near-high/RSI) -- not in the top 20 at all,-17923.749999999993,-5.948336299412171,3
BSE,2024-10-23,2024-10-25,1424.5,1354.0,216,failed a technical gate (trend/near-high/RSI) -- not in the top 20 at all,-15228.0,-4.949104949104955,2
NAM-INDIA,2024-10-25,2024-10-28,681.55,677.8,439,failed a technical gate (trend/near-high/RSI) -- not in the top 20 at all,-1646.25,-0.5502164184579272,3
WIPRO,2024-10-22,2024-10-30,260.65,275.1169660433893,1158,target,16752.74667824485,5.550341854360008,8
OBEROIRLTY,2024-10-22,2024-10-30,1950.45,1927.75,154,failed a technical gate (trend/near-high/RSI) -- not in the top 20 at all,-3495.800000000007,-1.1638339870286396,8
HCLTECH,2024-10-21,2024-10-31,1843.6,1766.173995228178,171,stop,-13239.846815981546,-4.199718201986435,10
TECHM,2024-10-22,2024-10-31,1623.9,1540.4901087541853,185,stop,-15430.829880475743,-5.136393327533395,9
PERSISTENT,2024-10-24,2024-10-31,5691.2,5372.5,54,failed a technical gate (trend/near-high/RSI) -- not in the top 20 at all,-17209.79999999999,-5.599873488895135,7
WIPRO,2024-10-30,2024-11-04,270.15,256.5398150562098,1107,stop,-15066.474732775707,-5.038010343805355,5
MCX,2024-10-18,2024-11-05,1312.0,1234.2620709912858,240,stop,-18657.102962091412,-5.925147028103217,18
LUPIN,2024-10-31,2024-11-06,2186.95,2166.05,135,failed a technical gate (trend/near-high/RSI) -- not in the top 20 at all,-2821.499999999951,-0.9556688538832403,6
BSE,2024-10-30,2024-11-07,1447.0,1624.2749005048474,206,target,36518.62950399857,12.251202522795257,8
CDSL,2024-10-31,2024-11-08,1545.8,1678.1578537036348,191,target,25280.350057394262,8.56241775803046,8
PGEL,2024-11-04,2024-11-08,625.6,689.8292360978069,468,target,30059.282493773604,10.266821626887278,4
NAM-INDIA,2024-10-31,2024-11-12,708.2,692.0,417,failed a technical gate (trend/near-high/RSI) -- not in the top 20 at all,-6755.400000000019,-2.2874894097712595,12
MCX,2024-11-05,2024-11-12,1308.0,1221.0,225,failed a technical gate (trend/near-high/RSI) -- not in the top 20 at all,-19575.0,-6.65137614678899,7
CDSL,2024-11-08,2024-11-12,1596.75,1521.9,190,failed a technical gate (trend/near-high/RSI) -- not in the top 20 at all,-14221.499999999982,-4.687646782527,4
PAYTM,2024-11-08,2024-11-13,848.55,769.5180616944257,357,stop,-28214.401975090015,-9.31376327919089,5
MOTILALOFS,2024-10-28,2024-11-13,918.55,898.8,328,failed a technical gate (trend/near-high/RSI) -- not in the top 20 at all,-6478.0,-2.1501279190027756,16
DIXON,2024-11-08,2024-11-13,15621.1,14719.95,19,failed a technical gate (trend/near-high/RSI) -- not in the top 20 at all,-17121.84999999999,-5.768799892453158,5
WIPRO,2024-11-06,2024-11-18,269.5,264.2,1112,failed a technical gate (trend/near-high/RSI) -- not in the top 20 at all,-5893.600000000013,-1.9666048237476863,12
TECHM,2024-11-12,2024-11-18,1614.7,1589.7,183,failed a technical gate (trend/near-high/RSI) -- not in the top 20 at all,-4575.0,-1.5482752214033613,6
INFY,2024-11-13,2024-11-18,1828.8,1773.1,159,closed below 200 EMA,-8856.300000000007,-3.045713035870523,5
PGEL,2024-11-13,2024-11-18,629.55,624.3,462,failed a technical gate (trend/near-high/RSI) -- not in the top 20 at all,-2425.5,-0.8339289969025443,5
COFORGE,2024-10-25,2024-11-19,1548.0,1647.7060218471702,193,target,19243.262216503845,6.440957483667331,25
HCLTECH,2024-11-12,2024-11-19,1872.85,1820.55,158,failed a technical gate (trend/near-high/RSI) -- not in the top 20 at all,-8263.399999999992,-2.7925354406385994,7
INDHOTEL,2024-11-18,2024-11-21,737.2,781.7582854943722,393,target,17511.406199288263,6.044260105042354,3
BAJAJHLDNG,2024-11-18,2024-11-21,10684.75,10420.95,27,failed a technical gate (trend/near-high/RSI) -- not in the top 20 at all,-7122.59999999998,-2.4689393762137524,3
AMBER,2024-10-23,2024-11-22,6408.05,6483.1,48,time_stop_20d,3602.4000000000087,1.1711831212303236,30
PAYTM,2024-11-19,2024-11-22,814.25,896.342794244,358,target,29389.22033935198,10.082013416518265,3
COFORGE,2024-11-19,2024-11-25,1623.5,1708.4953625222934,179,target,15214.169891490512,5.235316447323268,6
HCLTECH,2024-11-21,2024-11-25,1836.35,1914.7825316603219,160,target,12549.205065651513,4.27111017291486,4
KAYNES,2024-11-18,2024-11-25,5622.65,5895.85,51,dropped out of top 20 rank (now #25 of 39),13933.200000000037,4.858918837203108,7
BSE,2024-11-07,2024-11-26,1624.0,1464.903746893447,185,stop,-29432.80682471229,-9.796567309516801,19
PERSISTENT,2024-11-13,2024-11-26,5640.6,5998.518252020553,51,target,18253.830853048166,6.345393256400955,13
WIPRO,2024-11-19,2024-11-27,268.6,282.66454605297673,1087,target,15288.161559585684,5.236242015255654,8
AMBER,2024-11-22,2024-11-28,6483.1,5992.25,46,failed a technical gate (trend/near-high/RSI) -- not in the top 20 at all,-22579.100000000017,-7.571223643010294,6
HCLTECH,2024-11-25,2024-11-28,1891.7,1840.9,160,failed a technical gate (trend/near-high/RSI) -- not in the top 20 at all,-8127.999999999993,-2.6854152349738314,3
NAM-INDIA,2024-11-27,2024-11-28,696.75,691.05,438,failed a technical gate (trend/near-high/RSI) -- not in the top 20 at all,-2496.60000000002,-0.8180839612486612,1
BSE,2024-11-28,2024-12-03,1524.5,1504.5,197,failed a technical gate (trend/near-high/RSI) -- not in the top 20 at all,-3940.0,-1.3119055428009174,5
CDSL,2024-11-26,2024-12-04,1587.6,1705.689256522812,190,target,22436.9587393343,7.438224774679525,8
ETERNAL,2024-11-18,2024-12-05,270.79,291.8386687072061,1071,target,22543.12418541774,7.7730598276177565,17
TECHM,2024-11-21,2024-12-05,1629.4,1713.4975681484461,181,target,15221.659834868733,5.161259859362088,14
WIPRO,2024-11-28,2024-12-05,273.5,287.3947093113603,1099,target,15270.285533184988,5.080332472160998,7
BSE,2024-12-04,2024-12-05,1524.0,1661.5532696161579,201,target,27648.207192847734,9.025805092923743,1
PAYTM,2024-11-22,2024-12-06,900.95,987.1590929961021,333,target,28707.62796770199,9.568687829080647,14
COFORGE,2024-11-25,2024-12-10,1722.5,1806.2648729815883,176,target,14742.617644759535,4.862982466275079,15
PERSISTENT,2024-11-26,2024-12-10,5968.95,6296.676658619772,50,target,16386.332930988603,5.490524440978262,14
NAM-INDIA,2024-12-05,2024-12-10,707.1,753.8951062486266,442,target,20683.436961892938,6.617890856827402,5
NAUKRI,2024-11-25,2024-12-12,1639.0,1751.3728373613408,185,target,20788.974911848043,6.856182877446049,17
BSE,2024-12-05,2024-12-12,1731.5,1891.513750357861,180,target,28802.47506441498,9.241337011715899,7
PGEL,2024-12-10,2024-12-13,849.85,929.1121138916861,376,target,29802.55482327398,9.32660044615945,3
DIXON,2024-12-04,2024-12-16,17391.3,18502.380484759706,17,target,18888.36824091501,6.388714384546912,12
ANGELONE,2024-12-10,2024-12-16,339.2,322.7,944,failed a technical gate (trend/near-high/RSI) -- not in the top 20 at all,-15576.0,-4.8643867924528355,6
CDSL,2024-12-05,2024-12-17,1855.95,1985.8728385401082,168,target,21827.036874738173,7.000341525370191,12
PAYTM,2024-12-06,2024-12-17,976.25,1058.0612702458586,325,target,26588.662829904053,8.380155723007277,11
MOTILALOFS,2024-12-03,2024-12-18,954.8,953.75,317,failed a technical gate (trend/near-high/RSI) -- not in the top 20 at all,-332.8499999999856,-0.10997067448680342,15
KFINTECH,2024-12-05,2024-12-19,1256.35,1359.1229224713254,249,target,25590.457695360048,8.180277985539508,14
NAM-INDIA,2024-12-10,2024-12-19,805.9,744.7,397,stop,-24296.399999999972,-7.593994292095784,9
LTM,2024-12-16,2024-12-19,6738.45,6370.0,48,stop,-17685.59999999999,-5.467874659602723,3
HCLTECH,2024-12-17,2024-12-20,1950.6,1911.35,169,failed a technical gate (trend/near-high/RSI) -- not in the top 20 at all,-6633.25,-2.0122013739362288,3
CDSL,2024-12-19,2024-12-23,1956.45,1841.9144105933003,168,stop,-19241.979020325554,-5.854255892391813,4
360ONE,2024-12-19,2024-12-26,1225.35,1309.0601918823772,269,target,22518.0416163595,6.831533184998362,7
BSE,2024-12-12,2024-12-27,1870.0,1759.5,173,failed a technical gate (trend/near-high/RSI) -- not in the top 20 at all,-19116.5,-5.909090909090908,15
NAM-INDIA,2024-12-19,2024-12-27,750.15,731.25,439,failed a technical gate (trend/near-high/RSI) -- not in the top 20 at all,-8297.09999999999,-2.519496100779839,8
COFORGE,2024-12-20,2024-12-30,1874.0,1959.1524238926017,171,target,14561.064485634899,4.543886013479281,10
WIPRO,2024-12-13,2024-12-31,296.25,283.37748791017947,1104,stop,-14211.253347161866,-4.345151760276977,18
NAUKRI,2024-12-12,2025-01-03,1723.0,1807.702470178165,187,target,15839.361923316847,4.915987822296275,22
PERSISTENT,2024-12-16,2025-01-03,6508.6,6405.95,50,dropped out of top 20 rank (now #21 of 53),-5132.500000000027,-1.5771440862858421,18
PAYTM,2024-12-17,2025-01-03,1014.65,982.8,324,dropped out of top 20 rank (now #26 of 53),-10319.400000000007,-3.139013452914796,17
PGEL,2024-12-18,2025-01-06,942.8,1039.1547946103738,349,target,33627.823319020456,10.22006731124032,19
INDHOTEL,2024-12-30,2025-01-06,889.65,849.7818944158995,371,stop,-14791.067171701277,-4.481324743899339,7
NAM-INDIA,2025-01-03,2025-01-06,758.25,729.95,434,failed a technical gate (trend/near-high/RSI) -- not in the top 20 at all,-12282.19999999998,-3.732278272337608,3
MOTILALOFS,2025-01-03,2025-01-06,971.2,925.25,339,closed below 200 EMA,-15577.050000000016,-4.731260296540363,3
AMBER,2024-12-27,2025-01-07,7442.95,8121.046081611938,43,target,29158.131509313323,9.110582250477805,11
360ONE,2024-12-26,2025-01-07,1256.25,1217.3,259,failed a technical gate (trend/near-high/RSI) -- not in the top 20 at all,-10088.050000000012,-3.1004975124378165,12
NAUKRI,2025-01-06,2025-01-07,1763.0,1687.5,182,failed a technical gate (trend/near-high/RSI) -- not in the top 20 at all,-13741.0,-4.2824730572887155,1
POLICYBZR,2025-01-06,2025-01-07,2120.0,2079.55,151,failed a technical gate (trend/near-high/RSI) -- not in the top 20 at all,-6107.9499999999725,-1.9080188679245214,1
DIXON,2024-12-23,2025-01-08,17998.45,16969.47462215085,17,stop,-17492.581423435557,-5.717022176071551,16
LUPIN,2025-01-07,2025-01-08,2357.65,2251.180081918926,137,stop,-14586.378777107133,-4.515934005517098,1
KAYNES,2024-12-31,2025-01-08,7417.3,6970.65,43,failed a technical gate (trend/near-high/RSI) -- not in the top 20 at all,-19205.950000000023,-6.021732975611083,8
MOTILALOFS,2025-01-07,2025-01-08,970.0,940.1,333,failed a technical gate (trend/near-high/RSI) -- not in the top 20 at all,-9956.699999999992,-3.0824742268041216,1
MANKIND,2025-01-03,2025-01-09,2937.55,2828.05,112,failed a technical gate (trend/near-high/RSI) -- not in the top 20 at all,-12264.0,-3.7275961260233914,6
PGEL,2025-01-06,2025-01-09,996.4,922.2,322,failed a technical gate (trend/near-high/RSI) -- not in the top 20 at all,-23892.39999999998,-7.4468085106382915,3
BSE,2025-01-08,2025-01-09,1800.0,1735.0,174,failed a technical gate (trend/near-high/RSI) -- not in the top 20 at all,-11310.0,-3.6111111111111094,1
KFINTECH,2024-12-27,2025-01-10,1511.45,1377.7,215,failed a technical gate (trend/near-high/RSI) -- not in the top 20 at all,-28756.25,-8.849118396242018,14
MAXHEALTH,2025-01-06,2025-01-10,1153.2,1149.9,278,failed a technical gate (trend/near-high/RSI) -- not in the top 20 at all,-917.3999999999874,-0.286160249739853,4
LUPIN,2025-01-08,2025-01-10,2252.15,2191.1,139,failed a technical gate (trend/near-high/RSI) -- not in the top 20 at all,-8485.950000000026,-2.7107430677352884,2
BIOCON,2025-01-09,2025-01-10,370.7,360.95,838,failed a technical gate (trend/near-high/RSI) -- not in the top 20 at all,-8170.5,-2.6301591583490658,1
AMBER,2025-01-07,2025-01-13,8060.4,7347.113391509496,40,stop,-28531.464339620143,-8.849270613003124,6
MUTHOOTFIN,2025-01-07,2025-01-13,2209.15,2094.4325713404573,146,stop,-16748.744584293243,-5.192831118735386,6
COFORGE,2025-01-10,2025-01-13,1881.0,1784.5703187180081,163,stop,-15718.038048964674,-5.126511498245179,3
DRREDDY,2025-01-08,2025-01-13,1370.75,1335.1,229,failed a technical gate (trend/near-high/RSI) -- not in the top 20 at all,-8163.85000000002,-2.6007660040124114,5
JUBLFOOD,2025-01-10,2025-01-13,737.0,706.6,416,failed a technical gate (trend/near-high/RSI) -- not in the top 20 at all,-12646.39999999999,-4.124830393487111,3
HCLTECH,2025-01-09,2025-01-14,1934.8,1859.229518340046,160,stop,-12091.277065592622,-3.9058549545148757,5
BIOCON,2025-01-13,2025-01-14,365.2,389.9913975914354,819,target,20304.15462738558,6.788444028322949,1
BAJAJFINSV,2025-01-14,2025-01-15,1713.5,1671.65,174,failed a technical gate (trend/near-high/RSI) -- not in the top 20 at all,-7281.899999999984,-2.4423694193171808,1
INFY,2025-01-10,2025-01-16,1925.3,1887.6,159,failed a technical gate (trend/near-high/RSI) -- not in the top 20 at all,-5994.3000000000075,-1.9581363943281582,6
TCS,2025-01-14,2025-01-16,4233.05,4206.3,70,closed below 200 EMA,-1872.5,-0.6319320584448618,2
DRREDDY,2025-01-14,2025-01-16,1337.55,1302.75,223,closed below 200 EMA,-7760.39999999999,-2.6017718963777026,2
BSE,2025-01-16,2025-01-27,1998.0,1840.3180787140245,149,stop,-23494.606271610348,-7.891988052351129,11
MUTHOOTFIN,2025-01-14,2025-01-27,2123.85,2139.0,140,failed a technical gate (trend/near-high/RSI) -- not in the top 20 at all,2121.0000000000127,0.71332721237376,13
BIOCON,2025-01-14,2025-01-27,387.65,370.25,771,failed a technical gate (trend/near-high/RSI) -- not in the top 20 at all,-13415.399999999983,-4.488585063846251,13
BAJFINANCE,2025-01-09,2025-01-28,728.0,761.3290404102677,426,target,14198.171214774033,4.5781648915202755,19
BAJAJHLDNG,2025-01-24,2025-01-28,11290.1,11029.3,26,failed a technical gate (trend/near-high/RSI) -- not in the top 20 at all,-6780.800000000028,-2.30998839691412,4
BAJAJFINSV,2025-01-27,2025-01-29,1711.6,1790.5707581103006,171,target,13503.999636861423,4.613855930725674,2
ITC,2025-01-13,2025-01-29,418.65,413.2,714,failed a technical gate (trend/near-high/RSI) -- not in the top 20 at all,-3891.299999999992,-1.3018034157410652,16
SRF,2025-01-10,2025-01-30,2601.1,2765.31058932062,117,target,19212.638950512526,6.3131209611556605,20
BAJFINANCE,2025-01-28,2025-01-30,761.0,800.2714315641142,390,target,15315.858310004542,5.160503490685175,2
MARICO,2025-01-13,2025-02-01,668.4,704.5794033868971,447,target,16172.193313943,5.412837131492676,19
MARUTI,2025-01-15,2025-02-01,11947.4,12451.649185921631,24,target,12101.980462119158,4.220576744075122,17
SBICARD,2025-01-16,2025-02-01,752.75,791.9476623388932,396,target,15522.274286201717,5.207261685671627,16
ULTRACEMCO,2025-01-28,2025-02-01,11070.0,11034.0,26,dropped out of top 20 rank (now #21 of 23),-936.0,-0.3252032520325243,4
BAJFINANCE,2025-01-30,2025-02-03,790.0,833.7799588486495,383,target,16767.72423903275,5.541766942867032,4
WIPRO,2025-01-27,2025-02-05,294.35,312.3480853628225,999,target,17980.08727745963,6.114518553702197,9
PHOENIXLTD,2025-02-01,2025-02-05,1764.4,1700.0,172,failed a technical gate (trend/near-high/RSI) -- not in the top 20 at all,-11076.800000000016,-3.649965994105653,4
BAJAJHLDNG,2025-02-01,2025-02-07,11754.0,11271.15,25,failed a technical gate (trend/near-high/RSI) -- not in the top 20 at all,-12071.25000000001,-4.10796324655437,6
LTM,2025-02-07,2025-02-10,5956.6,5797.9,51,closed below 200 EMA,-8093.700000000037,-2.6642715643152237,3
BSE,2025-02-05,2025-02-11,1944.5,1787.072627109067,159,stop,-25030.952289658337,-8.096033576288653,6
MUTHOOTFIN,2025-01-29,2025-02-11,2210.6,2188.2,136,failed a technical gate (trend/near-high/RSI) -- not in the top 20 at all,-3046.4000000000124,-1.0132995566814462,13
BAJAJFINSV,2025-02-01,2025-02-11,1754.0,1744.85,173,failed a technical gate (trend/near-high/RSI) -- not in the top 20 at all,-1582.9500000000157,-0.5216647662485752,10
TECHM,2025-02-10,2025-02-11,1626.3,1597.6,187,closed below 200 EMA,-5366.900000000009,-1.7647420525118362,1
MANAPPURAM,2025-01-29,2025-02-12,199.41,185.93977366261308,1508,stop,-20313.101316779474,-6.755040538281387,14
SBICARD,2025-02-01,2025-02-12,824.95,774.8302892140557,369,stop,-18494.17328001346,-6.0754846700944665,11
M&M,2025-02-11,2025-02-12,3085.95,2987.2,96,closed below 200 EMA,-9480.0,-3.1999870380271855,1
KOTAKBANK,2025-01-28,2025-02-13,377.6,394.50421753024096,787,target,13303.619196299622,4.476752523898564,16
SBICARD,2025-02-12,2025-02-13,816.4,867.060311649194,363,target,18389.69312865742,6.205329697353501,1
SRF,2025-01-30,2025-02-14,2831.15,2752.25,106,failed a technical gate (trend/near-high/RSI) -- not in the top 20 at all,-8363.400000000009,-2.7868533987955413,15
WIPRO,2025-02-05,2025-02-14,309.1,300.35,1004,failed a technical gate (trend/near-high/RSI) -- not in the top 20 at all,-8785.0,-2.8307990941442873,9
INDIGO,2025-02-11,2025-02-14,4316.85,4223.3,69,closed below 200 EMA,-6454.950000000013,-2.1670894286343056,3
CIPLA,2025-02-13,2025-02-14,1472.15,1459.45,204,closed below 200 EMA,-2590.8000000000093,-0.8626838297727812,1
BAJAJFINSV,2025-02-12,2025-02-17,1788.7,1894.791305607151,165,target,17505.065425179888,5.931196154030904,5
GODFRYPHLP,2025-02-17,2025-02-18,2346.0,2281.0,127,failed a technical gate (trend/near-high/RSI) -- not in the top 20 at all,-8255.0,-2.770673486786024,1
BAJAJHLDNG,2025-02-11,2025-02-19,11513.6,12421.074942282146,25,target,22686.873557053652,7.881765410316022,8
BHARTIARTL,2025-02-14,2025-02-19,1717.05,1645.4111874540085,173,stop,-12393.514570456515,-4.172203054424239,5
MARUTI,2025-02-11,2025-02-20,12724.35,12440.65,23,failed a technical gate (trend/near-high/RSI) -- not in the top 20 at all,-6525.100000000017,-2.22958343648203,9
HDFCBANK,2025-02-17,2025-02-20,858.7,843.6,347,closed below 200 EMA,-5239.700000000008,-1.758472109001985,3
TECHM,2025-02-18,2025-02-20,1632.0,1586.9,182,closed below 200 EMA,-8208.199999999983,-2.7634803921568585,2
MUTHOOTFIN,2025-02-13,2025-02-21,2317.8,2212.1,130,failed a technical gate (trend/near-high/RSI) -- not in the top 20 at all,-13741.000000000036,-4.560358961083799,8
WIPRO,2025-02-19,2025-02-21,306.2,298.65,974,failed a technical gate (trend/near-high/RSI) -- not in the top 20 at all,-7353.700000000011,-2.465708687132595,2
BAJAJHLDNG,2025-02-19,2025-02-25,11732.1,11642.05,25,failed a technical gate (trend/near-high/RSI) -- not in the top 20 at all,-2251.2500000000273,-0.7675522711194205,6
BSE,2025-02-21,2025-02-25,1919.5,1834.0,153,failed a technical gate (trend/near-high/RSI) -- not in the top 20 at all,-13081.5,-4.454284970044286,4
ASHOKLEY,2025-02-25,2025-02-28,113.6,105.96533300659954,2576,stop,-19666.90217499958,-6.7206575646130755,3
KOTAKBANK,2025-02-14,2025-02-28,390.5,380.6,763,failed a technical gate (trend/near-high/RSI) -- not in the top 20 at all,-7553.6999999999825,-2.5352112676056304,14
BAJAJHLDNG,2025-02-27,2025-02-28,12068.65,11574.35,24,failed a technical gate (trend/near-high/RSI) -- not in the top 20 at all,-11863.199999999983,-4.095735645660447,1
BAJFINANCE,2025-02-03,2025-03-04,842.5,858.5,368,time_stop_20d,5888.0,1.8991097922848699,29
BAJAJFINSV,2025-02-17,2025-03-04,1894.85,1786.517274628677,157,stop,-17008.237883297716,-5.717219060681478,15
MANAPPURAM,2025-02-21,2025-03-04,201.32,197.58,1464,failed a technical gate (trend/near-high/RSI) -- not in the top 20 at all,-5475.3599999999715,-1.857738923107477,11
BAJFINANCE,2025-03-04,2025-03-05,858.5,830.0,337,failed a technical gate (trend/near-high/RSI) -- not in the top 20 at all,-9604.5,-3.3197437390797946,1
INDIGO,2025-02-20,2025-03-06,4501.45,4760.324610795571,66,target,17085.7243125077,5.75091605583915,14
CHOLAFIN,2025-02-28,2025-03-06,1400.75,1499.0919787246298,206,target,20258.447617273745,7.020665980698193,6
SRF,2025-02-20,2025-03-10,2795.9,2963.0413796086355,106,target,17716.986238515346,5.978088615781507,18
HINDALCO,2025-03-05,2025-03-10,657.35,695.0041287152078,441,target,16605.47076340663,5.7281704898771935,5
BAJFINANCE,2025-03-06,2025-03-10,841.0,834.0,348,failed a technical gate (trend/near-high/RSI) -- not in the top 20 at all,-2436.0,-0.8323424494649179,4
PGEL,2025-03-10,2025-03-12,899.05,854.5,324,failed a technical gate (trend/near-high/RSI) -- not in the top 20 at all,-14434.199999999986,-4.9552305211056025,2
SBICARD,2025-02-13,2025-03-13,859.85,829.85,350,failed a technical gate (trend/near-high/RSI) -- not in the top 20 at all,-10500.0,-3.4889806361574682,28
KOTAKBANK,2025-03-11,2025-03-18,387.0,401.7685722259891,753,target,11120.734886169785,3.8161685338473195,7
MUTHOOTFIN,2025-03-13,2025-03-18,2196.35,2318.093116804123,132,target,16070.091418144239,5.542974334879358,5
SHRIRAMFIN,2025-02-28,2025-03-19,617.3,662.5614261737861,467,target,21137.08602315814,7.332160403982857,19
INDIGO,2025-03-06,2025-03-19,4762.4,5024.7074706513695,61,target,16000.75570973356,5.507884063736146,13
MANAPPURAM,2025-03-05,2025-03-21,203.68,222.27443233750697,1424,target,26478.47164860991,9.129238186128719,16
BAJFINANCE,2025-03-12,2025-03-21,848.5,890.0708059190173,344,target,14300.357236141946,4.899328923867685,9
BLUESTARCO,2025-03-04,2025-03-21,2100.65,2152.7,138,dropped out of top 20 rank (now #26 of 37),7182.899999999962,2.477804489086699,17
CHOLAFIN,2025-03-06,2025-03-24,1458.6,1559.7438295073446,201,target,20329.909730976276,6.934308892591856,18
HDFCBANK,2025-03-18,2025-03-24,866.1,893.5375534972432,346,target,9493.393510046122,3.1679429046580276,6
BAJAJFINSV,2025-03-19,2025-03-25,1842.25,1944.0979420561384,165,target,16804.910439262843,5.528453904526454,6
SRF,2025-03-10,2025-03-25,2938.15,2945.65,99,dropped out of top 20 rank (now #21 of 41),742.5,0.255262665282574,15
HINDALCO,2025-03-10,2025-03-27,689.15,693.35,423,dropped out of top 20 rank (now #21 of 40),1776.6000000000192,0.6094464195022908,17
HDFCBANK,2025-03-27,2025-04-01,912.7,883.6510757439563,340,stop,-9876.63424705487,-3.182746165886241,5
SHRIRAMFIN,2025-03-19,2025-04-01,667.95,637.45,456,failed a technical gate (trend/near-high/RSI) -- not in the top 20 at all,-13908.0,-4.5662100456621,13
CHOLAFIN,2025-03-24,2025-04-01,1529.3,1468.25,202,failed a technical gate (trend/near-high/RSI) -- not in the top 20 at all,-12332.099999999991,-3.992022493951475,8
BAJFINANCE,2025-03-21,2025-04-02,891.5,867.0,344,failed a technical gate (trend/near-high/RSI) -- not in the top 20 at all,-8428.0,-2.748177229388671,12
SBICARD,2025-03-25,2025-04-03,859.2,850.3,359,failed a technical gate (trend/near-high/RSI) -- not in the top 20 at all,-3195.1000000000327,-1.0358472998137858,9
GODFRYPHLP,2025-04-01,2025-04-04,2369.0,2226.0,127,failed a technical gate (trend/near-high/RSI) -- not in the top 20 at all,-18161.0,-6.036302237230895,3
MUTHOOTFIN,2025-03-18,2025-04-07,2317.9,2150.0,129,stop,-21659.100000000013,-7.243625695672806,20
INDIGO,2025-03-21,2025-04-07,5044.05,4750.0,60,stop,-17643.00000000001,-5.829640863988262,17
MAZDOCK,2025-03-24,2025-04-07,2654.8,2221.05,116,stop,-50315.0,-16.338330571041126,14
BAJAJFINSV,2025-03-25,2025-04-07,1945.05,1835.0,158,stop,-17387.899999999994,-5.657952237731678,13
INDHOTEL,2025-04-02,2025-04-07,830.15,744.0,366,stop,-31530.89999999999,-10.3776425947118,5
SHRIRAMFIN,2025-04-03,2025-04-07,654.15,596.0,465,stop,-27039.74999999999,-8.88939845601161,4
HDFCBANK,2025-04-04,2025-04-07,908.6,876.2543262595212,328,stop,-10609.380986877042,-3.5599464825532445,3
MARICO,2025-04-07,2025-04-09,662.65,696.3553885651621,423,target,14257.379363063585,5.086454171155541,2
TORNTPHARM,2025-04-07,2025-04-09,3233.55,3126.8,86,closed below 200 EMA,-9180.5,-3.301325168931979,2
FEDERALBNK,2025-04-07,2025-04-11,190.81,190.44,1470,dropped out of top 20 rank (now #24 of 30),-543.9000000000067,-0.1939101724228287,4
APOLLOHOSP,2025-04-07,2025-04-11,6683.3,6780.95,41,dropped out of top 20 rank (now #21 of 30),4003.649999999985,1.461104544162306,4
INDIGO,2025-04-07,2025-04-15,4988.7,5292.501604027853,56,target,17012.889825559796,6.089795017296162,8
HDFCLIFE,2025-04-07,2025-04-15,665.95,699.1125221800044,421,target,13961.421837781818,4.9797315384044305,8
BAJFINANCE,2025-04-09,2025-04-15,873.5,922.1690768447338,327,target,15914.788128227956,5.571731750971254,6
MFSL,2025-04-07,2025-04-16,1128.45,1202.7461181316462,248,target,18425.437296648248,6.583908736022526,9
HDFCBANK,2025-04-11,2025-04-16,903.4,939.2172164645411,318,target,11389.87483572409,3.9647129139408044,5
BAJAJFINSV,2025-04-09,2025-04-17,1895.7,2003.5507293335997,151,target,16285.460129373554,5.689229800791251,8
BSE,2025-04-01,2025-04-21,1822.0,2017.6430335192438,165,target,32281.100530675223,10.737817426961783,20
INDIGO,2025-04-15,2025-04-22,5256.0,5564.6866048687925,55,target,16977.76326778359,5.873032817138357,7
HDFCBANK,2025-04-16,2025-04-22,939.0,976.197497869936,314,target,11680.014331159904,3.961394874327584,6
MANAPPURAM,2025-03-21,2025-04-24,234.16,228.83,1310,time_stop_20d,-6982.299999999979,-2.2762213870857417,34
BAJFINANCE,2025-04-15,2025-04-24,914.0,964.3677244222449,321,target,16168.03953954062,5.510691949917379,9
GODFRYPHLP,2025-04-15,2025-04-24,2437.0,2660.355826918903,120,target,26802.699230268354,9.165196016368604,9
CHOLAFIN,2025-04-21,2025-04-24,1659.8,1536.7505918575773,181,stop,-22271.9428737785,-7.413508142090775,3
MAZDOCK,2025-04-16,2025-04-24,2731.9,2717.7,107,dropped out of top 20 rank (now #21 of 61),-1519.4000000000292,-0.5197847651817522,8
SHRIRAMFIN,2025-04-17,2025-04-25,691.75,640.6948737187944,430,stop,-21953.704300918416,-7.380574814774931,8
INDIGO,2025-04-22,2025-04-25,5534.0,5217.180520573262,54,stop,-17108.25188904387,-5.724963488014789,3
LTF,2025-04-24,2025-04-28,179.57,162.7,1684,stop,-28409.08000000001,-9.394665033134707,4
PNBHOUSING,2025-04-11,2025-04-29,979.4,1064.2040652719072,294,target,24932.395189940726,8.658777340403034,18
BAJFINANCE,2025-04-24,2025-04-30,930.0,880.9439951478004,325,stop,-15943.20157696488,-5.274839231419315,6
BAJAJFINSV,2025-04-24,2025-04-30,2105.0,1994.821411532223,143,stop,-15755.53815089211,-5.234137219371826,6
GODFRYPHLP,2025-04-24,2025-05-06,2742.0,2968.1187889366097,110,target,24873.066783027065,8.24649120848322,12
GMRAIRPORT,2025-04-28,2025-05-06,88.17,86.42,3326,failed a technical gate (trend/near-high/RSI) -- not in the top 20 at all,-5820.5,-1.984802086877624,8
BSE,2025-04-21,2025-05-07,2095.0,2281.7895148740135,144,target,26897.69014185795,8.915967297088944,16
BDL,2025-05-06,2025-05-07,1527.7,1447.9,192,failed a technical gate (trend/near-high/RSI) -- not in the top 20 at all,-15321.599999999991,-5.223538652876869,1
HDFCAMC,2025-04-24,2025-05-08,2184.2,2046.3508597396997,138,stop,-19023.18135592142,-6.311195873102282,14
INDIGO,2025-04-25,2025-05-08,5313.5,5146.0,54,failed a technical gate (trend/near-high/RSI) -- not in the top 20 at all,-9045.0,-3.152347793356547,13
GMRAIRPORT,2025-05-07,2025-05-08,87.02,84.82,3388,failed a technical gate (trend/near-high/RSI) -- not in the top 20 at all,-7453.6000000000095,-2.5281544472535056,1
GODFRYPHLP,2025-05-06,2025-05-09,2885.0,2650.6015835351773,101,stop,-23674.240062947094,-8.1247284736507,3
ICICIBANK,2025-04-22,2025-05-09,1416.5,1388.9,211,failed a technical gate (trend/near-high/RSI) -- not in the top 20 at all,-5823.59999999998,-1.9484645252382582,17
HDFCAMC,2025-05-08,2025-05-09,2059.5,2051.6,141,failed a technical gate (trend/near-high/RSI) -- not in the top 20 at all,-1113.9000000000128,-0.3835882495751397,1
HDFCBANK,2025-05-08,2025-05-09,964.2,944.8,301,failed a technical gate (trend/near-high/RSI) -- not in the top 20 at all,-5839.400000000027,-2.0120306990251025,1
BAJAJFINSV,2025-05-08,2025-05-09,2006.0,1970.0,144,failed a technical gate (trend/near-high/RSI) -- not in the top 20 at all,-5184.0,-1.7946161515453585,1
BEL,2025-04-30,2025-05-13,314.1,332.9882729628503,929,target,17547.205582487924,6.0134584408947145,13
PNBHOUSING,2025-04-30,2025-05-13,1010.2,1090.0453638290292,289,target,23075.310146589414,7.903916435263225,13
BSE,2025-05-07,2025-05-13,2217.5,2415.551636055478,132,target,26142.81595932309,8.931302640607797,6
GODFRYPHLP,2025-05-09,2025-05-13,2731.0,2972.095962453796,105,target,25315.07605764857,8.828120192376264,4
BDL,2025-05-09,2025-05-13,1531.8,1687.4851061876575,188,target,29268.799963279616,10.163540030529926,4
MUTHOOTFIN,2025-05-09,2025-05-13,2229.6,2216.5,129,dropped out of top 20 rank (now #21 of 51),-1689.8999999999883,-0.5875493362037965,4
MFSL,2025-05-09,2025-05-14,1268.2,1331.203259257581,227,target,14301.739851470891,4.967927713103681,5
MAZDOCK,2025-04-29,2025-05-16,3027.9,3321.0161635055465,97,target,28432.267860038002,9.680510040144874,17
BDL,2025-05-13,2025-05-16,1746.7,1923.7121578862966,172,target,30446.09115644301,10.134090449779398,3
BEL,2025-05-13,2025-05-16,335.75,355.82290481257684,899,target,18045.541426506577,5.978527122137556,3
GODFRYPHLP,2025-05-13,2025-05-21,2998.0,2851.0,100,dropped out of top 20 rank (now #25 of 59),-14700.0,-4.903268845897268,8
HDFCAMC,2025-05-14,2025-05-22,2194.5,2331.990930850719,138,target,18973.748457399222,6.265250893174712,8
INDIGO,2025-05-13,2025-05-23,5521.0,5521.0,54,dropped out of top 20 rank (now #22 of 60),0.0,0.0,10
BSE,2025-05-13,2025-05-30,2438.5,2643.9107084907464,123,target,25265.51714436181,8.423650132899185,17
BDL,2025-05-16,2025-05-30,1842.0,2023.9127226225196,168,target,30561.337400583292,9.87582641816067,14
AUBANK,2025-05-06,2025-06-03,671.75,721.1318888516638,437,target,21579.88542817708,7.351230197493686,28
NAM-INDIA,2025-05-13,2025-06-06,704.9,771.3909710848463,428,target,28458.135624314244,9.432681385281082,24
LTF,2025-05-21,2025-06-06,173.58,184.87304182781673,1784,target,20146.786620825034,6.505957960488962,16
HDFCAMC,2025-05-22,2025-06-06,2297.7,2426.630662984894,134,target,17276.708839975836,5.611292291634862,15
BSE,2025-06-03,2025-06-06,2764.9,2964.8433772892686,114,target,22793.545010976606,7.231486755009886,3
PNBHOUSING,2025-05-13,2025-06-10,1092.2,1126.2,276,time_stop_20d,9384.0,3.1129829701519895,28
MAZDOCK,2025-05-16,2025-06-11,3522.4,3322.8157328919056,88,stop,-17563.41550551232,-5.666144308088084,26
MOTILALOFS,2025-06-10,2025-06-11,878.7,850.8,373,failed a technical gate (trend/near-high/RSI) -- not in the top 20 at all,-10406.700000000033,-3.1751451007169806,1
NAM-INDIA,2025-06-06,2025-06-12,790.5,736.4113513152545,412,stop,-22284.523258115154,-6.842333799461797,6
BDL,2025-05-30,2025-06-12,2015.5,1871.0,156,failed a technical gate (trend/near-high/RSI) -- not in the top 20 at all,-22542.0,-7.169436864301659,13
CDSL,2025-06-11,2025-06-12,1739.4,1644.2,185,failed a technical gate (trend/near-high/RSI) -- not in the top 20 at all,-17612.000000000007,-5.47315166149247,1
HAL,2025-05-16,2025-06-13,5127.7,5026.0,60,time_stop_20d,-6101.999999999989,-1.9833453595179074,28
ANGELONE,2025-05-23,2025-06-13,308.0,294.06146264227834,1010,stop,-14077.922731298873,-4.525499142117417,21
BSE,2025-06-06,2025-06-13,2933.2,2653.0,111,stop,-31102.19999999998,-9.552706941224598,7
BEL,2025-05-30,2025-06-16,384.6,404.4448355688975,818,target,16233.075495358116,5.159863642459039,17
HDFCAMC,2025-06-06,2025-06-16,2489.5,2299.7,130,stop,-24674.000000000022,-7.6240208877284665,10
BSE,2025-06-13,2025-06-18,2711.2,2633.2,115,failed a technical gate (trend/near-high/RSI) -- not in the top 20 at all,-8970.0,-2.8769548539392176,5
HAL,2025-06-16,2025-06-19,5063.7,4902.3,62,failed a technical gate (trend/near-high/RSI) -- not in the top 20 at all,-10006.799999999977,-3.187392618046081,3
CDSL,2025-06-18,2025-06-19,1680.3,1637.8,187,failed a technical gate (trend/near-high/RSI) -- not in the top 20 at all,-7947.5,-2.529310242218652,1
MCX,2025-06-11,2025-06-23,1535.0,1638.8038951584588,210,target,21798.81798327634,6.762468739964733,12
LTF,2025-06-12,2025-06-24,187.8,198.9281802078729,1672,target,18606.31730756349,5.9255485664925,12
BEL,2025-06-16,2025-06-24,403.85,422.64980546099446,778,target,14626.24864865367,4.655145588954923,8
ABCAPITAL,2025-06-19,2025-06-24,255.68,269.97662508130685,1219,target,17427.58597411304,5.591608683239535,5
BDL,2025-06-13,2025-06-24,1900.0,1851.7,164,failed a technical gate (trend/near-high/RSI) -- not in the top 20 at all,-7921.1999999999925,-2.54210526315789,11
MCX,2025-06-24,2025-06-25,1643.0,1751.401843636948,195,target,21138.359509204838,6.597799369260371,1
AUBANK,2025-06-12,2025-06-26,778.7,817.531118169618,403,target,15648.940622356045,4.9866595825886595,14
HDFCAMC,2025-06-19,2025-06-27,2386.8,2523.147889701769,130,target,17725.225661229964,5.71258126788039,8
GVT&D,2025-06-06,2025-07-04,2315.7,2356.4,140,time_stop_20d,5698.000000000038,1.757567906032742,28
BSE,2025-06-23,2025-07-04,2775.3,2635.2,114,failed a technical gate (trend/near-high/RSI) -- not in the top 20 at all,-15971.400000000041,-5.048102907793761,11
HDFCAMC,2025-06-27,2025-07-07,2518.9,2446.0,128,failed a technical gate (trend/near-high/RSI) -- not in the top 20 at all,-9331.200000000012,-2.8941204494025152,10
MANAPPURAM,2025-06-25,2025-07-09,272.9,261.5,1179,failed a technical gate (trend/near-high/RSI) -- not in the top 20 at all,-13440.599999999973,-4.177354342249895,14
MUTHOOTFIN,2025-06-12,2025-07-10,2555.0,2644.8,122,time_stop_20d,10955.600000000022,3.5146771037182,28
MCX,2025-06-25,2025-07-11,1732.0,1656.6749616185812,185,stop,-13935.132100562485,-4.349020691767835,16
BEL,2025-06-24,2025-07-11,418.5,409.3,765,failed a technical gate (trend/near-high/RSI) -- not in the top 20 at all,-7037.999999999991,-2.19832735961768,17
CDSL,2025-06-24,2025-07-11,1748.5,1688.7,183,failed a technical gate (trend/near-high/RSI) -- not in the top 20 at all,-10943.399999999992,-3.4200743494423813,17
GVT&D,2025-07-04,2025-07-11,2356.4,2332.9,137,failed a technical gate (trend/near-high/RSI) -- not in the top 20 at all,-3219.5,-0.997283992530984,7
NAM-INDIA,2025-07-09,2025-07-15,801.0,849.9563676835469,399,target,19533.59070573521,6.111906077846063,6
HDFCAMC,2025-07-11,2025-07-16,2503.2,2620.0493938545355,126,target,14723.0236256715,4.66800071326845,5
AUBANK,2025-06-26,2025-07-16,819.7,797.75,394,failed a technical gate (trend/near-high/RSI) -- not in the top 20 at all,-8648.300000000017,-2.677808954495553,20
LTF,2025-06-24,2025-07-17,200.06,199.78,1602,failed a technical gate (trend/near-high/RSI) -- not in the top 20 at all,-448.5600000000018,-0.13995801259621965,23
HDFCAMC,2025-07-16,2025-07-18,2619.7,2738.5737311583143,122,target,14502.59520131437,4.537684893625782,2
ABCAPITAL,2025-07-11,2025-07-18,269.45,264.35,1171,failed a technical gate (trend/near-high/RSI) -- not in the top 20 at all,-5972.09999999996,-1.8927444794952564,7
360ONE,2025-07-04,2025-07-22,1245.4,1146.7218025299294,260,stop,-25656.331342218382,-7.923413960982073,18
GVT&D,2025-07-18,2025-07-24,2358.2,2526.238013635469,134,target,22517.093827152883,7.125689663110402,6
MOTILALOFS,2025-07-11,2025-07-24,934.4,904.9,337,failed a technical gate (trend/near-high/RSI) -- not in the top 20 at all,-9941.5,-3.1571061643835607,13
GODFRYPHLP,2025-07-16,2025-07-24,3106.0,2935.0,102,failed a technical gate (trend/near-high/RSI) -- not in the top 20 at all,-17442.0,-5.505473277527361,8
NAM-INDIA,2025-07-15,2025-07-25,845.6,809.7,377,failed a technical gate (trend/near-high/RSI) -- not in the top 20 at all,-13534.299999999992,-4.245506149479661,10
POLYCAB,2025-07-15,2025-07-25,6944.5,6734.5,45,failed a technical gate (trend/near-high/RSI) -- not in the top 20 at all,-9450.0,-3.0239758081935353,10
MANAPPURAM,2025-07-17,2025-07-25,270.7,265.65,1177,failed a technical gate (trend/near-high/RSI) -- not in the top 20 at all,-5943.850000000013,-1.865533801256003,8
RBLBANK,2025-07-11,2025-07-28,264.16,253.26,1195,failed a technical gate (trend/near-high/RSI) -- not in the top 20 at all,-13025.50000000004,-4.126287098728055,17
LTF,2025-07-24,2025-07-28,210.1,201.99,1497,failed a technical gate (trend/near-high/RSI) -- not in the top 20 at all,-12140.669999999978,-3.8600666349357327,4
MUTHOOTFIN,2025-07-10,2025-07-29,2644.8,2617.1,120,failed a technical gate (trend/near-high/RSI) -- not in the top 20 at all,-3324.0000000000327,-1.0473381730187636,19
GVT&D,2025-07-24,2025-07-31,2521.0,2694.3249142920304,124,target,21492.289372211766,6.875244517732271,7
POLYCAB,2025-07-28,2025-08-01,6837.5,6698.0,45,failed a technical gate (trend/near-high/RSI) -- not in the top 20 at all,-6277.5,-2.0402193784277878,4
DELHIVERY,2025-08-01,2025-08-04,429.85,455.57461026572065,724,target,18624.617832381733,5.984555139169623,3
GLENMARK,2025-07-22,2025-08-05,2157.9,2052.6,147,failed a technical gate (trend/near-high/RSI) -- not in the top 20 at all,-15479.100000000028,-4.879744195745872,14
MOTILALOFS,2025-07-29,2025-08-05,937.4,910.75,331,failed a technical gate (trend/near-high/RSI) -- not in the top 20 at all,-8821.149999999992,-2.842969916791127,7
GODFRYPHLP,2025-08-05,2025-08-06,3292.0,3579.9264298166227,94,target,27065.084402762528,8.746246349229114,1
ETERNAL,2025-07-24,2025-08-07,313.15,291.55,1004,stop,-21686.399999999965,-6.897652882005422,14
CUMMINSIND,2025-07-25,2025-08-07,3535.1,3685.5020846463267,87,target,13084.98136423043,4.254535505256629,13
FORTIS,2025-07-25,2025-08-07,845.55,886.6059861784781,366,target,15026.490941323013,4.855536181003872,13
GODFRYPHLP,2025-08-06,2025-08-07,3618.0,3303.782600884565,86,stop,-27022.696323927412,-8.684836902029714,1
CUMMINSIND,2025-08-07,2025-08-08,3674.0,3842.6197472400277,85,target,14332.678515402351,4.589541296680122,1
POLYCAB,2025-08-05,2025-08-08,6925.5,6741.0,45,failed a technical gate (trend/near-high/RSI) -- not in the top 20 at all,-8302.5,-2.6640675763482835,3
MOTILALOFS,2025-08-07,2025-08-08,917.8,905.6,341,failed a technical gate (trend/near-high/RSI) -- not in the top 20 at all,-4160.199999999977,-1.3292656352146381,1
AMBER,2025-08-07,2025-08-08,7729.5,7354.5,40,failed a technical gate (trend/near-high/RSI) -- not in the top 20 at all,-15000.0,-4.851542790607411,1
HDFCAMC,2025-07-18,2025-08-11,2735.2,2691.6,116,failed a technical gate (trend/near-high/RSI) -- not in the top 20 at all,-5057.599999999989,-1.594033343082768,24
RBLBANK,2025-07-31,2025-08-11,266.83,258.5,1171,failed a technical gate (trend/near-high/RSI) -- not in the top 20 at all,-9754.429999999982,-3.1218378743019803,11
MOTILALOFS,2025-08-11,2025-08-12,918.55,911.3,341,failed a technical gate (trend/near-high/RSI) -- not in the top 20 at all,-2472.25,-0.7892874639377268,1
PAYTM,2025-07-25,2025-08-13,1067.75,1136.8409196430734,290,target,20036.3666964913,6.470701909910881,19
GVT&D,2025-07-31,2025-08-13,2726.8,2921.36061686022,114,target,22179.910322065065,7.135126040054995,13
FORTIS,2025-08-08,2025-08-13,897.35,940.6354482422167,346,target,14976.765091806985,4.823697358022705,5
ETERNAL,2025-08-08,2025-08-14,300.9,317.93312048889686,1033,target,17595.21346503048,5.660724655665295,6
PAYTM,2025-08-13,2025-08-19,1155.0,1233.0821049235376,274,target,21394.496749049304,6.760355404635288,6
SBIN,2025-08-12,2025-08-19,820.6,830.4,380,dropped out of top 20 rank (now #22 of 51),3723.9999999999827,1.1942481111381964,7
GODFRYPHLP,2025-08-07,2025-08-20,3333.0,3701.6304420357615,94,target,34651.261551361575,11.060019262999155,13
GVT&D,2025-08-13,2025-08-21,2916.9,2719.523716669781,108,stop,-21316.638599663645,-6.766645525394043,8
INDIANB,2025-08-11,2025-08-25,659.95,654.1,475,dropped out of top 20 rank (now #22 of 49),-2778.750000000011,-0.8864307902113788,14
MOTILALOFS,2025-08-13,2025-08-25,928.85,925.7,340,failed a technical gate (trend/near-high/RSI) -- not in the top 20 at all,-1070.9999999999923,-0.33912903052161214,12
NAM-INDIA,2025-08-19,2025-08-26,861.7,825.7,371,failed a technical gate (trend/near-high/RSI) -- not in the top 20 at all,-13356.0,-4.177788093303936,7
HDFCAMC,2025-08-21,2025-08-28,2835.0,2731.3,114,failed a technical gate (trend/near-high/RSI) -- not in the top 20 at all,-11821.79999999998,-3.6578483245149895,7
MUTHOOTFIN,2025-08-26,2025-08-28,2673.1,2644.8,119,failed a technical gate (trend/near-high/RSI) -- not in the top 20 at all,-3367.6999999999675,-1.05869589615053,2
DELHIVERY,2025-08-04,2025-09-01,461.6,473.75,680,dropped out of top 20 rank (now #21 of 42),8261.999999999985,2.6321490467937636,28
EICHERMOT,2025-08-28,2025-09-02,6133.0,6360.356088288175,51,target,11595.160502696912,3.7070942163407006,5
GODFRYPHLP,2025-08-20,2025-09-02,3688.0,3353.0,88,failed a technical gate (trend/near-high/RSI) -- not in the top 20 at all,-29480.0,-9.083514099783086,13
FORTIS,2025-08-28,2025-09-03,911.4,952.6216714562854,348,target,14345.14166678733,4.522895705100449,6
POLYCAB,2025-08-13,2025-09-04,6966.0,7301.7754243326835,45,target,15109.89409497076,4.820204196564504,22
LTF,2025-08-25,2025-09-04,217.69,229.2547519791367,1484,target,17162.091937038866,5.31248655387786,10
HEROMOTOCO,2025-09-01,2025-09-04,5244.0,5500.781151924077,61,target,15663.650267368683,4.8966657498870525,3
CUMMINSIND,2025-08-08,2025-09-09,3806.9,3998.06119386574,81,target,15484.05670312492,5.0214398556762685,32
GODFRYPHLP,2025-09-04,2025-09-11,3484.0,3470.0,93,failed a technical gate (trend/near-high/RSI) -- not in the top 20 at all,-1302.0,-0.40183696900114585,7
FORTIS,2025-09-03,2025-09-12,956.6,970.0,339,dropped out of top 20 rank (now #21 of 66),4542.599999999992,1.400794480451606,9
ETERNAL,2025-08-14,2025-09-15,318.4,323.3,993,time_stop_20d,4865.7000000000335,1.5389447236181075,32
M&M,2025-09-09,2025-09-15,3696.3,3530.3,89,dropped out of top 20 rank (now #24 of 70),-14774.0,-4.490977463950441,6
MANAPPURAM,2025-09-02,2025-09-16,281.0,296.454542453083,1142,target,17649.087481420764,5.499837171915645,14
LTF,2025-09-04,2025-09-16,227.85,238.7995195536204,1425,target,15603.065363909078,4.805582424235411,12
MUTHOOTFIN,2025-09-04,2025-09-16,2826.3,2966.828507657316,114,target,16020.249872934015,4.9721723687264685,12
PAYTM,2025-08-19,2025-09-17,1226.2,1222.1,260,time_stop_20d,-1066.0000000000355,-0.33436633501876534,29
LTF,2025-09-16,2025-09-18,241.03,250.6750259365783,1372,target,13232.975584985417,4.001587327958478,2
GODFRYPHLP,2025-09-16,2025-09-19,3644.0,3525.0,90,dropped out of top 20 rank (now #23 of 86),-10710.0,-3.2656421514818845,3
UNOMINDA,2025-08-25,2025-09-23,1283.4,1317.1,251,time_stop_20d,8458.699999999953,2.6258376188249777,29
EICHERMOT,2025-09-11,2025-09-23,6758.0,7038.073312192548,48,target,13443.518985242292,4.144322465116135,12
MARUTI,2025-09-17,2025-09-24,15801.0,16343.86348516588,20,target,10857.269703317615,3.435627398050012,7
ADANIPOWER,2025-09-23,2025-09-24,162.35,147.19789905277287,2044,stop,-30970.894336132245,-9.332984876641282,1
MANAPPURAM,2025-09-16,2025-09-25,296.1,281.72535816697246,1117,stop,-16056.474927491792,-4.854657829458819,9
TVSMOTOR,2025-09-15,2025-09-25,3477.4,3408.4,94,failed a technical gate (trend/near-high/RSI) -- not in the top 20 at all,-6486.0,-1.9842410996721682,10
ETERNAL,2025-09-18,2025-09-26,337.85,323.45147812451586,980,stop,-14110.55143797448,-4.261809050017506,8
LTF,2025-09-19,2025-09-26,246.7,236.82927770311133,1343,stop,-13256.380044721469,-4.00110348475422,7
UNOMINDA,2025-09-24,2025-09-26,1308.8,1268.9,250,failed a technical gate (trend/near-high/RSI) -- not in the top 20 at all,-9974.999999999965,-3.0485941320293253,2
NAM-INDIA,2025-09-12,2025-09-29,827.75,875.5090490264087,395,target,18864.82436543142,5.769743162356833,17
LTF,2025-09-26,2025-09-29,236.29,247.19879963292578,1364,target,14879.60269931078,4.616699662671198,3
ADANIPOWER,2025-09-25,2025-09-30,149.0,144.65,2189,failed a technical gate (trend/near-high/RSI) -- not in the top 20 at all,-9522.149999999987,-2.9194630872483196,5
LTF,2025-09-29,2025-10-01,244.84,256.75531394485967,1327,target,15811.621604828772,4.866571616100179,2
HEROMOTOCO,2025-09-04,2025-10-03,5351.0,5550.5,60,time_stop_20d,11970.0,3.7282750887684513,29
MUTHOOTFIN,2025-09-24,2025-10-06,3088.3,3220.1205895855123,106,target,13972.982496064287,4.268386801331214,12
ASHOKLEY,2025-09-26,2025-10-06,141.93,137.78,2271,failed a technical gate (trend/near-high/RSI) -- not in the top 20 at all,-9424.650000000012,-2.92397660818714,10
BAJFINANCE,2025-09-26,2025-10-07,985.1,1026.32495370574,327,target,13480.559861776963,4.184849630061915,11
UNOMINDA,2025-10-07,2025-10-09,1366.3,1297.7683305943626,242,stop,-16584.663996164236,-5.015858113564908,2
INDIANB,2025-09-30,2025-10-13,735.05,764.9080819577271,444,target,13256.988389230835,4.062047746102593,13
HAL,2025-09-15,2025-10-13,4795.2,4745.4,68,failed a technical gate (trend/near-high/RSI) -- not in the top 20 at all,-3386.4000000000124,-1.038538538538547,28
LTF,2025-10-01,2025-10-15,258.58,271.29228600347597,1266,target,16093.754080400591,4.9161907353530765,14
NMDC,2025-10-13,2025-10-16,74.87,73.64,4418,failed a technical gate (trend/near-high/RSI) -- not in the top 20 at all,-5434.140000000018,-1.6428476025110217,3
NAM-INDIA,2025-09-29,2025-10-17,871.0,912.9824379468477,373,target,15659.449354174174,4.820027318811437,18
MUTHOOTFIN,2025-10-06,2025-10-17,3227.7,3361.677939311803,102,target,13665.749809803938,4.150879552368658,11
ADANIPOWER,2025-10-06,2025-10-20,151.99,168.11618731577474,2169,target,34977.70028791539,10.610031788785257,14
INDIANB,2025-10-13,2025-10-20,767.15,797.8813191187222,431,target,13245.198540169285,4.0059074651270565,7
NAM-INDIA,2025-10-17,2025-10-21,913.3,967.2204410882669,368,target,19842.72232048222,5.9039134006642735,4
EICHERMOT,2025-09-23,2025-10-23,6990.5,6884.5,47,time_stop_20d,-4982.0,-1.51634360918389,30
MARUTI,2025-09-29,2025-10-23,15984.0,16562.42338275948,20,target,11568.467655189597,3.618764907153893,24
MUTHOOTFIN,2025-10-17,2025-10-23,3334.5,3199.9565804015338,100,stop,-13454.341959846624,-4.034890376322275,6
MOTILALOFS,2025-10-16,2025-10-28,1006.75,1064.9664588343735,329,target,19153.21495650888,5.78261324404008,12
INDIANB,2025-10-20,2025-10-28,796.85,836.1375754327582,426,target,16736.507134355,4.930360222470753,8
NAM-INDIA,2025-10-21,2025-10-28,968.2,912.3869666126678,352,stop,-19646.18775234094,-5.764618197410886,7
BANKINDIA,2025-10-23,2025-10-29,131.24,137.5951211015288,2573,target,16351.726594233589,4.8423659719055046,6
360ONE,2025-10-23,2025-10-29,1178.9,1118.6866412862523,286,stop,-17221.020592131863,-5.107588320786139,6
SBIN,2025-10-23,2025-10-29,911.55,936.3261964791736,370,target,9167.19269729426,2.718029343335382,6
MOTILALOFS,2025-10-28,2025-10-29,1091.3,1037.7224923597219,313,stop,-16769.759891407044,-4.909512291787599,1
NAM-INDIA,2025-10-28,2025-10-29,904.95,844.5841199870993,378,stop,-22818.302644876498,-6.670631528029258,1
HEROMOTOCO,2025-10-03,2025-10-30,5550.5,5515.0,59,failed a technical gate (trend/near-high/RSI) -- not in the top 20 at all,-2094.5,-0.6395820196378743,27
ADANIPOWER,2025-10-20,2025-11-03,170.3,156.48776542298464,1997,stop,-27583.032450299703,-8.11053116677356,14
BANKBARODA,2025-10-29,2025-11-03,266.0,276.9213436562259,1267,target,13837.34241243818,4.105768291814238,5
CANBK,2025-10-30,2025-11-03,128.65,134.73162436702512,2609,target,15866.957973568522,4.727263402273696,4
SBIN,2025-10-29,2025-11-06,939.75,966.6624023230341,358,target,9634.640031646224,2.863783168186651,8
LTF,2025-10-15,2025-11-07,271.55,285.6870510337613,1223,target,17289.61341429005,5.206058196929209,23
NATIONALUM,2025-10-09,2025-11-10,229.55,242.30073434691008,1428,target,18208.04864738757,5.554665365676348,32
AUBANK,2025-10-28,2025-11-10,879.9,921.0607430751446,388,target,15970.36831315612,4.677888745896652,13
MCX,2025-10-29,2025-11-11,1835.0,1937.214879200185,183,target,18705.322893633835,5.570293144424254,13
BANKINDIA,2025-10-29,2025-11-12,136.32,142.90956304094033,2472,target,16289.399837204506,4.833893075807172,14
CANBK,2025-11-03,2025-11-17,135.14,141.9493597858533,2531,target,17234.48961799471,5.038744846716958,14
RBLBANK,2025-10-29,2025-11-18,323.6,314.05,1041,failed a technical gate (trend/near-high/RSI) -- not in the top 20 at all,-9941.550000000012,-2.9511742892459836,20
SBIN,2025-11-07,2025-11-20,955.85,985.2006983756293,360,target,10566.251415226525,3.0706385286006332,13
INDIANB,2025-11-06,2025-11-21,847.75,834.05,398,failed a technical gate (trend/near-high/RSI) -- not in the top 20 at all,-5452.600000000019,-1.6160424653494543,15
AUBANK,2025-11-11,2025-11-24,889.4,930.5761558939164,389,target,16017.524642733486,4.629655486161055,13
BANKBARODA,2025-11-03,2025-11-24,282.1,273.05,1212,failed a technical gate (trend/near-high/RSI) -- not in the top 20 at all,-10968.600000000013,-3.208082240340304,21
SHRIRAMFIN,2025-11-17,2025-11-26,817.9,858.1131161376301,428,target,17211.21370690568,4.916629922683713,9
FEDERALBNK,2025-11-24,2025-11-26,248.17,257.03093922973693,1391,target,12325.566468564088,3.570511838552992,2
CANBK,2025-11-24,2025-12-01,141.99,148.3351832132283,2431,target,15425.140391357987,4.468753583511731,7
PNB,2025-11-03,2025-12-02,120.03,121.81,2849,time_stop_20d,5071.220000000003,1.4829625926851664,29
INDIANB,2025-11-26,2025-12-02,868.25,841.5,409,failed a technical gate (trend/near-high/RSI) -- not in the top 20 at all,-10940.75,-3.080909876187732,6
BANKINDIA,2025-11-12,2025-12-03,142.02,135.30326845542388,2445,stop,-16422.40862648865,-4.729426520614089,21
SBIN,2025-11-20,2025-12-03,981.55,955.6447640962626,357,stop,-9248.169217634224,-2.639217146730921,13
CANBK,2025-12-02,2025-12-03,147.17,140.86255653200152,2406,stop,-15175.708984004314,-4.285821477202189,1
BSE,2025-11-21,2025-12-03,2858.3,2751.1,120,failed a technical gate (trend/near-high/RSI) -- not in the top 20 at all,-12864.000000000033,-3.750481055172661,12
NATIONALUM,2025-11-10,2025-12-05,257.36,271.97309849188196,1345,target,19654.617471581212,5.678076815310051,25
LTF,2025-11-10,2025-12-08,300.9,299.3,1150,time_stop_20d,-1839.999999999961,-0.5317381189763881,28
BANKBARODA,2025-12-02,2025-12-08,287.6,275.38873283644523,1231,stop,-15032.069878335951,-4.245920432390404,6
CANBK,2025-12-03,2025-12-08,141.42,138.28,2456,failed a technical gate (trend/near-high/RSI) -- not in the top 20 at all,-7711.8399999999665,-2.2203365860557156,5
BHARATFORG,2025-12-03,2025-12-08,1406.7,1373.6,246,failed a technical gate (trend/near-high/RSI) -- not in the top 20 at all,-8142.600000000033,-2.353024809838644,5
NATIONALUM,2025-12-05,2025-12-09,273.15,260.5064713392886,1287,stop,-16272.221386335512,-4.6287858907967605,4
BSE,2025-12-08,2025-12-09,2798.8,2634.114493698545,123,stop,-20256.317275078967,-5.88414700233868,1
HEROMOTOCO,2025-12-08,2025-12-09,6167.0,6001.0,55,failed a technical gate (trend/near-high/RSI) -- not in the top 20 at all,-9130.0,-2.6917463920869134,1
AUBANK,2025-11-26,2025-12-10,953.75,992.9410168200661,372,target,14579.058257064598,4.109149863178629,14
MCX,2025-12-08,2025-12-10,2037.0,1973.0,169,failed a technical gate (trend/near-high/RSI) -- not in the top 20 at all,-10816.0,-3.1418753068237604,2
BANKBARODA,2025-12-09,2025-12-10,280.75,277.15,1223,failed a technical gate (trend/near-high/RSI) -- not in the top 20 at all,-4402.8000000000275,-1.2822796081923493,1
CANBK,2025-12-09,2025-12-10,141.52,140.91,2427,failed a technical gate (trend/near-high/RSI) -- not in the top 20 at all,-1480.470000000033,-0.4310344827586299,1
NATIONALUM,2025-12-09,2025-12-12,265.65,279.1181446105113,1293,target,17414.31098139115,5.069883158483468,3
MUTHOOTFIN,2025-11-18,2025-12-16,3695.9,3847.0,94,time_stop_20d,14203.39999999999,4.088314077761845,28
EICHERMOT,2025-12-10,2025-12-16,7228.5,7061.5,47,failed a technical gate (trend/near-high/RSI) -- not in the top 20 at all,-7849.0,-2.310299508888425,6
ASHOKLEY,2025-12-03,2025-12-18,162.71,171.22116867152545,2135,target,18171.34511370681,5.230882349901944,15
LTF,2025-12-08,2025-12-18,299.3,299.85,1152,failed a technical gate (trend/near-high/RSI) -- not in the top 20 at all,633.6000000000131,0.18376211159372158,10
SHRIRAMFIN,2025-12-01,2025-12-19,851.55,888.4927385631916,419,target,15479.007457977279,4.338293530995441,18
FEDERALBNK,2025-12-10,2025-12-22,259.6,268.9189177611139,1312,target,12226.42010258141,3.5897217877942422,12
MOTHERSON,2025-12-10,2025-12-22,116.28,121.9599470137139,2929,target,16636.56480316801,4.884715354071112,12
NATIONALUM,2025-12-12,2025-12-22,278.15,292.69537671621475,1246,target,18123.53938840361,5.229328317891335,10
SHRIRAMFIN,2025-12-19,2025-12-22,901.7,947.7583152540091,387,target,17824.56800330149,5.1079422484206605,3
360ONE,2025-12-18,2025-12-24,1143.2,1208.8209174594272,303,target,19883.137990206418,5.740108245226305,6
NATIONALUM,2025-12-22,2025-12-26,290.3,304.6516431347451,1224,target,17566.411196927973,4.943728258610092,4
FEDERALBNK,2025-12-22,2025-12-26,269.15,260.60157318654547,1320,stop,-11283.923393759957,-3.176082784118339,4
SBIN,2025-12-18,2025-12-26,977.55,966.3,355,failed a technical gate (trend/near-high/RSI) -- not in the top 20 at all,-3993.75,-1.150836274359368,8
MUTHOOTFIN,2025-12-16,2025-12-29,3847.0,3736.5,89,failed a technical gate (trend/near-high/RSI) -- not in the top 20 at all,-9834.5,-2.8723680790226136,13
CANBK,2025-12-16,2025-12-30,142.47,149.2245097049096,2427,target,16393.195053815587,4.741004916761149,14
ASHOKLEY,2025-12-18,2025-12-30,171.57,179.76957775369127,2024,target,16595.945373471135,4.779144228997656,12
SHRIRAMFIN,2025-12-22,2025-12-30,934.85,984.4898641644369,380,target,18863.148382486004,5.309928241368866,8
NATIONALUM,2025-12-29,2025-12-30,300.9,317.1023136081699,1183,target,19167.336998464994,5.3846173506712836,1
ASHOKLEY,2025-12-30,2026-01-02,178.63,186.52792571083037,2034,target,16064.38089582899,4.421388182741071,3
NATIONALUM,2025-12-30,2026-01-05,316.6,334.6235769218721,1148,target,20691.066306309127,5.692854365720801,6
360ONE,2025-12-26,2026-01-05,1179.4,1199.0,303,dropped out of top 20 rank (now #21 of 76),5938.799999999972,1.6618619637103427,10
FEDERALBNK,2025-12-26,2026-01-05,262.0,263.75,1366,dropped out of top 20 rank (now #23 of 76),2390.5,0.6679389312977069,10
SBIN,2026-01-02,2026-01-06,998.95,1023.9939066078497,369,target,9241.201538296515,2.507023034971678,4
MCX,2025-12-22,2026-01-07,2164.0,2284.087941850969,164,target,19694.422463558905,5.549350362798933,16
NMDC,2025-12-26,2026-01-07,80.17,83.54716638467106,4464,target,15075.670741171598,4.212506404728766,12
AUBANK,2025-12-10,2026-01-08,993.7,992.1,342,time_stop_20d,-547.2000000000078,-0.16101439066116274,29
HINDZINC,2025-12-30,2026-01-08,625.3,588.9347918307274,581,stop,-21128.185946347374,-5.815641799020089,9
NMDC,2026-01-07,2026-01-08,83.62,79.82300730862401,4449,stop,-16892.82048393178,-4.540770977488629,1
MANAPPURAM,2025-12-24,2026-01-09,314.55,299.3220327870486,1134,stop,-17268.514819486885,-4.8411912932606604,16
NMDC,2026-01-08,2026-01-09,79.18,78.11,4584,failed a technical gate (trend/near-high/RSI) -- not in the top 20 at all,-4904.880000000034,-1.3513513513513598,1
APLAPOLLO,2026-01-05,2026-01-12,1966.2,1883.2914712124275,187,stop,-15503.894883276067,-4.216688474599362,7
NATIONALUM,2026-01-08,2026-01-12,333.5,354.91233953367964,1088,target,23296.62541264345,6.420491614296742,4
BAJAJ-AUTO,2026-01-08,2026-01-12,9760.5,9403.10208080076,37,stop,-13223.72301037189,-3.6616763403436337,4
HINDZINC,2026-01-09,2026-01-14,606.45,647.100173068001,596,target,24227.503148528584,6.702971896776488,5
NATIONALUM,2026-01-12,2026-01-14,350.05,372.96727235301967,1039,target,23811.045974787423,6.546856835600523,2
SBIN,2026-01-06,2026-01-16,1018.9,1045.4108174322785,363,target,9623.42672791709,2.601905725024878,10
PNBHOUSING,2026-01-07,2026-01-19,1004.4,954.2032883276668,370,stop,-18572.783318763286,-4.997681369208806,12
BANKINDIA,2026-01-14,2026-01-19,148.03,155.57023788733048,2499,target,18843.054480438863,5.093722817895352,5
NMDC,2026-01-12,2026-01-19,79.35,78.99,4583,failed a technical gate (trend/near-high/RSI) -- not in the top 20 at all,-1649.8799999999974,-0.4536862003780673,7
MANAPPURAM,2026-01-19,2026-01-20,314.45,301.85,1181,failed a technical gate (trend/near-high/RSI) -- not in the top 20 at all,-14880.59999999996,-4.0069963428207895,1
ASHOKLEY,2026-01-05,2026-01-21,187.76,178.9925099899254,1965,stop,-17228.11786979658,-4.669519604854388,16
HINDZINC,2026-01-14,2026-01-21,654.2,697.5709293842559,565,target,24504.57510210457,6.629613173992022,7
BANKBARODA,2026-01-05,2026-01-21,297.25,289.7,1241,failed a technical gate (trend/near-high/RSI) -- not in the top 20 at all,-9369.550000000014,-2.5399495374264114,16
APLAPOLLO,2026-01-12,2026-01-21,1904.8,1878.6,190,failed a technical gate (trend/near-high/RSI) -- not in the top 20 at all,-4978.000000000009,-1.3754724905501892,9
MCX,2026-01-19,2026-01-22,2429.0,2283.714148951454,152,stop,-22083.44935937902,-5.981303048519814,3
ASHOKLEY,2026-01-21,2026-01-22,181.24,191.06125732998333,2002,target,19662.157174626616,5.418923708885082,1
INDIANB,2026-01-21,2026-01-22,832.8,878.4774620469472,435,target,19869.69599042203,5.484805721295283,1
MUTHOOTFIN,2026-01-21,2026-01-22,3906.6,3861.9,92,failed a technical gate (trend/near-high/RSI) -- not in the top 20 at all,-4112.399999999983,-1.1442174781139514,1
APLAPOLLO,2026-01-22,2026-01-23,1976.0,2069.481073885014,186,target,17387.479742612642,4.730823577176824,1
BANKBARODA,2026-01-22,2026-01-23,295.75,286.85,1246,failed a technical gate (trend/near-high/RSI) -- not in the top 20 at all,-11089.399999999972,-3.009298393913773,1
NATIONALUM,2026-01-14,2026-01-28,373.55,397.1750970798996,990,target,23388.846109100607,6.324480546084765,14
MCX,2026-01-23,2026-01-28,2282.0,2451.3613388118893,161,target,27267.17554871417,7.421618703413202,5
SHRIRAMFIN,2025-12-30,2026-01-29,979.4,1022.8,371,time_stop_20d,16101.399999999992,4.431284459873397,30
SBIN,2026-01-16,2026-01-29,1042.3,1071.0736147499017,353,target,10157.086006715319,2.760588578135059,13
APLAPOLLO,2026-01-23,2026-01-29,2000.1,2100.418140036085,184,target,18458.537766639634,5.015656218993292,6
HINDZINC,2026-01-21,2026-01-30,697.55,650.9033471953422,520,stop,-24256.259458422013,-6.687212788281515,9
NATIONALUM,2026-01-28,2026-01-30,406.15,386.7146736057631,942,stop,-18308.07746337114,-4.785258252920565,2
BANKINDIA,2026-01-19,2026-02-01,157.89,149.76652957674054,2352,stop,-19106.40243550622,-5.1450189519662075,13
INDIANB,2026-01-22,2026-02-01,878.05,827.5994995278347,419,stop,-21138.75969783723,-5.745743462464015,10
MCX,2026-01-28,2026-02-01,2593.0,2300.0,147,stop,-43071.0,-11.29965291168531,4
SBIN,2026-01-29,2026-02-01,1066.2,1031.8372879347917,362,stop,-12439.30176760543,-3.2229142811112665,3
SHRIRAMFIN,2026-01-29,2026-02-01,1022.8,970.8437323852971,377,stop,-19587.512890742964,-5.079807158261906,3
NATIONALUM,2026-01-30,2026-02-01,385.45,352.40908366071045,979,stop,-32347.05709616446,-8.572036928081339,2
UNIONBANK,2026-01-20,2026-02-01,170.69,164.51,2139,failed a technical gate (trend/near-high/RSI) -- not in the top 20 at all,-13219.020000000015,-3.620598746265158,12
SHRIRAMFIN,2026-02-01,2026-02-02,997.6,941.9178100669144,359,stop,-19989.90618597774,-5.581614868994144,1
INFY,2026-02-01,2026-02-02,1619.5,1594.9,221,failed a technical gate (trend/near-high/RSI) -- not in the top 20 at all,-5436.59999999998,-1.518987341772149,1
ASHOKLEY,2026-01-22,2026-02-03,190.28,200.85688180641307,1937,target,20487.420059022115,5.558588294309996,12
APLAPOLLO,2026-01-29,2026-02-03,2053.4,2167.637373782536,188,target,21476.626271116766,5.56332783590805,5
TECHM,2026-02-01,2026-02-03,1673.8,1747.2999308831916,214,target,15728.985209003004,4.391201510526455,2
BEL,2026-02-01,2026-02-03,425.35,456.342242216629,843,target,26126.460188618243,7.286291810656875,2
OIL,2026-02-01,2026-02-03,501.8,488.9,714,dropped out of top 20 rank (now #27 of 43),-9210.600000000024,-2.570745316859313,2
NATIONALUM,2026-02-02,2026-02-05,369.7,363.85,966,failed a technical gate (trend/near-high/RSI) -- not in the top 20 at all,-5651.099999999967,-1.5823640789829452,3
SBIN,2026-02-03,2026-02-09,1064.2,1118.2212937134113,342,target,18475.282449986662,5.0762350792530775,6
BANKINDIA,2026-02-03,2026-02-09,153.01,165.04751185316786,2382,target,28673.353234245867,7.867140613795098,6
SHRIRAMFIN,2026-02-03,2026-02-09,1000.4,1067.5280107076096,364,target,24434.595897569907,6.71011702395139,6
BAJAJ-AUTO,2026-02-01,2026-02-09,9499.5,9590.0,37,dropped out of top 20 rank (now #23 of 78),3348.5,0.9526817200905313,8
APLAPOLLO,2026-02-03,2026-02-10,2137.5,2254.40885132765,170,target,19874.504725700528,5.46941994515322,7
ASHOKLEY,2026-02-03,2026-02-11,199.87,212.7757400216533,1824,target,23540.069799495595,6.457067104444536,8
MCX,2026-02-03,2026-02-11,2434.1,2372.8,149,failed a technical gate (trend/near-high/RSI) -- not in the top 20 at all,-9133.699999999959,-2.5183846185448333,8
NMDC,2026-02-02,2026-02-13,79.04,79.43,4520,failed a technical gate (trend/near-high/RSI) -- not in the top 20 at all,1762.8000000000025,0.49342105263157077,11
NATIONALUM,2026-02-09,2026-02-13,365.2,349.3,1028,failed a technical gate (trend/near-high/RSI) -- not in the top 20 at all,-16345.199999999977,-4.353778751369108,4
SBIN,2026-02-09,2026-02-16,1146.0,1204.7798045019977,327,target,19220.996072153233,5.129127792495436,7
BSE,2026-02-11,2026-02-16,3177.1,2810.0,119,stop,-43684.89999999999,-11.554562336722164,5
UNIONBANK,2026-02-05,2026-02-18,172.82,184.9310985057084,2127,target,25760.306521641793,7.007926458574487,13
FEDERALBNK,2026-02-01,2026-02-19,285.1,288.3,1258,dropped out of top 20 rank (now #23 of 63),4025.599999999986,1.1224131883549537,18
EICHERMOT,2026-02-13,2026-02-19,8065.0,7897.0,46,dropped out of top 20 rank (now #21 of 63),-7728.0,-2.0830750154990696,6
BHARATFORG,2026-02-13,2026-02-24,1738.8,1857.4036556018357,213,target,25262.57864319101,6.82100618828132,11
INDIANB,2026-02-18,2026-02-26,918.6,974.7360696679445,409,target,22959.65249418931,6.111046121047736,8
BANKBARODA,2026-02-19,2026-02-26,294.9,309.40956537131956,1256,target,18224.014106377395,4.920164588443399,7
UNIONBANK,2026-02-18,2026-02-27,187.57,198.61599097897994,2006,target,22158.257903833768,5.888996630047427,9
SHRIRAMFIN,2026-02-09,2026-03-02,1062.7,1052.5,353,failed a technical gate (trend/near-high/RSI) -- not in the top 20 at all,-3600.600000000016,-0.9598193281264766,21
BANKINDIA,2026-02-09,2026-03-04,163.08,157.94769555088027,2303,stop,-11819.69714632277,-3.1471084431688445,23
APLAPOLLO,2026-02-10,2026-03-04,2238.7,2131.603593202479,168,stop,-17992.19634198353,-4.783865939943766,22
INDIANB,2026-02-26,2026-03-04,970.85,917.0459209175889,398,stop,-21414.023474799633,-5.54195592340847,6
BANKBARODA,2026-02-26,2026-03-04,314.3,299.9412310432161,1229,stop,-17646.927047887453,-4.5684915548151235,6
NMDC,2026-02-26,2026-03-04,82.56,77.79353595110588,4682,stop,-22316.584676922277,-5.773333392555868,6
UNIONBANK,2026-02-27,2026-03-04,196.47,185.15215812533498,1958,stop,-22160.33439059411,-5.7605954469715615,5
ASHOKLEY,2026-02-11,2026-03-04,206.35,200.46,1836,failed a technical gate (trend/near-high/RSI) -- not in the top 20 at all,-10814.039999999975,-2.8543736370244654,21
SBIN,2026-02-16,2026-03-05,1208.1,1155.7756478961394,307,stop,-16063.576095885179,-4.331127564262937,17
NATIONALUM,2026-03-04,2026-03-05,373.5,402.36798449405234,981,target,28319.492788665342,7.729045379933686,1
UNIONBANK,2026-03-04,2026-03-06,185.65,183.24,1973,failed a technical gate (trend/near-high/RSI) -- not in the top 20 at all,-4754.929999999993,-1.2981416644223032,2
SBIN,2026-03-05,2026-03-06,1169.5,1143.0,319,failed a technical gate (trend/near-high/RSI) -- not in the top 20 at all,-8453.5,-2.26592560923472,1
INDIANB,2026-03-04,2026-03-09,919.4,861.4188914926905,398,stop,-23076.481185909182,-6.306407277279691,5
ABB,2026-03-04,2026-03-10,5830.5,6198.706523655515,62,target,22828.804466641956,6.315179206852162,6
POLYCAB,2026-03-04,2026-03-10,8284.0,7918.111182872448,44,stop,-16099.107953612292,-4.416813340506421,6
KEI,2026-03-04,2026-03-10,4979.0,4643.423889751993,73,stop,-24497.056048104536,-6.7398294888131645,6
CUMMINSIND,2026-03-10,2026-03-11,4718.0,4630.7,77,failed a technical gate (trend/near-high/RSI) -- not in the top 20 at all,-6722.100000000014,-1.850360322170419,1
BHARATFORG,2026-03-02,2026-03-12,1879.3,1773.1391414719048,201,stop,-21338.332564147116,-5.64895751227027,10
ASTRAL,2026-03-11,2026-03-12,1746.3,1643.0154946714922,207,stop,-21379.892603001103,-5.914476626496468,1
BEL,2026-03-06,2026-03-13,468.45,442.746140295647,796,stop,-20460.27232466496,-5.487001751382847,7
GVT&D,2026-02-24,2026-03-13,3735.9,3604.3,102,failed a technical gate (trend/near-high/RSI) -- not in the top 20 at all,-13423.19999999999,-3.522578227468609,17
CUMMINSIND,2026-03-12,2026-03-13,4753.6,4649.7,76,failed a technical gate (trend/near-high/RSI) -- not in the top 20 at all,-7896.4000000000415,-2.1857118815213794,1
CGPOWER,2026-03-10,2026-03-16,728.2,680.4669792593064,500,stop,-23866.510370346816,-6.554932812509429,6
TORNTPHARM,2026-03-04,2026-03-16,4341.0,4266.6,84,failed a technical gate (trend/near-high/RSI) -- not in the top 20 at all,-6249.599999999969,-1.7138908085694404,12
NATIONALUM,2026-03-05,2026-03-16,395.95,372.25,942,failed a technical gate (trend/near-high/RSI) -- not in the top 20 at all,-22325.39999999999,-5.985604242959964,11
BSE,2026-03-13,2026-03-18,2797.0,3004.875797016169,126,target,26192.35042403731,7.432098570474399,5
SUNPHARMA,2026-03-13,2026-03-19,1801.6,1744.4,196,failed a technical gate (trend/near-high/RSI) -- not in the top 20 at all,-11211.199999999964,-3.1749555950266295,6
LUPIN,2026-03-16,2026-03-19,2290.4,2251.5,152,failed a technical gate (trend/near-high/RSI) -- not in the top 20 at all,-5912.800000000014,-1.698393293747824,3
NATIONALUM,2026-03-18,2026-03-19,387.65,377.0,909,failed a technical gate (trend/near-high/RSI) -- not in the top 20 at all,-9680.849999999979,-2.74732361666451,1
TATAPOWER,2026-03-16,2026-03-20,390.55,412.8104511031873,893,target,19878.58283514624,5.6997698382248885,4
MCX,2026-03-09,2026-03-20,2577.1,2414.5,141,failed a technical gate (trend/near-high/RSI) -- not in the top 20 at all,-22926.599999999988,-6.309417562376307,11
BSE,2026-03-19,2026-03-20,2895.0,2806.1,119,failed a technical gate (trend/near-high/RSI) -- not in the top 20 at all,-10579.100000000011,-3.070811744386881,1
ASTRAL,2026-03-19,2026-03-20,1640.4,1631.8,211,failed a technical gate (trend/near-high/RSI) -- not in the top 20 at all,-1814.6000000000288,-0.5242623750304931,1
TATAPOWER,2026-03-20,2026-03-23,402.4,379.2574957320353,865,stop,-20018.26619178945,-5.751119350885858,3
ABB,2026-03-10,2026-03-23,6224.5,6041.5,58,failed a technical gate (trend/near-high/RSI) -- not in the top 20 at all,-10614.0,-2.939995180335775,13
PFC,2026-03-19,2026-03-23,411.85,398.0,842,closed below 200 EMA,-11661.700000000019,-3.362874833070295,4
SUNPHARMA,2026-03-20,2026-03-23,1777.1,1758.4,195,failed a technical gate (trend/near-high/RSI) -- not in the top 20 at all,-3646.4999999999645,-1.052276180293732,3
GLENMARK,2026-03-20,2026-03-23,2180.1,2089.0,159,failed a technical gate (trend/near-high/RSI) -- not in the top 20 at all,-14484.899999999985,-4.1787073987431755,3
COALINDIA,2026-03-12,2026-03-24,470.1,444.37037857580697,769,stop,-19786.07887520446,-5.473223021525852,12
TATAPOWER,2026-03-23,2026-03-24,386.95,384.75,876,failed a technical gate (trend/near-high/RSI) -- not in the top 20 at all,-1927.19999999999,-0.568548908127664,1
ABB,2026-03-24,2026-03-27,6162.0,6105.0,55,failed a technical gate (trend/near-high/RSI) -- not in the top 20 at all,-3135.0,-0.9250243427458615,3
TATAPOWER,2026-03-25,2026-03-27,390.7,385.7,873,failed a technical gate (trend/near-high/RSI) -- not in the top 20 at all,-4365.0,-1.2797542871768597,2
DELHIVERY,2026-03-25,2026-03-30,430.35,416.7,792,closed below 200 EMA,-10810.800000000027,-3.171836876960621,5
SUNPHARMA,2026-03-27,2026-03-30,1793.6,1757.2,189,failed a technical gate (trend/near-high/RSI) -- not in the top 20 at all,-6879.599999999974,-2.029438001784112,3
GLENMARK,2026-03-27,2026-03-30,2170.5,2131.7,156,failed a technical gate (trend/near-high/RSI) -- not in the top 20 at all,-6052.800000000028,-1.7876065422713694,3
LUPIN,2026-03-20,2026-04-01,2322.5,2274.9,149,failed a technical gate (trend/near-high/RSI) -- not in the top 20 at all,-7092.399999999987,-2.0495156081808408,12
DMART,2026-04-01,2026-04-06,4271.1,4531.608696171838,79,target,20580.1869975752,6.099334976278659,5
OIL,2026-04-02,2026-04-06,480.15,472.2,708,failed a technical gate (trend/near-high/RSI) -- not in the top 20 at all,-5628.599999999992,-1.6557325835676373,4
ADANIPOWER,2026-03-16,2026-04-07,154.06,165.34730417239933,2266,target,25577.031254656886,7.326563788393692,22
GVT&D,2026-04-01,2026-04-07,3798.7,3673.2,89,failed a technical gate (trend/near-high/RSI) -- not in the top 20 at all,-11169.5,-3.303761813251904,6
DELHIVERY,2026-04-01,2026-04-08,431.4,461.2845464713911,786,target,23489.253526513407,6.927340396706327,7
COALINDIA,2026-04-02,2026-04-08,449.35,449.25,757,failed a technical gate (trend/near-high/RSI) -- not in the top 20 at all,-75.70000000001721,-0.022254367419616283,6
BSE,2026-04-06,2026-04-09,2982.3,3219.44412632497,114,target,27034.430401046564,7.951719355026987,3
ONGC,2026-03-27,2026-04-09,281.95,288.6,1206,dropped out of top 20 rank (now #23 of 42),8019.9000000000415,2.358574215286402,13
ADANIPOWER,2026-04-07,2026-04-10,163.36,175.4999974033787,2098,target,25469.714552288482,7.431438175427707,3
AUROPHARMA,2026-03-13,2026-04-15,1296.5,1373.7175467674945,272,target,21003.172720758495,5.955846260508646,33
NMDC,2026-04-07,2026-04-15,81.74,87.16471823991016,4194,target,22751.268298183226,6.636552776988203,8
ABB,2026-04-08,2026-04-15,6565.0,6982.134158696715,52,target,21690.97625222916,6.353909500330768,7
NATIONALUM,2026-04-01,2026-04-16,399.45,434.6975395564366,849,target,29925.161083414678,8.824017913740544,15
ADANIPOWER,2026-04-10,2026-04-16,175.81,188.52868596764685,2016,target,25640.870910776048,7.234335912432077,6
DMART,2026-04-06,2026-04-16,4551.3,4428.3,75,dropped out of top 20 rank (now #23 of 70),-9225.0,-2.7025245534243014,10
BSE,2026-04-09,2026-04-17,3257.4,3510.5586171778277,107,target,27087.972038027558,7.7718001221166455,8
ANGELONE,2026-04-09,2026-04-17,281.8,305.5761541460657,1239,target,29458.654986975358,8.437244196616621,8
INDIANB,2026-04-08,2026-04-17,936.55,919.85,369,dropped out of top 20 rank (now #25 of 78),-6162.299999999975,-1.7831402487854309,9
ABB,2026-04-15,2026-04-20,6873.0,7286.115829512101,52,target,21482.023134629268,6.010706089220164,5
NAM-INDIA,2026-04-15,2026-04-21,951.55,1035.9464288456556,380,target,32070.642961349164,8.869363548489906,6
ADANIENSOL,2026-04-16,2026-04-22,1222.6,1320.2951307841415,297,target,29015.45384289006,7.990768099471746,6
ABB,2026-04-20,2026-04-22,7158.0,7589.926558833122,52,target,22460.181059322334,6.034179363413261,2
GVT&D,2026-04-09,2026-04-23,3911.3,4339.421941562874,89,target,38102.852799095774,10.94577101124623,14
NMDC,2026-04-15,2026-04-29,87.17,92.50978630453636,4158,target,22202.83145426219,6.125715618373717,14
BHEL,2026-04-22,2026-04-29,333.64,356.98899283590083,1143,target,26687.898811434665,6.998259452074351,7
NATIONALUM,2026-04-16,2026-04-30,432.7,400.8600990563816,840,stop,-26745.516792639435,-7.35842406831948,14
BSE,2026-04-17,2026-05-05,3531.5,3774.181255666923,105,target,25481.531845026904,6.871903034600679,18
CUMMINSIND,2026-04-16,2026-05-07,5038.2,5366.320169446792,72,target,23624.65220016901,6.512646767631125,21
BHEL,2026-05-05,2026-05-07,374.95,403.9961391044041,1030,target,29917.523277536242,7.74666998383895,2
CGPOWER,2026-04-22,2026-05-11,824.35,877.4233874942502,462,target,24519.905022343566,6.438210407502898,19
NMDC,2026-04-29,2026-05-11,91.73,86.73480463370689,4195,stop,-20954.844561599628,-5.445541661717124,12
SIEMENS,2026-04-17,2026-05-11,3707.9,3605.6,100,failed a technical gate (trend/near-high/RSI) -- not in the top 20 at all,-10230.000000000018,-2.7589740823646847,24
GVT&D,2026-04-23,2026-05-12,4496.4,4233.513680237785,84,stop,-22082.450860026056,-5.8465954933327735,19
CAMS,2026-05-07,2026-05-12,835.9,782.3819883941286,474,stop,-25367.537501183033,-6.402441871739606,5
ANGELONE,2026-04-17,2026-05-12,322.47,299.1,1156,failed a technical gate (trend/near-high/RSI) -- not in the top 20 at all,-27015.720000000005,-7.247185784724164,25
ADANIENSOL,2026-04-30,2026-05-12,1342.25,1284.3,282,failed a technical gate (trend/near-high/RSI) -- not in the top 20 at all,-16341.900000000012,-4.317377537716527,12
HAL,2026-05-07,2026-05-13,4782.1,4547.120534240256,82,stop,-19268.31619229901,-4.913729653494158,6
BAJAJ-AUTO,2026-05-12,2026-05-13,10397.0,10262.0,35,dropped out of top 20 rank (now #25 of 55),-4725.0,-1.2984514763874189,1
OFSS,2026-05-11,2026-05-14,9239.5,8730.12060712311,41,stop,-20884.555107952492,-5.513062318057149,3
ADANIGREEN,2026-05-12,2026-05-14,1308.0,1411.0081176020558,285,target,29357.3135165859,7.875238348781033,2
CGPOWER,2026-05-12,2026-05-18,833.7,808.75,447,failed a technical gate (trend/near-high/RSI) -- not in the top 20 at all,-11152.65000000002,-2.992683219383474,6
BSE,2026-05-11,2026-05-19,3918.0,4136.434138106531,98,target,21406.545534439996,5.575143902667956,8
OFSS,2026-05-18,2026-05-19,9408.5,9959.227531533437,40,target,22029.10126133749,5.853510458983235,1
NAM-INDIA,2026-04-21,2026-05-20,1055.35,1103.0,355,time_stop_20d,16915.750000000033,4.515089780641501,29
NMDC,2026-05-13,2026-05-20,91.11,88.48,4141,failed a technical gate (trend/near-high/RSI) -- not in the top 20 at all,-10890.829999999982,-2.8866205685435187,7
ADANIGREEN,2026-05-14,2026-05-22,1414.9,1362.3,271,dropped out of top 20 rank (now #21 of 53),-14254.600000000037,-3.7175772139373953,8
ADANIPOWER,2026-05-11,2026-05-26,222.03,237.90521236357554,1741,target,27638.74472498502,7.150030339852975,15
ADANIENT,2026-05-14,2026-05-26,2712.9,2895.551386940927,141,target,25753.845558670684,6.732698844075591,12
BHEL,2026-05-12,2026-05-27,391.75,421.93897097654906,951,target,28709.711398698153,7.7061827636372815,15
BSE,2026-05-19,2026-05-27,4190.8,4435.53865674058,90,target,22026.479106652216,5.83990304334685,8
OFSS,2026-05-19,2026-05-27,9646.0,10241.746993566763,39,target,23234.132749103766,6.1761040179013404,8
MCX,2026-05-19,2026-05-27,3414.7,3204.2999323199642,111,stop,-23354.40751248395,-6.161597436964761,8
GVT&D,2026-05-20,2026-05-27,4679.4,5097.538597971238,81,target,33869.22643567032,8.935731033278604,7
PNBHOUSING,2026-04-29,2026-05-29,1053.05,1030.5,365,time_stop_20d,-8230.749999999984,-2.1413987939793877,30
POLYCAB,2026-05-22,2026-05-29,9263.5,9722.57249507376,40,target,18362.899802950415,4.955713230137215,7
NMDC,2026-05-26,2026-05-29,90.67,87.99,4334,failed a technical gate (trend/near-high/RSI) -- not in the top 20 at all,-11615.12000000003,-2.9557736847910077,3
BSE,2026-05-27,2026-06-02,4248.4,3997.982598900736,93,stop,-23288.81830223153,-5.89439320919084,6
GVT&D,2026-05-27,2026-06-02,5097.7,4673.89304669086,77,stop,-32633.135404803797,-8.31368957194696,6
BHEL,2026-05-27,2026-06-04,422.35,396.6174052355061,939,stop,-24162.90648385978,-6.0927180690171445,8
SAIL,2026-05-29,2026-06-05,204.37,190.89846972058592,1907,stop,-25690.208242842655,-6.591735714348523,7
ADANIPOWER,2026-05-26,2026-06-08,244.53,226.73407491192978,1607,stop,-28598.051616528843,-7.277604010988514,13
NMDC,2026-06-02,2026-06-08,95.31,89.31408644924116,4038,stop,-24211.498917964207,-6.290959553833641,6
NAM-INDIA,2026-05-20,2026-06-08,1103.0,1055.2,346,failed a technical gate (trend/near-high/RSI) -- not in the top 20 at all,-16538.799999999985,-4.333635539437896,19
GVT&D,2026-06-04,2026-06-08,5086.5,4744.0,75,failed a technical gate (trend/near-high/RSI) -- not in the top 20 at all,-25687.5,-6.733510272289389,4
OFSS,2026-05-27,2026-06-09,10299.5,9676.773026748131,38,stop,-23663.62498357102,-6.046186448389424,13
GVT&D,2026-06-09,2026-06-11,4931.0,4735.0,75,failed a technical gate (trend/near-high/RSI) -- not in the top 20 at all,-14700.0,-3.974852970999798,2
PREMIERENE,2026-06-08,2026-06-12,1090.5,1034.6,340,failed a technical gate (trend/near-high/RSI) -- not in the top 20 at all,-19006.00000000003,-5.126088950022933,4
POLYCAB,2026-06-11,2026-06-17,9372.0,9819.690520358421,38,target,17012.23977362,4.7768941566199485,6
ADANIENSOL,2026-05-29,2026-06-17,1513.3,1491.0,257,dropped out of top 20 rank (now #24 of 65),-5731.0999999999885,-1.4736007401044082,19
ZYDUSLIFE,2026-06-08,2026-06-17,1087.6,1061.4,340,failed a technical gate (trend/near-high/RSI) -- not in the top 20 at all,-8907.999999999938,-2.4089738874586097,9
GVT&D,2026-06-12,2026-06-19,4942.5,5406.919335115965,74,target,34367.030798581385,9.396445829356903,7
LAURUSLABS,2026-06-08,2026-06-23,1404.7,1472.863927642284,263,target,17927.112969920654,4.852561233166064,15
GVT&D,2026-06-19,2026-06-24,5533.5,5045.111467332786,68,stop,-33210.42022137057,-8.826032938776807,5
CGPOWER,2026-05-27,2026-06-24,934.8,919.45,424,failed a technical gate (trend/near-high/RSI) -- not in the top 20 at all,-6508.399999999961,-1.6420624732563005,28
CUMMINSIND,2026-06-08,2026-06-24,5610.5,5555.5,66,failed a technical gate (trend/near-high/RSI) -- not in the top 20 at all,-3630.0,-0.9803047856697278,16
SUZLON,2026-06-17,2026-06-25,59.27,57.14,6237,failed a technical gate (trend/near-high/RSI) -- not in the top 20 at all,-13284.810000000016,-3.5937236375906956,8
ANGELONE,2026-06-17,2026-06-25,348.7,335.25,1060,failed a technical gate (trend/near-high/RSI) -- not in the top 20 at all,-14256.999999999987,-3.8571838256380775,8
ADANIENT,2026-05-29,2026-06-29,2937.4,2962.5,132,time_stop_20d,3313.199999999988,0.8544971743718932,31
GVT&D,2026-06-24,2026-06-29,5052.5,4956.5,72,failed a technical gate (trend/near-high/RSI) -- not in the top 20 at all,-6912.0,-1.9000494804552237,5
FEDERALBNK,2026-06-25,2026-06-29,324.05,324.05,1135,dropped out of top 20 rank (now #25 of 62),0.0,0.0,4
ADANIGREEN,2026-06-05,2026-06-30,1525.7,1492.2,250,dropped out of top 20 rank (now #22 of 66),-8375.0,-2.1957134430097613,25
ADANIENT,2026-06-29,2026-07-01,2962.5,3133.1414988990336,124,target,21159.545863480173,5.760050595747979,2
OFSS,2026-06-24,2026-07-02,10468.5,11144.585663829734,35,target,23662.99823404068,6.458285941918462,8
CGPOWER,2026-06-25,2026-07-03,942.1,897.0961271009405,390,stop,-17551.510430633207,-4.776974089699559,8
BHEL,2026-06-29,2026-07-03,413.75,385.6890708066307,890,stop,-24974.22698209868,-6.7820976902403185,4
SUZLON,2026-06-30,2026-07-03,58.9,56.87,6263,failed a technical gate (trend/near-high/RSI) -- not in the top 20 at all,-12713.890000000007,-3.446519524617997,3
LTF,2026-07-02,2026-07-06,315.25,333.1126570895871,1181,target,21095.798022802384,5.666187815888057,4
LTF,2026-07-06,2026-07-08,335.6,316.7668926115295,1108,stop,-20867.08298642534,-5.611772165813623,2
MOTILALOFS,2026-06-24,2026-07-08,935.15,909.6,393,failed a technical gate (trend/near-high/RSI) -- not in the top 20 at all,-10041.149999999981,-2.732182002887229,14
ABCAPITAL,2026-07-03,2026-07-08,401.25,385.75,925,dropped out of top 20 rank (now #21 of 49),-14337.5,-3.8629283489096555,5
ADANIENT,2026-07-01,2026-07-09,3143.6,3083.6,118,dropped out of top 20 rank (now #26 of 51),-7080.0,-1.908639776052934,8
LAURUSLABS,2026-06-23,2026-07-13,1481.0,1557.5093239258515,251,target,19203.840305388727,5.166058333953516,20
OFSS,2026-07-02,2026-07-13,10986.0,11716.974977651302,33,target,24122.174262492957,6.653695409168958,11
PHOENIXLTD,2026-07-03,2026-07-13,2047.6,2155.8548030398415,181,target,19594.119350211327,5.286911654612303,10
NAM-INDIA,2026-06-17,2026-07-16,1153.7,1151.5,320,time_stop_20d,-704.0000000000146,-0.1906908208373137,29
AUROPHARMA,2026-07-09,2026-07-17,1587.4,1533.4,231,failed a technical gate (trend/near-high/RSI) -- not in the top 20 at all,-12474.0,-3.401789089076479,8
LTF,2026-07-08,2026-07-20,314.3,305.85,1143,failed a technical gate (trend/near-high/RSI) -- not in the top 20 at all,-9658.349999999988,-2.6885141584473415,12
OFSS,2026-07-13,2026-07-22,11746.0,11010.018845956138,31,stop,-22815.415775359732,-6.265802435244872,9
LICI,2026-06-29,2026-07-22,431.25,423.3,853,failed a technical gate (trend/near-high/RSI) -- not in the top 20 at all,-6781.34999999999,-1.8434782608695577,23
ZYDUSLIFE,2026-07-08,2026-07-22,1148.0,1126.3,313,failed a technical gate (trend/near-high/RSI) -- not in the top 20 at all,-6792.100000000014,-1.890243902439026,14
LUPIN,2026-07-08,2026-07-22,2459.0,2406.9,146,failed a technical gate (trend/near-high/RSI) -- not in the top 20 at all,-7606.599999999987,-2.1187474583163834,14
PNBHOUSING,2026-07-13,2026-07-22,1122.3,1082.3,329,dropped out of top 20 rank (now #21 of 52),-13160.0,-3.5641094181591337,9
PHOENIXLTD,2026-07-13,2026-07-23,2154.0,2030.7334397224563,171,stop,-21078.581807459974,-5.722681535633411,10
PIDILITIND,2026-07-22,2026-07-23,1608.6,1564.2,221,failed a technical gate (trend/near-high/RSI) -- not in the top 20 at all,-9812.39999999997,-2.7601641178664593,1
BHEL,2026-07-16,2026-07-24,435.4,403.83182944334754,837,stop,-26422.558755918086,-7.250383683199912,8
BAJFINANCE,2026-07-17,2026-07-24,1056.3,1007.0003161440566,341,stop,-16811.192194876694,-4.667204757733923,7
LAURUSLABS,2026-07-13,2026-07-27,1558.6,1647.7569852617714,237,target,21130.205507039853,5.720324987923231,14
BHEL,2026-07-24,2026-07-28,417.3,405.75,837,failed a technical gate (trend/near-high/RSI) -- not in the top 20 at all,-9667.35000000001,-2.7677929547088476,4
PHOENIXLTD,2026-07-27,2026-07-28,2036.6,2023.2,172,failed a technical gate (trend/near-high/RSI) -- not in the top 20 at all,-2304.7999999999765,-0.6579593440047105,1
DIVISLAB,2026-07-22,2026-07-29,7386.5,7688.703288221581,48,target,14505.757834635879,4.091292062838714,7
KALYANKJIL,2026-07-23,2026-07-29,585.6,634.5315918535067,602,target,29456.818295811026,8.355804619792817,6
TORNTPHARM,2026-07-20,2026-07-29,5005.4,4878.5,72,failed a technical gate (trend/near-high/RSI) -- not in the top 20 at all,-9136.799999999974,-2.5352619171294943,9
SONACOMS,2026-07-22,2026-07-30,726.5,763.2402672508101,490,target,18002.73095289696,5.057159979464565,8
ALKEM,2026-07-24,2026-07-30,5633.5,5877.250308341115,62,target,15112.519117149115,4.326800538583742,6
BIOCON,2026-07-22,2026-07-30,437.95,425.35,813,failed a technical gate (trend/near-high/RSI) -- not in the top 20 at all,-10243.799999999972,-2.8770407580773982,8
LAURUSLABS,2026-07-27,2026-07-31,1713.4,1806.7707164247042,205,target,19140.99686706435,5.44944066912012,4
MANKIND,2026-07-29,2026-07-31,2592.7,2460.108898970695,137,stop,-18164.98084101476,-5.114016316168657,2
BAJAJ-AUTO,2026-07-23,2026-08-03,11283.5,11785.419826782587,31,target,15559.514630260192,4.4482636308112555,11
DIVISLAB,2026-07-29,2026-08-03,7784.5,8122.994032422605,45,target,15232.231459017243,4.348307950704666,5
ALKEM,2026-07-30,2026-08-04,5816.5,5608.0,61,failed a technical gate (trend/near-high/RSI) -- not in the top 20 at all,-12718.5,-3.5846299320897446,5
GODREJPROP,2026-07-30,2026-08-04,2110.9,2033.6,170,failed a technical gate (trend/near-high/RSI) -- not in the top 20 at all,-13141.000000000031,-3.6619451418826166,5
KALYANKJIL,2026-07-29,2026-08-05,628.6,577.3401969250311,568,stop,-29115.56814658233,-8.15459800747198,7
SONACOMS,2026-07-30,2026-08-05,763.75,806.9266715410638,472,target,20379.38896738211,5.653246682954349,6
TORNTPHARM,2026-07-31,2026-08-05,5122.8,5000.0,69,dropped out of top 20 rank (now #22 of 73),-8473.200000000012,-2.3971265714062606,5
LODHA,2026-07-28,2026-08-07,1301.4,1205.2705728022672,271,stop,-26051.07477058561,-7.386616505127774,10
BAJFINANCE,2026-07-31,2026-08-07,1141.2,1081.270698804315,313,stop,-18757.87127424939,-5.251428425839899,7
KALYANKJIL,2026-08-05,2026-08-07,569.5,620.7058206088134,626,target,32054.843701117177,8.991364461600249,2
BAJAJFINSV,2026-08-05,2026-08-07,2086.0,1993.284210876281,171,stop,-15854.399940155967,-4.444668701999954,2
COFORGE,2026-07-29,2026-08-11,1714.9,1835.332276834088,208,target,25049.913581490266,7.02269968126934,13
NAUKRI,2026-08-03,2026-08-11,1268.8,1342.6310928614628,283,target,20894.19927979398,5.81897011833723,8
OFSS,2026-08-04,2026-08-13,11600.0,11420.0,30,failed a technical gate (trend/near-high/RSI) -- not in the top 20 at all,-5400.0,-1.551724137931032,9
ABB,2026-08-07,2026-08-13,7600.0,7710.0,46,dropped out of top 20 rank (now #22 of 67),5060.0,1.4473684210526416,6
BAJAJ-AUTO,2026-08-03,2026-08-19,11856.0,11645.0,30,dropped out of top 20 rank (now #22 of 56),-6330.0,-1.7796896086369807,16
LODHA,2026-08-07,2026-08-21,1218.7,1242.0,290,dropped out of top 20 rank (now #21 of 60),6756.999999999987,1.91187330762288,14
PIDILITIND,2026-08-13,2026-08-21,1696.1,1649.0,211,failed a technical gate (trend/near-high/RSI) -- not in the top 20 at all,-9938.09999999998,-2.776958905724891,8
