symbol,entry_date,exit_date,entry_price,exit_price,qty,reason,pnl,ret_pct,holding_days
HINDALCO,2021-01-04,2021-01-12,254.3,264.35,393,dropped out of top 20 rank (now #21 of 113),3949.6500000000046,3.9520251671254503,8
SAIL,2021-01-12,2021-01-14,75.9,68.85505903831358,1372,stop,-9665.65899943377,-9.281872149784476,2
OBEROIRLTY,2021-01-04,2021-01-15,590.1,559.6,169,failed a technical gate (trend/near-high/RSI) -- not in the top 20 at all,-5154.5,-5.168615488900185,11
TATASTEEL,2021-01-04,2021-01-18,64.2,61.61,1557,failed a technical gate (trend/near-high/RSI) -- not in the top 20 at all,-4032.630000000005,-4.034267912772593,14
DIXON,2021-01-04,2021-01-22,2754.6,2765.3903905608463,36,stop,388.45406019047005,0.3917225935107238,18
JINDALSTEL,2021-01-04,2021-01-22,287.7,281.65,347,failed a technical gate (trend/near-high/RSI) -- not in the top 20 at all,-2099.350000000004,-2.102884949600281,18
VEDL,2021-01-15,2021-01-22,74.2,69.3,1403,failed a technical gate (trend/near-high/RSI) -- not in the top 20 at all,-6874.700000000008,-6.60377358490567,7
KPITTECH,2021-01-04,2021-01-25,145.45,129.1335667925739,687,stop,-11209.389613501722,-11.217898389430104,21
PERSISTENT,2021-01-04,2021-01-25,759.9,747.9022559601084,131,stop,-1571.7044692257978,-1.5788582760746905,21
ASHOKLEY,2021-01-22,2021-01-27,58.65,53.76149030897642,1732,stop,-8466.898784852838,-8.335054886655724,5
DLF,2021-01-18,2021-01-27,277.15,258.75,369,failed a technical gate (trend/near-high/RSI) -- not in the top 20 at all,-6789.599999999991,-6.63900414937758,9
MPHASIS,2021-01-25,2021-01-27,1466.7,1461.6,67,failed a technical gate (trend/near-high/RSI) -- not in the top 20 at all,-341.70000000000914,-0.3477193700143322,2
KPITTECH,2021-01-25,2021-01-28,133.65,132.95,743,failed a technical gate (trend/near-high/RSI) -- not in the top 20 at all,-520.1000000000126,-0.5237560793116436,3
WIPRO,2021-01-22,2021-01-29,212.55,199.04750555654957,478,stop,-6454.192343969313,-6.352620298024203,7
APLAPOLLO,2021-01-04,2021-01-29,445.5,453.3,224,failed a technical gate (trend/near-high/RSI) -- not in the top 20 at all,1747.2000000000025,1.7508417508417473,25
ADANIENT,2021-01-04,2021-01-29,479.4,491.2,208,failed a technical gate (trend/near-high/RSI) -- not in the top 20 at all,2454.4000000000024,2.461410095953287,25
ASHOKLEY,2021-01-27,2021-01-29,55.1,52.9,1809,failed a technical gate (trend/near-high/RSI) -- not in the top 20 at all,-3979.800000000005,-3.9927404718693382,2
IDFCFIRSTB,2021-01-22,2021-02-01,49.5,44.40836761775664,2052,stop,-10448.029648363377,-10.286126024734067,10
CROMPTON,2021-01-27,2021-02-01,428.05,416.45,232,dropped out of top 20 rank (now #33 of 44),-2691.2000000000053,-2.709963789276959,5
ASTRAL,2021-01-29,2021-02-01,970.55,974.15,101,dropped out of top 20 rank (now #23 of 44),363.6000000000023,0.3709237030549817,3
RVNL,2021-01-29,2021-02-02,31.3,29.65,3139,failed a technical gate (trend/near-high/RSI) -- not in the top 20 at all,-5179.350000000007,-5.271565495207675,4
IEX,2021-01-29,2021-02-03,82.1,84.1,1197,dropped out of top 20 rank (now #23 of 62),2394.0,2.436053593179044,5
CUMMINSIND,2021-02-01,2021-02-12,730.0,753.75,136,dropped out of top 20 rank (now #22 of 99),3230.0,3.253424657534243,11
ASHOKLEY,2021-02-03,2021-02-12,64.75,61.65,1612,dropped out of top 20 rank (now #21 of 99),-4997.200000000003,-4.787644787644785,9
VOLTAS,2021-02-12,2021-02-16,1079.2,1037.65,102,dropped out of top 20 rank (now #23 of 94),-4238.099999999995,-3.8500741289844265,4
SHRIRAMFIN,2021-02-01,2021-02-18,266.4,287.75,375,dropped out of top 20 rank (now #23 of 99),8006.250000000008,8.01426426426428,17
TATAELXSI,2021-01-04,2021-02-22,1881.1,2666.8,53,failed a technical gate (trend/near-high/RSI) -- not in the top 20 at all,41642.10000000001,41.76811440114827,49
TMPV,2021-01-27,2021-02-22,184.15,209.65,541,failed a technical gate (trend/near-high/RSI) -- not in the top 20 at all,13795.5,13.847407005158828,26
DLF,2021-02-02,2021-02-22,294.5,294.1,349,failed a technical gate (trend/near-high/RSI) -- not in the top 20 at all,-139.59999999999206,-0.13582342954159277,20
UNOMINDA,2021-01-29,2021-02-23,228.25,271.7,430,dropped out of top 20 rank (now #21 of 78),18683.499999999996,19.03614457831324,25
SBIN,2021-02-22,2021-03-05,389.5,383.65,281,failed a technical gate (trend/near-high/RSI) -- not in the top 20 at all,-1643.8500000000063,-1.5019255455712477,11
DIXON,2021-02-16,2021-03-08,3724.1,3801.2,29,dropped out of top 20 rank (now #22 of 88),2235.8999999999974,2.0702988641550846,20
MAHABANK,2021-02-22,2021-03-16,21.75,21.061171981031173,5045,stop,-3475.137355697734,-3.167025374569321,22
IDFCFIRSTB,2021-02-01,2021-03-17,46.6,60.9,2144,failed a technical gate (trend/near-high/RSI) -- not in the top 20 at all,30659.199999999993,30.686695278969943,44
ADANIPORTS,2021-02-12,2021-03-17,616.6,688.25,178,failed a technical gate (trend/near-high/RSI) -- not in the top 20 at all,12753.699999999995,11.6201751540707,33
PGEL,2021-01-28,2021-03-18,16.5,40.75,5955,stop,144408.75,146.96969696969697,49
ASTRAL,2021-03-17,2021-03-18,1388.15,1288.8786177392099,88,stop,-8735.88163894954,-7.151344037805007,1
TATAELXSI,2021-03-17,2021-03-18,2756.95,2674.7,44,failed a technical gate (trend/near-high/RSI) -- not in the top 20 at all,-3619.0,-2.9833693030341557,1
ABCAPITAL,2021-02-23,2021-03-19,112.8,120.8,980,failed a technical gate (trend/near-high/RSI) -- not in the top 20 at all,7840.0,7.092198581560294,24
PGEL,2021-03-18,2021-03-19,40.75,38.7,2978,failed a technical gate (trend/near-high/RSI) -- not in the top 20 at all,-6104.899999999991,-5.03067484662576,1
NMDC,2021-03-18,2021-03-22,15.9,15.45,7632,failed a technical gate (trend/near-high/RSI) -- not in the top 20 at all,-3434.4000000000083,-2.8301886792452935,4
DIXON,2021-03-18,2021-03-23,4240.3,3860.2401073394785,28,stop,-10641.676994494606,-8.963042536153608,5
HINDALCO,2021-03-05,2021-03-24,337.85,317.75,360,failed a technical gate (trend/near-high/RSI) -- not in the top 20 at all,-7236.000000000008,-5.9493858221104094,19
PGEL,2021-03-23,2021-03-24,40.8,38.75,3037,failed a technical gate (trend/near-high/RSI) -- not in the top 20 at all,-6225.849999999991,-5.024509803921562,1
AUBANK,2021-03-22,2021-03-25,611.45,575.25,199,failed a technical gate (trend/near-high/RSI) -- not in the top 20 at all,-7203.800000000009,-5.920353258647482,3
APLAPOLLO,2021-03-19,2021-04-05,627.3,617.75,193,failed a technical gate (trend/near-high/RSI) -- not in the top 20 at all,-1843.1499999999912,-1.522397576916934,17
VEDL,2021-02-22,2021-04-12,88.0,95.66412762657708,1247,stop,9557.167150341624,8.709235939292137,49
ADANIENSOL,2021-03-08,2021-04-12,793.9,939.3695646157512,157,stop,22838.72164467294,18.323411590345295,35
ADANIENT,2021-03-17,2021-04-12,847.2,1029.546745958861,145,stop,26440.278164034844,21.52345915472864,26
IEX,2021-02-22,2021-04-12,98.4,112.6,1115,failed a technical gate (trend/near-high/RSI) -- not in the top 20 at all,15832.999999999987,14.430894308943088,49
CGPOWER,2021-03-24,2021-04-15,68.0,68.16624295810401,1787,stop,297.07616613186093,0.24447493838823942,22
ADANIPOWER,2021-04-05,2021-04-19,18.75,17.5,6842,failed a technical gate (trend/near-high/RSI) -- not in the top 20 at all,-8552.5,-6.666666666666665,14
JSWSTEEL,2021-03-19,2021-05-14,440.55,679.5473609180804,275,stop,65724.2742524721,54.24976981456824,56
JINDALSTEL,2021-04-12,2021-05-14,389.0,431.9144246745226,332,stop,14247.5889919415,11.031985777512233,32
SAIL,2021-04-12,2021-05-14,84.7,124.89891524802613,1527,stop,61383.74358373589,47.46034858090451,32
HINDALCO,2021-04-15,2021-05-14,353.55,374.0346290232858,374,stop,7661.251254708881,5.793983601551633,29
SAIL,2021-05-14,2021-05-20,127.15,121.45,1189,failed a technical gate (trend/near-high/RSI) -- not in the top 20 at all,-6777.300000000004,-4.482894219425882,6
TATASTEEL,2021-04-12,2021-05-24,79.69,103.22740288094701,1623,stop,38201.204875777,29.536206400987595,42
JSWSTEEL,2021-05-14,2021-05-24,707.1,681.45,213,failed a technical gate (trend/near-high/RSI) -- not in the top 20 at all,-5463.449999999995,-3.6274925753075893,10
TATASTEEL,2021-05-24,2021-05-26,103.19,102.22,1534,failed a technical gate (trend/near-high/RSI) -- not in the top 20 at all,-1487.9799999999982,-0.9400135672061216,2
VEDL,2021-05-14,2021-05-27,120.9,118.65,1251,failed a technical gate (trend/near-high/RSI) -- not in the top 20 at all,-2814.75,-1.8610421836228297,13
NMDC,2021-05-20,2021-06-08,21.65,21.6,7217,failed a technical gate (trend/near-high/RSI) -- not in the top 20 at all,-360.8499999999795,-0.2309468822170757,19
NATIONALUM,2021-05-14,2021-06-09,69.86,68.98,2165,failed a technical gate (trend/near-high/RSI) -- not in the top 20 at all,-1905.1999999999903,-1.2596621815058606,26
JSWSTEEL,2021-06-08,2021-06-09,707.5,697.85,236,failed a technical gate (trend/near-high/RSI) -- not in the top 20 at all,-2277.3999999999946,-1.3639575971731377,1
ADANIENT,2021-04-12,2021-06-14,1041.6,1397.5,124,stop,44131.60000000001,34.168586789554546,63
BHEL,2021-05-26,2021-06-14,72.5,66.77889559704344,2131,stop,-12191.67348270042,-7.891178486836625,19
ADANIENSOL,2021-04-19,2021-06-15,1012.6,1446.4,130,failed a technical gate (trend/near-high/RSI) -- not in the top 20 at all,56394.00000000001,42.84021331226546,57
ADANIENT,2021-06-14,2021-06-16,1455.6,1404.1,112,failed a technical gate (trend/near-high/RSI) -- not in the top 20 at all,-5768.0,-3.5380599065677365,2
TATASTEEL,2021-06-15,2021-06-17,111.26,103.90716173259997,1470,stop,-10808.672253078046,-6.60869878428908,2
OFSS,2021-06-16,2021-06-17,3260.0,3148.0,49,failed a technical gate (trend/near-high/RSI) -- not in the top 20 at all,-5488.0,-3.435582822085892,1
SAIL,2021-06-14,2021-06-18,137.3,125.29058682534118,1194,stop,-14339.239330542645,-8.7468413508076,4
TATAELXSI,2021-05-27,2021-06-18,3604.25,3639.95,43,failed a technical gate (trend/near-high/RSI) -- not in the top 20 at all,1535.0999999999922,0.9904973295415065,22
CDSL,2021-06-18,2021-06-22,492.45,461.7918215170093,321,stop,-9841.275293040017,-6.22564290445542,4
BSE,2021-06-09,2021-06-24,101.5,98.0,1632,failed a technical gate (trend/near-high/RSI) -- not in the top 20 at all,-5712.0,-3.4482758620689613,15
ADANIENT,2021-06-22,2021-07-01,1494.6,1444.8,106,failed a technical gate (trend/near-high/RSI) -- not in the top 20 at all,-5278.799999999996,-3.3319951826575656,9
APLAPOLLO,2021-06-17,2021-07-09,782.2,771.85,205,failed a technical gate (trend/near-high/RSI) -- not in the top 20 at all,-2121.7500000000045,-1.323190999744317,22
KPITTECH,2021-03-24,2021-07-13,171.95,246.95,707,failed a technical gate (trend/near-high/RSI) -- not in the top 20 at all,53025.0,43.6173306193661,111
SUZLON,2021-07-01,2021-07-14,7.7,7.244112793237431,21913,stop,-9989.856361788185,-5.920613074838565,13
KEI,2021-06-18,2021-07-16,702.1,710.95,225,dropped out of top 20 rank (now #24 of 81),1991.250000000005,1.2605042016806678,28
LAURUSLABS,2021-06-24,2021-07-22,625.8,653.6,252,failed a technical gate (trend/near-high/RSI) -- not in the top 20 at all,7005.600000000017,4.442313838286993,28
TATAELXSI,2021-07-13,2021-07-27,4307.65,4175.75,38,failed a technical gate (trend/near-high/RSI) -- not in the top 20 at all,-5012.199999999986,-3.0619943588731546,14
MOTILALOFS,2021-07-22,2021-07-30,269.95,241.82358423492022,639,stop,-17972.779673885972,-10.41912049086119,8
COFORGE,2021-06-09,2021-08-04,769.5,940.0373492923135,215,stop,36665.5300978474,22.162098673465035,56
NATIONALUM,2021-07-09,2021-08-09,83.57,83.17420124376115,1986,stop,-786.0563298903496,-0.4736134453019569,31
BSE,2021-07-30,2021-08-10,139.0,123.8666681088108,1338,stop,-20248.39807041115,-10.88728913035194,11
PRESTIGE,2021-08-04,2021-08-11,368.2,339.84086198105996,497,stop,-14094.491595413194,-7.702101580374809,7
VEDL,2021-08-11,2021-08-17,146.05,135.30272194518668,1202,stop,-12918.228221885629,-7.358629274093353,6
TATASTEEL,2021-07-16,2021-08-20,121.42,131.36693810821885,1400,stop,13925.713351506383,8.192174360252725,35
INOXWIND,2021-08-09,2021-08-20,33.02,29.28,5490,failed a technical gate (trend/near-high/RSI) -- not in the top 20 at all,-20532.60000000001,-11.326468806783774,11
JSWENERGY,2021-03-25,2021-08-23,83.65,225.1,1420,failed a technical gate (trend/near-high/RSI) -- not in the top 20 at all,200858.99999999997,169.09742976688582,151
KPITTECH,2021-08-10,2021-08-24,303.2,308.8275440615503,585,stop,3292.113276006948,1.8560501522263628,14
KPITTECH,2021-08-24,2021-09-16,315.1,325.2,557,failed a technical gate (trend/near-high/RSI) -- not in the top 20 at all,5625.699999999981,3.205331640748965,23
OFSS,2021-07-14,2021-09-20,3684.0,4196.5,45,failed a technical gate (trend/near-high/RSI) -- not in the top 20 at all,23062.5,13.911509229098806,68
ADANIENSOL,2021-09-20,2021-09-21,1729.35,1642.9,111,failed a technical gate (trend/near-high/RSI) -- not in the top 20 at all,-9595.949999999979,-4.998988059097343,1
APOLLOHOSP,2021-08-20,2021-09-24,4746.5,4731.8,37,failed a technical gate (trend/near-high/RSI) -- not in the top 20 at all,-543.8999999999933,-0.3097018855999112,35
HAL,2021-09-21,2021-09-24,679.6,670.7,283,failed a technical gate (trend/near-high/RSI) -- not in the top 20 at all,-2518.6999999999935,-1.3095938787522021,3
WIPRO,2021-08-23,2021-09-27,300.5,312.55,586,failed a technical gate (trend/near-high/RSI) -- not in the top 20 at all,7061.300000000007,4.009983361064906,35
COFORGE,2021-08-20,2021-09-28,981.5,1035.6279281148863,180,stop,9743.027060679542,5.514816924593613,39
PERSISTENT,2021-05-24,2021-09-28,1214.6,1755.7,130,failed a technical gate (trend/near-high/RSI) -- not in the top 20 at all,70343.00000000001,44.54964597398321,127
MPHASIS,2021-06-17,2021-10-01,1894.9,2836.9,84,failed a technical gate (trend/near-high/RSI) -- not in the top 20 at all,79128.0,49.71238587788274,106
PRESTIGE,2021-09-24,2021-10-14,459.1,453.55,429,failed a technical gate (trend/near-high/RSI) -- not in the top 20 at all,-2380.950000000005,-1.2088869527336121,20
SRF,2021-08-23,2021-10-18,1794.2,2333.3,98,dropped out of top 20 rank (now #25 of 95),52831.80000000001,30.0468175231301,56
OIL,2021-09-28,2021-10-18,155.5,157.05,1229,dropped out of top 20 rank (now #21 of 95),1904.950000000014,0.9967845659164087,20
GODREJPROP,2021-10-14,2021-10-20,2502.75,2277.75101350859,80,stop,-17999.918919312804,-8.990070382235938,6
OBEROIRLTY,2021-09-24,2021-10-20,932.0,882.2,211,failed a technical gate (trend/near-high/RSI) -- not in the top 20 at all,-10507.79999999999,-5.343347639484975,26
TATAELXSI,2021-08-17,2021-10-21,4715.25,5911.1,39,failed a technical gate (trend/near-high/RSI) -- not in the top 20 at all,46638.150000000016,25.361327607231864,65
DLF,2021-09-27,2021-10-21,420.0,407.1,465,failed a technical gate (trend/near-high/RSI) -- not in the top 20 at all,-5998.499999999989,-3.0714285714285694,24
PERSISTENT,2021-10-18,2021-10-22,2064.25,1912.0879787627155,97,stop,-14759.716060016599,-7.371298110077973,4
GMRAIRPORT,2021-10-18,2021-10-25,43.0,38.94022691829002,4679,stop,-18995.678249320983,-9.441332748162734,7
INDUSTOWER,2021-10-01,2021-10-25,304.15,278.1,639,failed a technical gate (trend/near-high/RSI) -- not in the top 20 at all,-16645.94999999997,-8.56485286865032,24
MPHASIS,2021-10-21,2021-10-25,3190.5,3006.4,59,failed a technical gate (trend/near-high/RSI) -- not in the top 20 at all,-10861.899999999994,-5.770255445854877,4
JSWENERGY,2021-09-16,2021-10-27,311.35,366.55,617,failed a technical gate (trend/near-high/RSI) -- not in the top 20 at all,34058.399999999994,17.72924361650874,41
INDHOTEL,2021-09-28,2021-10-28,181.65,191.77994989474877,1052,stop,10656.707289275697,5.576630825625517,30
ONGC,2021-10-25,2021-10-28,145.85,135.55,1286,stop,-13245.799999999977,-7.062050051422686,3
GODREJPROP,2021-10-20,2021-10-28,2309.7,2270.45,84,failed a technical gate (trend/near-high/RSI) -- not in the top 20 at all,-3297.0,-1.6993548945750558,8
GMRAIRPORT,2021-10-25,2021-10-28,40.8,39.75,4599,failed a technical gate (trend/near-high/RSI) -- not in the top 20 at all,-4828.949999999987,-2.5735294117646967,3
OBEROIRLTY,2021-10-25,2021-10-28,908.0,891.75,206,failed a technical gate (trend/near-high/RSI) -- not in the top 20 at all,-3347.5,-1.7896475770925124,3
INDIANB,2021-10-21,2021-10-29,166.3,155.77172356438453,1148,stop,-12086.461348086572,-6.33089382779043,8
BANKBARODA,2021-10-27,2021-10-29,88.95,81.63437804367906,2123,stop,-15531.065413269354,-8.224420411827927,2
MPHASIS,2021-10-28,2021-10-29,3070.6,3037.1,58,failed a technical gate (trend/near-high/RSI) -- not in the top 20 at all,-1943.0,-1.0909919885364383,1
GODFRYPHLP,2021-10-28,2021-11-01,457.0,423.0,396,dropped out of top 20 rank (now #25 of 44),-13464.0,-7.4398249452954035,4
LTM,2021-10-28,2021-11-09,6689.35,6839.65,27,dropped out of top 20 rank (now #21 of 68),4058.0999999999804,2.2468550756052474,12
INDIANB,2021-10-29,2021-11-12,164.3,161.3,1082,failed a technical gate (trend/near-high/RSI) -- not in the top 20 at all,-3246.0,-1.8259281801582428,14
GMRAIRPORT,2021-11-01,2021-11-15,42.25,40.5,4235,failed a technical gate (trend/near-high/RSI) -- not in the top 20 at all,-7411.25,-4.142011834319526,14
BANKBARODA,2021-10-29,2021-11-16,84.2,83.5,2111,failed a technical gate (trend/near-high/RSI) -- not in the top 20 at all,-1477.700000000006,-0.8313539192399078,18
PRESTIGE,2021-11-09,2021-11-17,514.85,468.4813071685027,363,stop,-16831.83549783352,-9.006252856462527,8
ADANIENSOL,2021-10-22,2021-11-17,1809.0,1857.5,104,dropped out of top 20 rank (now #25 of 65),5044.0,2.6810392482034207,26
OBEROIRLTY,2021-11-17,2021-11-18,957.35,921.5,190,failed a technical gate (trend/near-high/RSI) -- not in the top 20 at all,-6811.500000000005,-3.744711965320935,1
TATAELXSI,2021-11-12,2021-11-22,6552.75,6130.137057669176,28,stop,-11833.16238526307,-6.449398227169112,10
INDIGO,2021-11-16,2021-11-22,2364.4,2192.483314270936,77,stop,-13237.58480113795,-7.271049134201668,6
TMPV,2021-10-20,2021-11-22,335.25,334.7,579,failed a technical gate (trend/near-high/RSI) -- not in the top 20 at all,-318.4500000000066,-0.16405667412379143,33
PGEL,2021-10-28,2021-11-22,49.3,49.4,3671,failed a technical gate (trend/near-high/RSI) -- not in the top 20 at all,367.1000000000052,0.20283975659229903,25
PHOENIXLTD,2021-10-29,2021-11-22,482.0,503.0,368,failed a technical gate (trend/near-high/RSI) -- not in the top 20 at all,7728.0,4.356846473029052,24
INDHOTEL,2021-11-15,2021-11-22,216.25,201.95,851,failed a technical gate (trend/near-high/RSI) -- not in the top 20 at all,-12169.30000000001,-6.612716763005788,7
MAZDOCK,2021-11-18,2021-11-22,144.7,136.2,1227,closed below 200 EMA,-10429.5,-5.874222529371109,4
TECHM,2021-11-22,2021-11-24,1448.5,1445.4,117,failed a technical gate (trend/near-high/RSI) -- not in the top 20 at all,-362.69999999998936,-0.21401449775629855,2
COFORGE,2021-11-22,2021-11-24,1085.5,1075.5,157,failed a technical gate (trend/near-high/RSI) -- not in the top 20 at all,-1570.0,-0.9212344541685846,2
PERSISTENT,2021-10-28,2021-11-25,1994.25,2032.15,90,failed a technical gate (trend/near-high/RSI) -- not in the top 20 at all,3411.000000000008,1.900463833521382,28
BLUESTARCO,2021-11-22,2021-11-25,522.3,492.7,327,failed a technical gate (trend/near-high/RSI) -- not in the top 20 at all,-9679.199999999988,-5.66724104920543,3
INDHOTEL,2021-11-24,2021-11-25,206.15,205.55,839,failed a technical gate (trend/near-high/RSI) -- not in the top 20 at all,-503.3999999999952,-0.2910502061605591,1
TIINDIA,2021-11-22,2021-11-26,1719.35,1568.1324051195572,99,stop,-14970.541893163825,-8.795044341201185,4
IEX,2021-11-17,2021-11-26,272.2,250.95,669,failed a technical gate (trend/near-high/RSI) -- not in the top 20 at all,-14216.25,-7.806759735488611,9
TVSMOTOR,2021-11-22,2021-11-26,709.85,676.8,240,failed a technical gate (trend/near-high/RSI) -- not in the top 20 at all,-7932.000000000016,-4.6559132211030585,4
PHOENIXLTD,2021-11-24,2021-11-26,517.7,484.2,334,closed below 200 EMA,-11189.000000000018,-6.4709291095229045,2
PGEL,2021-11-25,2021-11-29,59.25,52.19022805141276,2909,stop,-20536.87659844028,-11.91522691744682,4
KEI,2021-11-22,2021-11-29,1032.6,1000.35,165,failed a technical gate (trend/near-high/RSI) -- not in the top 20 at all,-5321.249999999981,-3.123184195235318,7
ADANIGREEN,2021-11-25,2021-11-30,1405.05,1302.7252601426108,122,stop,-12483.618262601483,-7.282640465278045,5
ADANIENSOL,2021-11-26,2021-11-30,1993.85,1800.4066656589641,83,stop,-16055.79675030597,-9.70200036818396,4
BHARTIARTL,2021-11-26,2021-11-30,738.75,728.25,224,failed a technical gate (trend/near-high/RSI) -- not in the top 20 at all,-2352.0,-1.4213197969543123,4
CIPLA,2021-11-30,2021-12-02,971.3,918.8912422288835,166,stop,-8699.853790005336,-5.395733323495988,2
VEDL,2021-11-25,2021-12-03,166.9,152.25,1032,dropped out of top 20 rank (now #27 of 30),-15118.800000000007,-8.777711204313965,8
APLAPOLLO,2021-11-30,2021-12-03,924.0,925.35,175,dropped out of top 20 rank (now #21 of 30),236.25000000000398,0.14610389610389962,3
TORNTPHARM,2021-11-29,2021-12-06,1518.65,1468.45,106,closed below 200 EMA,-5321.200000000004,-3.30556744477003,7
APOLLOHOSP,2021-11-26,2021-12-09,5687.6,5215.024152646725,29,stop,-13704.699573244978,-8.308879797335877,13
KEI,2021-12-03,2021-12-13,1179.7,1088.7,138,failed a technical gate (trend/near-high/RSI) -- not in the top 20 at all,-12558.0,-7.713825548868359,10
BAJAJHLDNG,2021-11-30,2021-12-14,5037.8,5487.9,32,dropped out of top 20 rank (now #21 of 50),14403.199999999983,8.93445551629679,14
INOXWIND,2021-12-06,2021-12-15,34.01,31.59,4735,failed a technical gate (trend/near-high/RSI) -- not in the top 20 at all,-11458.699999999992,-7.1155542487503665,9
PRESTIGE,2021-12-13,2021-12-15,460.6,450.1,359,failed a technical gate (trend/near-high/RSI) -- not in the top 20 at all,-3769.5,-2.2796352583586588,2
PHOENIXLTD,2021-12-15,2021-12-16,513.9,506.3,323,failed a technical gate (trend/near-high/RSI) -- not in the top 20 at all,-2454.799999999989,-1.4788869429850138,1
INDHOTEL,2021-12-15,2021-12-16,199.75,195.05,831,failed a technical gate (trend/near-high/RSI) -- not in the top 20 at all,-3905.6999999999907,-2.35294117647058,1
BSE,2021-11-29,2021-12-17,170.0,216.244085734321,947,stop,43793.14919040199,27.202403373130004,18
GMRAIRPORT,2021-12-09,2021-12-17,43.85,41.45,3742,failed a technical gate (trend/near-high/RSI) -- not in the top 20 at all,-8980.799999999994,-5.473204104903074,8
DLF,2021-12-16,2021-12-17,405.15,390.2,406,closed below 200 EMA,-6069.699999999995,-3.689991361224232,1
MPHASIS,2021-12-17,2021-12-20,3063.2,2834.274671099007,52,stop,-11904.117102851636,-7.473404573680886,3
KPITTECH,2021-11-22,2021-12-20,431.1,456.75,396,failed a technical gate (trend/near-high/RSI) -- not in the top 20 at all,10157.39999999999,5.949895615866385,28
TECHM,2021-12-14,2021-12-20,1545.5,1502.8,109,failed a technical gate (trend/near-high/RSI) -- not in the top 20 at all,-4654.300000000005,-2.76285991588483,6
KEI,2021-12-16,2021-12-20,1119.3,1064.95,146,failed a technical gate (trend/near-high/RSI) -- not in the top 20 at all,-7935.099999999987,-4.855713392298755,4
BSE,2021-12-17,2021-12-20,217.5,212.5,739,failed a technical gate (trend/near-high/RSI) -- not in the top 20 at all,-3695.0,-2.298850574712641,3
BLUESTARCO,2021-12-20,2021-12-21,503.4,489.4,309,failed a technical gate (trend/near-high/RSI) -- not in the top 20 at all,-4326.0,-2.7810885975367516,1
POWERGRID,2021-11-26,2021-12-22,147.95,147.6,1120,failed a technical gate (trend/near-high/RSI) -- not in the top 20 at all,-391.99999999999363,-0.2365664075701157,26
TORNTPHARM,2021-12-20,2021-12-24,1533.9,1523.1,101,failed a technical gate (trend/near-high/RSI) -- not in the top 20 at all,-1090.8000000000184,-0.7040876197926926,4
PIDILITIND,2021-12-21,2021-12-24,1205.0,1205.1,129,dropped out of top 20 rank (now #22 of 26),12.899999999988268,0.00829875518670864,3
APLAPOLLO,2021-12-20,2021-12-27,1017.15,991.2,153,dropped out of top 20 rank (now #23 of 32),-3970.3499999999894,-2.5512461288895394,7
SIEMENS,2021-12-20,2021-12-30,1794.2,1793.75,86,failed a technical gate (trend/near-high/RSI) -- not in the top 20 at all,-38.70000000000391,-0.025080815962552627,10
PERSISTENT,2021-12-03,2022-01-06,2168.1,2267.1,75,failed a technical gate (trend/near-high/RSI) -- not in the top 20 at all,7425.0,4.566210045662111,34
INFY,2021-12-17,2022-01-06,1782.3,1779.3,90,failed a technical gate (trend/near-high/RSI) -- not in the top 20 at all,-270.0,-0.16832183134152245,20
TECHM,2021-12-24,2022-01-06,1623.2,1592.8,97,failed a technical gate (trend/near-high/RSI) -- not in the top 20 at all,-2948.800000000009,-1.8728437654016772,13
TATAELXSI,2022-01-06,2022-01-07,5873.55,5799.55,28,closed below 200 EMA,-2072.0,-1.2598854185288277,1
COFORGE,2021-12-30,2022-01-10,1172.0,1115.7168973923717,141,stop,-7935.917467675587,-4.802312509183304,11
LTM,2021-12-24,2022-01-10,7166.55,7103.55,22,failed a technical gate (trend/near-high/RSI) -- not in the top 20 at all,-1386.0,-0.8790840781129017,17
GMRAIRPORT,2021-12-27,2022-01-11,46.15,44.85,3503,failed a technical gate (trend/near-high/RSI) -- not in the top 20 at all,-4553.89999999999,-2.8169014084507005,15
WIPRO,2021-12-20,2022-01-12,318.3,330.4,489,failed a technical gate (trend/near-high/RSI) -- not in the top 20 at all,5916.899999999983,3.8014451775054914,23
HCLTECH,2022-01-07,2022-01-17,1290.55,1262.6224842035824,129,stop,-3602.6495377378624,-2.1640010690339384,10
TECHM,2022-01-11,2022-01-18,1636.0,1562.9,103,failed a technical gate (trend/near-high/RSI) -- not in the top 20 at all,-7529.29999999999,-4.468215158924204,7
TCS,2022-01-06,2022-01-20,3807.45,3826.55,43,failed a technical gate (trend/near-high/RSI) -- not in the top 20 at all,821.3000000000156,0.5016480846760984,14
TITAN,2022-01-10,2022-01-21,2657.5,2524.2353680704514,63,stop,-8395.671811561562,-5.014661596596371,11
NBCC,2022-01-10,2022-01-21,33.87,32.131225003673265,4985,stop,-8667.793356688762,-5.133672855998617,11
PGEL,2021-12-02,2022-01-21,64.55,75.35,2565,failed a technical gate (trend/near-high/RSI) -- not in the top 20 at all,27701.999999999993,16.731216111541446,50
KPITTECH,2021-12-22,2022-01-24,501.7,629.1021241577938,315,stop,40131.66910970506,25.394084942753416,33
PRESTIGE,2022-01-17,2022-01-24,512.45,469.49181179182403,335,stop,-14390.993049738963,-8.382903348263437,7
HAL,2022-01-20,2022-01-24,715.55,675.6888541350477,238,stop,-9486.952715858642,-5.570700281594898,4
KEI,2022-01-21,2022-01-24,1165.8,1108.95,142,failed a technical gate (trend/near-high/RSI) -- not in the top 20 at all,-8072.699999999987,-4.876479670612444,3
SUZLON,2022-01-06,2022-01-25,9.3,9.8,17753,stop,8876.5,5.376344086021501,19
ADANIGREEN,2022-01-12,2022-01-25,1647.55,1766.0969622391997,102,stop,12091.790148398373,7.195348380273714,13
PIDILITIND,2022-01-24,2022-01-25,1320.2,1294.9,120,failed a technical gate (trend/near-high/RSI) -- not in the top 20 at all,-3035.9999999999945,-1.9163763066202044,1
POWERGRID,2022-01-21,2022-02-04,157.75,153.7,1051,failed a technical gate (trend/near-high/RSI) -- not in the top 20 at all,-4256.550000000012,-2.5673534072900184,14
SUZLON,2022-01-25,2022-02-07,10.1,10.2,15726,failed a technical gate (trend/near-high/RSI) -- not in the top 20 at all,1572.5999999999945,0.990099009900991,13
HAL,2022-01-24,2022-02-08,680.45,689.0,233,failed a technical gate (trend/near-high/RSI) -- not in the top 20 at all,1992.1499999999894,1.2565214196487595,15
ADANIENSOL,2022-01-24,2022-02-08,2035.9,1968.3,78,failed a technical gate (trend/near-high/RSI) -- not in the top 20 at all,-5272.80000000001,-3.3203988408075147,15
ONGC,2022-01-24,2022-02-09,149.8,148.2,1060,failed a technical gate (trend/near-high/RSI) -- not in the top 20 at all,-1696.000000000024,-1.0680907877169687,16
BDL,2022-01-21,2022-02-11,229.55,226.1,722,failed a technical gate (trend/near-high/RSI) -- not in the top 20 at all,-2490.9000000000124,-1.5029405358309766,21
INDHOTEL,2022-02-07,2022-02-11,211.8,206.6,767,failed a technical gate (trend/near-high/RSI) -- not in the top 20 at all,-3988.4000000000133,-2.455146364494809,4
TATAELXSI,2022-01-18,2022-02-14,6376.3,6911.35,26,failed a technical gate (trend/near-high/RSI) -- not in the top 20 at all,13911.300000000005,8.391230023681452,27
MARUTI,2022-01-25,2022-02-14,8602.6,8366.4,18,failed a technical gate (trend/near-high/RSI) -- not in the top 20 at all,-4251.600000000013,-2.7456815381396438,20
ADANIENSOL,2022-02-11,2022-02-14,2016.05,1915.25,79,closed below 200 EMA,-7963.199999999996,-4.999875995139003,3
ADANIGREEN,2022-01-25,2022-02-15,1929.0,1792.8244345417575,82,stop,-11166.39636757589,-7.059386493428854,21
BANKBARODA,2022-02-04,2022-02-15,92.65,90.97337127661508,1740,stop,-2917.3339786897654,-1.809637046287016,11
NATIONALUM,2022-02-09,2022-02-15,122.09,112.82511691443466,1333,stop,-12350.089153058603,-7.588568339393353,6
ONGC,2022-02-11,2022-02-15,151.95,142.84724655233154,1054,stop,-9594.302133842544,-5.9906241840529395,4
OIL,2022-02-14,2022-02-15,150.5,149.8,1016,failed a technical gate (trend/near-high/RSI) -- not in the top 20 at all,-711.1999999999884,-0.46511627906975495,1
BDL,2022-02-15,2022-02-16,233.2,230.65,655,failed a technical gate (trend/near-high/RSI) -- not in the top 20 at all,-1670.2499999999889,-1.0934819897084003,1
BANKBARODA,2022-02-15,2022-02-18,96.0,91.55,1592,failed a technical gate (trend/near-high/RSI) -- not in the top 20 at all,-7084.400000000004,-4.63541666666667,3
NATIONALUM,2022-02-15,2022-02-18,119.79,112.74,1275,failed a technical gate (trend/near-high/RSI) -- not in the top 20 at all,-8988.750000000015,-5.885299273729039,3
INDIGO,2022-02-08,2022-02-21,2182.6,2086.55,73,failed a technical gate (trend/near-high/RSI) -- not in the top 20 at all,-7011.64999999998,-4.400714743883427,13
HINDALCO,2022-02-15,2022-02-21,533.85,512.0,286,failed a technical gate (trend/near-high/RSI) -- not in the top 20 at all,-6249.100000000007,-4.092909993443861,6
BDL,2022-02-18,2022-02-21,236.35,229.85,644,failed a technical gate (trend/near-high/RSI) -- not in the top 20 at all,-4186.0,-2.750158662999791,3
ADANIPOWER,2022-02-18,2022-02-21,26.3,24.05,5788,failed a technical gate (trend/near-high/RSI) -- not in the top 20 at all,-13023.0,-8.55513307984791,3
BSE,2022-02-08,2022-02-22,231.0,229.5,696,failed a technical gate (trend/near-high/RSI) -- not in the top 20 at all,-1044.0,-0.649350649350644,14
JSWENERGY,2022-02-21,2022-02-22,339.35,327.65,437,failed a technical gate (trend/near-high/RSI) -- not in the top 20 at all,-5112.90000000002,-3.4477677913658633,1
TVSMOTOR,2022-02-21,2022-02-23,658.4,651.45,225,failed a technical gate (trend/near-high/RSI) -- not in the top 20 at all,-1563.7499999999845,-1.0555893074118972,2
BLUESTARCO,2022-02-14,2022-02-24,501.9,507.8,304,failed a technical gate (trend/near-high/RSI) -- not in the top 20 at all,1793.6000000000104,1.1755329746961696,10
CHOLAFIN,2022-02-14,2022-02-24,660.0,647.85,231,failed a technical gate (trend/near-high/RSI) -- not in the top 20 at all,-2806.6499999999946,-1.840909090909082,10
ADANIGREEN,2022-02-15,2022-02-24,1889.5,1849.75,80,failed a technical gate (trend/near-high/RSI) -- not in the top 20 at all,-3180.0,-2.103731145805765,9
MARUTI,2022-02-16,2022-02-24,8582.95,8210.15,17,closed below 200 EMA,-6337.600000000019,-4.343494952201765,8
SIEMENS,2022-02-21,2022-02-24,1840.2,1741.25,80,closed below 200 EMA,-7916.000000000004,-5.377132920334748,3
EICHERMOT,2022-02-21,2022-02-24,2699.0,2617.15,55,closed below 200 EMA,-4501.7499999999945,-3.0326046683956998,3
VOLTAS,2022-02-22,2022-02-24,1239.15,1196.9,119,closed below 200 EMA,-5027.75,-3.40959528709196,2
CUMMINSIND,2022-02-22,2022-02-24,950.25,927.7,155,closed below 200 EMA,-3495.2499999999927,-2.373059721126014,2
VOLTAS,2022-02-28,2022-03-03,1263.15,1197.15,112,closed below 200 EMA,-7392.0,-5.225032656454099,3
CUMMINSIND,2022-02-28,2022-03-03,957.25,951.0,148,failed a technical gate (trend/near-high/RSI) -- not in the top 20 at all,-925.0,-0.6529119874640887,3
BLUESTARCO,2022-02-28,2022-03-04,535.05,513.95,265,failed a technical gate (trend/near-high/RSI) -- not in the top 20 at all,-5591.499999999976,-3.9435566769460584,4
CHOLAFIN,2022-02-28,2022-03-04,690.95,658.5,205,failed a technical gate (trend/near-high/RSI) -- not in the top 20 at all,-6652.250000000009,-4.696432448078736,4
NATIONALUM,2022-03-03,2022-03-10,126.3,115.46320237775431,1133,stop,-12278.09170600436,-8.580203976441558,7
NATIONALUM,2022-03-10,2022-03-14,119.65,115.29,1178,failed a technical gate (trend/near-high/RSI) -- not in the top 20 at all,-5136.079999999999,-3.6439615545340587,4
HINDALCO,2022-02-28,2022-03-15,573.75,559.75,247,failed a technical gate (trend/near-high/RSI) -- not in the top 20 at all,-3458.0,-2.440087145969494,15
TATASTEEL,2022-03-14,2022-03-15,123.23,117.02,1143,failed a technical gate (trend/near-high/RSI) -- not in the top 20 at all,-7098.030000000009,-5.039357299358926,1
ONGC,2022-03-14,2022-03-15,155.25,148.0,907,closed below 200 EMA,-6575.75,-4.669887278582929,1
POWERGRID,2022-03-04,2022-03-21,157.75,150.1,893,closed below 200 EMA,-6831.450000000005,-4.849445324881141,17
CIPLA,2022-03-14,2022-03-23,1048.65,1014.45,134,dropped out of top 20 rank (now #21 of 51),-4582.800000000007,-3.261336003432991,9
BSE,2022-03-16,2022-03-28,329.5,292.5579635179534,425,stop,-15700.365504869806,-11.211543697130988,12
HINDALCO,2022-03-21,2022-03-31,589.95,572.5605906471086,237,stop,-4121.290016635273,-2.947607314669287,10
TATAELXSI,2022-03-14,2022-04-18,7169.65,7934.491467371794,19,stop,14531.987880064093,10.66776575386239,35
BANKBARODA,2022-03-16,2022-04-18,93.75,99.55,1494,failed a technical gate (trend/near-high/RSI) -- not in the top 20 at all,8665.199999999995,6.186666666666674,33
JSWSTEEL,2022-04-18,2022-04-22,767.85,723.4,216,failed a technical gate (trend/near-high/RSI) -- not in the top 20 at all,-9601.20000000001,-5.788891059451718,4
VEDL,2022-03-23,2022-04-25,186.7,181.4883794448132,759,stop,-3955.6200013867688,-2.791441111508719,33
JINDALSTEL,2022-03-04,2022-04-25,435.75,526.2,323,failed a technical gate (trend/near-high/RSI) -- not in the top 20 at all,29215.350000000013,20.75731497418245,52
MAZDOCK,2022-04-18,2022-04-29,165.65,150.39563603843553,1003,stop,-15300.127053449172,-9.208792008188638,11
HAL,2022-03-16,2022-04-29,731.1,797.55,191,failed a technical gate (trend/near-high/RSI) -- not in the top 20 at all,12691.949999999986,9.08904390644234,44
BDL,2022-03-14,2022-05-02,250.95,357.7938926765821,561,stop,59939.42379156258,42.575769147870936,49
BEL,2022-04-25,2022-05-02,81.95,79.4,1977,failed a technical gate (trend/near-high/RSI) -- not in the top 20 at all,-5041.349999999994,-3.1116534472239166,7
MAZDOCK,2022-04-29,2022-05-02,150.1,146.7,1081,failed a technical gate (trend/near-high/RSI) -- not in the top 20 at all,-3675.400000000006,-2.2651565622918146,3
ADANIPORTS,2022-04-25,2022-05-04,859.55,821.8033332559509,188,stop,-7096.37334788123,-4.391445145023454,9
ADANIENT,2022-03-31,2022-05-04,1953.3,2185.0,74,failed a technical gate (trend/near-high/RSI) -- not in the top 20 at all,17145.800000000003,11.86197716684585,34
APLAPOLLO,2022-05-02,2022-05-04,1029.0,977.75,156,failed a technical gate (trend/near-high/RSI) -- not in the top 20 at all,-7995.0,-4.980563654033043,2
ADANIPOWER,2022-03-28,2022-05-05,30.45,51.151169504948186,4751,stop,98351.25631800883,67.98413630524855,38
ADANIGREEN,2022-04-22,2022-05-10,2882.8,2535.135819436181,56,stop,-19469.194111573874,-12.059947986812103,18
ADANIENSOL,2022-02-28,2022-05-10,2134.4,2482.55,66,closed below 200 EMA,22977.900000000005,16.31137556221889,71
TIINDIA,2022-05-10,2022-05-11,1804.0,1678.4833892316517,84,stop,-10543.395304541256,-6.957683523744363,1
NTPC,2022-05-02,2022-05-11,157.5,152.55,1021,failed a technical gate (trend/near-high/RSI) -- not in the top 20 at all,-5053.949999999988,-3.142857142857136,9
ADANIPOWER,2022-05-10,2022-05-11,53.5,51.05,2861,failed a technical gate (trend/near-high/RSI) -- not in the top 20 at all,-7009.450000000008,-4.579439252336459,1
POWERGRID,2022-05-02,2022-05-18,170.1,167.35,946,failed a technical gate (trend/near-high/RSI) -- not in the top 20 at all,-2601.5,-1.6166960611405101,16
VBL,2022-05-02,2022-05-19,147.3,141.5,1092,failed a technical gate (trend/near-high/RSI) -- not in the top 20 at all,-6333.600000000012,-3.9375424304141315,17
POLYCAB,2022-05-18,2022-05-23,2560.9,2543.2,59,dropped out of top 20 rank (now #22 of 23),-1044.300000000016,-0.6911632629153952,5
PATANJALI,2022-05-19,2022-05-24,389.6,366.4,386,failed a technical gate (trend/near-high/RSI) -- not in the top 20 at all,-8955.200000000017,-5.954825462012336,5
BDL,2022-05-23,2022-05-25,386.4,353.75,395,failed a technical gate (trend/near-high/RSI) -- not in the top 20 at all,-12896.74999999999,-8.449792960662517,2
BAJAJ-AUTO,2022-05-18,2022-06-01,3697.5,3628.0,41,failed a technical gate (trend/near-high/RSI) -- not in the top 20 at all,-2849.5,-1.8796484110885747,14
ADANIPOWER,2022-05-16,2022-06-02,53.45,59.05,2820,failed a technical gate (trend/near-high/RSI) -- not in the top 20 at all,15791.999999999984,10.477081384471454,17
EICHERMOT,2022-05-18,2022-06-06,2696.0,2653.1,56,failed a technical gate (trend/near-high/RSI) -- not in the top 20 at all,-2402.400000000005,-1.5912462908011848,19
ITC,2022-05-25,2022-06-08,224.85,220.95,661,failed a technical gate (trend/near-high/RSI) -- not in the top 20 at all,-2577.9000000000037,-1.7344896597731863,14
ASHOKLEY,2022-06-02,2022-06-13,69.3,64.24282416414306,2164,stop,-10943.728508794415,-7.2975120286535855,11
COALINDIA,2022-06-08,2022-06-15,184.0,176.9,804,failed a technical gate (trend/near-high/RSI) -- not in the top 20 at all,-5708.399999999995,-3.8586956521739046,7
OIL,2022-06-06,2022-06-16,185.95,171.7701437904799,797,stop,-11301.345398987516,-7.625628507405269,10
HAL,2022-05-24,2022-06-16,892.3,898.55,168,failed a technical gate (trend/near-high/RSI) -- not in the top 20 at all,1050.0,0.7004370727333953,23
EICHERMOT,2022-06-13,2022-06-16,2700.8,2652.5,54,failed a technical gate (trend/near-high/RSI) -- not in the top 20 at all,-2608.20000000001,-1.7883590047393483,3
BEL,2022-06-15,2022-06-16,80.05,77.45,1832,closed below 200 EMA,-4763.19999999999,-3.2479700187382776,1
OIL,2022-06-16,2022-06-17,176.6,169.75,816,failed a technical gate (trend/near-high/RSI) -- not in the top 20 at all,-5589.599999999995,-3.878822197055487,1
BDL,2022-06-01,2022-06-20,406.65,357.5940482537787,370,stop,-18150.70214610188,-12.06343335699528,19
VBL,2022-06-16,2022-06-21,155.85,147.75,925,failed a technical gate (trend/near-high/RSI) -- not in the top 20 at all,-7492.4999999999945,-5.197305101058703,5
TORNTPHARM,2022-06-24,2022-07-07,1434.6,1474.25,98,dropped out of top 20 rank (now #23 of 27),3885.700000000009,2.763836609507875,13
ASHOKLEY,2022-06-24,2022-07-14,67.5,68.4,2101,failed a technical gate (trend/near-high/RSI) -- not in the top 20 at all,1890.900000000012,1.333333333333342,20
PHOENIXLTD,2022-06-24,2022-07-20,563.2,601.8,251,dropped out of top 20 rank (now #22 of 43),9688.599999999977,6.853693181818166,26
BAJAJ-AUTO,2022-07-20,2022-07-27,3903.0,3788.0,38,failed a technical gate (trend/near-high/RSI) -- not in the top 20 at all,-4370.0,-2.9464514476044035,7
TIINDIA,2022-07-07,2022-08-02,2010.1,1992.507739065883,72,stop,-1266.6427872564163,-0.8751933204376394,26
BRITANNIA,2022-07-20,2022-08-03,3828.3,3770.0,38,failed a technical gate (trend/near-high/RSI) -- not in the top 20 at all,-2215.400000000007,-1.5228691586343879,14
VBL,2022-06-23,2022-08-22,150.7,187.17200238682832,939,stop,34247.210241231805,24.20172686584494,60
BDL,2022-08-02,2022-08-22,421.6,399.15,360,failed a technical gate (trend/near-high/RSI) -- not in the top 20 at all,-8082.000000000016,-5.324952561669837,20
HINDUNILVR,2022-07-14,2022-08-23,2497.8,2592.75,58,failed a technical gate (trend/near-high/RSI) -- not in the top 20 at all,5507.099999999989,3.801345183761695,40
CGPOWER,2022-07-27,2022-08-26,220.0,227.1,674,failed a technical gate (trend/near-high/RSI) -- not in the top 20 at all,4785.399999999996,3.227272727272723,30
PIIND,2022-08-22,2022-09-06,3379.0,3265.15,45,failed a technical gate (trend/near-high/RSI) -- not in the top 20 at all,-5123.249999999996,-3.369340041432378,15
COALINDIA,2022-08-23,2022-09-09,207.5,221.2,756,dropped out of top 20 rank (now #21 of 60),10357.199999999992,6.6024096385542075,17
ADANIENSOL,2022-07-20,2022-09-21,3018.75,3865.75,49,failed a technical gate (trend/near-high/RSI) -- not in the top 20 at all,41503.0,28.057971014492743,63
BEL,2022-07-20,2022-09-23,84.95,106.65,1748,failed a technical gate (trend/near-high/RSI) -- not in the top 20 at all,37931.600000000006,25.544437904649797,65
HAL,2022-08-03,2022-09-26,1012.45,1196.2,151,stop,27746.25,18.149044397254176,54
ADANIPORTS,2022-09-09,2022-09-26,906.85,892.9570373565793,187,stop,-2597.984014319666,-1.5320022763875674,17
BDL,2022-09-21,2022-09-26,460.5,423.2213738386928,382,stop,-14240.435193619356,-8.095249980739894,5
EICHERMOT,2022-06-24,2022-09-26,2877.9,3515.55,49,failed a technical gate (trend/near-high/RSI) -- not in the top 20 at all,31244.850000000006,22.156780986135715,94
VBL,2022-08-26,2022-09-27,204.7,209.56746304482184,784,stop,3816.0910271403277,2.3778520004014814,32
TIINDIA,2022-09-23,2022-09-27,2772.35,2555.6880014283797,63,stop,-13649.705910012071,-7.8151026591743555,4
ITC,2022-07-20,2022-09-28,245.9,271.8126895211766,603,stop,15625.351781269483,10.537897324593981,70
CGPOWER,2022-09-26,2022-09-28,246.7,233.6,683,failed a technical gate (trend/near-high/RSI) -- not in the top 20 at all,-8947.299999999996,-5.310093230644508,2
BAJAJHLDNG,2022-09-26,2022-09-29,6760.85,6266.525929743939,24,stop,-11863.777686145477,-7.311566892566191,3
EICHERMOT,2022-09-30,2022-10-03,3671.6,3450.330253468764,46,stop,-10178.408340436847,-6.026521040724364,3
AMBUJACEM,2022-09-26,2022-10-03,511.2,488.65,329,failed a technical gate (trend/near-high/RSI) -- not in the top 20 at all,-7418.9500000000035,-4.411189358372458,7
HINDUNILVR,2022-09-26,2022-10-03,2660.55,2622.5,63,failed a technical gate (trend/near-high/RSI) -- not in the top 20 at all,-2397.1500000000115,-1.4301554189923182,7
MARICO,2022-09-27,2022-10-03,536.45,529.5,312,failed a technical gate (trend/near-high/RSI) -- not in the top 20 at all,-2168.400000000014,-1.2955541056948516,6
ITC,2022-09-30,2022-10-03,273.95,267.5,625,failed a technical gate (trend/near-high/RSI) -- not in the top 20 at all,-4031.2499999999927,-2.3544442416499334,3
BHARTIARTL,2022-10-03,2022-10-06,803.35,788.6,212,dropped out of top 20 rank (now #27 of 28),-3127.0,-1.8360614925001517,3
SUNPHARMA,2022-10-03,2022-10-06,944.5,953.9,180,dropped out of top 20 rank (now #26 of 28),1691.999999999996,0.9952355743779728,3
CIPLA,2022-10-03,2022-10-07,1130.75,1130.5,150,dropped out of top 20 rank (now #25 of 36),-37.5,-0.022109219544552694,4
360ONE,2022-10-03,2022-10-10,468.65,445.6,364,failed a technical gate (trend/near-high/RSI) -- not in the top 20 at all,-8390.199999999983,-4.9183825882854855,7
VBL,2022-10-07,2022-10-11,227.05,209.62052703604243,785,stop,-13682.1362767067,-7.676491065385416,4
BRITANNIA,2022-09-30,2022-10-11,3843.05,3727.9,44,failed a technical gate (trend/near-high/RSI) -- not in the top 20 at all,-5066.600000000004,-2.9963180286491253,11
HAL,2022-10-10,2022-10-11,1209.9,1184.4,145,failed a technical gate (trend/near-high/RSI) -- not in the top 20 at all,-3697.5,-2.107612199355313,1
BDL,2022-10-06,2022-10-12,461.8,441.1,380,failed a technical gate (trend/near-high/RSI) -- not in the top 20 at all,-7865.999999999995,-4.482459939367689,6
TIINDIA,2022-09-27,2022-10-14,2577.7,2643.9,65,failed a technical gate (trend/near-high/RSI) -- not in the top 20 at all,4303.000000000018,2.56818093649378,17
MAXHEALTH,2022-10-14,2022-10-18,427.75,407.45,406,failed a technical gate (trend/near-high/RSI) -- not in the top 20 at all,-8241.800000000005,-4.74576271186441,4
KPITTECH,2022-10-03,2022-10-19,658.25,649.55,259,dropped out of top 20 rank (now #24 of 36),-2253.300000000012,-1.321686289403734,16
BAJAJHLDNG,2022-10-11,2022-10-20,6669.85,6467.45,25,failed a technical gate (trend/near-high/RSI) -- not in the top 20 at all,-5060.000000000014,-3.0345510018966015,9
CGPOWER,2022-10-12,2022-10-24,255.2,255.95,682,dropped out of top 20 rank (now #27 of 47),511.5,0.2938871473354254,12
TIINDIA,2022-10-18,2022-10-28,2760.75,2668.3,63,failed a technical gate (trend/near-high/RSI) -- not in the top 20 at all,-5824.3499999999885,-3.3487277008059313,10
IDFCFIRSTB,2022-10-06,2022-10-31,54.3,56.1,3236,dropped out of top 20 rank (now #27 of 55),5824.800000000014,3.314917127071837,25
HAL,2022-10-31,2022-11-10,1265.0,1215.55,140,failed a technical gate (trend/near-high/RSI) -- not in the top 20 at all,-6923.000000000006,-3.9090909090909176,10
ITC,2022-10-19,2022-11-14,285.6,286.35,614,failed a technical gate (trend/near-high/RSI) -- not in the top 20 at all,460.5,0.2626050420168058,26
BDL,2022-10-20,2022-11-14,460.8,473.7,383,failed a technical gate (trend/near-high/RSI) -- not in the top 20 at all,4940.699999999992,2.799479166666652,25
BEL,2022-11-10,2022-11-14,106.7,106.6,1799,failed a technical gate (trend/near-high/RSI) -- not in the top 20 at all,-179.90000000001532,-0.09372071227742307,4
MAZDOCK,2022-08-22,2022-11-22,152.05,377.9707646003949,1021,stop,230665.10065700318,148.58320591936524,92
COCHINSHIP,2022-09-06,2022-12-07,186.6,312.7,893,failed a technical gate (trend/near-high/RSI) -- not in the top 20 at all,112607.29999999999,67.57770632368702,92
RVNL,2022-11-14,2022-12-09,54.55,67.5728739777905,3625,stop,47207.91816949055,23.873279519322633,25
INDIANB,2022-10-28,2022-12-09,233.55,260.3,760,failed a technical gate (trend/near-high/RSI) -- not in the top 20 at all,20330.0,11.453650181973885,42
HAL,2022-11-14,2022-12-14,1245.1,1341.8,158,failed a technical gate (trend/near-high/RSI) -- not in the top 20 at all,15278.600000000008,7.766444462292199,30
UNIONBANK,2022-12-14,2022-12-16,85.21,77.0596167415234,2510,stop,-20457.461978776253,-9.565054874400413,2
SBIN,2022-11-14,2022-12-16,592.55,603.35,333,failed a technical gate (trend/near-high/RSI) -- not in the top 20 at all,3596.400000000023,1.8226310016032476,32
MAZDOCK,2022-11-22,2022-12-16,433.4,416.2,461,failed a technical gate (trend/near-high/RSI) -- not in the top 20 at all,-7929.199999999994,-3.9686202122750314,24
BANKBARODA,2022-10-24,2022-12-21,128.15,158.7039060406972,1379,stop,42133.83643012144,23.84229890027094,58
PNB,2022-12-07,2022-12-21,52.37,50.393064472983255,3936,stop,-7781.218234337898,-3.774938947902884,14
NMDC,2022-11-22,2022-12-21,32.9,33.5,6074,failed a technical gate (trend/near-high/RSI) -- not in the top 20 at all,3644.4000000000087,1.823708206686936,29
UNIONBANK,2022-12-16,2022-12-21,76.19,72.91,2702,failed a technical gate (trend/near-high/RSI) -- not in the top 20 at all,-8862.560000000003,-4.305026906418163,5
BANKINDIA,2022-12-16,2022-12-21,85.08,80.93,2420,failed a technical gate (trend/near-high/RSI) -- not in the top 20 at all,-10042.99999999998,-4.877762106252925,5
MAHABANK,2022-12-09,2022-12-22,28.65,28.590711806744064,7280,stop,-431.61804690320224,-0.20693959251635308,13
GODFRYPHLP,2022-10-11,2022-12-22,437.0,606.0,390,failed a technical gate (trend/near-high/RSI) -- not in the top 20 at all,65910.0,38.672768878718536,72
INDIANB,2022-12-16,2022-12-22,280.8,267.75,733,failed a technical gate (trend/near-high/RSI) -- not in the top 20 at all,-9565.650000000009,-4.647435897435903,6
RVNL,2022-12-21,2022-12-22,69.9,66.45,2851,failed a technical gate (trend/near-high/RSI) -- not in the top 20 at all,-9835.950000000008,-4.935622317596566,1
JINDALSTEL,2022-12-21,2022-12-22,547.6,539.85,363,failed a technical gate (trend/near-high/RSI) -- not in the top 20 at all,-2813.25,-1.415266617969324,1
IRFC,2022-12-21,2022-12-22,32.3,31.25,6170,failed a technical gate (trend/near-high/RSI) -- not in the top 20 at all,-6478.499999999983,-3.2507739938080427,1
ABCAPITAL,2022-12-21,2022-12-22,148.6,147.85,1341,failed a technical gate (trend/near-high/RSI) -- not in the top 20 at all,-1005.75,-0.5047106325706596,1
VBL,2022-12-09,2022-12-23,282.05,257.15881762386846,739,stop,-18394.58377596122,-8.825095683790662,14
HINDZINC,2022-12-21,2022-12-23,323.35,310.15466326346336,616,stop,-8128.327429706583,-4.080821628741815,2
JSWSTEEL,2022-12-22,2022-12-23,737.55,727.85,263,failed a technical gate (trend/near-high/RSI) -- not in the top 20 at all,-2551.099999999982,-1.3151650735543252,1
CUMMINSIND,2022-12-22,2022-12-23,1450.15,1388.05,133,failed a technical gate (trend/near-high/RSI) -- not in the top 20 at all,-8259.300000000017,-4.282315622521815,1
PIIND,2022-12-22,2022-12-23,3520.9,3459.6,55,failed a technical gate (trend/near-high/RSI) -- not in the top 20 at all,-3371.50000000001,-1.7410321224686887,1
RECLTD,2022-12-22,2022-12-23,112.5,108.75,1726,failed a technical gate (trend/near-high/RSI) -- not in the top 20 at all,-6472.5,-3.3333333333333326,1
BRITANNIA,2022-12-22,2022-12-23,4391.45,4331.9,44,failed a technical gate (trend/near-high/RSI) -- not in the top 20 at all,-2620.200000000008,-1.3560441312095106,1
AXISBANK,2022-12-22,2022-12-23,919.55,906.6,211,failed a technical gate (trend/near-high/RSI) -- not in the top 20 at all,-2732.4499999999857,-1.4082975368386652,1
GODREJCP,2022-12-22,2022-12-23,891.35,873.4,217,failed a technical gate (trend/near-high/RSI) -- not in the top 20 at all,-3895.1500000000096,-2.0137992932069415,1
NESTLEIND,2022-12-23,2022-12-26,1006.6,994.9,188,failed a technical gate (trend/near-high/RSI) -- not in the top 20 at all,-2199.6000000000085,-1.16232863103517,3
APOLLOHOSP,2022-12-23,2022-12-27,4700.15,4643.8,40,failed a technical gate (trend/near-high/RSI) -- not in the top 20 at all,-2253.999999999978,-1.1988979075135742,4
INDIANB,2022-12-27,2022-12-28,275.5,266.75,685,failed a technical gate (trend/near-high/RSI) -- not in the top 20 at all,-5993.75,-3.176043557168784,1
PIIND,2022-12-27,2022-12-28,3481.35,3452.7,54,failed a technical gate (trend/near-high/RSI) -- not in the top 20 at all,-1547.100000000005,-0.8229566116592757,1
SHRIRAMFIN,2022-12-27,2022-12-29,275.8,256.7885415169273,684,stop,-13003.837602421738,-6.8932046711648765,2
MARICO,2022-12-23,2022-12-29,515.55,515.4,367,failed a technical gate (trend/near-high/RSI) -- not in the top 20 at all,-55.049999999991655,-0.029095141111434852,6
BRITANNIA,2022-12-27,2022-12-29,4369.25,4348.3,43,failed a technical gate (trend/near-high/RSI) -- not in the top 20 at all,-900.8499999999922,-0.47948732620014534,2
ZYDUSLIFE,2022-12-23,2022-12-30,420.3,419.95,450,dropped out of top 20 rank (now #26 of 26),-157.50000000001023,-0.08327385201047921,7
LICHSGFIN,2022-12-27,2022-12-30,405.35,405.65,465,dropped out of top 20 rank (now #21 of 26),139.49999999997885,0.07401011471566132,3
VBL,2022-12-29,2022-12-30,271.45,264.5,689,failed a technical gate (trend/near-high/RSI) -- not in the top 20 at all,-4788.549999999992,-2.5603241849327607,1
JSWSTEEL,2022-12-29,2023-01-04,769.4,737.3041798157506,243,stop,-7799.284304772609,-4.171538885397641,6
HDFCBANK,2022-12-27,2023-01-04,815.6,805.0,231,failed a technical gate (trend/near-high/RSI) -- not in the top 20 at all,-2448.6000000000054,-1.2996566944580734,8
AXISBANK,2022-12-27,2023-01-05,932.2,949.55,202,dropped out of top 20 rank (now #21 of 37),3504.6999999999816,1.8611885861403055,9
BANKBARODA,2022-12-30,2023-01-10,166.8,162.1,1117,failed a technical gate (trend/near-high/RSI) -- not in the top 20 at all,-5249.900000000019,-2.817745803357319,11
PNB,2023-01-02,2023-01-10,53.97,52.04,3486,failed a technical gate (trend/near-high/RSI) -- not in the top 20 at all,-6727.979999999999,-3.5760607745043527,8
MAHABANK,2023-01-05,2023-01-10,31.1,29.7,6064,failed a technical gate (trend/near-high/RSI) -- not in the top 20 at all,-8489.600000000013,-4.501607717041811,5
INDIANB,2023-01-04,2023-01-11,282.1,274.85,665,failed a technical gate (trend/near-high/RSI) -- not in the top 20 at all,-4821.25,-2.570010634526765,7
GODFRYPHLP,2023-01-10,2023-01-16,701.0,649.0,266,failed a technical gate (trend/near-high/RSI) -- not in the top 20 at all,-13832.0,-7.4179743223965815,6
BANKINDIA,2023-01-02,2023-01-18,85.51,83.49,2200,failed a technical gate (trend/near-high/RSI) -- not in the top 20 at all,-4444.000000000023,-2.3622968073909623,16
HINDZINC,2022-12-29,2023-01-20,326.2,345.0,573,stop,10772.400000000007,5.763335377069279,22
JSWSTEEL,2023-01-18,2023-01-20,767.15,741.45,244,failed a technical gate (trend/near-high/RSI) -- not in the top 20 at all,-6270.799999999983,-3.3500619174867907,2
NMDC,2023-01-04,2023-01-24,34.25,35.05,5477,failed a technical gate (trend/near-high/RSI) -- not in the top 20 at all,4381.599999999984,2.335766423357666,20
PNB,2023-01-16,2023-01-24,55.62,52.42,3374,failed a technical gate (trend/near-high/RSI) -- not in the top 20 at all,-10796.799999999985,-5.753326141675652,8
UNIONBANK,2023-01-20,2023-01-24,72.96,72.39,2545,failed a technical gate (trend/near-high/RSI) -- not in the top 20 at all,-1450.6499999999826,-0.7812499999999889,4
PFC,2023-01-10,2023-01-25,124.1,116.09987382764498,1503,stop,-12024.18963704958,-6.446515852018542,15
RECLTD,2022-12-27,2023-01-25,113.45,120.5,1664,failed a technical gate (trend/near-high/RSI) -- not in the top 20 at all,11731.199999999995,6.214191273688852,29
HDFCBANK,2023-01-24,2023-01-27,847.8,816.0,216,stop,-6868.79999999999,-3.7508846426043796,3
JINDALSTEL,2022-12-28,2023-01-27,578.2,588.15,325,failed a technical gate (trend/near-high/RSI) -- not in the top 20 at all,3233.7499999999777,1.720857834659273,30
RVNL,2023-01-11,2023-01-27,72.2,72.9,2586,failed a technical gate (trend/near-high/RSI) -- not in the top 20 at all,1810.2000000000073,0.969529085872578,16
HINDZINC,2023-01-20,2023-01-30,353.0,329.6993061519467,526,stop,-12256.164964076035,-6.6007631297601455,10
TCS,2023-01-27,2023-01-31,3411.05,3358.7,52,failed a technical gate (trend/near-high/RSI) -- not in the top 20 at all,-2722.200000000019,-1.5347180486946943,4
IOC,2023-01-25,2023-02-01,64.11,61.27442167018513,2841,stop,-8055.878035004052,-4.4229891277723805,7
BAJAJ-AUTO,2023-01-27,2023-02-01,3839.5,3688.3707915516648,46,stop,-6951.943588623421,-3.9361689920129006,5
INDIANB,2023-01-31,2023-02-01,290.95,270.1212820822723,614,stop,-12788.832801484818,-7.158865068818598,1
NHPC,2023-01-25,2023-02-02,43.7,41.35018691996278,4168,stop,-9794.020917595142,-5.377146636240782,8
TATASTEEL,2023-01-10,2023-02-06,112.62,111.26,1657,failed a technical gate (trend/near-high/RSI) -- not in the top 20 at all,-2253.519999999999,-1.2076007813887402,27
INDIANB,2023-02-01,2023-02-07,279.5,274.45,631,failed a technical gate (trend/near-high/RSI) -- not in the top 20 at all,-3186.550000000007,-1.806797853309483,6
HCLTECH,2023-01-24,2023-02-10,1137.85,1115.65,161,failed a technical gate (trend/near-high/RSI) -- not in the top 20 at all,-3574.1999999999707,-1.9510480291778154,17
COFORGE,2023-01-30,2023-02-13,883.5,810.0,202,stop,-14847.0,-8.31918505942275,14
GODREJCP,2023-02-01,2023-02-13,929.7,923.85,189,failed a technical gate (trend/near-high/RSI) -- not in the top 20 at all,-1105.6500000000042,-0.6292352371732868,12
BRITANNIA,2023-02-06,2023-02-20,4625.65,4450.166414650227,38,stop,-6668.376243291355,-3.7937065136742443,14
HDFCBANK,2023-02-07,2023-02-20,827.1,820.2,213,failed a technical gate (trend/near-high/RSI) -- not in the top 20 at all,-1469.6999999999953,-0.8342401160681856,13
CGPOWER,2023-01-24,2023-02-21,299.35,319.9,613,dropped out of top 20 rank (now #22 of 31),12597.149999999972,6.864873893435752,28
TCS,2023-02-02,2023-02-21,3460.4,3451.0,51,failed a technical gate (trend/near-high/RSI) -- not in the top 20 at all,-479.40000000000464,-0.27164489654375457,19
OIL,2023-02-20,2023-02-21,172.75,169.85,1018,failed a technical gate (trend/near-high/RSI) -- not in the top 20 at all,-2952.2000000000057,-1.6787264833574511,1
JINDALSTEL,2023-02-21,2023-02-22,589.3,573.25,296,closed below 200 EMA,-4750.7999999999865,-2.7235703376887743,1
BAJAJ-AUTO,2023-02-13,2023-02-27,3787.5,3631.8712858884815,46,stop,-7158.920849129853,-4.10900895343943,14
PERSISTENT,2023-01-27,2023-03-09,2288.5,2408.8,78,failed a technical gate (trend/near-high/RSI) -- not in the top 20 at all,9383.400000000014,5.2567183744811175,41
BDL,2023-03-03,2023-03-10,473.8,460.0,368,failed a technical gate (trend/near-high/RSI) -- not in the top 20 at all,-5078.400000000004,-2.9126213592232997,7
BANKBARODA,2023-03-09,2023-03-10,153.5,150.0,1153,closed below 200 EMA,-4035.5,-2.28013029315961,1
KPITTECH,2023-02-10,2023-03-13,855.45,792.5425389708114,208,stop,-13084.75189407124,-7.3537273983504186,31
SUPREMEIND,2023-02-21,2023-03-13,2756.65,2666.5,63,failed a technical gate (trend/near-high/RSI) -- not in the top 20 at all,-5679.450000000006,-3.2702737017757055,20
ITC,2023-02-01,2023-03-14,298.05,313.1,592,failed a technical gate (trend/near-high/RSI) -- not in the top 20 at all,8909.600000000006,5.049488340882413,41
OIL,2023-03-03,2023-03-14,170.95,166.45,1020,failed a technical gate (trend/near-high/RSI) -- not in the top 20 at all,-4590.0,-2.632348639953208,11
VBL,2023-02-21,2023-03-16,264.9,261.25,659,failed a technical gate (trend/near-high/RSI) -- not in the top 20 at all,-2405.349999999985,-1.3778784446961012,23
PFC,2023-03-14,2023-03-20,128.85,121.00478950806571,1338,stop,-10496.891638208068,-6.088638332894281,6
HAL,2023-02-20,2023-03-20,1293.6,1322.4,136,failed a technical gate (trend/near-high/RSI) -- not in the top 20 at all,3916.8000000000247,2.2263450834879572,28
CUMMINSIND,2023-02-13,2023-03-22,1595.25,1612.6,109,failed a technical gate (trend/near-high/RSI) -- not in the top 20 at all,1891.14999999999,1.0876038238520458,37
ABCAPITAL,2023-03-22,2023-03-24,156.15,146.9131002897647,1085,stop,-10022.036185605291,-5.915401671620424,2
MAXHEALTH,2023-03-14,2023-03-28,468.65,449.95,367,failed a technical gate (trend/near-high/RSI) -- not in the top 20 at all,-6862.899999999996,-3.9901845727088436,14
HINDZINC,2023-03-28,2023-03-29,328.8,299.0,511,stop,-15227.800000000007,-9.063260340632606,1
OIL,2023-03-29,2023-03-31,175.3,167.75,953,failed a technical gate (trend/near-high/RSI) -- not in the top 20 at all,-7195.150000000011,-4.3069024529378215,2
KPITTECH,2023-03-20,2023-04-03,889.6,826.6324703087798,191,stop,-12026.798171023056,-7.078184542628174,14
ZYDUSLIFE,2023-03-16,2023-04-05,479.65,493.1,356,dropped out of top 20 rank (now #23 of 37),4788.200000000016,2.804128010007312,20
HINDUNILVR,2023-04-05,2023-04-18,2582.75,2541.05,64,dropped out of top 20 rank (now #22 of 62),-2668.7999999999884,-1.6145581260284536,13
BDL,2023-03-31,2023-04-19,494.35,485.7,338,dropped out of top 20 rank (now #23 of 62),-2923.7000000000116,-1.7497724284413985,19
VBL,2023-03-24,2023-04-20,270.4,276.35,621,failed a technical gate (trend/near-high/RSI) -- not in the top 20 at all,3694.950000000028,2.2004437869822757,27
GODREJCP,2023-03-20,2023-04-25,960.0,963.2,176,failed a technical gate (trend/near-high/RSI) -- not in the top 20 at all,563.200000000008,0.33333333333334103,36
HAL,2023-04-05,2023-04-26,1360.9,1420.5,121,dropped out of top 20 rank (now #25 of 57),7211.599999999989,4.379454772576974,21
VBL,2023-04-25,2023-05-02,287.45,283.0,594,failed a technical gate (trend/near-high/RSI) -- not in the top 20 at all,-2643.2999999999934,-1.548095320925369,7
HDFCBANK,2023-04-05,2023-05-04,826.9,863.9,200,dropped out of top 20 rank (now #22 of 75),7400.0,4.474543475631876,29
KPITTECH,2023-04-26,2023-05-08,905.5,883.15,189,dropped out of top 20 rank (now #26 of 71),-4224.150000000004,-2.4682495858641684,12
INDIANB,2023-04-03,2023-05-09,277.0,290.1987638561156,598,stop,7892.860785957123,4.764896698958698,36
BANKBARODA,2023-04-05,2023-05-09,149.25,159.4,1111,failed a technical gate (trend/near-high/RSI) -- not in the top 20 at all,11276.650000000007,6.800670016750421,34
SBIN,2023-04-20,2023-05-10,544.8,572.2,309,dropped out of top 20 rank (now #33 of 80),8466.600000000028,5.029368575624105,20
ABCAPITAL,2023-04-05,2023-05-11,155.25,163.95,1068,failed a technical gate (trend/near-high/RSI) -- not in the top 20 at all,9291.599999999988,5.603864734299502,36
ALKEM,2023-05-09,2023-05-11,3618.05,3497.65,47,dropped out of top 20 rank (now #22 of 74),-5658.800000000005,-3.327759428421384,2
RVNL,2023-05-10,2023-05-12,121.85,120.4,1428,failed a technical gate (trend/near-high/RSI) -- not in the top 20 at all,-2070.599999999984,-1.1899876897825123,2
COLPAL,2023-05-11,2023-05-12,1626.15,1627.7,107,dropped out of top 20 rank (now #28 of 69),165.84999999999513,0.09531716016357716,1
MARICO,2023-05-12,2023-05-16,541.5,536.15,320,dropped out of top 20 rank (now #21 of 76),-1712.0000000000073,-0.9879963065558717,4
NESTLEIND,2023-05-11,2023-05-17,1101.0,1086.6,158,dropped out of top 20 rank (now #21 of 73),-2275.2000000000144,-1.3079019073569564,6
PRESTIGE,2023-05-02,2023-05-18,484.25,479.2,361,failed a technical gate (trend/near-high/RSI) -- not in the top 20 at all,-1823.050000000004,-1.042849767681986,16
ITC,2023-04-18,2023-05-19,328.65,339.5149258402821,517,stop,5617.1666594258595,3.3059260125611223,31
RVNL,2023-05-18,2023-05-19,120.85,116.2,1420,failed a technical gate (trend/near-high/RSI) -- not in the top 20 at all,-6602.999999999988,-3.847745138601566,1
IRFC,2023-05-12,2023-05-25,33.35,32.0,5202,failed a technical gate (trend/near-high/RSI) -- not in the top 20 at all,-7022.700000000007,-4.047976011994003,13
GLENMARK,2023-05-04,2023-05-26,546.95,591.4,320,dropped out of top 20 rank (now #23 of 77),14223.999999999978,8.126885455708921,22
SONACOMS,2023-05-16,2023-05-31,542.9,506.3262008292657,320,stop,-11703.615734634968,-6.7367469461658285,15
VBL,2023-05-09,2023-06-08,301.1,316.35,574,failed a technical gate (trend/near-high/RSI) -- not in the top 20 at all,8753.5,5.06476253736301,30
INDHOTEL,2023-05-19,2023-06-08,372.35,380.8,463,dropped out of top 20 rank (now #24 of 91),3912.349999999995,2.269370216194444,20
KPITTECH,2023-05-25,2023-06-14,1020.3,1049.0280141409453,169,stop,4855.034389819762,2.815643844060123,20
RVNL,2023-06-08,2023-06-15,125.35,122.9,1415,dropped out of top 20 rank (now #21 of 97),-3466.749999999984,-1.954527323494204,7
BAJAJ-AUTO,2023-04-19,2023-06-16,4160.5,4527.0,40,failed a technical gate (trend/near-high/RSI) -- not in the top 20 at all,14660.0,8.809037375315466,58
SBICARD,2023-05-17,2023-06-20,879.4,893.8,197,failed a technical gate (trend/near-high/RSI) -- not in the top 20 at all,2836.7999999999956,1.6374801000682337,34
CHOLAFIN,2023-05-31,2023-06-20,1050.9,1121.9,166,dropped out of top 20 rank (now #21 of 97),11786.0,6.75611380721286,20
BEL,2023-06-20,2023-06-23,125.15,119.56842343030075,1463,stop,-8165.8465214700045,-4.459909364521975,3
HAL,2023-06-15,2023-06-26,1853.8,1790.6199283264232,96,stop,-6065.2868806633705,-3.4081385086620286,11
ITC,2023-05-19,2023-06-26,346.25,367.6,498,dropped out of top 20 rank (now #22 of 77),10632.300000000012,6.166064981949471,38
MAXHEALTH,2023-06-08,2023-06-28,557.4,603.3,318,dropped out of top 20 rank (now #35 of 85),14596.199999999993,8.234660925726578,20
KPITTECH,2023-06-16,2023-06-30,1084.4,1089.8,167,dropped out of top 20 rank (now #22 of 94),901.7999999999772,0.4979712283290194,14
ASTRAL,2023-05-26,2023-07-04,1776.35,1924.4,97,failed a technical gate (trend/near-high/RSI) -- not in the top 20 at all,14360.850000000017,8.33450615025193,39
DIXON,2023-06-23,2023-07-05,4326.2,4206.1,41,failed a technical gate (trend/near-high/RSI) -- not in the top 20 at all,-4924.099999999978,-2.7761083629975425,12
ANGELONE,2023-06-28,2023-07-10,171.5,165.17566074597195,1062,stop,-6716.4482877777855,-3.6876613726111063,12
COFORGE,2023-06-20,2023-07-10,912.0,922.5,200,dropped out of top 20 rank (now #26 of 99),2100.0,1.1513157894736947,20
RECLTD,2023-07-05,2023-07-14,166.5,160.3,1107,failed a technical gate (trend/near-high/RSI) -- not in the top 20 at all,-6863.399999999988,-3.7237237237237153,9
ANGELONE,2023-07-10,2023-07-17,171.0,160.31492063288863,1077,stop,-11507.830478378946,-6.248584425211323,7
KEI,2023-05-08,2023-07-28,1986.9,2437.6,88,failed a technical gate (trend/near-high/RSI) -- not in the top 20 at all,39661.599999999984,22.68357743218077,81
HEROMOTOCO,2023-07-10,2023-08-01,2949.7,2928.6,62,dropped out of top 20 rank (now #21 of 97),-1308.1999999999944,-0.7153269824049846,22
HAL,2023-06-26,2023-08-02,1850.5,1859.3551621014797,98,stop,867.805885945007,0.478528078977547,37
BEL,2023-07-17,2023-08-02,127.15,125.35,1487,failed a technical gate (trend/near-high/RSI) -- not in the top 20 at all,-2676.6000000000167,-1.4156508061344941,16
GODREJPROP,2023-06-30,2023-08-03,1568.45,1628.6842301309114,116,stop,6987.170695185714,3.840366612318613,34
SHRIRAMFIN,2023-06-26,2023-08-03,340.65,363.7,534,dropped out of top 20 rank (now #25 of 69),12308.700000000006,6.766475854983134,38
RBLBANK,2023-07-28,2023-08-04,234.1,213.67512710679432,857,stop,-17504.116069477262,-8.724849591288198,7
PHOENIXLTD,2023-08-01,2023-08-10,865.55,831.0,229,failed a technical gate (trend/near-high/RSI) -- not in the top 20 at all,-7911.94999999999,-3.9916815897406255,9
MAZDOCK,2023-06-14,2023-08-11,515.15,858.207995141839,345,stop,118355.00832393445,66.59380668578841,58
BSE,2023-07-14,2023-08-16,252.5,278.97823260126677,753,stop,19938.109148753876,10.48642875297694,33
ETERNAL,2023-08-04,2023-08-16,95.4,91.9,2044,dropped out of top 20 rank (now #21 of 68),-7154.0,-3.6687631027253698,12
RBLBANK,2023-08-10,2023-08-18,224.25,215.8,886,failed a technical gate (trend/near-high/RSI) -- not in the top 20 at all,-7486.69999999999,-3.7681159420289823,8
BEL,2023-08-16,2023-08-18,131.3,127.15,1493,failed a technical gate (trend/near-high/RSI) -- not in the top 20 at all,-6195.950000000009,-3.160700685453166,2
AUROPHARMA,2023-08-03,2023-08-24,840.35,833.65,232,failed a technical gate (trend/near-high/RSI) -- not in the top 20 at all,-1554.4000000000106,-0.7972868447670645,21
MOTILALOFS,2023-08-11,2023-08-28,228.8,216.35,864,failed a technical gate (trend/near-high/RSI) -- not in the top 20 at all,-10756.800000000014,-5.441433566433574,17
MAZDOCK,2023-08-16,2023-08-29,967.85,909.2,202,failed a technical gate (trend/near-high/RSI) -- not in the top 20 at all,-11847.299999999996,-6.059823319729296,13
PFC,2023-07-04,2023-08-31,177.0,208.15,1039,failed a technical gate (trend/near-high/RSI) -- not in the top 20 at all,32364.850000000006,17.598870056497184,58
GODFRYPHLP,2023-08-03,2023-09-05,676.0,700.0,288,failed a technical gate (trend/near-high/RSI) -- not in the top 20 at all,6912.0,3.5502958579881616,33
POLYCAB,2023-08-02,2023-09-11,4588.05,5147.95,42,dropped out of top 20 rank (now #23 of 119),23515.799999999985,12.203441549242044,40
BEL,2023-08-28,2023-09-12,134.9,134.75222372885122,1464,stop,-216.34446096182205,-0.10954504903541995,15
KALYANKJIL,2023-09-11,2023-09-12,247.45,225.18782637335767,935,stop,-20815.13234091057,-8.996635128972452,1
HAL,2023-08-29,2023-09-12,1948.7,1970.4,101,failed a technical gate (trend/near-high/RSI) -- not in the top 20 at all,2191.7000000000044,1.1135628880792448,14
RECLTD,2023-08-02,2023-09-13,196.3,241.963149986777,992,stop,45297.844786882786,23.261920523065214,42
SUPREMEIND,2023-08-18,2023-09-14,4352.55,4294.9,45,failed a technical gate (trend/near-high/RSI) -- not in the top 20 at all,-2594.2500000000246,-1.3245109188866455,27
PFC,2023-09-12,2023-09-15,226.3,223.5,972,dropped out of top 20 rank (now #21 of 112),-2721.6000000000113,-1.2372956252761913,3
BSE,2023-08-18,2023-09-20,288.0,392.1247679625419,680,stop,70804.8422145285,36.15443332032706,33
OBEROIRLTY,2023-09-12,2023-09-20,1140.3,1142.95,193,dropped out of top 20 rank (now #25 of 103),511.45000000001755,0.23239498377620738,8
COFORGE,2023-09-05,2023-09-21,1122.5,1067.5,191,failed a technical gate (trend/near-high/RSI) -- not in the top 20 at all,-10505.0,-4.899777282850781,16
IRFC,2023-08-24,2023-09-22,48.6,72.50567466399197,4084,stop,97630.77532774319,49.18863099586823,29
PHOENIXLTD,2023-09-12,2023-09-25,934.2,883.9696194534349,235,stop,-11804.139428442806,-5.376833712969931,13
UNIONBANK,2023-09-20,2023-10-09,90.19,90.66934377488883,2388,stop,1144.6729344345315,0.5314821763929833,19
MAZDOCK,2023-08-31,2023-10-09,924.5,1036.7,216,failed a technical gate (trend/near-high/RSI) -- not in the top 20 at all,24235.20000000001,12.1362898864251,39
MAHABANK,2023-09-15,2023-10-09,45.1,45.3,4860,failed a technical gate (trend/near-high/RSI) -- not in the top 20 at all,971.9999999999793,0.44345898004434225,24
BANKINDIA,2023-09-21,2023-10-09,100.26,97.47,2107,failed a technical gate (trend/near-high/RSI) -- not in the top 20 at all,-5878.530000000013,-2.782764811490135,18
IRFC,2023-09-22,2023-10-09,75.1,71.15,2856,failed a technical gate (trend/near-high/RSI) -- not in the top 20 at all,-11281.199999999968,-5.259653794940067,17
INDIANB,2023-09-25,2023-10-09,411.4,385.0,518,failed a technical gate (trend/near-high/RSI) -- not in the top 20 at all,-13675.199999999988,-6.4171122994652325,14
BANKBARODA,2023-10-09,2023-10-11,191.15,186.9,1109,failed a technical gate (trend/near-high/RSI) -- not in the top 20 at all,-4713.25,-2.223384776353654,2
RBLBANK,2023-10-09,2023-10-11,243.85,245.9,869,dropped out of top 20 rank (now #22 of 71),1781.4500000000098,0.8406807463604782,2
MAZDOCK,2023-10-11,2023-10-19,1077.15,1064.9,203,failed a technical gate (trend/near-high/RSI) -- not in the top 20 at all,-2486.75,-1.1372603629949407,8
MOTILALOFS,2023-10-19,2023-10-23,250.05,232.78394319609924,896,stop,-15470.386896295087,-6.905041713217663,4
RECLTD,2023-09-13,2023-10-23,244.4,278.3,883,failed a technical gate (trend/near-high/RSI) -- not in the top 20 at all,29933.700000000004,13.87070376432078,40
NMDC,2023-09-14,2023-10-23,45.8,46.1,4745,failed a technical gate (trend/near-high/RSI) -- not in the top 20 at all,1423.5000000000202,0.6550218340611424,39
IRFC,2023-10-11,2023-10-23,75.6,72.2,2893,failed a technical gate (trend/near-high/RSI) -- not in the top 20 at all,-9836.199999999975,-4.497354497354489,12
PFC,2023-10-09,2023-10-25,240.25,237.2,882,failed a technical gate (trend/near-high/RSI) -- not in the top 20 at all,-2690.10000000001,-1.2695109261186333,16
ETERNAL,2023-10-09,2023-10-26,103.9,103.32333553428447,2040,stop,-1176.395510059698,-0.5550187350486402,17
360ONE,2023-10-23,2023-10-26,532.8,521.4,413,failed a technical gate (trend/near-high/RSI) -- not in the top 20 at all,-4708.199999999991,-2.1396396396396344,3
NBCC,2023-10-25,2023-11-09,42.37,44.67,5248,dropped out of top 20 rank (now #21 of 91),12070.400000000023,5.428369129100785,15
PERSISTENT,2023-10-26,2023-11-13,2933.3,3118.05,75,dropped out of top 20 rank (now #21 of 91),13856.25,6.298367026898033,18
KALYANKJIL,2023-10-23,2023-11-16,287.35,313.5,767,dropped out of top 20 rank (now #27 of 111),20057.04999999998,9.100400208804583,24
BSE,2023-09-20,2023-11-24,400.5,690.9133287809914,537,stop,155951.95755539238,72.512691331084,65
TATAELXSI,2023-10-26,2023-12-05,7463.5,8392.1,29,dropped out of top 20 rank (now #22 of 121),26929.40000000001,12.441883834662026,40
BAJAJ-AUTO,2023-10-23,2023-12-08,5272.0,5925.5,41,dropped out of top 20 rank (now #22 of 124),26793.5,12.395675265553873,46
PHOENIXLTD,2023-11-13,2023-12-08,1055.1,1104.5,241,failed a technical gate (trend/near-high/RSI) -- not in the top 20 at all,11905.400000000021,4.68202066154868,25
CDSL,2023-11-16,2023-12-15,892.15,945.3,295,dropped out of top 20 rank (now #23 of 116),15679.249999999993,5.957518354536795,29
OBEROIRLTY,2023-12-05,2023-12-20,1439.25,1370.003993719077,190,stop,-13156.741193375366,-4.8112562988308465,15
RBLBANK,2023-12-15,2023-12-20,292.45,272.58137711039547,956,stop,-18994.403482461923,-6.793852928570532,5
BSE,2023-11-24,2023-12-20,723.5,770.5,360,failed a technical gate (trend/near-high/RSI) -- not in the top 20 at all,16920.0,6.496199032480998,26
RECLTD,2023-12-20,2023-12-26,404.45,419.0,672,dropped out of top 20 rank (now #21 of 118),9777.600000000008,3.597478056620096,6
MCX,2023-10-09,2023-12-27,416.0,638.0,509,dropped out of top 20 rank (now #22 of 118),112998.0,53.36538461538463,79
MOTILALOFS,2023-11-09,2023-12-27,258.0,302.7,939,failed a technical gate (trend/near-high/RSI) -- not in the top 20 at all,41973.29999999999,17.325581395348834,48
MANAPPURAM,2023-12-08,2023-12-28,163.85,172.5,1674,dropped out of top 20 rank (now #22 of 119),14480.10000000001,5.279218797680807,20
PFC,2023-12-20,2023-12-28,381.85,384.9,711,dropped out of top 20 rank (now #26 of 119),2168.5499999999674,0.7987429618960151,8
360ONE,2023-12-28,2024-01-03,708.8,655.5420799518596,400,stop,-21303.168019256147,-7.51381490521168,6
BANKBARODA,2023-12-27,2024-01-05,210.1,212.6,1335,dropped out of top 20 rank (now #21 of 124),3337.5,1.1899095668729265,9
ANGELONE,2023-10-09,2024-01-16,204.0,345.99950090866196,1039,stop,147537.48144409977,69.60759848463822,99
MOTILALOFS,2024-01-05,2024-01-18,325.5,345.3708156967986,916,stop,18201.667178267533,6.104705283194667,13
PRESTIGE,2023-10-23,2024-01-23,746.4,1191.1690246177827,295,stop,131206.8622622459,59.58856171192159,92
HAL,2023-12-20,2024-01-23,2665.9,2890.5,101,failed a technical gate (trend/near-high/RSI) -- not in the top 20 at all,22684.59999999999,8.424922165122473,34
BDL,2024-01-03,2024-01-23,820.45,834.8,349,failed a technical gate (trend/near-high/RSI) -- not in the top 20 at all,5008.149999999969,1.7490401608873052,20
PHOENIXLTD,2024-01-16,2024-01-23,1223.4,1198.1,247,failed a technical gate (trend/near-high/RSI) -- not in the top 20 at all,-6249.100000000045,-2.0680071930685107,7
MAZDOCK,2023-12-27,2024-01-30,1171.2,1143.2,239,failed a technical gate (trend/near-high/RSI) -- not in the top 20 at all,-6692.0,-2.390710382513661,34
BEL,2023-12-08,2024-02-01,158.75,183.4,1728,failed a technical gate (trend/near-high/RSI) -- not in the top 20 at all,42595.20000000001,15.527559055118111,55
GODREJPROP,2023-12-28,2024-02-08,1996.75,2226.5007128696634,142,stop,32624.601227492203,11.50623327255107,42
NBCC,2024-01-23,2024-02-09,65.73,94.24342450602046,4449,stop,126856.225627285,43.37962042601622,17
RVNL,2024-02-01,2024-02-09,297.55,258.0,1091,stop,-43149.05000000001,-13.291883717022356,8
NHPC,2024-01-23,2024-02-12,75.95,86.4651678089221,3850,stop,40483.39606435009,13.844855574617654,20
IRFC,2024-01-30,2024-02-12,166.65,144.95330535676626,1901,stop,-41245.41651678734,-13.019318717812023,13
BHEL,2023-12-26,2024-02-12,182.2,216.7,1543,failed a technical gate (trend/near-high/RSI) -- not in the top 20 at all,53233.5,18.935236004390777,48
UNIONBANK,2024-01-23,2024-02-12,128.1,127.91,2283,failed a technical gate (trend/near-high/RSI) -- not in the top 20 at all,-433.7699999999948,-0.14832162373146218,20
NBCC,2024-02-09,2024-02-12,98.63,88.77,3256,failed a technical gate (trend/near-high/RSI) -- not in the top 20 at all,-32104.16,-9.996958329108786,3
PHOENIXLTD,2024-02-09,2024-02-13,1406.1,1278.519462624489,228,stop,-29088.362521616476,-9.073361594161932,4
MAXHEALTH,2024-02-12,2024-02-16,875.9,865.45,347,dropped out of top 20 rank (now #22 of 90),-3626.1499999999764,-1.193058568329708,4
MOTILALOFS,2024-01-18,2024-02-21,380.9,420.1,789,failed a technical gate (trend/near-high/RSI) -- not in the top 20 at all,30928.800000000036,10.291415069572075,34
COALINDIA,2024-02-12,2024-02-21,406.4,406.55,749,failed a technical gate (trend/near-high/RSI) -- not in the top 20 at all,112.35000000002555,0.03690944881891145,9
IOC,2024-02-12,2024-02-27,159.93,157.89,1905,failed a technical gate (trend/near-high/RSI) -- not in the top 20 at all,-3886.200000000039,-1.2755580566497948,15
BAJAJ-AUTO,2024-01-23,2024-02-29,6920.5,7773.577341697435,42,stop,35829.24835129228,12.32681658402479,37
OFSS,2024-02-08,2024-03-02,6587.5,7083.0,50,dropped out of top 20 rank (now #25 of 96),24775.0,7.521821631878556,23
PHOENIXLTD,2024-02-13,2024-03-04,1282.35,1350.9,240,failed a technical gate (trend/near-high/RSI) -- not in the top 20 at all,16452.000000000044,5.345654462510252,20
GODFRYPHLP,2024-03-04,2024-03-12,1007.0,1064.6926498564899,314,stop,18115.492054937822,5.729160859631577,8
PETRONET,2024-02-21,2024-03-12,268.15,263.3,1174,failed a technical gate (trend/near-high/RSI) -- not in the top 20 at all,-5693.89999999996,-1.808689166511268,20
ONGC,2024-02-12,2024-03-13,240.1,242.6261059499985,1269,stop,3205.6284505481085,1.0521057684292012,30
UNIONBANK,2024-03-02,2024-03-13,134.67,127.78244709700448,2307,stop,-15889.58454721064,-5.114392888539032,11
PHOENIXLTD,2024-03-12,2024-03-13,1402.8,1267.8327139544776,223,stop,-30097.704788151477,-9.621277876070877,1
BANKBARODA,2024-02-12,2024-03-13,231.4,237.2,1317,failed a technical gate (trend/near-high/RSI) -- not in the top 20 at all,7638.599999999978,2.506482281763178,30
OIL,2024-02-16,2024-03-13,382.45,382.55,839,failed a technical gate (trend/near-high/RSI) -- not in the top 20 at all,83.90000000001908,0.02614720878546528,26
BPCL,2024-02-21,2024-03-13,292.15,275.8,1078,failed a technical gate (trend/near-high/RSI) -- not in the top 20 at all,-17625.299999999963,-5.596440184836549,21
CUMMINSIND,2024-02-29,2024-03-13,2738.65,2675.95,110,failed a technical gate (trend/near-high/RSI) -- not in the top 20 at all,-6897.00000000003,-2.2894491811659146,13
SUNPHARMA,2024-03-14,2024-03-15,1570.2,1548.2,194,failed a technical gate (trend/near-high/RSI) -- not in the top 20 at all,-4268.0,-1.401095401859631,1
TRENT,2024-03-13,2024-03-22,2629.4,2632.4,114,dropped out of top 20 rank (now #25 of 44),342.0,0.11409447022134867,9
PIDILITIND,2024-03-14,2024-03-27,1430.5,1496.2,213,dropped out of top 20 rank (now #22 of 68),13994.10000000001,4.592799720377494,13
ZYDUSLIFE,2024-03-13,2024-04-03,968.65,987.7,310,dropped out of top 20 rank (now #22 of 113),5905.500000000021,1.9666546224126336,21
ETERNAL,2024-03-22,2024-04-03,174.2,178.3,1821,dropped out of top 20 rank (now #27 of 113),7466.100000000041,2.3536165327210146,12
OFSS,2024-03-13,2024-04-09,7340.5,7677.0,40,failed a technical gate (trend/near-high/RSI) -- not in the top 20 at all,13460.0,4.584156392616312,27
CGPOWER,2024-03-13,2024-04-12,461.45,492.42525828571684,651,stop,20164.893144001668,6.712592542142559,30
OIL,2024-03-27,2024-04-18,399.2,402.1,816,failed a technical gate (trend/near-high/RSI) -- not in the top 20 at all,2366.400000000028,0.7264529058116365,22
GODREJPROP,2024-04-09,2024-04-19,2704.5,2509.99910400842,120,stop,-23340.10751898959,-7.191750637514504,10
ABB,2024-02-27,2024-04-19,5450.5,6292.6,57,failed a technical gate (trend/near-high/RSI) -- not in the top 20 at all,47999.70000000002,15.449958719383549,52
BAJAJ-AUTO,2024-03-12,2024-04-19,8317.0,8587.0,37,failed a technical gate (trend/near-high/RSI) -- not in the top 20 at all,9990.0,3.246362871227615,38
HINDZINC,2024-04-18,2024-04-19,404.95,398.7,804,failed a technical gate (trend/near-high/RSI) -- not in the top 20 at all,-5025.0,-1.543400419804919,1
PETRONET,2024-04-19,2024-04-23,286.7,282.2,1128,dropped out of top 20 rank (now #21 of 76),-5076.0,-1.5695849319846578,4
KEI,2024-04-23,2024-04-29,4016.75,3846.1,81,dropped out of top 20 rank (now #22 of 102),-13822.650000000007,-4.248459575527486,6
HAL,2024-04-03,2024-05-07,3589.3,3714.5047835331807,91,stop,11393.635301519425,3.4882785928504356,34
MAZDOCK,2024-04-29,2024-05-07,1188.45,1083.1046289716028,280,stop,-29496.703887951233,-8.864097860944698,8
BEL,2024-04-03,2024-05-07,221.5,227.4,1486,failed a technical gate (trend/near-high/RSI) -- not in the top 20 at all,8767.400000000009,2.6636568848758424,34
PHOENIXLTD,2024-04-12,2024-05-07,1498.35,1487.5,218,failed a technical gate (trend/near-high/RSI) -- not in the top 20 at all,-2365.29999999998,-0.7241298761971438,25
MOTILALOFS,2024-04-19,2024-05-09,558.0,569.3673903639258,579,stop,6581.719020713026,2.037166731886342,20
NAM-INDIA,2024-05-07,2024-05-13,574.6,563.05,569,failed a technical gate (trend/near-high/RSI) -- not in the top 20 at all,-6571.950000000039,-2.01009397841978,6
JINDALSTEL,2024-04-19,2024-05-16,927.25,1005.25,349,dropped out of top 20 rank (now #24 of 82),27222.0,8.411970881639252,27
GODREJPROP,2024-05-07,2024-05-23,2781.0,2814.75,117,dropped out of top 20 rank (now #26 of 99),3948.75,1.2135922330097193,16
EICHERMOT,2024-05-13,2024-05-28,4657.45,4770.95,72,dropped out of top 20 rank (now #25 of 96),8172.0,2.436955844936617,15
CUMMINSIND,2024-03-15,2024-05-30,2707.65,3596.8,112,failed a technical gate (trend/near-high/RSI) -- not in the top 20 at all,99584.80000000002,32.83843923697671,76
RECLTD,2024-05-28,2024-05-30,580.2,547.75,642,dropped out of top 20 rank (now #24 of 67),-20832.90000000003,-5.59289900034472,2
SUPREMEIND,2024-05-07,2024-05-31,5247.35,5277.6,62,failed a technical gate (trend/near-high/RSI) -- not in the top 20 at all,1875.5,0.576481462071321,24
SIEMENS,2024-03-13,2024-06-04,3542.45,5197.305693169137,84,stop,139007.87822620754,46.71500495897296,83
CGPOWER,2024-04-19,2024-06-04,533.9,608.2986054357098,606,stop,45085.55489404013,13.934932653251497,46
ABB,2024-05-07,2024-06-04,6888.45,8045.552932333119,47,stop,54383.83781965662,16.797725647034078,28
HAL,2024-05-09,2024-06-04,3846.65,4665.954117472403,85,stop,69640.84998515421,21.29915946271177,26
MAZDOCK,2024-05-16,2024-06-04,1219.9,1406.3432804007691,293,stop,54627.88115742533,15.283488843410865,19
OBEROIRLTY,2024-05-23,2024-06-04,1788.1,1695.8263759944157,209,stop,-19285.187417167104,-5.160428611687506,12
BEL,2024-05-30,2024-06-04,290.65,284.530983215078,1274,stop,-7795.627383990623,-2.1052870410879,5
ADANIPOWER,2024-05-30,2024-06-04,139.7,151.62232058072635,2652,stop,31617.994180086316,8.534230909610852,5
COCHINSHIP,2024-05-31,2024-06-05,1947.65,1701.7793195079328,190,stop,-46715.429293492794,-12.623966343648362,5
GVT&D,2024-06-04,2024-06-05,1347.75,1280.4,261,dropped out of top 20 rank (now #21 of 49),-17578.349999999977,-4.997217584863655,1
LODHA,2024-06-04,2024-06-05,1303.8,1296.85,270,dropped out of top 20 rank (now #26 of 49),-1876.5000000000123,-0.5330572173646297,1
BAJAJ-AUTO,2024-06-05,2024-06-06,9365.0,9461.5,37,dropped out of top 20 rank (now #21 of 71),3570.5,1.0304324612920412,1
POLYCAB,2024-06-04,2024-06-07,6456.2,6846.45,54,dropped out of top 20 rank (now #23 of 94),21073.5,6.044577305535759,3
CROMPTON,2024-06-05,2024-06-07,402.25,397.35,880,dropped out of top 20 rank (now #22 of 94),-4311.99999999998,-1.2181479179614652,2
CGPOWER,2024-06-04,2024-06-10,627.0,654.75,562,dropped out of top 20 rank (now #25 of 87),15595.5,4.425837320574155,6
SUPREMEIND,2024-06-06,2024-06-21,5729.5,5864.55,63,dropped out of top 20 rank (now #26 of 123),8508.150000000012,2.3570992233179267,15
OBEROIRLTY,2024-06-04,2024-06-25,1745.25,1829.3,201,failed a technical gate (trend/near-high/RSI) -- not in the top 20 at all,16894.049999999992,4.815928950007153,21
M&M,2024-06-05,2024-07-05,2740.95,2880.6,129,dropped out of top 20 rank (now #23 of 122),18014.850000000013,5.09494883160948,30
UNOMINDA,2024-06-04,2024-07-10,844.75,1060.25,417,failed a technical gate (trend/near-high/RSI) -- not in the top 20 at all,89863.5,25.5105060668837,36
PHOENIXLTD,2024-06-04,2024-07-12,1628.85,1951.4,216,dropped out of top 20 rank (now #28 of 115),69670.80000000005,19.802314516376597,38
HAL,2024-06-21,2024-07-16,5170.55,5329.4,76,failed a technical gate (trend/near-high/RSI) -- not in the top 20 at all,12072.599999999959,3.0722070185956962,25
BDL,2024-06-10,2024-07-18,1418.85,1546.45,259,failed a technical gate (trend/near-high/RSI) -- not in the top 20 at all,33048.40000000004,8.993198717271046,38
BEL,2024-06-25,2024-07-18,309.7,313.55,1295,failed a technical gate (trend/near-high/RSI) -- not in the top 20 at all,4985.750000000029,1.2431385211495005,23
NBCC,2024-07-12,2024-07-19,126.53,114.33790271811878,3525,stop,-42977.14291863129,-9.635736411824247,7
PERSISTENT,2024-07-18,2024-07-19,4896.15,4596.561987933731,87,stop,-26064.157049765374,-6.118848729435755,1
PGEL,2024-06-04,2024-07-19,246.65,350.3,1428,failed a technical gate (trend/near-high/RSI) -- not in the top 20 at all,148012.2,42.02310966957228,45
KAYNES,2024-07-05,2024-07-19,4238.8,3901.85,106,failed a technical gate (trend/near-high/RSI) -- not in the top 20 at all,-35716.700000000026,-7.949183731244702,14
MOTHERSON,2024-07-10,2024-07-19,133.67,128.13,3331,failed a technical gate (trend/near-high/RSI) -- not in the top 20 at all,-18453.739999999972,-4.144535049001263,9
OIL,2024-07-19,2024-07-22,571.1,555.25,725,dropped out of top 20 rank (now #22 of 88),-11491.250000000016,-2.7753458238487183,3
OFSS,2024-07-16,2024-07-23,10448.5,9831.651364338122,41,stop,-25290.79406213699,-5.903705179326002,7
PETRONET,2024-07-19,2024-07-23,327.55,318.6,1265,failed a technical gate (trend/near-high/RSI) -- not in the top 20 at all,-11321.749999999985,-2.73240726606625,4
COCHINSHIP,2024-06-07,2024-07-25,1912.75,2461.75,191,failed a technical gate (trend/near-high/RSI) -- not in the top 20 at all,104859.0,28.7021304404653,48
MAZDOCK,2024-06-07,2024-07-25,1576.6,2428.25,232,failed a technical gate (trend/near-high/RSI) -- not in the top 20 at all,197582.80000000002,54.018140301915516,48
SONACOMS,2024-07-19,2024-07-29,693.5,685.05,597,failed a technical gate (trend/near-high/RSI) -- not in the top 20 at all,-5044.650000000027,-1.2184571016582657,10
KPITTECH,2024-07-19,2024-07-29,1819.7,1799.5,227,dropped out of top 20 rank (now #27 of 102),-4585.400000000011,-1.1100730889707089,10
OFSS,2024-07-23,2024-07-31,10352.5,10404.0,39,dropped out of top 20 rank (now #25 of 113),2008.5,0.49746438058440035,8
M&M,2024-07-29,2024-07-31,2933.0,2907.8,144,dropped out of top 20 rank (now #23 of 113),-3628.799999999974,-0.8591885441527336,2
PERSISTENT,2024-07-22,2024-08-02,4759.0,4636.35,88,failed a technical gate (trend/near-high/RSI) -- not in the top 20 at all,-10793.199999999968,-2.5772221054843336,11
COCHINSHIP,2024-07-31,2024-08-02,2620.15,2537.9,161,failed a technical gate (trend/near-high/RSI) -- not in the top 20 at all,-13242.25,-3.1391332557296314,2
CAMS,2024-08-02,2024-08-05,873.7,797.3951789550221,469,stop,-35786.96107009467,-8.733526501657085,3
RVNL,2024-07-19,2024-08-05,613.75,550.8,675,failed a technical gate (trend/near-high/RSI) -- not in the top 20 at all,-42491.25000000003,-10.256619144602864,17
MAZDOCK,2024-07-31,2024-08-05,2621.75,2399.75,161,failed a technical gate (trend/near-high/RSI) -- not in the top 20 at all,-35742.0,-8.467626585296085,5
360ONE,2024-07-29,2024-08-06,1068.15,998.4138281095038,397,stop,-27685.260240527023,-6.528687159153323,8
NAUKRI,2024-08-05,2024-08-06,1395.0,1361.0,282,failed a technical gate (trend/near-high/RSI) -- not in the top 20 at all,-9588.0,-2.437275985663079,1
KALYANKJIL,2024-07-18,2024-08-08,519.45,536.55,820,failed a technical gate (trend/near-high/RSI) -- not in the top 20 at all,14021.999999999925,3.291943401674824,21
ZYDUSLIFE,2024-08-02,2024-08-13,1249.9,1194.3538895480233,328,stop,-18219.12422824839,-4.444044359706922,11
PETRONET,2024-07-25,2024-08-13,348.95,351.6,1189,dropped out of top 20 rank (now #21 of 57),3150.8500000000404,0.7594211205043777,19
SUNPHARMA,2024-08-05,2024-08-16,1720.35,1742.75,228,dropped out of top 20 rank (now #24 of 77),5107.200000000021,1.302060627197954,11
TORNTPHARM,2024-08-05,2024-08-19,3167.5,3349.35,124,dropped out of top 20 rank (now #22 of 79),22549.399999999987,5.7411207576953505,14
LUPIN,2024-08-08,2024-08-19,2050.8,2068.8,196,dropped out of top 20 rank (now #25 of 79),3528.0,0.8777062609713226,11
PIIND,2024-08-06,2024-08-20,4264.75,4327.25,92,dropped out of top 20 rank (now #21 of 85),5750.0,1.4655020810129482,14
KALYANKJIL,2024-08-16,2024-08-20,572.95,541.9,726,failed a technical gate (trend/near-high/RSI) -- not in the top 20 at all,-22542.30000000005,-5.4193210576839235,4
KAYNES,2024-07-25,2024-08-28,4175.15,4881.6,99,dropped out of top 20 rank (now #23 of 114),69938.55000000008,16.920350167059883,34
ETERNAL,2024-08-06,2024-08-29,249.08,252.34,1579,failed a technical gate (trend/near-high/RSI) -- not in the top 20 at all,5147.539999999985,1.3088164445158146,23
NAM-INDIA,2024-08-19,2024-08-29,715.15,676.8,586,failed a technical gate (trend/near-high/RSI) -- not in the top 20 at all,-22473.100000000013,-5.362511361252887,10
KFINTECH,2024-08-13,2024-09-06,1016.35,997.5383765505933,398,stop,-7487.026132863882,-1.850900127850319,24
CDSL,2024-08-20,2024-09-09,1443.05,1400.0,290,stop,-12484.499999999987,-2.983264613145764,20
NYKAA,2024-08-29,2024-09-12,209.55,207.69,1986,failed a technical gate (trend/near-high/RSI) -- not in the top 20 at all,-3693.9600000000273,-0.8876163206871901,14
ALKEM,2024-09-06,2024-09-18,6309.95,6090.3,69,failed a technical gate (trend/near-high/RSI) -- not in the top 20 at all,-15155.849999999975,-3.4810101506351,12
LUPIN,2024-09-09,2024-09-19,2216.8,2171.9,195,failed a technical gate (trend/near-high/RSI) -- not in the top 20 at all,-8755.500000000018,-2.0254420786719685,10
PNBHOUSING,2024-09-18,2024-09-24,1075.1,995.7,416,failed a technical gate (trend/near-high/RSI) -- not in the top 20 at all,-33030.39999999994,-7.385359501441712,6
GODFRYPHLP,2024-08-29,2024-09-27,2043.0,2341.704273721826,203,stop,60636.96756553072,14.620865086726686,29
CDSL,2024-09-19,2024-09-27,1511.1,1463.05,294,dropped out of top 20 rank (now #26 of 107),-14126.699999999986,-3.1798027926675854,8
ETERNAL,2024-09-12,2024-09-30,283.9,273.3,1546,failed a technical gate (trend/near-high/RSI) -- not in the top 20 at all,-16387.599999999948,-3.7337090524832584,18
MOTILALOFS,2024-08-20,2024-10-01,677.45,742.8,619,failed a technical gate (trend/near-high/RSI) -- not in the top 20 at all,40451.64999999994,9.646468374049721,42
BAJAJFINSV,2024-09-27,2024-10-03,2010.7,1921.107616073152,219,stop,-19620.732079979716,-4.455780769227036,6
TRENT,2024-08-13,2024-10-04,4254.5,4852.763733770615,95,stop,56835.054708208394,14.061904660256541,52
PGEL,2024-07-23,2024-10-04,370.7,609.85,1109,failed a technical gate (trend/near-high/RSI) -- not in the top 20 at all,265217.35000000003,64.51308335581334,73
VOLTAS,2024-09-30,2024-10-04,1845.1,1809.6,237,failed a technical gate (trend/near-high/RSI) -- not in the top 20 at all,-8413.5,-1.9240149585388333,4
BAJAJ-AUTO,2024-10-01,2024-10-04,11857.0,11483.5,37,failed a technical gate (trend/near-high/RSI) -- not in the top 20 at all,-13819.5,-3.150037952264484,3
KALYANKJIL,2024-08-28,2024-10-07,611.2,680.3500873602461,694,stop,47990.160628010766,11.313823193757532,40
BLUESTARCO,2024-09-27,2024-10-07,2119.5,1973.1787439444097,208,stop,-30434.821259562785,-6.903574241830168,10
ALKEM,2024-10-04,2024-10-10,6194.15,6137.1,69,failed a technical gate (trend/near-high/RSI) -- not in the top 20 at all,-3936.44999999995,-0.9210303270020814,6
COLPAL,2024-10-07,2024-10-10,3695.25,3641.4,113,failed a technical gate (trend/near-high/RSI) -- not in the top 20 at all,-6085.04999999999,-1.4572762330018252,3
M&M,2024-10-07,2024-10-14,3060.2,3154.9,137,dropped out of top 20 rank (now #23 of 55),12973.900000000038,3.0945689824194655,7
NAUKRI,2024-08-19,2024-10-17,1478.5,1596.0,283,failed a technical gate (trend/near-high/RSI) -- not in the top 20 at all,33252.5,7.947243828204265,59
TRENT,2024-10-10,2024-10-17,5352.6,5146.4,80,failed a technical gate (trend/near-high/RSI) -- not in the top 20 at all,-16496.00000000006,-3.852333445428402,7
KALYANKJIL,2024-10-10,2024-10-18,718.8,718.95,602,failed a technical gate (trend/near-high/RSI) -- not in the top 20 at all,90.30000000005475,0.020868113522554133,8
BSE,2024-09-24,2024-10-22,1326.5,1363.5,340,failed a technical gate (trend/near-high/RSI) -- not in the top 20 at all,12580.0,2.7892951375801056,28
SUNPHARMA,2024-10-04,2024-10-22,1910.05,1887.55,225,failed a technical gate (trend/near-high/RSI) -- not in the top 20 at all,-5062.5,-1.1779796340409932,18
NAM-INDIA,2024-10-17,2024-10-22,707.6,659.8,623,closed below 200 EMA,-29779.40000000004,-6.755228942905611,5
CDSL,2024-10-18,2024-10-22,1579.3,1460.85,283,failed a technical gate (trend/near-high/RSI) -- not in the top 20 at all,-33521.35000000001,-7.50015829798012,4
DIVISLAB,2024-10-22,2024-10-23,5817.95,5727.6,74,failed a technical gate (trend/near-high/RSI) -- not in the top 20 at all,-6685.89999999996,-1.5529525004511768,1
MOTILALOFS,2024-10-14,2024-10-25,826.8,868.2492444652808,539,stop,22341.14276678635,5.01321292516701,11
DIXON,2024-10-17,2024-10-25,15130.85,14281.433035756927,29,stop,-24633.091963049126,-5.613808637605111,8
OBEROIRLTY,2024-10-22,2024-10-30,1950.45,1927.75,222,failed a technical gate (trend/near-high/RSI) -- not in the top 20 at all,-5039.400000000011,-1.1638339870286396,8
HCLTECH,2024-10-04,2024-10-31,1776.6,1759.5912395806506,241,stop,-4099.111261063182,-0.9573770358746625,27
TECHM,2024-10-22,2024-10-31,1623.9,1540.4901087541853,266,stop,-22187.031071386744,-5.136393327533395,9
PERSISTENT,2024-10-25,2024-10-31,5670.9,5372.5,76,failed a technical gate (trend/near-high/RSI) -- not in the top 20 at all,-22678.399999999972,-5.261951365744411,6
TIINDIA,2024-10-23,2024-11-01,4634.95,4473.9,95,dropped out of top 20 rank (now #21 of 31),-15299.750000000018,-3.4746868898262173,9
WIPRO,2024-10-22,2024-11-04,260.65,258.5,1662,failed a technical gate (trend/near-high/RSI) -- not in the top 20 at all,-3573.299999999962,-0.8248609246115368,13
MAXHEALTH,2024-10-31,2024-11-11,1017.6,1025.0,416,dropped out of top 20 rank (now #21 of 42),3078.3999999999905,0.7272012578616316,11
RADICO,2024-10-31,2024-11-11,2379.0,2289.7,178,failed a technical gate (trend/near-high/RSI) -- not in the top 20 at all,-15895.400000000032,-3.7536780159731054,11
MCX,2024-10-04,2024-11-12,1161.0,1221.9647890186618,370,stop,22556.97193690487,5.251058485672844,39
NAM-INDIA,2024-11-01,2024-11-12,713.45,692.0,596,failed a technical gate (trend/near-high/RSI) -- not in the top 20 at all,-12784.200000000026,-3.006517625621985,11
CDSL,2024-11-04,2024-11-12,1521.8,1521.9,277,failed a technical gate (trend/near-high/RSI) -- not in the top 20 at all,27.70000000003779,0.00657116572480021,8
MOTILALOFS,2024-10-30,2024-11-13,924.0,898.8,464,failed a technical gate (trend/near-high/RSI) -- not in the top 20 at all,-11692.800000000021,-2.7272727272727337,14
NAUKRI,2024-11-12,2024-11-13,1564.5,1523.0,270,closed below 200 EMA,-11205.0,-2.6526046660274805,1
WIPRO,2024-11-11,2024-11-18,274.05,260.07191203067083,1555,stop,-21735.926792306876,-5.100561200266074,7
TECHM,2024-11-12,2024-11-18,1614.7,1589.7,262,failed a technical gate (trend/near-high/RSI) -- not in the top 20 at all,-6550.0,-1.5482752214033613,6
PGEL,2024-11-13,2024-11-18,629.55,624.3,660,failed a technical gate (trend/near-high/RSI) -- not in the top 20 at all,-3465.0,-0.8339289969025443,5
HCLTECH,2024-11-12,2024-11-19,1872.85,1820.55,226,failed a technical gate (trend/near-high/RSI) -- not in the top 20 at all,-11819.79999999999,-2.7925354406385994,7
BSE,2024-10-31,2024-11-26,1488.5,1477.0,284,failed a technical gate (trend/near-high/RSI) -- not in the top 20 at all,-3266.0,-0.7725898555592914,26
AMBER,2024-10-03,2024-11-28,5163.85,5992.25,84,failed a technical gate (trend/near-high/RSI) -- not in the top 20 at all,69585.59999999998,16.042294024807056,56
HCLTECH,2024-11-22,2024-11-28,1898.4,1840.9,224,failed a technical gate (trend/near-high/RSI) -- not in the top 20 at all,-12880.0,-3.028866413822162,6
TECHM,2024-11-22,2024-12-09,1672.6,1701.7,254,dropped out of top 20 rank (now #22 of 80),7391.400000000034,1.7398062896089916,17
ETERNAL,2024-11-28,2024-12-20,286.13,274.20063660953247,1461,stop,-17428.79991347306,-4.169210984680927,22
BSE,2024-12-09,2024-12-27,1822.5,1759.5,243,failed a technical gate (trend/near-high/RSI) -- not in the top 20 at all,-15309.0,-3.4567901234567877,18
NAM-INDIA,2024-12-23,2024-12-27,745.8,731.25,609,failed a technical gate (trend/near-high/RSI) -- not in the top 20 at all,-8860.949999999972,-1.950925181013674,4
WIPRO,2024-11-22,2024-12-31,273.2,288.5,1557,failed a technical gate (trend/near-high/RSI) -- not in the top 20 at all,23822.100000000017,5.600292825768682,39
COFORGE,2024-10-25,2025-01-02,1548.0,1939.5,279,dropped out of top 20 rank (now #23 of 56),109228.5,25.290697674418606,69
PERSISTENT,2024-11-11,2025-01-03,5721.65,6405.95,74,dropped out of top 20 rank (now #21 of 53),50638.20000000001,11.959836760375065,53
PAYTM,2024-11-22,2025-01-03,900.95,982.8,472,dropped out of top 20 rank (now #26 of 53),38633.19999999995,9.084854875409288,42
INDHOTEL,2024-11-13,2025-01-06,714.15,844.25,582,failed a technical gate (trend/near-high/RSI) -- not in the top 20 at all,75718.20000000001,18.21746131765036,54
MOTILALOFS,2025-01-03,2025-01-06,971.2,925.25,476,closed below 200 EMA,-21872.200000000023,-4.731260296540363,3
BLUESTARCO,2025-01-03,2025-01-07,2337.55,2148.3927497310624,198,stop,-37453.13555324968,-8.092115688175127,4
NAUKRI,2024-11-26,2025-01-07,1649.5,1687.5,258,failed a technical gate (trend/near-high/RSI) -- not in the top 20 at all,9804.0,2.3037284025462235,42
360ONE,2024-12-27,2025-01-07,1250.9,1217.3,364,failed a technical gate (trend/near-high/RSI) -- not in the top 20 at all,-12230.400000000049,-2.6860660324566465,11
POLICYBZR,2024-12-27,2025-01-07,2052.75,2079.55,222,failed a technical gate (trend/near-high/RSI) -- not in the top 20 at all,5949.60000000004,1.3055657045426994,11
LUPIN,2025-01-07,2025-01-08,2357.65,2251.180081918926,188,stop,-20016.344599241904,-4.515934005517098,1
DIXON,2025-01-07,2025-01-08,18451.85,17430.379613886314,24,stop,-24515.289266728418,-5.5358697697720505,1
KAYNES,2025-01-07,2025-01-08,7247.55,6970.65,61,failed a technical gate (trend/near-high/RSI) -- not in the top 20 at all,-16890.900000000034,-3.820601444626126,1
PGEL,2024-11-28,2025-01-09,700.35,922.2,597,failed a technical gate (trend/near-high/RSI) -- not in the top 20 at all,132444.45,31.677018633540378,42
MANKIND,2025-01-02,2025-01-09,2901.9,2828.05,159,failed a technical gate (trend/near-high/RSI) -- not in the top 20 at all,-11742.149999999985,-2.5448843860918724,7
KFINTECH,2025-01-01,2025-01-10,1545.15,1381.0852616642092,298,stop,-48891.2920240657,-10.618046036681939,9
MAXHEALTH,2025-01-07,2025-01-10,1198.35,1149.9,370,failed a technical gate (trend/near-high/RSI) -- not in the top 20 at all,-17926.499999999935,-4.0430592064087945,3
LUPIN,2025-01-09,2025-01-10,2252.85,2191.1,190,failed a technical gate (trend/near-high/RSI) -- not in the top 20 at all,-11732.5,-2.740972545886322,1
AMBER,2025-01-07,2025-01-13,8060.4,7347.113391509496,55,stop,-39230.763466977696,-8.849270613003124,6
MUTHOOTFIN,2025-01-07,2025-01-13,2209.15,2094.4325713404573,201,stop,-23058.203160568093,-5.192831118735386,6
DRREDDY,2025-01-10,2025-01-13,1354.4,1335.1,313,failed a technical gate (trend/near-high/RSI) -- not in the top 20 at all,-6040.900000000057,-1.4249852333136581,3
HCLTECH,2025-01-10,2025-01-14,1995.1,1904.519678893364,212,stop,-19203.02807460681,-4.540139396854093,4
INFY,2025-01-13,2025-01-16,1920.6,1887.6,218,failed a technical gate (trend/near-high/RSI) -- not in the top 20 at all,-7194.0,-1.718213058419249,3
BSE,2025-01-16,2025-01-27,1998.0,1840.3180787140245,209,stop,-32955.52154876888,-7.891988052351129,11
BIOCON,2025-01-14,2025-01-27,387.65,370.25,1078,failed a technical gate (trend/near-high/RSI) -- not in the top 20 at all,-18757.199999999975,-4.488585063846251,13
ITC,2025-01-13,2025-01-29,418.65,413.2,1002,failed a technical gate (trend/near-high/RSI) -- not in the top 20 at all,-5460.899999999989,-1.3018034157410652,16
BAJAJFINSV,2025-01-29,2025-01-31,1790.4,1706.780825915098,234,stop,-19566.88673586711,-4.670418570425728,2
BAJAJHLDNG,2025-02-04,2025-02-07,11735.85,11271.15,36,failed a technical gate (trend/near-high/RSI) -- not in the top 20 at all,-16729.200000000026,-3.959662061120417,3
MUTHOOTFIN,2025-02-04,2025-02-11,2239.0,2188.2,193,failed a technical gate (trend/near-high/RSI) -- not in the top 20 at all,-9804.400000000034,-2.26887003126397,7
BAJAJFINSV,2025-02-04,2025-02-11,1813.25,1744.85,238,failed a technical gate (trend/near-high/RSI) -- not in the top 20 at all,-16279.200000000023,-3.7722321797876823,7
MANAPPURAM,2025-01-31,2025-02-12,196.03,185.93977366261308,2148,stop,-21673.80617270711,-5.1472868119098685,12
SRF,2025-01-13,2025-02-14,2516.0,2752.25,166,failed a technical gate (trend/near-high/RSI) -- not in the top 20 at all,39217.5,9.389904610492849,32
WIPRO,2025-01-27,2025-02-14,294.35,300.35,1405,failed a technical gate (trend/near-high/RSI) -- not in the top 20 at all,8430.0,2.038389672158991,18
MARUTI,2025-02-04,2025-02-20,13109.95,12479.159243859416,33,stop,-20816.09495263929,-4.811542043566797,16
MUTHOOTFIN,2025-02-14,2025-02-21,2254.9,2212.1,185,failed a technical gate (trend/near-high/RSI) -- not in the top 20 at all,-7918.000000000034,-1.8980886070335767,7
BAJAJHLDNG,2025-02-20,2025-02-25,12454.3,11642.05,33,failed a technical gate (trend/near-high/RSI) -- not in the top 20 at all,-26804.25,-6.521843861156384,5
BAJAJFINSV,2025-02-14,2025-03-04,1841.3,1790.3,227,failed a technical gate (trend/near-high/RSI) -- not in the top 20 at all,-11577.0,-2.769782219084338,18
MANAPPURAM,2025-02-25,2025-03-04,204.94,197.58,2026,failed a technical gate (trend/near-high/RSI) -- not in the top 20 at all,-14911.35999999997,-3.591295013174578,7
BAJFINANCE,2025-01-10,2025-03-05,729.0,830.0,582,failed a technical gate (trend/near-high/RSI) -- not in the top 20 at all,58782.0,13.854595336076825,54
SBICARD,2025-01-27,2025-03-13,753.7,829.85,548,failed a technical gate (trend/near-high/RSI) -- not in the top 20 at all,41730.19999999999,10.103489452036607,45
SRF,2025-02-21,2025-03-25,2778.9,2945.65,149,dropped out of top 20 rank (now #21 of 41),24845.75,6.000575767389971,32
SHRIRAMFIN,2025-03-04,2025-04-01,632.9,637.45,653,failed a technical gate (trend/near-high/RSI) -- not in the top 20 at all,2971.1500000000447,0.7189129404329364,28
CHOLAFIN,2025-03-04,2025-04-01,1449.6,1468.25,285,failed a technical gate (trend/near-high/RSI) -- not in the top 20 at all,5315.2500000000255,1.2865618101545406,28
BAJFINANCE,2025-03-13,2025-04-02,842.0,867.0,489,failed a technical gate (trend/near-high/RSI) -- not in the top 20 at all,12225.0,2.9691211401425166,20
SBICARD,2025-03-25,2025-04-03,859.2,850.3,493,failed a technical gate (trend/near-high/RSI) -- not in the top 20 at all,-4387.700000000044,-1.0358472998137858,9
INDIGO,2025-03-05,2025-04-07,4698.1,4748.465848614266,87,stop,4381.828829441126,1.07204718107885,33
MANAPPURAM,2025-03-24,2025-04-07,240.38,221.48635467134758,1766,stop,-33366.17765040016,-7.859907366940844,14
BAJAJFINSV,2025-03-24,2025-04-07,1894.15,1835.0,224,stop,-13249.60000000002,-3.122772747670466,14
MUTHOOTFIN,2025-03-24,2025-04-07,2352.55,2150.0,180,stop,-36459.00000000003,-8.609806380310737,14
MAZDOCK,2025-03-24,2025-04-07,2654.8,2221.05,159,stop,-68966.25,-16.338330571041126,14
HDFCLIFE,2025-04-07,2025-04-17,665.95,720.05,600,failed a technical gate (trend/near-high/RSI) -- not in the top 20 at all,32459.999999999945,8.123733012988943,10
MFSL,2025-04-07,2025-04-17,1128.45,1218.0,354,dropped out of top 20 rank (now #22 of 47),31700.699999999983,7.935663963844197,10
SHRIRAMFIN,2025-04-17,2025-04-25,691.75,640.6948737187944,603,stop,-30786.241147566987,-7.380574814774931,8
MANAPPURAM,2025-04-07,2025-04-25,225.6,226.93,1771,failed a technical gate (trend/near-high/RSI) -- not in the top 20 at all,2355.430000000022,0.5895390070921991,18
LTF,2025-04-25,2025-04-28,172.99,161.5093994542209,2417,stop,-27748.61151914811,-6.636568903277129,3
BAJFINANCE,2025-04-16,2025-04-30,906.0,861.7556844695237,456,stop,-20175.407881897212,-4.8834785353726655,14
BAJAJFINSV,2025-04-17,2025-04-30,2035.3,1939.7321172983345,205,stop,-19591.415953841417,-4.6955182381794085,13
INDIGO,2025-04-07,2025-05-08,4988.7,5109.429907986336,80,stop,9658.39263890688,2.4200675123045245,31
HDFCBANK,2025-04-16,2025-05-09,939.0,944.8,440,failed a technical gate (trend/near-high/RSI) -- not in the top 20 at all,2551.99999999998,0.6176783812566589,23
HDFCAMC,2025-04-25,2025-05-09,2105.0,2051.6,198,failed a technical gate (trend/near-high/RSI) -- not in the top 20 at all,-10573.200000000019,-2.5368171021377672,14
ICICIBANK,2025-05-08,2025-05-09,1435.5,1388.9,286,failed a technical gate (trend/near-high/RSI) -- not in the top 20 at all,-13327.599999999973,-3.246255660048758,1
MUTHOOTFIN,2025-05-09,2025-05-13,2229.6,2216.5,184,dropped out of top 20 rank (now #21 of 51),-2410.3999999999833,-0.5875493362037965,4
SBILIFE,2025-05-09,2025-05-14,1699.8,1755.2,241,dropped out of top 20 rank (now #21 of 58),13351.400000000021,3.259206965525352,5
GODFRYPHLP,2025-04-16,2025-05-21,2448.0,2851.0,168,dropped out of top 20 rank (now #25 of 59),67704.0,16.462418300653603,35
MAZDOCK,2025-04-30,2025-06-11,3057.6,3322.8157328919056,134,stop,35538.90820751536,8.673983938118312,42
BDL,2025-05-13,2025-06-12,1746.7,1871.0,245,failed a technical gate (trend/near-high/RSI) -- not in the top 20 at all,30453.49999999999,7.116276406938793,30
BSE,2025-04-07,2025-06-13,1727.5,2653.0,231,stop,213790.5,53.574529667149065,67
PNBHOUSING,2025-04-16,2025-06-13,1001.7,1055.6,412,failed a technical gate (trend/near-high/RSI) -- not in the top 20 at all,22206.799999999945,5.3808525506638505,58
ANGELONE,2025-06-11,2025-06-13,311.4,292.5,1518,failed a technical gate (trend/near-high/RSI) -- not in the top 20 at all,-28690.199999999964,-6.0693641618497,2
HDFCAMC,2025-05-14,2025-06-16,2194.5,2299.7,197,stop,20724.399999999965,4.793802688539528,33
BSE,2025-06-13,2025-06-18,2711.2,2633.2,169,failed a technical gate (trend/near-high/RSI) -- not in the top 20 at all,-13182.0,-2.8769548539392176,5
HAL,2025-05-21,2025-06-19,5001.1,4902.3,89,failed a technical gate (trend/near-high/RSI) -- not in the top 20 at all,-8793.200000000015,-1.9755653756173719,29
CDSL,2025-06-18,2025-06-19,1680.3,1637.8,276,failed a technical gate (trend/near-high/RSI) -- not in the top 20 at all,-11730.0,-2.529310242218652,1
BDL,2025-06-16,2025-06-24,1888.0,1851.7,244,failed a technical gate (trend/near-high/RSI) -- not in the top 20 at all,-8857.19999999999,-1.9226694915254194,8
BSE,2025-06-24,2025-07-04,2785.6,2635.2,169,failed a technical gate (trend/near-high/RSI) -- not in the top 20 at all,-25417.600000000017,-5.399195864445727,10
MFSL,2025-05-09,2025-07-07,1268.2,1568.5,323,failed a technical gate (trend/near-high/RSI) -- not in the top 20 at all,96996.89999999998,23.679230405298846,59
HDFCAMC,2025-06-19,2025-07-07,2386.8,2446.0,192,failed a technical gate (trend/near-high/RSI) -- not in the top 20 at all,11366.399999999965,2.4803083626612876,18
MCX,2025-06-13,2025-07-11,1512.0,1656.6749616185812,303,stop,43836.51337043009,9.568449842498762,28
BEL,2025-04-30,2025-07-11,314.1,409.3,1313,failed a technical gate (trend/near-high/RSI) -- not in the top 20 at all,124997.59999999999,30.308818847500785,72
GVT&D,2025-06-12,2025-07-11,2308.6,2332.9,200,failed a technical gate (trend/near-high/RSI) -- not in the top 20 at all,4860.000000000036,1.0525859828467654,29
CDSL,2025-07-07,2025-07-11,1778.5,1688.7,264,failed a technical gate (trend/near-high/RSI) -- not in the top 20 at all,-23707.19999999999,-5.0491987630025275,4
AUBANK,2025-04-28,2025-07-16,688.4,797.75,609,failed a technical gate (trend/near-high/RSI) -- not in the top 20 at all,66594.15000000001,15.884660081348056,79
LTF,2025-07-07,2025-07-17,207.77,199.78,2266,failed a technical gate (trend/near-high/RSI) -- not in the top 20 at all,-18105.340000000022,-3.8455984983395197,10
ABCAPITAL,2025-06-19,2025-07-18,255.68,264.35,1796,failed a technical gate (trend/near-high/RSI) -- not in the top 20 at all,15571.320000000029,3.390957446808507,29
360ONE,2025-07-04,2025-07-22,1245.4,1146.7218025299294,380,stop,-37497.71503862686,-7.923413960982073,18
MOTILALOFS,2025-07-11,2025-07-24,934.4,904.9,492,failed a technical gate (trend/near-high/RSI) -- not in the top 20 at all,-14514.0,-3.1571061643835607,13
GODFRYPHLP,2025-07-16,2025-07-24,3106.0,2935.0,149,failed a technical gate (trend/near-high/RSI) -- not in the top 20 at all,-25479.0,-5.505473277527361,8
NAM-INDIA,2025-07-11,2025-07-25,804.85,809.7,571,failed a technical gate (trend/near-high/RSI) -- not in the top 20 at all,2769.350000000013,0.6025967571597235,14
POLYCAB,2025-07-17,2025-07-25,6886.0,6734.5,67,failed a technical gate (trend/near-high/RSI) -- not in the top 20 at all,-10150.5,-2.200116177751965,8
MANAPPURAM,2025-07-18,2025-07-25,271.3,265.65,1706,failed a technical gate (trend/near-high/RSI) -- not in the top 20 at all,-9638.900000000058,-2.082565425727989,7
RBLBANK,2025-07-11,2025-07-28,264.16,253.26,1742,failed a technical gate (trend/near-high/RSI) -- not in the top 20 at all,-18987.80000000006,-4.126287098728055,17
LTF,2025-07-24,2025-07-28,210.1,201.99,2165,failed a technical gate (trend/near-high/RSI) -- not in the top 20 at all,-17558.14999999997,-3.8600666349357327,4
MUTHOOTFIN,2025-06-13,2025-07-29,2598.7,2617.1,176,failed a technical gate (trend/near-high/RSI) -- not in the top 20 at all,3238.400000000016,0.7080463308577478,46
DELHIVERY,2025-07-28,2025-07-30,428.85,409.15,1041,failed a technical gate (trend/near-high/RSI) -- not in the top 20 at all,-20507.700000000048,-4.593680774163467,2
POLYCAB,2025-07-29,2025-08-01,6962.5,6698.0,64,failed a technical gate (trend/near-high/RSI) -- not in the top 20 at all,-16928.0,-3.7989228007181297,3
GLENMARK,2025-07-22,2025-08-05,2157.9,2052.6,214,failed a technical gate (trend/near-high/RSI) -- not in the top 20 at all,-22534.20000000004,-4.879744195745872,14
MOTILALOFS,2025-07-30,2025-08-05,933.4,910.75,479,failed a technical gate (trend/near-high/RSI) -- not in the top 20 at all,-10849.34999999999,-2.4266123848296517,6
ETERNAL,2025-07-25,2025-08-07,310.55,291.55,1445,stop,-27455.0,-6.118177427145389,13
MOTILALOFS,2025-08-07,2025-08-08,917.8,905.6,490,failed a technical gate (trend/near-high/RSI) -- not in the top 20 at all,-5977.999999999966,-1.3292656352146381,1
HDFCAMC,2025-07-11,2025-08-11,2503.2,2691.6,183,failed a technical gate (trend/near-high/RSI) -- not in the top 20 at all,34477.20000000002,7.526366251198469,31
RBLBANK,2025-08-01,2025-08-11,259.1,258.5,1733,failed a technical gate (trend/near-high/RSI) -- not in the top 20 at all,-1039.8000000000393,-0.23157082207643231,10
INDIANB,2025-08-11,2025-08-25,659.95,654.1,687,dropped out of top 20 rank (now #22 of 49),-4018.9500000000157,-0.8864307902113788,14
GVT&D,2025-07-24,2025-08-26,2521.0,2690.1,180,failed a technical gate (trend/near-high/RSI) -- not in the top 20 at all,30437.999999999985,6.707655692185632,33
NAM-INDIA,2025-08-25,2025-08-26,843.45,825.7,556,failed a technical gate (trend/near-high/RSI) -- not in the top 20 at all,-9869.0,-2.10445195328709,1
HDFCAMC,2025-08-26,2025-08-28,2818.4,2731.3,164,failed a technical gate (trend/near-high/RSI) -- not in the top 20 at all,-14284.399999999985,-3.090405904059035,2
DELHIVERY,2025-08-05,2025-09-01,458.05,473.75,979,dropped out of top 20 rank (now #21 of 42),15370.299999999988,3.427573409016471,27
GODFRYPHLP,2025-08-05,2025-09-02,3292.0,3353.0,136,failed a technical gate (trend/near-high/RSI) -- not in the top 20 at all,8296.0,1.8529769137302532,28
ABCAPITAL,2025-08-11,2025-09-02,271.2,274.85,1672,failed a technical gate (trend/near-high/RSI) -- not in the top 20 at all,6102.8000000000575,1.3458702064896855,22
FORTIS,2025-07-25,2025-09-12,845.55,970.0,531,dropped out of top 20 rank (now #21 of 66),66082.95000000003,14.71823073738987,49
PAYTM,2025-07-28,2025-09-17,1094.2,1222.1,408,dropped out of top 20 rank (now #21 of 79),52183.199999999946,11.688905136172533,51
CUMMINSIND,2025-07-25,2025-09-23,3535.1,4005.2,127,dropped out of top 20 rank (now #21 of 64),59702.69999999999,13.298067947158486,60
MANAPPURAM,2025-09-02,2025-09-25,281.0,281.2,1640,failed a technical gate (trend/near-high/RSI) -- not in the top 20 at all,327.99999999998136,0.0711743772241924,23
ETERNAL,2025-08-08,2025-09-26,300.9,322.27622414754416,1496,stop,31978.831324726092,7.104095761895701,49
UNOMINDA,2025-08-28,2025-09-26,1295.6,1268.9,353,failed a technical gate (trend/near-high/RSI) -- not in the top 20 at all,-9425.099999999937,-2.060821241123789,29
KAYNES,2025-09-25,2025-09-29,7503.0,7091.517969356767,63,stop,-25923.367930523676,-5.484233381890347,4
ADANIPOWER,2025-09-26,2025-09-30,146.25,144.65,3220,failed a technical gate (trend/near-high/RSI) -- not in the top 20 at all,-5151.999999999982,-1.0940170940170857,4
ASHOKLEY,2025-09-23,2025-10-06,144.04,137.78,3335,failed a technical gate (trend/near-high/RSI) -- not in the top 20 at all,-20877.09999999997,-4.34601499583448,13
SBIN,2025-09-29,2025-10-07,870.75,864.7,542,dropped out of top 20 rank (now #21 of 62),-3279.0999999999754,-0.6948033304622347,8
UNOMINDA,2025-10-07,2025-10-09,1366.3,1297.7683305943626,351,stop,-24054.615961378702,-5.015858113564908,2
MUTHOOTFIN,2025-09-12,2025-10-23,2926.2,3136.072669039739,160,stop,33579.62704635829,7.172191546706963,41
EICHERMOT,2025-09-01,2025-10-23,6280.0,6884.5,73,failed a technical gate (trend/near-high/RSI) -- not in the top 20 at all,44128.5,9.62579617834396,52
MARUTI,2025-09-30,2025-10-28,16029.0,16311.0,29,dropped out of top 20 rank (now #24 of 77),8178.0,1.7593112483623496,28
NAM-INDIA,2025-09-17,2025-10-29,846.75,870.0,563,stop,13089.75,2.7457927369353374,42
HEROMOTOCO,2025-09-02,2025-10-30,5312.0,5515.0,86,failed a technical gate (trend/near-high/RSI) -- not in the top 20 at all,17458.0,3.821536144578319,58
BAJFINANCE,2025-09-26,2025-10-31,985.1,1042.8,478,failed a technical gate (trend/near-high/RSI) -- not in the top 20 at all,27580.599999999966,5.8572733732615845,35
ADANIPOWER,2025-10-06,2025-11-03,151.99,156.73,3150,failed a technical gate (trend/near-high/RSI) -- not in the top 20 at all,14930.99999999994,3.1186262254095487,28
MCX,2025-11-03,2025-11-07,1905.0,1803.8993842555371,259,stop,-26185.05947781588,-5.307118936717215,4
INDIANB,2025-10-23,2025-11-21,808.95,834.05,604,failed a technical gate (trend/near-high/RSI) -- not in the top 20 at all,15160.399999999945,3.102787564126319,29
BANKBARODA,2025-10-31,2025-11-24,269.7,273.05,1802,failed a technical gate (trend/near-high/RSI) -- not in the top 20 at all,6036.700000000041,1.2421208750463597,24
BANKINDIA,2025-10-23,2025-12-03,131.24,135.04261241598502,3726,stop,14168.533861960146,2.897449265456431,41
SBIN,2025-10-29,2025-12-03,939.75,951.05,519,failed a technical gate (trend/near-high/RSI) -- not in the top 20 at all,5864.699999999976,1.2024474594307,35
BSE,2025-11-24,2025-12-03,2802.2,2751.1,179,failed a technical gate (trend/near-high/RSI) -- not in the top 20 at all,-9146.899999999983,-1.8235671972021916,9
CANBK,2025-10-30,2025-12-08,128.65,137.74350071247605,3778,stop,34355.24569173449,7.068403196638973,39
BHARATFORG,2025-12-03,2025-12-08,1406.7,1373.6,361,failed a technical gate (trend/near-high/RSI) -- not in the top 20 at all,-11949.10000000005,-2.353024809838644,5
BSE,2025-12-08,2025-12-09,2798.8,2634.114493698545,180,stop,-29643.391134261903,-5.88414700233868,1
HEROMOTOCO,2025-12-08,2025-12-09,6167.0,6001.0,81,failed a technical gate (trend/near-high/RSI) -- not in the top 20 at all,-13446.0,-2.6917463920869134,1
MCX,2025-12-09,2025-12-10,2072.0,1957.267592483723,243,stop,-27879.97502645529,-5.5372783550326705,1
EICHERMOT,2025-12-09,2025-12-16,7123.0,7061.5,70,failed a technical gate (trend/near-high/RSI) -- not in the top 20 at all,-4305.0,-0.8634002527025175,7
LTF,2025-08-26,2025-12-18,220.0,299.85,2104,failed a technical gate (trend/near-high/RSI) -- not in the top 20 at all,168004.40000000005,36.295454545454554,114
SBIN,2025-12-18,2025-12-26,977.55,966.3,522,failed a technical gate (trend/near-high/RSI) -- not in the top 20 at all,-5872.5,-1.150836274359368,8
MUTHOOTFIN,2025-12-03,2025-12-29,3763.4,3736.5,135,failed a technical gate (trend/near-high/RSI) -- not in the top 20 at all,-3631.5000000000123,-0.7147791890312005,26
MOTHERSON,2025-12-10,2025-12-30,116.28,119.75,4305,dropped out of top 20 rank (now #21 of 57),14938.349999999995,2.984176126590987,20
FEDERALBNK,2025-11-07,2026-01-05,237.26,263.75,2102,dropped out of top 20 rank (now #23 of 76),55681.98000000002,11.1649667031948,59
CANBK,2025-12-16,2026-01-07,142.47,148.08,3566,dropped out of top 20 rank (now #21 of 79),20005.26000000005,3.937671088650241,22
HINDZINC,2025-12-30,2026-01-08,625.3,588.9347918307274,847,stop,-30801.331319373887,-5.815641799020089,9
NMDC,2025-12-26,2026-01-09,80.17,77.92451096293601,6514,stop,-14627.115587434831,-2.8009093639316363,14
MANAPPURAM,2026-01-07,2026-01-09,319.9,303.2254862480685,1705,stop,-28430.045947043207,-5.2124144269870225,2
MCX,2025-12-29,2026-01-09,2187.0,2191.0,237,dropped out of top 20 rank (now #21 of 42),948.0,0.18289894833105613,11
AUBANK,2025-10-28,2026-01-13,879.9,962.3143977396953,557,stop,45904.81954101031,9.36633682687753,77
EICHERMOT,2026-01-09,2026-01-14,7507.0,7266.614916663225,70,stop,-16826.955833574255,-3.2021457751002402,5
NMDC,2026-01-13,2026-01-19,79.7,78.99,6663,failed a technical gate (trend/near-high/RSI) -- not in the top 20 at all,-4730.730000000053,-0.8908406524466894,6
MANAPPURAM,2026-01-19,2026-01-20,314.45,301.85,1725,failed a technical gate (trend/near-high/RSI) -- not in the top 20 at all,-21734.99999999994,-4.0069963428207895,1
BANKBARODA,2026-01-05,2026-01-21,297.25,289.7,1812,failed a technical gate (trend/near-high/RSI) -- not in the top 20 at all,-13680.60000000002,-2.5399495374264114,16
APLAPOLLO,2026-01-09,2026-01-21,1890.1,1878.6,280,failed a technical gate (trend/near-high/RSI) -- not in the top 20 at all,-3220.0,-0.6084334162213656,12
NATIONALUM,2025-10-09,2026-01-30,229.55,386.7146736057631,2068,stop,325016.54501671804,68.46642282978135,113
HINDZINC,2026-01-14,2026-01-30,654.2,647.2246923040271,823,stop,-5740.678233785698,-1.0662347441108055,16
SBIN,2026-01-08,2026-02-01,998.0,1024.551936766317,529,stop,14045.974549381752,2.660514706043804,24
BANKINDIA,2026-01-09,2026-02-01,141.4,147.07184702545635,3745,stop,21241.06711033401,4.0112072315815706,23
INDIANB,2026-01-22,2026-02-01,878.05,827.5994995278347,614,stop,-30976.60728990945,-5.745743462464015,10
MCX,2026-01-30,2026-02-01,2528.0,2300.0,217,stop,-49476.0,-9.018987341772156,2
UNIONBANK,2026-01-20,2026-02-01,170.69,164.51,3127,failed a technical gate (trend/near-high/RSI) -- not in the top 20 at all,-19324.860000000022,-3.620598746265158,12
SHRIRAMFIN,2025-11-21,2026-02-02,823.3,951.4016966590506,609,stop,78013.93326536183,15.559540466300327,73
TECHM,2026-02-01,2026-02-04,1673.8,1600.3000691168083,314,stop,-23078.978297322166,-4.391201510526443,3
NATIONALUM,2026-02-03,2026-02-05,370.85,363.85,1427,failed a technical gate (trend/near-high/RSI) -- not in the top 20 at all,-9989.0,-1.8875556154779538,2
BAJAJ-AUTO,2026-02-02,2026-02-09,9496.5,9590.0,55,dropped out of top 20 rank (now #23 of 78),5142.5,0.9845732638340543,7
MCX,2026-02-04,2026-02-11,2543.3,2372.8,209,failed a technical gate (trend/near-high/RSI) -- not in the top 20 at all,-35634.5,-6.703888648606138,7
NMDC,2026-02-03,2026-02-13,79.24,79.43,6681,failed a technical gate (trend/near-high/RSI) -- not in the top 20 at all,1269.3900000000797,0.23977788995457328,10
NATIONALUM,2026-02-11,2026-02-13,367.7,349.3,1463,failed a technical gate (trend/near-high/RSI) -- not in the top 20 at all,-26919.199999999968,-5.004079412564588,2
FEDERALBNK,2026-01-22,2026-02-19,282.2,288.3,1911,dropped out of top 20 rank (now #23 of 63),11657.100000000044,2.1615875265769136,28
SHRIRAMFIN,2026-02-13,2026-03-02,1065.8,1052.5,496,failed a technical gate (trend/near-high/RSI) -- not in the top 20 at all,-6596.799999999977,-1.2478889097391588,17
APLAPOLLO,2026-01-30,2026-03-04,2045.7,2131.603593202479,268,stop,23022.162978264307,4.19922731595439,33
BANKINDIA,2026-02-05,2026-03-04,158.29,157.94769555088027,3346,stop,-1145.3506867545937,-0.21625146826692587,27
ASHOKLEY,2025-12-03,2026-03-04,162.71,200.46,3125,failed a technical gate (trend/near-high/RSI) -- not in the top 20 at all,117968.75,23.20078667568066,91
SBIN,2026-02-09,2026-03-05,1146.0,1155.7756478961394,466,stop,4555.451919600955,0.8530233766264717,24
UNIONBANK,2026-02-03,2026-03-06,169.41,183.24,3125,failed a technical gate (trend/near-high/RSI) -- not in the top 20 at all,43218.75000000004,8.163626704444837,31
SBIN,2026-03-05,2026-03-06,1169.5,1143.0,456,failed a technical gate (trend/near-high/RSI) -- not in the top 20 at all,-12084.0,-2.26592560923472,1
INDIANB,2026-02-19,2026-03-09,908.0,891.708604135213,587,stop,-9563.049372629956,-1.7942065930382167,18
POLYCAB,2026-03-09,2026-03-10,8228.5,7775.5212084448485,64,stop,-28990.642659529694,-5.5049983782603285,1
BHARATFORG,2026-02-13,2026-03-12,1738.8,1758.347843916154,304,stop,5942.54455051084,1.1242146259577979,27
BEL,2026-03-10,2026-03-13,463.35,436.78391688757324,1136,stop,-30179.070415716822,-5.733480762366849,3
GVT&D,2026-03-06,2026-03-13,3869.0,3604.3,137,failed a technical gate (trend/near-high/RSI) -- not in the top 20 at all,-36263.89999999997,-6.8415611269061705,7
TORNTPHARM,2026-03-12,2026-03-16,4446.0,4255.187945144063,118,stop,-22515.822473000597,-4.291769115068311,4
NATIONALUM,2026-03-06,2026-03-16,396.15,372.25,1346,failed a technical gate (trend/near-high/RSI) -- not in the top 20 at all,-32169.39999999997,-6.033068282216325,10
CGPOWER,2026-03-13,2026-03-16,709.9,698.65,730,failed a technical gate (trend/near-high/RSI) -- not in the top 20 at all,-8212.5,-1.5847302436962973,3
MCX,2026-03-16,2026-03-20,2555.6,2414.5,200,failed a technical gate (trend/near-high/RSI) -- not in the top 20 at all,-28219.99999999998,-5.521208326811699,4
BSE,2026-03-16,2026-03-20,2862.6,2806.1,178,failed a technical gate (trend/near-high/RSI) -- not in the top 20 at all,-10057.0,-1.9737301753650516,4
TATAPOWER,2026-03-20,2026-03-23,402.4,379.2574957320353,1263,stop,-29228.982890439394,-5.751119350885858,3
ABB,2026-02-03,2026-03-23,5668.5,6041.5,93,failed a technical gate (trend/near-high/RSI) -- not in the top 20 at all,34689.0,6.580224045161853,48
COALINDIA,2026-03-13,2026-03-24,467.0,441.1510658203922,1109,stop,-28666.468005185045,-5.535103678716869,11
TATAPOWER,2026-03-23,2026-03-24,386.95,384.75,1292,failed a technical gate (trend/near-high/RSI) -- not in the top 20 at all,-2842.399999999985,-0.568548908127664,1
ABB,2026-03-25,2026-03-27,6212.5,6105.0,80,failed a technical gate (trend/near-high/RSI) -- not in the top 20 at all,-8600.0,-1.730382293762578,2
DELHIVERY,2026-03-27,2026-03-30,428.75,416.7,1169,closed below 200 EMA,-14086.450000000013,-2.8104956268221626,3
LUPIN,2026-03-23,2026-04-01,2296.7,2274.9,217,failed a technical gate (trend/near-high/RSI) -- not in the top 20 at all,-4730.59999999994,-0.9491879653415691,9
GVT&D,2026-04-02,2026-04-07,3822.2,3673.2,131,failed a technical gate (trend/near-high/RSI) -- not in the top 20 at all,-19519.0,-3.8982784783632485,5
COALINDIA,2026-04-07,2026-04-08,463.0,449.25,1084,failed a technical gate (trend/near-high/RSI) -- not in the top 20 at all,-14905.0,-2.969762419006483,1
ONGC,2026-03-30,2026-04-09,284.65,288.6,1750,dropped out of top 20 rank (now #23 of 42),6912.50000000008,1.3876690672756098,10
AUROPHARMA,2026-03-20,2026-04-15,1291.4,1373.9,393,dropped out of top 20 rank (now #21 of 65),32422.5,6.388415672913128,26
NATIONALUM,2026-04-02,2026-04-30,401.8,399.79447966096217,1249,stop,-2504.894903458267,-0.4991339818411711,28
NMDC,2026-04-09,2026-05-11,84.44,86.79,5993,failed a technical gate (trend/near-high/RSI) -- not in the top 20 at all,14083.55000000005,2.783041212695414,32
GVT&D,2026-04-15,2026-05-12,4134.5,4233.513680237785,124,stop,12277.6963494853,2.3948163076015216,27
PNBHOUSING,2026-04-30,2026-05-29,1045.65,1030.5,512,failed a technical gate (trend/near-high/RSI) -- not in the top 20 at all,-7756.800000000047,-1.4488595610385957,29
BSE,2026-04-08,2026-06-01,3163.6,4047.402659762728,158,stop,139640.82024251105,27.936612079995204,54
BSE,2026-06-01,2026-06-02,4066.6,3931.9,134,failed a technical gate (trend/near-high/RSI) -- not in the top 20 at all,-18049.799999999974,-3.312349382776758,1
BHEL,2026-05-29,2026-06-04,416.75,391.1625905758271,1325,stop,-33903.3174870291,-6.139750311739145,6
NMDC,2026-06-02,2026-06-08,95.31,89.31408644924116,5745,stop,-34446.52334910955,-6.290959553833641,6
ADANIPOWER,2026-03-16,2026-06-08,154.06,225.85,3320,failed a technical gate (trend/near-high/RSI) -- not in the top 20 at all,238342.79999999996,46.59872776840193,84
NAM-INDIA,2026-05-11,2026-06-08,1065.6,1055.2,506,failed a technical gate (trend/near-high/RSI) -- not in the top 20 at all,-5262.3999999999305,-0.9759759759759623,28
GVT&D,2026-06-04,2026-06-08,5086.5,4744.0,106,failed a technical gate (trend/near-high/RSI) -- not in the top 20 at all,-36305.0,-6.733510272289389,4
OFSS,2026-05-12,2026-06-09,9010.5,9639.5,58,failed a technical gate (trend/near-high/RSI) -- not in the top 20 at all,36482.0,6.980744686754337,28
LAURUSLABS,2026-06-09,2026-06-16,1424.4,1355.362067189308,373,stop,-25751.148938388174,-4.84680797603848,7
ZYDUSLIFE,2026-06-08,2026-06-17,1087.6,1061.4,486,failed a technical gate (trend/near-high/RSI) -- not in the top 20 at all,-12733.199999999912,-2.4089738874586097,9
ADANIENSOL,2026-06-08,2026-06-17,1570.4,1491.0,337,dropped out of top 20 rank (now #24 of 65),-26757.800000000032,-5.0560366785532445,9
CGPOWER,2026-06-17,2026-06-24,963.75,919.45,543,failed a technical gate (trend/near-high/RSI) -- not in the top 20 at all,-24054.899999999976,-4.596627756160821,7
GVT&D,2026-06-16,2026-06-29,4872.5,4826.673115213523,107,stop,-4903.476672153084,-0.9405209807383796,13
ADANIGREEN,2026-06-08,2026-06-30,1490.5,1492.2,355,dropped out of top 20 rank (now #22 of 66),603.5000000000161,0.11405568601141614,22
CGPOWER,2026-06-29,2026-07-03,956.25,902.6758024133505,546,stop,-29251.511882310606,-5.6025304665777265,4
ABCAPITAL,2026-07-06,2026-07-08,409.75,388.21191640387815,1288,stop,-27741.051671804944,-5.256396240664274,2
MOTILALOFS,2026-07-06,2026-07-08,953.0,909.6,553,failed a technical gate (trend/near-high/RSI) -- not in the top 20 at all,-24000.199999999986,-4.55403987408185,2
ADANIENT,2026-06-08,2026-07-09,2970.0,3083.6,178,dropped out of top 20 rank (now #26 of 51),20220.799999999985,3.82491582491582,31
NAM-INDIA,2026-06-17,2026-07-16,1153.7,1151.5,454,failed a technical gate (trend/near-high/RSI) -- not in the top 20 at all,-998.8000000000206,-0.1906908208373137,29
LTF,2026-07-03,2026-07-17,327.0,308.4489612739548,1616,stop,-29978.47858128903,-5.673100527842568,14
OFSS,2026-06-24,2026-07-22,10468.5,10851.0,50,failed a technical gate (trend/near-high/RSI) -- not in the top 20 at all,19125.0,3.6538185986531024,28
LICI,2026-07-06,2026-07-22,429.1,423.3,1230,failed a technical gate (trend/near-high/RSI) -- not in the top 20 at all,-7134.000000000014,-1.3516662782568245,16
ZYDUSLIFE,2026-07-06,2026-07-22,1147.9,1126.3,459,failed a technical gate (trend/near-high/RSI) -- not in the top 20 at all,-9914.400000000063,-1.8816970119348464,16
BAJFINANCE,2026-07-22,2026-07-24,1060.3,1013.3319222188384,482,stop,-22638.61349051988,-4.429697046228576,2
PHOENIXLTD,2026-07-22,2026-07-24,2055.6,2010.7,248,failed a technical gate (trend/near-high/RSI) -- not in the top 20 at all,-11135.199999999966,-2.184277096711418,2
BHEL,2026-07-17,2026-07-28,422.0,405.75,1226,failed a technical gate (trend/near-high/RSI) -- not in the top 20 at all,-19922.5,-3.8507109004739304,11
TORNTPHARM,2026-07-22,2026-07-29,5033.4,4878.5,101,failed a technical gate (trend/near-high/RSI) -- not in the top 20 at all,-15644.899999999963,-3.077442682878362,7
MANKIND,2026-07-28,2026-07-31,2617.9,2484.1865065838256,197,stop,-26341.55820298638,-5.107662378859946,3
GODREJPROP,2026-07-31,2026-08-04,2105.7,2033.6,245,failed a technical gate (trend/near-high/RSI) -- not in the top 20 at all,-17664.499999999978,-3.4240395118013023,4
LODHA,2026-07-29,2026-08-06,1316.35,1217.1512461735338,395,stop,-39183.50776145413,-7.535894999541625,8
OFSS,2026-07-31,2026-08-13,11186.0,11420.0,46,failed a technical gate (trend/near-high/RSI) -- not in the top 20 at all,10764.0,2.0919005900232435,13
BAJAJ-AUTO,2026-07-31,2026-08-19,11520.5,11645.0,44,dropped out of top 20 rank (now #22 of 56),5478.0,1.0806822620545997,19
LODHA,2026-08-06,2026-08-21,1214.0,1242.0,431,dropped out of top 20 rank (now #21 of 60),12068.0,2.3064250411861664,15
