symbol,entry_date,exit_date,entry_price,exit_price,qty,reason,pnl,ret_pct,holding_days
OBEROIRLTY,2021-01-01,2021-01-15,590.1,559.6,169,failed a technical gate (trend/near-high/RSI) -- not in the top 20 at all,-5154.5,-5.168615488900185,14
GODREJPROP,2021-01-01,2021-01-15,1427.25,1382.3,70,failed a technical gate (trend/near-high/RSI) -- not in the top 20 at all,-3146.500000000003,-3.149413207216678,14
TATASTEEL,2021-01-01,2021-01-18,59.32,61.61,1685,failed a technical gate (trend/near-high/RSI) -- not in the top 20 at all,3858.6499999999987,3.8604180714767455,17
DIXON,2021-01-01,2021-01-22,2724.4,2765.3903905608463,36,stop,1475.6540601904635,1.5045657965367054,21
VEDL,2021-01-15,2021-01-22,74.2,69.3,1448,failed a technical gate (trend/near-high/RSI) -- not in the top 20 at all,-7095.200000000008,-6.60377358490567,7
KPITTECH,2021-01-01,2021-01-25,143.9,127.12076423815654,694,stop,-11644.789618719366,-11.660344518306786,24
PERSISTENT,2021-01-01,2021-01-25,748.8,747.9022559601084,133,stop,-119.39995730557791,-0.11989103096842202,24
ASHOKLEY,2021-01-22,2021-01-27,58.65,53.76149030897642,1827,stop,-8931.30720550008,-8.335054886655724,5
DLF,2021-01-01,2021-01-27,238.35,258.75,419,failed a technical gate (trend/near-high/RSI) -- not in the top 20 at all,8547.600000000002,8.558842039018245,26
MPHASIS,2021-01-25,2021-01-27,1466.7,1461.6,71,failed a technical gate (trend/near-high/RSI) -- not in the top 20 at all,-362.1000000000097,-0.3477193700143322,2
KPITTECH,2021-01-25,2021-01-28,133.65,132.95,781,failed a technical gate (trend/near-high/RSI) -- not in the top 20 at all,-546.7000000000133,-0.5237560793116436,3
HAVELLS,2021-01-27,2021-01-29,1116.05,1065.4701982461006,93,stop,-4703.921563112639,-4.532037252264621,2
WIPRO,2021-01-27,2021-01-29,213.35,199.5060124441677,487,stop,-6742.021939690323,-6.488862224435099,2
APLAPOLLO,2021-01-01,2021-01-29,429.9,453.3,232,failed a technical gate (trend/near-high/RSI) -- not in the top 20 at all,5428.800000000008,5.443126308443835,28
ADANIENT,2021-01-01,2021-01-29,476.2,491.2,209,failed a technical gate (trend/near-high/RSI) -- not in the top 20 at all,3135.0,3.1499370012599837,28
IDFCFIRSTB,2021-01-22,2021-02-01,49.5,44.40836761775664,2165,stop,-11023.384107556876,-10.286126024734067,10
CROMPTON,2021-01-29,2021-02-01,427.75,416.45,238,dropped out of top 20 rank (now #33 of 44),-2689.400000000003,-2.641729982466401,3
RVNL,2021-01-28,2021-02-02,30.15,29.65,3429,failed a technical gate (trend/near-high/RSI) -- not in the top 20 at all,-1714.5,-1.6583747927031545,5
KPITTECH,2021-01-29,2021-02-02,142.8,134.95,713,dropped out of top 20 rank (now #28 of 54),-5597.050000000017,-5.497198879551835,4
NATIONALUM,2021-02-01,2021-02-09,48.27,48.12,2144,dropped out of top 20 rank (now #30 of 100),-321.6000000000122,-0.3107520198881386,8
ASHOKLEY,2021-02-02,2021-02-12,63.7,61.65,1672,dropped out of top 20 rank (now #21 of 99),-3427.600000000007,-3.2182103610675084,10
VOLTAS,2021-02-12,2021-02-16,1079.2,1037.65,105,dropped out of top 20 rank (now #23 of 94),-4362.749999999995,-3.8500741289844265,4
SHRIRAMFIN,2021-01-29,2021-02-18,258.25,287.75,394,dropped out of top 20 rank (now #23 of 99),11623.0,11.423039690222648,20
TATAELXSI,2021-01-01,2021-02-22,1867.95,2666.8,53,failed a technical gate (trend/near-high/RSI) -- not in the top 20 at all,42339.05000000001,42.76613399716267,52
TMPV,2021-01-18,2021-02-22,169.35,209.65,626,failed a technical gate (trend/near-high/RSI) -- not in the top 20 at all,25227.800000000007,23.796870386772962,35
DLF,2021-02-01,2021-02-22,281.65,294.1,367,failed a technical gate (trend/near-high/RSI) -- not in the top 20 at all,4569.150000000017,4.420379904136351,21
UNOMINDA,2021-01-27,2021-02-23,237.95,271.7,437,dropped out of top 20 rank (now #21 of 78),14748.75,14.183652027736926,27
SBIN,2021-02-22,2021-03-05,389.5,383.65,289,failed a technical gate (trend/near-high/RSI) -- not in the top 20 at all,-1690.6500000000065,-1.5019255455712477,11
DIXON,2021-02-09,2021-03-08,3547.55,3801.2,31,dropped out of top 20 rank (now #22 of 88),7863.149999999989,7.1500049329819015,27
MAHABANK,2021-02-22,2021-03-16,21.75,21.061171981031173,5179,stop,-3567.440310239557,-3.167025374569321,22
IDFCFIRSTB,2021-02-02,2021-03-17,47.7,60.9,2233,failed a technical gate (trend/near-high/RSI) -- not in the top 20 at all,29475.59999999999,27.67295597484276,43
ADANIPORTS,2021-02-22,2021-03-17,673.8,688.25,167,failed a technical gate (trend/near-high/RSI) -- not in the top 20 at all,2413.150000000008,2.144553279905015,23
PGEL,2021-01-29,2021-03-18,17.35,40.75,5876,stop,137498.4,134.87031700288182,48
NBCC,2021-03-05,2021-03-18,33.9,29.93722000911046,3681,stop,-14586.993146464385,-11.689616492299514,13
ASTRAL,2021-03-17,2021-03-18,1388.15,1288.8786177392099,89,stop,-8835.153021210332,-7.151344037805007,1
ABCAPITAL,2021-03-08,2021-03-19,131.25,117.67786839035264,968,stop,-13137.823398138642,-10.340671702588466,11
PGEL,2021-03-18,2021-03-19,40.75,38.7,3002,failed a technical gate (trend/near-high/RSI) -- not in the top 20 at all,-6154.099999999991,-5.03067484662576,1
NATIONALUM,2021-03-18,2021-03-19,55.61,54.63,2200,failed a technical gate (trend/near-high/RSI) -- not in the top 20 at all,-2155.999999999993,-1.7622729724869557,1
NMDC,2021-03-19,2021-03-22,16.05,15.45,7605,failed a technical gate (trend/near-high/RSI) -- not in the top 20 at all,-4563.000000000011,-3.7383177570093573,3
DIXON,2021-03-19,2021-03-23,4267.25,3883.765813958087,28,stop,-10737.55720917356,-8.986681962432785,4
HINDALCO,2021-03-17,2021-03-24,326.4,317.75,379,failed a technical gate (trend/near-high/RSI) -- not in the top 20 at all,-3278.3499999999913,-2.6501225490195957,7
PGEL,2021-03-22,2021-03-24,40.65,38.75,3024,failed a technical gate (trend/near-high/RSI) -- not in the top 20 at all,-5745.599999999996,-4.674046740467396,2
AUBANK,2021-03-24,2021-03-25,612.8,575.25,199,failed a technical gate (trend/near-high/RSI) -- not in the top 20 at all,-7472.449999999991,-6.127610966057439,1
ADANIPOWER,2021-03-25,2021-03-31,19.85,17.25,6000,stop,-15600.00000000001,-13.09823677581865,6
PGEL,2021-03-31,2021-04-01,40.7,39.05,3008,failed a technical gate (trend/near-high/RSI) -- not in the top 20 at all,-4963.200000000017,-4.054054054054069,1
APLAPOLLO,2021-03-18,2021-04-05,609.8,617.75,200,failed a technical gate (trend/near-high/RSI) -- not in the top 20 at all,1590.000000000009,1.303706133158422,18
NBCC,2021-03-23,2021-04-05,31.93,30.3,3898,failed a technical gate (trend/near-high/RSI) -- not in the top 20 at all,-6353.739999999996,-5.104917005950515,13
VEDL,2021-02-22,2021-04-12,88.0,95.66412762657708,1280,stop,9810.083362018668,8.709235939292137,49
ADANIENSOL,2021-02-23,2021-04-12,734.5,939.3695646157512,154,stop,31549.91295082568,27.892384563070284,48
ADANIENT,2021-03-16,2021-04-12,870.4,1029.546745958861,146,stop,23235.424909993715,18.28432283534709,27
IEX,2021-02-18,2021-04-12,99.3,112.6,1166,failed a technical gate (trend/near-high/RSI) -- not in the top 20 at all,15507.799999999997,13.393756294058413,53
COFORGE,2021-04-12,2021-04-13,623.5,572.5568299025961,199,stop,-10137.690849383383,-8.170516455076815,1
CGPOWER,2021-04-12,2021-04-15,74.65,67.66481706930249,1667,stop,-11644.299945472765,-9.35724438137645,3
ADANIPOWER,2021-04-01,2021-04-19,17.85,17.5,7040,failed a technical gate (trend/near-high/RSI) -- not in the top 20 at all,-2464.00000000001,-1.9607843137254943,18
JSWSTEEL,2021-03-19,2021-05-14,440.55,679.5473609180804,277,stop,66202.26897430826,54.24976981456824,56
SAIL,2021-04-05,2021-05-14,89.65,124.89891524802613,1413,stop,49806.71724546091,39.318366143922056,39
JINDALSTEL,2021-04-12,2021-05-14,389.0,431.9144246745226,320,stop,13732.61589584723,11.031985777512233,32
HINDALCO,2021-04-13,2021-05-14,348.7,374.0346290232858,360,stop,9120.466448382887,7.265451397558298,31
SAIL,2021-05-14,2021-05-20,127.15,121.45,1156,failed a technical gate (trend/near-high/RSI) -- not in the top 20 at all,-6589.2000000000035,-4.482894219425882,6
NMDC,2021-04-19,2021-05-21,16.7,21.447626431807073,7564,stop,35911.04633018871,28.42890078926392,32
TATASTEEL,2021-04-05,2021-05-24,81.26,103.22740288094701,1559,stop,34247.181091396385,27.033476348691863,49
JSWSTEEL,2021-05-14,2021-05-24,707.1,681.45,208,failed a technical gate (trend/near-high/RSI) -- not in the top 20 at all,-5335.199999999995,-3.6274925753075893,10
SAIL,2021-05-24,2021-05-25,124.75,123.95,1223,failed a technical gate (trend/near-high/RSI) -- not in the top 20 at all,-978.3999999999966,-0.6412825651302634,1
TATASTEEL,2021-05-24,2021-05-26,103.19,102.22,1479,failed a technical gate (trend/near-high/RSI) -- not in the top 20 at all,-1434.6299999999983,-0.9400135672061216,2
JSWSTEEL,2021-05-25,2021-05-26,700.8,682.2,215,failed a technical gate (trend/near-high/RSI) -- not in the top 20 at all,-3998.9999999999804,-2.654109589041087,1
VEDL,2021-05-14,2021-05-27,120.9,118.65,1216,failed a technical gate (trend/near-high/RSI) -- not in the top 20 at all,-2736.0,-1.8610421836228297,13
NMDC,2021-05-21,2021-06-08,21.4,21.6,7102,failed a technical gate (trend/near-high/RSI) -- not in the top 20 at all,1420.40000000002,0.9345794392523477,18
NATIONALUM,2021-05-14,2021-06-09,69.86,68.98,2105,failed a technical gate (trend/near-high/RSI) -- not in the top 20 at all,-1852.3999999999905,-1.2596621815058606,26
TATASTEEL,2021-05-27,2021-06-09,103.63,104.07,1445,failed a technical gate (trend/near-high/RSI) -- not in the top 20 at all,635.7999999999968,0.4245874746694911,13
JSWSTEEL,2021-06-08,2021-06-09,707.5,697.85,221,failed a technical gate (trend/near-high/RSI) -- not in the top 20 at all,-2132.649999999995,-1.3639575971731377,1
ADANIENT,2021-04-12,2021-06-14,1041.6,1397.5,119,stop,42352.10000000001,34.168586789554546,63
BHEL,2021-05-26,2021-06-14,72.5,66.77889559704344,2039,stop,-11665.331877628418,-7.891178486836625,19
ADANIENSOL,2021-04-15,2021-06-15,944.15,1446.4,133,failed a technical gate (trend/near-high/RSI) -- not in the top 20 at all,66799.25000000001,53.19599639887731,61
PNBHOUSING,2021-06-09,2021-06-15,671.45,609.8,230,failed a technical gate (trend/near-high/RSI) -- not in the top 20 at all,-14179.500000000022,-9.181621863132039,6
ADANIENT,2021-06-14,2021-06-16,1455.6,1404.1,104,failed a technical gate (trend/near-high/RSI) -- not in the top 20 at all,-5356.0,-3.5380599065677365,2
ADANIPOWER,2021-06-14,2021-06-16,28.2,25.45,5387,failed a technical gate (trend/near-high/RSI) -- not in the top 20 at all,-14814.25,-9.751773049645395,2
JSWSTEEL,2021-06-15,2021-06-16,725.1,705.4,206,failed a technical gate (trend/near-high/RSI) -- not in the top 20 at all,-4058.2000000000094,-2.71686663908427,1
TATASTEEL,2021-06-15,2021-06-17,111.26,103.90716173259997,1348,stop,-9911.625984455242,-6.60869878428908,2
OFSS,2021-06-16,2021-06-17,3260.0,3148.0,44,failed a technical gate (trend/near-high/RSI) -- not in the top 20 at all,-4928.0,-3.435582822085892,1
SAIL,2021-06-09,2021-06-18,124.45,119.89760307815376,1244,stop,-5663.18177077672,-3.6580127937695717,9
BSE,2021-06-16,2021-06-18,103.0,95.44723503324762,1423,stop,-10747.584547688633,-7.3327815211188145,2
JSWENERGY,2021-06-17,2021-06-18,161.05,146.29449638575755,900,stop,-13279.953252818212,-9.162063715766811,1
HINDZINC,2021-05-20,2021-06-18,344.6,328.9,438,failed a technical gate (trend/near-high/RSI) -- not in the top 20 at all,-6876.60000000002,-4.556006964596648,29
TATAELXSI,2021-06-16,2021-06-18,3775.45,3639.95,38,failed a technical gate (trend/near-high/RSI) -- not in the top 20 at all,-5149.0,-3.5889761485385807,2
PNBHOUSING,2021-06-17,2021-06-18,620.95,611.1,233,failed a technical gate (trend/near-high/RSI) -- not in the top 20 at all,-2295.050000000005,-1.5862790884934364,1
BSE,2021-06-18,2021-06-24,99.5,98.0,1414,failed a technical gate (trend/near-high/RSI) -- not in the top 20 at all,-2121.0,-1.5075376884422065,6
ADANIENT,2021-06-18,2021-07-01,1442.1,1444.8,97,failed a technical gate (trend/near-high/RSI) -- not in the top 20 at all,261.9000000000044,0.18722696068234068,13
APLAPOLLO,2021-06-18,2021-07-09,774.95,771.85,181,failed a technical gate (trend/near-high/RSI) -- not in the top 20 at all,-561.1000000000041,-0.4000258081166552,21
KPITTECH,2021-03-24,2021-07-13,171.95,246.95,709,failed a technical gate (trend/near-high/RSI) -- not in the top 20 at all,53175.0,43.6173306193661,111
SUZLON,2021-07-01,2021-07-14,7.7,7.244112793237431,19733,stop,-8996.022251045782,-5.920613074838565,13
KEI,2021-06-18,2021-07-16,702.1,710.95,200,dropped out of top 20 rank (now #24 of 81),1770.0000000000045,1.2605042016806678,28
TATAELXSI,2021-06-24,2021-07-27,3740.15,4175.75,37,failed a technical gate (trend/near-high/RSI) -- not in the top 20 at all,16117.199999999997,11.646591714236054,33
MOTILALOFS,2021-07-27,2021-07-30,259.4,235.8,635,failed a technical gate (trend/near-high/RSI) -- not in the top 20 at all,-14985.999999999978,-9.097918272937534,3
COFORGE,2021-06-09,2021-08-04,769.5,940.0373492923135,201,stop,34278.00720775501,22.162098673465035,56
NATIONALUM,2021-07-09,2021-08-09,83.57,83.17420124376115,1789,stop,-708.0839749112969,-0.4736134453019569,31
BSE,2021-07-30,2021-08-10,139.0,123.8666681088108,1201,stop,-18175.13160131823,-10.88728913035194,11
PRESTIGE,2021-08-04,2021-08-11,368.2,339.84086198105996,450,stop,-12761.612108523013,-7.702101580374809,7
COFORGE,2021-08-10,2021-08-11,962.5,938.0,167,failed a technical gate (trend/near-high/RSI) -- not in the top 20 at all,-4091.5,-2.5454545454545507,1
PRESTIGE,2021-08-11,2021-08-13,360.95,338.8,441,failed a technical gate (trend/near-high/RSI) -- not in the top 20 at all,-9768.14999999999,-6.136584014406421,2
VEDL,2021-08-11,2021-08-17,146.05,135.30272194518668,1090,stop,-11714.533079746536,-7.358629274093353,6
TATASTEEL,2021-07-14,2021-08-20,118.1,131.36693810821885,1277,stop,16941.879964195476,11.2336478477721,37
INOXWIND,2021-08-09,2021-08-20,33.02,29.28,4966,failed a technical gate (trend/near-high/RSI) -- not in the top 20 at all,-18572.84000000001,-11.326468806783774,11
JSWENERGY,2021-06-18,2021-08-23,157.95,225.1,891,failed a technical gate (trend/near-high/RSI) -- not in the top 20 at all,59830.65,42.51345362456473,66
KPITTECH,2021-07-16,2021-08-24,266.45,308.8275440615503,575,stop,24367.087835391445,15.904501430493646,39
KPITTECH,2021-08-24,2021-09-16,315.1,325.2,505,failed a technical gate (trend/near-high/RSI) -- not in the top 20 at all,5100.499999999983,3.205331640748965,23
OFSS,2021-07-13,2021-09-20,3551.5,4196.5,41,failed a technical gate (trend/near-high/RSI) -- not in the top 20 at all,26445.0,18.161340278755446,69
ADANIENSOL,2021-09-20,2021-09-21,1729.35,1642.9,98,failed a technical gate (trend/near-high/RSI) -- not in the top 20 at all,-8472.099999999982,-4.998988059097343,1
APOLLOHOSP,2021-08-20,2021-09-24,4746.5,4731.8,33,failed a technical gate (trend/near-high/RSI) -- not in the top 20 at all,-485.099999999994,-0.3097018855999112,35
WIPRO,2021-08-23,2021-09-27,300.5,312.55,530,failed a technical gate (trend/near-high/RSI) -- not in the top 20 at all,6386.500000000006,4.009983361064906,35
COFORGE,2021-08-13,2021-09-28,962.5,1035.6279281148863,169,stop,12358.619851415791,7.597706817131056,46
PERSISTENT,2021-05-26,2021-09-28,1257.5,1755.7,117,failed a technical gate (trend/near-high/RSI) -- not in the top 20 at all,58289.40000000001,39.61829025844932,125
TECHM,2021-08-20,2021-09-28,1312.5,1326.7,121,failed a technical gate (trend/near-high/RSI) -- not in the top 20 at all,1718.2000000000055,1.0819047619047728,39
MPHASIS,2021-06-18,2021-10-01,1888.5,2836.9,74,failed a technical gate (trend/near-high/RSI) -- not in the top 20 at all,70181.6,50.21975112523167,105
OBEROIRLTY,2021-09-27,2021-10-06,948.8,853.5925580844728,185,stop,-17613.376754372526,-10.034511163103621,9
PRESTIGE,2021-09-24,2021-10-14,459.1,453.55,390,failed a technical gate (trend/near-high/RSI) -- not in the top 20 at all,-2164.5000000000045,-1.2088869527336121,20
OIL,2021-09-28,2021-10-18,155.5,157.05,1112,dropped out of top 20 rank (now #21 of 95),1723.6000000000126,0.9967845659164087,20
ADANIENSOL,2021-10-06,2021-10-19,1764.5,1745.05,98,dropped out of top 20 rank (now #21 of 89),-1906.1000000000045,-1.1022952677812392,13
OBEROIRLTY,2021-10-18,2021-10-20,966.9,882.2,186,failed a technical gate (trend/near-high/RSI) -- not in the top 20 at all,-15754.199999999988,-8.759954493742883,2
TATAELXSI,2021-08-17,2021-10-21,4715.25,5911.1,35,failed a technical gate (trend/near-high/RSI) -- not in the top 20 at all,41854.750000000015,25.361327607231864,65
DLF,2021-09-28,2021-10-21,410.05,407.1,421,failed a technical gate (trend/near-high/RSI) -- not in the top 20 at all,-1241.9499999999953,-0.7194244604316502,23
PERSISTENT,2021-10-19,2021-10-22,2096.0,1934.0781231368073,82,stop,-13277.593902781799,-7.725280384694311,3
GMRAIRPORT,2021-10-14,2021-10-25,43.4,39.297167450466176,4141,stop,-16989.82958761956,-9.453531220124011,11
INDUSTOWER,2021-09-21,2021-10-25,261.05,278.1,658,failed a technical gate (trend/near-high/RSI) -- not in the top 20 at all,11218.900000000007,6.531315839877427,34
TATAELXSI,2021-10-22,2021-10-25,6032.3,5809.2,28,failed a technical gate (trend/near-high/RSI) -- not in the top 20 at all,-6246.80000000001,-3.6984234868955523,3
JSWENERGY,2021-09-16,2021-10-27,311.35,366.55,546,failed a technical gate (trend/near-high/RSI) -- not in the top 20 at all,30139.199999999993,17.72924361650874,41
INDHOTEL,2021-09-28,2021-10-28,181.65,191.77994989474877,952,stop,9643.712299800822,5.576630825625517,30
GODREJPROP,2021-10-01,2021-10-28,2233.3,2270.45,78,failed a technical gate (trend/near-high/RSI) -- not in the top 20 at all,2897.6999999999716,1.6634576635472076,27
GMRAIRPORT,2021-10-25,2021-10-28,40.8,39.75,4113,failed a technical gate (trend/near-high/RSI) -- not in the top 20 at all,-4318.649999999989,-2.5735294117646967,3
OBEROIRLTY,2021-10-27,2021-10-28,931.05,891.75,183,failed a technical gate (trend/near-high/RSI) -- not in the top 20 at all,-7191.899999999991,-4.221040760431771,1
INDIANB,2021-10-21,2021-10-29,166.3,155.77172356438453,1025,stop,-10791.48334650587,-6.33089382779043,8
MPHASIS,2021-10-28,2021-10-29,3070.6,3037.1,53,failed a technical gate (trend/near-high/RSI) -- not in the top 20 at all,-1775.5,-1.0909919885364383,1
GODFRYPHLP,2021-10-28,2021-11-01,457.0,423.0,358,dropped out of top 20 rank (now #25 of 44),-12172.0,-7.4398249452954035,4
LTM,2021-10-28,2021-11-09,6689.35,6839.65,24,dropped out of top 20 rank (now #21 of 68),3607.1999999999825,2.2468550756052474,12
GODREJPROP,2021-11-01,2021-11-11,2345.3,2292.8,70,failed a technical gate (trend/near-high/RSI) -- not in the top 20 at all,-3675.0,-2.2385195923762424,10
GMRAIRPORT,2021-10-29,2021-11-15,40.55,40.5,3983,failed a technical gate (trend/near-high/RSI) -- not in the top 20 at all,-199.14999999998867,-0.12330456226880004,17
BANKBARODA,2021-10-21,2021-11-16,82.25,83.5,2074,failed a technical gate (trend/near-high/RSI) -- not in the top 20 at all,2592.5,1.5197568389057725,26
PRESTIGE,2021-11-09,2021-11-17,514.85,468.4813071685027,331,stop,-15348.037327225606,-9.006252856462527,8
ADANIENSOL,2021-10-25,2021-11-17,1869.9,1857.5,89,dropped out of top 20 rank (now #25 of 65),-1103.600000000008,-0.6631370661532743,23
OBEROIRLTY,2021-10-29,2021-11-18,905.3,921.5,178,failed a technical gate (trend/near-high/RSI) -- not in the top 20 at all,2883.600000000008,1.7894620567767694,20
TATAELXSI,2021-11-11,2021-11-22,6591.8,6171.601446720651,25,stop,-10504.963831983718,-6.374564660325688,11
INDIGO,2021-11-16,2021-11-22,2364.4,2192.483314270936,70,stop,-12034.1680010345,-7.271049134201668,6
TMPV,2021-10-20,2021-11-22,335.25,334.7,517,failed a technical gate (trend/near-high/RSI) -- not in the top 20 at all,-284.3500000000059,-0.16405667412379143,33
PGEL,2021-10-28,2021-11-22,49.3,49.4,3324,failed a technical gate (trend/near-high/RSI) -- not in the top 20 at all,332.40000000000475,0.20283975659229903,25
INDHOTEL,2021-11-15,2021-11-22,216.25,201.95,768,failed a technical gate (trend/near-high/RSI) -- not in the top 20 at all,-10982.400000000009,-6.612716763005788,7
PHOENIXLTD,2021-11-17,2021-11-22,542.3,503.0,304,failed a technical gate (trend/near-high/RSI) -- not in the top 20 at all,-11947.199999999986,-7.246911303706427,5
TECHM,2021-11-22,2021-11-24,1448.5,1445.4,107,failed a technical gate (trend/near-high/RSI) -- not in the top 20 at all,-331.69999999999027,-0.21401449775629855,2
COFORGE,2021-11-22,2021-11-24,1085.5,1075.5,142,failed a technical gate (trend/near-high/RSI) -- not in the top 20 at all,-1420.0,-0.9212344541685846,2
PERSISTENT,2021-10-25,2021-11-25,1979.85,2032.15,84,failed a technical gate (trend/near-high/RSI) -- not in the top 20 at all,4393.200000000015,2.6416142637068596,31
BLUESTARCO,2021-11-22,2021-11-25,522.3,492.7,296,failed a technical gate (trend/near-high/RSI) -- not in the top 20 at all,-8761.59999999999,-5.66724104920543,3
INDHOTEL,2021-11-24,2021-11-25,206.15,205.55,761,failed a technical gate (trend/near-high/RSI) -- not in the top 20 at all,-456.5999999999957,-0.2910502061605591,1
TIINDIA,2021-11-22,2021-11-26,1719.35,1568.1324051195572,90,stop,-13609.58353923984,-8.795044341201185,4
IEX,2021-11-17,2021-11-26,272.2,250.95,606,failed a technical gate (trend/near-high/RSI) -- not in the top 20 at all,-12877.5,-7.806759735488611,9
TVSMOTOR,2021-11-22,2021-11-26,709.85,676.8,218,failed a technical gate (trend/near-high/RSI) -- not in the top 20 at all,-7204.900000000015,-4.6559132211030585,4
PHOENIXLTD,2021-11-24,2021-11-26,517.7,484.2,303,closed below 200 EMA,-10150.500000000016,-6.4709291095229045,2
INDUSTOWER,2021-11-25,2021-11-26,286.05,268.6,546,closed below 200 EMA,-9527.699999999993,-6.100332109771012,1
PGEL,2021-11-25,2021-11-29,59.25,52.19022805141276,2640,stop,-18637.797944270314,-11.91522691744682,4
KEI,2021-11-22,2021-11-29,1032.6,1000.35,150,failed a technical gate (trend/near-high/RSI) -- not in the top 20 at all,-4837.499999999983,-3.123184195235318,7
ADANIGREEN,2021-11-25,2021-11-30,1405.05,1302.7252601426108,111,stop,-11358.046124170201,-7.282640465278045,5
ADANIENSOL,2021-11-26,2021-11-30,1993.85,1800.4066656589641,75,stop,-14508.250075577684,-9.70200036818396,4
BHARTIARTL,2021-11-26,2021-11-30,738.75,728.25,203,failed a technical gate (trend/near-high/RSI) -- not in the top 20 at all,-2131.5,-1.4213197969543123,4
VEDL,2021-11-26,2021-12-03,160.25,152.25,936,dropped out of top 20 rank (now #27 of 30),-7488.0,-4.99219968798752,7
TORNTPHARM,2021-11-29,2021-12-06,1518.65,1468.45,95,closed below 200 EMA,-4769.000000000005,-3.30556744477003,7
APOLLOHOSP,2021-11-26,2021-12-09,5687.6,5215.024152646725,26,stop,-12286.972031185152,-8.308879797335877,13
KEI,2021-11-30,2021-12-13,1104.9,1088.7,132,failed a technical gate (trend/near-high/RSI) -- not in the top 20 at all,-2138.400000000006,-1.4661960358403503,13
BAJAJHLDNG,2021-11-30,2021-12-14,5037.8,5487.9,29,dropped out of top 20 rank (now #21 of 50),13052.899999999983,8.93445551629679,14
PRESTIGE,2021-12-13,2021-12-15,460.6,450.1,337,failed a technical gate (trend/near-high/RSI) -- not in the top 20 at all,-3538.5,-2.2796352583586588,2
INDHOTEL,2021-12-09,2021-12-16,203.9,195.05,758,failed a technical gate (trend/near-high/RSI) -- not in the top 20 at all,-6708.299999999996,-4.340362923001473,7
PHOENIXLTD,2021-12-15,2021-12-16,513.9,506.3,304,failed a technical gate (trend/near-high/RSI) -- not in the top 20 at all,-2310.3999999999896,-1.4788869429850138,1
BSE,2021-11-29,2021-12-17,170.0,216.244085734321,857,stop,39631.1814743131,27.202403373130004,18
GMRAIRPORT,2021-12-06,2021-12-17,41.85,41.45,3594,failed a technical gate (trend/near-high/RSI) -- not in the top 20 at all,-1437.599999999995,-0.9557945041815952,11
PRESTIGE,2021-12-16,2021-12-17,455.3,450.85,340,failed a technical gate (trend/near-high/RSI) -- not in the top 20 at all,-1512.9999999999961,-0.9773775532615825,1
DLF,2021-12-16,2021-12-17,405.15,390.2,383,closed below 200 EMA,-5725.849999999996,-3.689991361224232,1
MPHASIS,2021-12-17,2021-12-20,3063.2,2834.274671099007,49,stop,-11217.341116148658,-7.473404573680886,3
KPITTECH,2021-11-18,2021-12-20,449.45,456.75,357,failed a technical gate (trend/near-high/RSI) -- not in the top 20 at all,2606.100000000004,1.6242073645566846,32
TECHM,2021-12-14,2021-12-20,1545.5,1502.8,102,failed a technical gate (trend/near-high/RSI) -- not in the top 20 at all,-4355.400000000005,-2.76285991588483,6
BSE,2021-12-17,2021-12-20,217.5,212.5,697,failed a technical gate (trend/near-high/RSI) -- not in the top 20 at all,-3485.0,-2.298850574712641,3
PHOENIXLTD,2021-12-17,2021-12-20,510.35,505.9,297,failed a technical gate (trend/near-high/RSI) -- not in the top 20 at all,-1321.6500000000135,-0.8719506221220863,3
BLUESTARCO,2021-12-20,2021-12-21,503.4,489.4,292,failed a technical gate (trend/near-high/RSI) -- not in the top 20 at all,-4088.0,-2.7810885975367516,1
POWERGRID,2021-11-26,2021-12-22,147.95,147.6,1014,failed a technical gate (trend/near-high/RSI) -- not in the top 20 at all,-354.89999999999424,-0.2365664075701157,26
TORNTPHARM,2021-12-20,2021-12-24,1533.9,1523.1,96,failed a technical gate (trend/near-high/RSI) -- not in the top 20 at all,-1036.8000000000175,-0.7040876197926926,4
APLAPOLLO,2021-12-20,2021-12-27,1017.15,991.2,144,dropped out of top 20 rank (now #23 of 32),-3736.79999999999,-2.5512461288895394,7
SIEMENS,2021-12-20,2021-12-30,1794.2,1793.75,82,failed a technical gate (trend/near-high/RSI) -- not in the top 20 at all,-36.90000000000373,-0.025080815962552627,10
PERSISTENT,2021-12-03,2022-01-06,2168.1,2267.1,70,failed a technical gate (trend/near-high/RSI) -- not in the top 20 at all,6930.0,4.566210045662111,34
INFY,2021-12-20,2022-01-06,1760.8,1779.3,83,failed a technical gate (trend/near-high/RSI) -- not in the top 20 at all,1535.5,1.0506587914584253,17
TECHM,2021-12-22,2022-01-06,1561.9,1592.8,96,failed a technical gate (trend/near-high/RSI) -- not in the top 20 at all,2966.399999999987,1.9783596901209899,15
TATAELXSI,2022-01-06,2022-01-07,5873.55,5799.55,26,closed below 200 EMA,-1924.0,-1.2598854185288277,1
COFORGE,2021-12-30,2022-01-10,1172.0,1115.7168973923717,135,stop,-7598.218852029818,-4.802312509183304,11
LTM,2021-12-24,2022-01-10,7166.55,7103.55,21,failed a technical gate (trend/near-high/RSI) -- not in the top 20 at all,-1323.0,-0.8790840781129017,17
GMRAIRPORT,2021-12-27,2022-01-11,46.15,44.85,3356,failed a technical gate (trend/near-high/RSI) -- not in the top 20 at all,-4362.79999999999,-2.8169014084507005,15
PRESTIGE,2022-01-10,2022-01-11,464.75,461.7,348,failed a technical gate (trend/near-high/RSI) -- not in the top 20 at all,-1061.400000000004,-0.6562668101129709,1
WIPRO,2021-12-17,2022-01-12,320.55,330.4,473,failed a technical gate (trend/near-high/RSI) -- not in the top 20 at all,4659.049999999984,3.0728435501481632,26
LTM,2022-01-11,2022-01-13,7174.15,7132.6,22,failed a technical gate (trend/near-high/RSI) -- not in the top 20 at all,-914.099999999984,-0.5791626882627132,2
HCLTECH,2022-01-07,2022-01-17,1290.55,1262.6224842035824,124,stop,-3463.0119587557747,-2.1640010690339384,10
TECHM,2022-01-10,2022-01-18,1615.7,1562.9,100,failed a technical gate (trend/near-high/RSI) -- not in the top 20 at all,-5279.999999999995,-3.2679334034783625,8
NBCC,2022-01-17,2022-01-19,35.07,32.77748333578218,4702,stop,-10779.413355152195,-6.536973664721479,2
INFY,2022-01-11,2022-01-20,1816.3,1791.7441157716448,89,stop,-2185.4736963236064,-1.3519729245364265,9
TCS,2022-01-06,2022-01-20,3807.45,3826.55,41,failed a technical gate (trend/near-high/RSI) -- not in the top 20 at all,783.1000000000149,0.5016480846760984,14
SRF,2022-01-18,2022-01-21,2615.15,2469.8005425373512,61,stop,-8866.31690522158,-5.557977839230976,3
PGEL,2021-11-30,2022-01-21,53.55,75.35,2736,failed a technical gate (trend/near-high/RSI) -- not in the top 20 at all,59644.799999999996,40.709617180205406,52
KPITTECH,2021-12-21,2022-01-24,481.5,629.1021241577938,307,stop,45313.8521164427,30.654646761743255,34
PRESTIGE,2022-01-12,2022-01-24,471.15,458.9879693325548,343,stop,-4171.576518933687,-2.581350030233509,12
HAL,2022-01-20,2022-01-24,715.55,675.6888541350477,224,stop,-8928.89667374931,-5.570700281594898,4
KEI,2022-01-21,2022-01-24,1165.8,1108.95,134,failed a technical gate (trend/near-high/RSI) -- not in the top 20 at all,-7617.899999999988,-4.876479670612444,3
INDIGO,2022-01-21,2022-01-24,2084.35,1992.2,75,closed below 200 EMA,-6911.24999999999,-4.421042531244746,3
SUZLON,2022-01-06,2022-01-25,9.3,9.8,17026,stop,8513.0,5.376344086021501,19
PIDILITIND,2022-01-24,2022-01-25,1320.2,1294.9,113,failed a technical gate (trend/near-high/RSI) -- not in the top 20 at all,-2858.899999999995,-1.9163763066202044,1
KPITTECH,2022-01-25,2022-01-27,648.4,633.05,233,failed a technical gate (trend/near-high/RSI) -- not in the top 20 at all,-3576.550000000005,-2.3673658235657036,2
POWERGRID,2022-01-21,2022-02-04,157.75,153.7,993,failed a technical gate (trend/near-high/RSI) -- not in the top 20 at all,-4021.6500000000115,-2.5673534072900184,14
SUZLON,2022-01-25,2022-02-07,10.1,10.2,14981,failed a technical gate (trend/near-high/RSI) -- not in the top 20 at all,1498.0999999999947,0.990099009900991,13
HAL,2022-01-24,2022-02-08,680.45,689.0,220,failed a technical gate (trend/near-high/RSI) -- not in the top 20 at all,1880.99999999999,1.2565214196487595,15
ADANIENSOL,2022-01-24,2022-02-08,2035.9,1968.3,73,failed a technical gate (trend/near-high/RSI) -- not in the top 20 at all,-4934.80000000001,-3.3203988408075147,15
POWERGRID,2022-02-07,2022-02-08,156.7,154.0,986,failed a technical gate (trend/near-high/RSI) -- not in the top 20 at all,-2662.199999999989,-1.723037651563486,1
BSE,2022-02-04,2022-02-09,246.5,225.35625957519036,624,stop,-13193.694025081213,-8.577582322437982,5
ONGC,2022-01-24,2022-02-09,149.8,148.2,1000,failed a technical gate (trend/near-high/RSI) -- not in the top 20 at all,-1600.0000000000227,-1.0680907877169687,16
BDL,2022-01-20,2022-02-11,230.6,226.1,698,failed a technical gate (trend/near-high/RSI) -- not in the top 20 at all,-3141.0,-1.9514310494362586,22
INDHOTEL,2022-02-08,2022-02-11,210.85,206.6,722,failed a technical gate (trend/near-high/RSI) -- not in the top 20 at all,-3068.5,-2.015650936684843,3
HAL,2022-02-09,2022-02-11,707.25,690.0,215,failed a technical gate (trend/near-high/RSI) -- not in the top 20 at all,-3708.75,-2.4390243902439046,2
TATAELXSI,2022-01-13,2022-02-14,6401.75,6911.35,25,failed a technical gate (trend/near-high/RSI) -- not in the top 20 at all,12740.00000000001,7.960323349084231,32
MARUTI,2022-02-08,2022-02-14,8599.45,8366.4,17,failed a technical gate (trend/near-high/RSI) -- not in the top 20 at all,-3961.8500000000186,-2.7100570385315437,6
ADANIENSOL,2022-02-11,2022-02-14,2016.05,1915.25,74,closed below 200 EMA,-7459.199999999997,-4.999875995139003,3
ADANIGREEN,2022-01-24,2022-02-15,1837.85,1792.8244345417575,81,stop,-3647.070802117639,-2.4499042608614685,22
BANKBARODA,2022-01-27,2022-02-15,89.8,90.97337127661508,1689,stop,1981.8240862028802,1.306649528524595,19
ONGC,2022-02-11,2022-02-15,151.95,142.84724655233154,986,stop,-8975.31489940109,-5.9906241840529395,4
OIL,2022-02-14,2022-02-15,150.5,149.8,951,failed a technical gate (trend/near-high/RSI) -- not in the top 20 at all,-665.6999999999891,-0.46511627906975495,1
BDL,2022-02-14,2022-02-16,231.9,230.65,617,failed a technical gate (trend/near-high/RSI) -- not in the top 20 at all,-771.25,-0.5390254420008622,2
NATIONALUM,2022-02-11,2022-02-18,119.94,112.74,1250,failed a technical gate (trend/near-high/RSI) -- not in the top 20 at all,-9000.000000000004,-6.003001500750383,7
BANKBARODA,2022-02-15,2022-02-18,96.0,91.55,1496,failed a technical gate (trend/near-high/RSI) -- not in the top 20 at all,-6657.200000000004,-4.63541666666667,3
INDIGO,2022-02-08,2022-02-21,2182.6,2086.55,69,failed a technical gate (trend/near-high/RSI) -- not in the top 20 at all,-6627.449999999981,-4.400714743883427,13
ONGC,2022-02-16,2022-02-21,152.35,147.65,945,failed a technical gate (trend/near-high/RSI) -- not in the top 20 at all,-4441.499999999989,-3.085001640958307,5
BDL,2022-02-18,2022-02-21,236.35,229.85,605,failed a technical gate (trend/near-high/RSI) -- not in the top 20 at all,-3932.5,-2.750158662999791,3
ADANIPOWER,2022-02-18,2022-02-21,26.3,24.05,5445,failed a technical gate (trend/near-high/RSI) -- not in the top 20 at all,-12251.25,-8.55513307984791,3
BSE,2022-02-09,2022-02-22,248.5,229.5,613,failed a technical gate (trend/near-high/RSI) -- not in the top 20 at all,-11647.0,-7.6458752515090485,13
JSWENERGY,2022-02-21,2022-02-22,339.35,327.65,411,failed a technical gate (trend/near-high/RSI) -- not in the top 20 at all,-4808.700000000019,-3.4477677913658633,1
TVSMOTOR,2022-02-22,2022-02-23,663.5,651.45,209,failed a technical gate (trend/near-high/RSI) -- not in the top 20 at all,-2518.4499999999907,-1.816126601356438,1
BLUESTARCO,2022-02-14,2022-02-24,501.9,507.8,285,failed a technical gate (trend/near-high/RSI) -- not in the top 20 at all,1681.5000000000098,1.1755329746961696,10
ADANIGREEN,2022-02-15,2022-02-24,1889.5,1849.75,76,failed a technical gate (trend/near-high/RSI) -- not in the top 20 at all,-3021.0,-2.103731145805765,9
MARUTI,2022-02-15,2022-02-24,8622.7,8210.15,16,closed below 200 EMA,-6600.8000000000175,-4.784464262933897,9
SIEMENS,2022-02-15,2022-02-24,1844.55,1741.25,77,closed below 200 EMA,-7954.099999999997,-5.600281911577342,9
CHOLAFIN,2022-02-21,2022-02-24,674.15,647.85,207,failed a technical gate (trend/near-high/RSI) -- not in the top 20 at all,-5444.09999999999,-3.9012089297634,3
EICHERMOT,2022-02-21,2022-02-24,2699.0,2617.15,51,closed below 200 EMA,-4174.349999999995,-3.0326046683956998,3
VOLTAS,2022-02-21,2022-02-24,1243.65,1196.9,112,closed below 200 EMA,-5236.0,-3.759096208740398,3
CUMMINSIND,2022-02-22,2022-02-24,950.25,927.7,146,closed below 200 EMA,-3292.2999999999934,-2.373059721126014,2
ADANIENSOL,2022-02-23,2022-02-24,2060.15,1957.3,67,failed a technical gate (trend/near-high/RSI) -- not in the top 20 at all,-6890.950000000009,-4.992354925612219,1
ADANIGREEN,2022-02-25,2022-02-28,1923.5,1843.4,69,failed a technical gate (trend/near-high/RSI) -- not in the top 20 at all,-5526.899999999994,-4.164283857551332,3
CROMPTON,2022-02-28,2022-03-02,428.5,407.45,313,closed below 200 EMA,-6588.650000000003,-4.912485414235713,2
VOLTAS,2022-02-25,2022-03-03,1252.3,1197.15,106,closed below 200 EMA,-5845.899999999985,-4.403896829833098,6
JSWENERGY,2022-02-28,2022-03-03,340.2,337.35,394,failed a technical gate (trend/near-high/RSI) -- not in the top 20 at all,-1122.8999999999864,-0.8377425044091558,3
BLUESTARCO,2022-02-25,2022-03-04,528.5,513.95,251,failed a technical gate (trend/near-high/RSI) -- not in the top 20 at all,-3652.0499999999884,-2.7530747398296973,7
TITAN,2022-02-28,2022-03-04,2546.55,2441.0,52,closed below 200 EMA,-5488.6000000000095,-4.144823388506024,4
NATIONALUM,2022-02-28,2022-03-14,118.77,115.29,1130,failed a technical gate (trend/near-high/RSI) -- not in the top 20 at all,-3932.3999999999883,-2.9300328365748807,14
HINDALCO,2022-02-25,2022-03-15,533.9,559.75,248,failed a technical gate (trend/near-high/RSI) -- not in the top 20 at all,6410.800000000006,4.841730661172505,18
VEDL,2022-02-28,2022-03-15,173.0,162.1,776,closed below 200 EMA,-8458.400000000005,-6.300578034682081,15
TATASTEEL,2022-03-14,2022-03-15,123.23,117.02,1084,failed a technical gate (trend/near-high/RSI) -- not in the top 20 at all,-6731.6400000000085,-5.039357299358926,1
CIPLA,2022-03-14,2022-03-23,1048.65,1014.45,127,dropped out of top 20 rank (now #21 of 51),-4343.400000000006,-3.261336003432991,9
BSE,2022-03-16,2022-03-28,329.5,292.5579635179534,406,stop,-14998.466811710921,-11.211543697130988,12
HINDALCO,2022-03-16,2022-03-31,572.7,572.5605906471086,233,stop,-32.482379223707426,-0.02434247474968343,15
COALINDIA,2022-03-28,2022-04-12,178.05,173.15,779,failed a technical gate (trend/near-high/RSI) -- not in the top 20 at all,-3817.1000000000045,-2.7520359449592857,15
TATAELXSI,2022-03-14,2022-04-18,7169.65,7934.491467371794,18,stop,13767.146412692298,10.66776575386239,35
BANKBARODA,2022-03-16,2022-04-18,93.75,99.55,1427,failed a technical gate (trend/near-high/RSI) -- not in the top 20 at all,8276.599999999997,6.186666666666674,33
VEDL,2022-03-23,2022-04-25,186.7,181.4883794448132,729,stop,-3799.271384731165,-2.791441111508719,33
JINDALSTEL,2022-03-04,2022-04-25,435.75,526.2,305,failed a technical gate (trend/near-high/RSI) -- not in the top 20 at all,27587.250000000015,20.75731497418245,52
COALINDIA,2022-04-18,2022-04-25,176.35,175.45,861,failed a technical gate (trend/near-high/RSI) -- not in the top 20 at all,-774.9000000000049,-0.5103487383045113,7
MAZDOCK,2022-04-18,2022-04-29,165.65,150.39563603843553,917,stop,-13988.251752754628,-9.208792008188638,11
HAL,2022-03-14,2022-04-29,690.6,797.55,193,failed a technical gate (trend/near-high/RSI) -- not in the top 20 at all,20641.349999999988,15.486533449174612,46
BDL,2022-03-14,2022-05-02,250.95,357.7938926765821,532,stop,56840.950903941695,42.575769147870936,49
BEL,2022-04-25,2022-05-02,81.95,79.4,1807,failed a technical gate (trend/near-high/RSI) -- not in the top 20 at all,-4607.849999999995,-3.1116534472239166,7
MAZDOCK,2022-04-29,2022-05-02,150.1,146.7,987,failed a technical gate (trend/near-high/RSI) -- not in the top 20 at all,-3355.8000000000056,-2.2651565622918146,3
JINDALSTEL,2022-04-29,2022-05-02,540.05,532.85,274,failed a technical gate (trend/near-high/RSI) -- not in the top 20 at all,-1972.7999999999813,-1.333209887973319,3
ADANIPORTS,2022-04-25,2022-05-04,859.55,821.8033332559509,172,stop,-6492.426679976445,-4.391445145023454,9
ADANIENT,2022-03-31,2022-05-04,1953.3,2185.0,70,failed a technical gate (trend/near-high/RSI) -- not in the top 20 at all,16219.000000000004,11.86197716684585,34
APLAPOLLO,2022-05-02,2022-05-04,1029.0,977.75,142,failed a technical gate (trend/near-high/RSI) -- not in the top 20 at all,-7277.5,-4.980563654033043,2
ADANIPOWER,2022-04-12,2022-05-05,46.15,51.151169504948186,3240,stop,16203.789196032127,10.836770324914813,23
ADANIGREEN,2022-04-25,2022-05-10,2824.0,2489.340403762168,52,stop,-17402.29900436726,-11.850552274710758,15
ADANIENSOL,2022-02-25,2022-05-10,2032.85,2482.55,65,closed below 200 EMA,29230.50000000002,22.121651868067005,74
NTPC,2022-05-02,2022-05-11,157.5,152.55,931,failed a technical gate (trend/near-high/RSI) -- not in the top 20 at all,-4608.44999999999,-3.142857142857136,9
ADANIPOWER,2022-05-10,2022-05-11,53.5,51.05,2610,failed a technical gate (trend/near-high/RSI) -- not in the top 20 at all,-6394.500000000007,-4.579439252336459,1
COLPAL,2022-05-10,2022-05-11,1589.9,1576.0,87,failed a technical gate (trend/near-high/RSI) -- not in the top 20 at all,-1209.300000000008,-0.8742688219384953,1
PHOENIXLTD,2022-05-11,2022-05-12,527.55,516.5,261,closed below 200 EMA,-2884.0499999999884,-2.0945881906928143,1
POWERGRID,2022-05-02,2022-05-18,170.1,167.35,862,failed a technical gate (trend/near-high/RSI) -- not in the top 20 at all,-2370.5,-1.6166960611405101,16
VBL,2022-05-02,2022-05-19,147.3,141.5,996,failed a technical gate (trend/near-high/RSI) -- not in the top 20 at all,-5776.800000000011,-3.9375424304141315,17
PATANJALI,2022-05-18,2022-05-24,396.0,366.4,353,failed a technical gate (trend/near-high/RSI) -- not in the top 20 at all,-10448.800000000008,-7.4747474747474785,6
BDL,2022-05-24,2022-05-25,365.95,353.75,382,failed a technical gate (trend/near-high/RSI) -- not in the top 20 at all,-4660.399999999996,-3.333788768957502,1
BAJAJ-AUTO,2022-05-17,2022-06-01,3650.5,3628.0,38,failed a technical gate (trend/near-high/RSI) -- not in the top 20 at all,-855.0,-0.6163539241199834,15
ADANIPOWER,2022-05-13,2022-06-02,50.95,59.05,2708,failed a technical gate (trend/near-high/RSI) -- not in the top 20 at all,21934.799999999985,15.897939156035324,20
EICHERMOT,2022-05-17,2022-06-06,2706.7,2653.1,51,failed a technical gate (trend/near-high/RSI) -- not in the top 20 at all,-2733.5999999999954,-1.9802711789263627,20
ADANIPOWER,2022-06-06,2022-06-07,59.65,58.3,2316,failed a technical gate (trend/near-high/RSI) -- not in the top 20 at all,-3126.600000000003,-2.2632020117351215,1
ITC,2022-05-25,2022-06-08,224.85,220.95,616,failed a technical gate (trend/near-high/RSI) -- not in the top 20 at all,-2402.4000000000033,-1.7344896597731863,14
ASHOKLEY,2022-06-02,2022-06-13,69.3,64.24282416414306,2016,stop,-10195.266485087588,-7.2975120286535855,11
COALINDIA,2022-06-08,2022-06-15,184.0,176.9,745,failed a technical gate (trend/near-high/RSI) -- not in the top 20 at all,-5289.499999999995,-3.8586956521739046,7
OIL,2022-06-07,2022-06-16,190.85,172.7208161314146,726,stop,-13161.78748859299,-9.499179391451607,9
HAL,2022-05-19,2022-06-16,842.9,898.55,164,failed a technical gate (trend/near-high/RSI) -- not in the top 20 at all,9126.599999999997,6.6022066674575886,28
EICHERMOT,2022-06-13,2022-06-16,2700.8,2652.5,50,failed a technical gate (trend/near-high/RSI) -- not in the top 20 at all,-2415.000000000009,-1.7883590047393483,3
BEL,2022-06-15,2022-06-16,80.05,77.45,1698,closed below 200 EMA,-4414.79999999999,-3.2479700187382776,1
OIL,2022-06-16,2022-06-17,176.6,169.75,757,failed a technical gate (trend/near-high/RSI) -- not in the top 20 at all,-5185.449999999995,-3.878822197055487,1
BDL,2022-06-01,2022-06-20,406.65,357.5940482537787,344,stop,-16875.247400700126,-12.06343335699528,19
HAL,2022-06-17,2022-06-20,949.35,875.3126504867234,140,stop,-10365.22893185872,-7.798741192739933,3
VBL,2022-06-16,2022-06-21,155.85,147.75,858,failed a technical gate (trend/near-high/RSI) -- not in the top 20 at all,-6949.799999999995,-5.197305101058703,5
TORNTPHARM,2022-06-21,2022-07-07,1411.8,1474.25,92,dropped out of top 20 rank (now #23 of 27),5745.400000000004,4.42343108088965,16
ASHOKLEY,2022-06-23,2022-07-14,67.35,68.4,1937,failed a technical gate (trend/near-high/RSI) -- not in the top 20 at all,2033.850000000022,1.5590200445434466,21
PHOENIXLTD,2022-06-23,2022-07-20,569.7,601.8,229,dropped out of top 20 rank (now #22 of 43),7350.89999999998,5.634544497103722,27
BAJAJ-AUTO,2022-07-20,2022-07-27,3903.0,3788.0,35,failed a technical gate (trend/near-high/RSI) -- not in the top 20 at all,-4025.0,-2.9464514476044035,7
TIINDIA,2022-07-07,2022-08-02,2010.1,1992.507739065883,66,stop,-1161.089221651715,-0.8751933204376394,26
BRITANNIA,2022-07-20,2022-08-03,3828.3,3770.0,35,failed a technical gate (trend/near-high/RSI) -- not in the top 20 at all,-2040.5000000000064,-1.5228691586343879,14
VBL,2022-06-22,2022-08-22,149.7,187.17200238682832,870,stop,32600.64207654065,25.03139771999221,61
BDL,2022-08-02,2022-08-22,421.6,399.15,332,failed a technical gate (trend/near-high/RSI) -- not in the top 20 at all,-7453.400000000015,-5.324952561669837,20
HINDUNILVR,2022-07-14,2022-08-23,2497.8,2592.75,53,failed a technical gate (trend/near-high/RSI) -- not in the top 20 at all,5032.34999999999,3.801345183761695,40
BDL,2022-08-23,2022-08-24,405.6,402.7,357,failed a technical gate (trend/near-high/RSI) -- not in the top 20 at all,-1035.3000000000122,-0.7149901380670731,1
CGPOWER,2022-07-27,2022-08-26,220.0,227.1,622,failed a technical gate (trend/near-high/RSI) -- not in the top 20 at all,4416.199999999996,3.227272727272723,30
PIIND,2022-08-22,2022-09-06,3379.0,3265.15,42,failed a technical gate (trend/near-high/RSI) -- not in the top 20 at all,-4781.699999999996,-3.369340041432378,15
ADANIENSOL,2022-07-20,2022-09-21,3018.75,3865.75,45,failed a technical gate (trend/near-high/RSI) -- not in the top 20 at all,38115.0,28.057971014492743,63
BEL,2022-07-20,2022-09-23,84.95,106.65,1614,failed a technical gate (trend/near-high/RSI) -- not in the top 20 at all,35023.8,25.544437904649797,65
BANKBARODA,2022-08-26,2022-09-23,113.0,116.95,1305,failed a technical gate (trend/near-high/RSI) -- not in the top 20 at all,5154.750000000004,3.4955752212389335,28
HAL,2022-08-03,2022-09-26,1012.45,1196.2,139,stop,25541.25,18.149044397254176,54
BDL,2022-09-21,2022-09-26,460.5,423.2213738386928,353,stop,-13159.355034941447,-8.095249980739894,5
EICHERMOT,2022-06-23,2022-09-26,2819.05,3515.55,46,failed a technical gate (trend/near-high/RSI) -- not in the top 20 at all,32039.0,24.70690480835742,95
VBL,2022-08-24,2022-09-27,206.2,209.56746304482184,703,stop,2367.326520509758,1.6331052593704376,34
TIINDIA,2022-09-23,2022-09-27,2772.35,2555.6880014283797,58,stop,-12566.395917153972,-7.8151026591743555,4
AMBUJACEM,2022-09-23,2022-09-27,539.35,490.3819763321896,299,stop,-14641.439076675319,-9.079081054567617,4
ITC,2022-07-20,2022-09-28,245.9,271.8126895211766,557,stop,14433.36806329536,10.537897324593981,70
CGPOWER,2022-09-26,2022-09-28,246.7,233.6,625,failed a technical gate (trend/near-high/RSI) -- not in the top 20 at all,-8187.499999999996,-5.310093230644508,2
BAJAJHLDNG,2022-09-26,2022-09-29,6760.85,6266.525929743939,22,stop,-10875.129545633354,-7.311566892566191,3
HINDUNILVR,2022-09-26,2022-10-03,2660.55,2622.5,58,failed a technical gate (trend/near-high/RSI) -- not in the top 20 at all,-2206.9000000000106,-1.4301554189923182,7
EICHERMOT,2022-09-27,2022-10-03,3570.55,3463.35,42,failed a technical gate (trend/near-high/RSI) -- not in the top 20 at all,-4502.4000000000115,-3.0023385752895315,6
AMBUJACEM,2022-09-27,2022-10-03,504.35,488.65,304,failed a technical gate (trend/near-high/RSI) -- not in the top 20 at all,-4772.800000000014,-3.112917616734423,6
ITC,2022-09-30,2022-10-03,273.95,267.5,572,failed a technical gate (trend/near-high/RSI) -- not in the top 20 at all,-3689.3999999999933,-2.3544442416499334,3
MARICO,2022-09-30,2022-10-03,537.85,529.5,291,failed a technical gate (trend/near-high/RSI) -- not in the top 20 at all,-2429.8500000000067,-1.5524774565399357,3
NESTLEIND,2022-10-03,2022-10-07,949.6,966.0,164,dropped out of top 20 rank (now #21 of 36),2689.5999999999963,1.7270429654591357,4
CIPLA,2022-10-03,2022-10-07,1130.75,1130.5,138,dropped out of top 20 rank (now #25 of 36),-34.5,-0.022109219544552694,4
360ONE,2022-10-03,2022-10-10,468.65,445.6,333,failed a technical gate (trend/near-high/RSI) -- not in the top 20 at all,-7675.649999999985,-4.9183825882854855,7
BRITANNIA,2022-09-30,2022-10-11,3843.05,3727.9,40,failed a technical gate (trend/near-high/RSI) -- not in the top 20 at all,-4606.000000000004,-2.9963180286491253,11
HAL,2022-10-07,2022-10-11,1229.85,1184.4,133,failed a technical gate (trend/near-high/RSI) -- not in the top 20 at all,-6044.849999999976,-3.695572630808619,4
AMBUJACEM,2022-10-10,2022-10-11,522.65,500.2,313,failed a technical gate (trend/near-high/RSI) -- not in the top 20 at all,-7026.849999999997,-4.295417583468863,1
BDL,2022-10-07,2022-10-12,458.8,441.1,359,failed a technical gate (trend/near-high/RSI) -- not in the top 20 at all,-6354.299999999996,-3.857890148212728,5
UNOMINDA,2022-10-03,2022-10-13,556.4,554.25,281,failed a technical gate (trend/near-high/RSI) -- not in the top 20 at all,-604.1499999999936,-0.3864126527677869,10
AMBUJACEM,2022-10-12,2022-10-13,505.45,496.85,317,failed a technical gate (trend/near-high/RSI) -- not in the top 20 at all,-2726.1999999999894,-1.7014541497675228,1
TIINDIA,2022-09-27,2022-10-14,2577.7,2643.9,59,failed a technical gate (trend/near-high/RSI) -- not in the top 20 at all,3905.800000000016,2.56818093649378,17
MAXHEALTH,2022-10-13,2022-10-18,429.15,407.45,376,failed a technical gate (trend/near-high/RSI) -- not in the top 20 at all,-8159.199999999995,-5.056507048817426,5
BAJAJHLDNG,2022-10-03,2022-10-20,6507.25,6467.45,24,failed a technical gate (trend/near-high/RSI) -- not in the top 20 at all,-955.2000000000044,-0.6116254946405997,17
CGPOWER,2022-10-11,2022-10-24,251.5,255.95,629,dropped out of top 20 rank (now #27 of 47),2799.049999999993,1.7693836978131205,13
AMBUJACEM,2022-10-14,2022-10-25,501.85,513.1,319,dropped out of top 20 rank (now #24 of 46),3588.75,2.241705688950879,11
IDFCFIRSTB,2022-10-13,2022-10-31,54.45,56.1,2964,dropped out of top 20 rank (now #27 of 55),4890.599999999996,3.0303030303030276,18
EICHERMOT,2022-10-31,2022-11-04,3850.45,3647.421030330783,42,stop,-8527.216726107097,-5.272863422956187,4
HAL,2022-10-25,2022-11-10,1251.9,1215.55,132,failed a technical gate (trend/near-high/RSI) -- not in the top 20 at all,-4798.200000000018,-2.9035865484463685,16
BDL,2022-10-20,2022-11-14,460.8,473.7,354,failed a technical gate (trend/near-high/RSI) -- not in the top 20 at all,4566.599999999992,2.799479166666652,25
BEL,2022-10-24,2022-11-14,104.8,106.6,1567,failed a technical gate (trend/near-high/RSI) -- not in the top 20 at all,2820.5999999999954,1.717557251908386,21
MAZDOCK,2022-08-22,2022-11-22,152.05,377.9707646003949,943,stop,213043.28101817236,148.58320591936524,92
COCHINSHIP,2022-09-06,2022-12-07,186.6,312.7,823,failed a technical gate (trend/near-high/RSI) -- not in the top 20 at all,103780.29999999999,67.57770632368702,92
RVNL,2022-11-14,2022-12-09,54.55,67.5728739777905,3365,stop,43821.97093526502,23.873279519322633,25
INDIANB,2022-11-04,2022-12-09,238.35,260.3,739,failed a technical gate (trend/near-high/RSI) -- not in the top 20 at all,16221.050000000012,9.209146213551511,35
MAZDOCK,2022-11-22,2022-12-16,433.4,416.2,435,failed a technical gate (trend/near-high/RSI) -- not in the top 20 at all,-7481.999999999995,-3.9686202122750314,24
BANKINDIA,2022-11-10,2022-12-20,68.87,82.26791000969959,2578,stop,34539.81200500554,19.45391318382399,40
BANKBARODA,2022-10-18,2022-12-21,124.6,158.7039060406972,1295,stop,44164.55832270289,27.370711108103695,64
UNIONBANK,2022-11-14,2022-12-21,57.45,72.9844251122851,3195,stop,49632.48823375087,27.039904460026264,37
PNB,2022-12-07,2022-12-21,52.37,50.393064472983255,3823,stop,-7557.824519785006,-3.774938947902884,14
NMDC,2022-11-22,2022-12-21,32.9,33.5,5730,failed a technical gate (trend/near-high/RSI) -- not in the top 20 at all,3438.000000000008,1.823708206686936,29
BANKINDIA,2022-12-20,2022-12-21,82.7,80.93,2443,failed a technical gate (trend/near-high/RSI) -- not in the top 20 at all,-4324.109999999991,-2.1402660217654135,1
MAHABANK,2022-12-09,2022-12-22,28.65,28.590711806744064,7047,stop,-417.80389787456954,-0.20693959251635308,13
GODFRYPHLP,2022-10-11,2022-12-22,437.0,606.0,362,failed a technical gate (trend/near-high/RSI) -- not in the top 20 at all,61178.0,38.672768878718536,72
INDIANB,2022-12-16,2022-12-22,280.8,267.75,717,failed a technical gate (trend/near-high/RSI) -- not in the top 20 at all,-9356.850000000008,-4.647435897435903,6
RVNL,2022-12-21,2022-12-22,69.9,66.45,2784,failed a technical gate (trend/near-high/RSI) -- not in the top 20 at all,-9604.800000000008,-4.935622317596566,1
JINDALSTEL,2022-12-21,2022-12-22,547.6,539.85,355,failed a technical gate (trend/near-high/RSI) -- not in the top 20 at all,-2751.25,-1.415266617969324,1
IRFC,2022-12-21,2022-12-22,32.3,31.25,6025,failed a technical gate (trend/near-high/RSI) -- not in the top 20 at all,-6326.249999999983,-3.2507739938080427,1
ABCAPITAL,2022-12-21,2022-12-22,148.6,147.85,1309,failed a technical gate (trend/near-high/RSI) -- not in the top 20 at all,-981.75,-0.5047106325706596,1
VBL,2022-12-09,2022-12-23,282.05,257.15881762386846,715,stop,-17797.19539893406,-8.825095683790662,14
HINDZINC,2022-12-21,2022-12-23,323.35,310.15466326346336,601,stop,-7930.397378658533,-4.080821628741815,2
JSWSTEEL,2022-12-22,2022-12-23,737.55,727.85,257,failed a technical gate (trend/near-high/RSI) -- not in the top 20 at all,-2492.8999999999824,-1.3151650735543252,1
CUMMINSIND,2022-12-22,2022-12-23,1450.15,1388.05,130,failed a technical gate (trend/near-high/RSI) -- not in the top 20 at all,-8073.000000000018,-4.282315622521815,1
PIIND,2022-12-22,2022-12-23,3520.9,3459.6,53,failed a technical gate (trend/near-high/RSI) -- not in the top 20 at all,-3248.9000000000096,-1.7410321224686887,1
RECLTD,2022-12-22,2022-12-23,112.5,108.75,1686,failed a technical gate (trend/near-high/RSI) -- not in the top 20 at all,-6322.5,-3.3333333333333326,1
BRITANNIA,2022-12-22,2022-12-23,4391.45,4331.9,43,failed a technical gate (trend/near-high/RSI) -- not in the top 20 at all,-2560.650000000008,-1.3560441312095106,1
AXISBANK,2022-12-22,2022-12-23,919.55,906.6,206,failed a technical gate (trend/near-high/RSI) -- not in the top 20 at all,-2667.699999999986,-1.4082975368386652,1
TIINDIA,2022-12-22,2022-12-23,2925.75,2778.5,64,failed a technical gate (trend/near-high/RSI) -- not in the top 20 at all,-9424.0,-5.0328975476373605,1
NESTLEIND,2022-12-23,2022-12-26,1006.6,994.9,182,failed a technical gate (trend/near-high/RSI) -- not in the top 20 at all,-2129.4000000000083,-1.16232863103517,3
CIPLA,2022-12-23,2022-12-26,1119.15,1096.5,164,closed below 200 EMA,-3714.600000000015,-2.023857391770545,3
APOLLOHOSP,2022-12-22,2022-12-27,4781.7,4643.8,39,failed a technical gate (trend/near-high/RSI) -- not in the top 20 at all,-5378.099999999986,-2.883911579563747,5
VBL,2022-12-26,2022-12-27,270.55,263.8,678,failed a technical gate (trend/near-high/RSI) -- not in the top 20 at all,-4576.5,-2.494917760118276,1
INDIANB,2022-12-26,2022-12-28,276.1,266.75,664,failed a technical gate (trend/near-high/RSI) -- not in the top 20 at all,-6208.400000000015,-3.3864541832669404,2
PIIND,2022-12-26,2022-12-28,3482.95,3452.7,52,failed a technical gate (trend/near-high/RSI) -- not in the top 20 at all,-1573.0,-0.8685166310168135,2
MARICO,2022-12-23,2022-12-29,515.55,515.4,356,failed a technical gate (trend/near-high/RSI) -- not in the top 20 at all,-53.399999999991905,-0.029095141111434852,6
BRITANNIA,2022-12-26,2022-12-29,4375.35,4348.3,41,failed a technical gate (trend/near-high/RSI) -- not in the top 20 at all,-1109.0500000000075,-0.6182362553852849,3
ZYDUSLIFE,2022-12-23,2022-12-30,420.3,419.95,437,dropped out of top 20 rank (now #26 of 26),-152.95000000000994,-0.08327385201047921,7
VBL,2022-12-29,2022-12-30,271.45,264.5,673,failed a technical gate (trend/near-high/RSI) -- not in the top 20 at all,-4677.349999999992,-2.5603241849327607,1
HDFCBANK,2022-12-26,2023-01-04,814.7,805.0,225,failed a technical gate (trend/near-high/RSI) -- not in the top 20 at all,-2182.50000000001,-1.1906223149625639,9
JSWSTEEL,2022-12-28,2023-01-04,761.7,736.3,238,failed a technical gate (trend/near-high/RSI) -- not in the top 20 at all,-6045.200000000022,-3.3346461861625376,7
AXISBANK,2022-12-26,2023-01-05,928.7,949.55,197,dropped out of top 20 rank (now #21 of 37),4107.4499999999825,2.245073759017968,10
BANKBARODA,2022-12-29,2023-01-10,166.45,162.1,1098,failed a technical gate (trend/near-high/RSI) -- not in the top 20 at all,-4776.299999999994,-2.6133974166416274,12
PNB,2022-12-30,2023-01-10,53.31,52.04,3417,failed a technical gate (trend/near-high/RSI) -- not in the top 20 at all,-4339.590000000011,-2.3822922528606294,11
MAHABANK,2023-01-05,2023-01-10,31.1,29.7,5954,failed a technical gate (trend/near-high/RSI) -- not in the top 20 at all,-8335.600000000013,-4.501607717041811,5
INDIANB,2023-01-04,2023-01-11,282.1,274.85,652,failed a technical gate (trend/near-high/RSI) -- not in the top 20 at all,-4727.0,-2.570010634526765,7
GODFRYPHLP,2023-01-10,2023-01-16,701.0,649.0,261,failed a technical gate (trend/near-high/RSI) -- not in the top 20 at all,-13572.0,-7.4179743223965815,6
BANKBARODA,2023-01-16,2023-01-17,166.85,163.1,1102,failed a technical gate (trend/near-high/RSI) -- not in the top 20 at all,-4132.5,-2.2475277195085352,1
BANKINDIA,2022-12-30,2023-01-18,82.47,83.49,2209,failed a technical gate (trend/near-high/RSI) -- not in the top 20 at all,2253.179999999991,1.2368133866860642,19
HINDZINC,2022-12-27,2023-01-20,321.6,345.0,568,stop,13291.199999999986,7.276119402985071,24
MAHABANK,2023-01-17,2023-01-23,32.0,30.9,5683,failed a technical gate (trend/near-high/RSI) -- not in the top 20 at all,-6251.300000000008,-3.4375000000000044,6
NMDC,2023-01-04,2023-01-24,34.25,35.05,5378,failed a technical gate (trend/near-high/RSI) -- not in the top 20 at all,4302.399999999985,2.335766423357666,20
PNB,2023-01-11,2023-01-24,53.26,52.42,3442,failed a technical gate (trend/near-high/RSI) -- not in the top 20 at all,-2891.2799999999875,-1.5771686068343893,13
UNIONBANK,2023-01-18,2023-01-24,72.96,72.39,2510,failed a technical gate (trend/near-high/RSI) -- not in the top 20 at all,-1430.699999999983,-0.7812499999999889,6
PFC,2023-01-10,2023-01-25,124.1,116.09987382764498,1476,stop,-11808.186230395995,-6.446515852018542,15
RECLTD,2022-12-26,2023-01-25,114.0,120.5,1609,failed a technical gate (trend/near-high/RSI) -- not in the top 20 at all,10458.5,5.701754385964919,30
HDFCBANK,2023-01-24,2023-01-27,847.8,816.0,211,stop,-6709.79999999999,-3.7508846426043796,3
JINDALSTEL,2022-12-27,2023-01-27,575.95,588.15,317,failed a technical gate (trend/near-high/RSI) -- not in the top 20 at all,3867.3999999999783,2.118239430506108,31
RVNL,2023-01-23,2023-01-27,76.15,72.9,2375,failed a technical gate (trend/near-high/RSI) -- not in the top 20 at all,-7718.75,-4.267892317793831,4
INDIANB,2023-01-25,2023-01-27,278.9,269.55,638,failed a technical gate (trend/near-high/RSI) -- not in the top 20 at all,-5965.299999999978,-3.352456077447097,2
HINDZINC,2023-01-20,2023-01-30,353.0,329.6993061519467,514,stop,-11976.556637899395,-6.6007631297601455,10
TCS,2023-01-27,2023-01-31,3411.05,3358.7,51,failed a technical gate (trend/near-high/RSI) -- not in the top 20 at all,-2669.8500000000186,-1.5347180486946943,4
BAJAJ-AUTO,2023-01-27,2023-02-01,3839.5,3688.3707915516648,45,stop,-6800.814380175087,-3.9361689920129006,5
INDIANB,2023-01-30,2023-02-01,283.4,263.1152268578317,618,stop,-12535.989801859987,-7.157647544872359,2
RVNL,2023-01-31,2023-02-01,76.1,72.65,2306,failed a technical gate (trend/near-high/RSI) -- not in the top 20 at all,-7955.699999999973,-4.533508541392894,1
NHPC,2023-01-25,2023-02-02,43.7,41.35018691996278,4077,stop,-9580.187927311756,-5.377146636240782,8
JINDALSTEL,2023-02-01,2023-02-02,608.25,571.2942802082587,283,stop,-10458.468701062797,-6.075745136332323,1
TATASTEEL,2023-01-10,2023-02-06,112.62,111.26,1626,failed a technical gate (trend/near-high/RSI) -- not in the top 20 at all,-2211.359999999999,-1.2076007813887402,27
INDIANB,2023-02-01,2023-02-07,279.5,274.45,617,failed a technical gate (trend/near-high/RSI) -- not in the top 20 at all,-3115.850000000007,-1.806797853309483,6
HCLTECH,2023-01-24,2023-02-10,1137.85,1115.65,157,failed a technical gate (trend/near-high/RSI) -- not in the top 20 at all,-3485.3999999999714,-1.9510480291778154,17
COFORGE,2023-01-27,2023-02-13,859.0,808.253436265341,204,stop,-10352.299001870446,-5.9076325651523875,17
GODREJCP,2023-02-02,2023-02-13,939.7,923.85,184,failed a technical gate (trend/near-high/RSI) -- not in the top 20 at all,-2916.400000000004,-1.686708523997027,11
HDFCBANK,2023-02-06,2023-02-20,825.9,820.2,208,failed a technical gate (trend/near-high/RSI) -- not in the top 20 at all,-1185.5999999999858,-0.6901561932437295,14
BRITANNIA,2023-02-07,2023-02-20,4606.85,4453.8,37,failed a technical gate (trend/near-high/RSI) -- not in the top 20 at all,-5662.850000000007,-3.322226684176832,13
CGPOWER,2023-01-24,2023-02-21,299.35,319.9,599,dropped out of top 20 rank (now #22 of 31),12309.449999999973,6.864873893435752,28
TCS,2023-02-02,2023-02-21,3460.4,3451.0,49,failed a technical gate (trend/near-high/RSI) -- not in the top 20 at all,-460.60000000000446,-0.27164489654375457,19
OIL,2023-02-20,2023-02-21,172.75,169.85,989,failed a technical gate (trend/near-high/RSI) -- not in the top 20 at all,-2868.100000000006,-1.6787264833574511,1
BAJAJ-AUTO,2023-02-13,2023-02-27,3787.5,3631.8712858884815,44,stop,-6847.663420906816,-4.10900895343943,14
PERSISTENT,2023-01-27,2023-03-09,2288.5,2408.8,76,failed a technical gate (trend/near-high/RSI) -- not in the top 20 at all,9142.800000000014,5.2567183744811175,41
BDL,2023-02-21,2023-03-10,466.25,460.0,363,failed a technical gate (trend/near-high/RSI) -- not in the top 20 at all,-2268.75,-1.3404825737265424,17
BANKBARODA,2023-03-09,2023-03-10,153.5,150.0,1124,closed below 200 EMA,-3934.0,-2.28013029315961,1
KPITTECH,2023-02-10,2023-03-13,855.45,792.5425389708114,202,stop,-12707.307127896107,-7.3537273983504186,31
SUPREMEIND,2023-02-21,2023-03-13,2756.65,2666.5,61,failed a technical gate (trend/near-high/RSI) -- not in the top 20 at all,-5499.150000000005,-3.2702737017757055,20
ITC,2023-02-01,2023-03-14,298.05,313.1,579,failed a technical gate (trend/near-high/RSI) -- not in the top 20 at all,8713.950000000006,5.049488340882413,41
OIL,2023-03-03,2023-03-14,170.95,166.45,995,failed a technical gate (trend/near-high/RSI) -- not in the top 20 at all,-4477.5,-2.632348639953208,11
VBL,2023-02-21,2023-03-16,264.9,261.25,640,failed a technical gate (trend/near-high/RSI) -- not in the top 20 at all,-2335.9999999999854,-1.3778784446961012,23
ITC,2023-03-16,2023-03-17,314.6,309.7,532,failed a technical gate (trend/near-high/RSI) -- not in the top 20 at all,-2606.8000000000184,-1.5575333757152032,1
HAL,2023-02-20,2023-03-20,1293.6,1322.4,132,failed a technical gate (trend/near-high/RSI) -- not in the top 20 at all,3801.600000000024,2.2263450834879572,28
CUMMINSIND,2023-02-13,2023-03-22,1595.25,1612.6,106,failed a technical gate (trend/near-high/RSI) -- not in the top 20 at all,1839.0999999999904,1.0876038238520458,37
ABCAPITAL,2023-03-22,2023-03-24,156.15,146.9131002897647,1068,stop,-9865.008890531291,-5.915401671620424,2
MAXHEALTH,2023-03-14,2023-03-28,468.65,449.95,358,failed a technical gate (trend/near-high/RSI) -- not in the top 20 at all,-6694.599999999996,-3.9901845727088436,14
OIL,2023-03-28,2023-03-31,171.65,167.75,963,failed a technical gate (trend/near-high/RSI) -- not in the top 20 at all,-3755.7000000000053,-2.272065249053312,3
KPITTECH,2023-03-17,2023-04-03,869.2,826.6324703087798,193,stop,-8215.533230405501,-4.897322790062153,17
ZYDUSLIFE,2023-03-14,2023-04-05,470.55,493.1,357,dropped out of top 20 rank (now #23 of 37),8050.350000000004,4.792264371480193,22
BDL,2023-03-31,2023-04-19,494.35,485.7,336,dropped out of top 20 rank (now #23 of 62),-2906.4000000000115,-1.7497724284413985,19
VBL,2023-03-24,2023-04-20,270.4,276.35,611,failed a technical gate (trend/near-high/RSI) -- not in the top 20 at all,3635.450000000028,2.2004437869822757,27
GODREJCP,2023-03-20,2023-04-25,960.0,963.2,174,failed a technical gate (trend/near-high/RSI) -- not in the top 20 at all,556.8000000000079,0.33333333333334103,36
HAL,2023-04-05,2023-04-26,1360.9,1420.5,121,dropped out of top 20 rank (now #25 of 57),7211.599999999989,4.379454772576974,21
VBL,2023-04-25,2023-05-02,287.45,283.0,593,failed a technical gate (trend/near-high/RSI) -- not in the top 20 at all,-2638.849999999993,-1.548095320925369,7
HDFCBANK,2023-04-05,2023-05-04,826.9,863.9,199,dropped out of top 20 rank (now #22 of 75),7363.0,4.474543475631876,29
PNB,2023-05-04,2023-05-08,50.38,48.2144083831579,3474,stop,-7523.265276909456,-4.2985145233070625,4
KPITTECH,2023-04-26,2023-05-08,905.5,883.15,188,dropped out of top 20 rank (now #26 of 71),-4201.800000000005,-2.4682495858641684,12
INDIANB,2023-04-05,2023-05-09,276.45,290.1987638561156,596,stop,8194.263258244899,4.973327493621116,34
BANKBARODA,2023-04-03,2023-05-09,151.35,159.4,1089,failed a technical gate (trend/near-high/RSI) -- not in the top 20 at all,8766.450000000012,5.318797489263294,36
SBIN,2023-04-20,2023-05-10,544.8,572.2,308,dropped out of top 20 rank (now #33 of 80),8439.200000000028,5.029368575624105,20
ABCAPITAL,2023-04-05,2023-05-11,155.25,163.95,1062,failed a technical gate (trend/near-high/RSI) -- not in the top 20 at all,9239.399999999989,5.603864734299502,36
RVNL,2023-05-09,2023-05-12,128.25,120.4,1340,failed a technical gate (trend/near-high/RSI) -- not in the top 20 at all,-10518.999999999993,-6.12085769980506,3
COLPAL,2023-05-11,2023-05-12,1626.15,1627.7,105,dropped out of top 20 rank (now #28 of 69),162.74999999999523,0.09531716016357716,1
NESTLEIND,2023-05-12,2023-05-17,1089.7,1086.6,157,dropped out of top 20 rank (now #21 of 73),-486.7000000000214,-0.28448196751400534,5
PRESTIGE,2023-05-08,2023-05-18,491.75,479.2,354,failed a technical gate (trend/near-high/RSI) -- not in the top 20 at all,-4442.700000000004,-2.552109811896286,10
ITC,2023-04-05,2023-05-19,318.65,339.5149258402821,517,stop,10787.166659425859,6.5479133344679585,44
RVNL,2023-05-17,2023-05-19,121.85,116.2,1408,failed a technical gate (trend/near-high/RSI) -- not in the top 20 at all,-7955.199999999988,-4.636848584324982,2
GLENMARK,2023-05-02,2023-05-26,543.9,591.4,321,dropped out of top 20 rank (now #23 of 77),15247.5,8.73322301893731,24
VBL,2023-05-10,2023-06-08,321.3,316.35,532,failed a technical gate (trend/near-high/RSI) -- not in the top 20 at all,-2633.399999999994,-1.540616246498594,29
INDHOTEL,2023-05-19,2023-06-08,372.35,380.8,459,dropped out of top 20 rank (now #24 of 91),3878.5499999999947,2.269370216194444,20
KPITTECH,2023-05-26,2023-06-14,1006.8,1049.0280141409453,172,stop,7263.218432242597,4.194280308000131,19
SONACOMS,2023-05-12,2023-06-14,534.0,509.85,321,failed a technical gate (trend/near-high/RSI) -- not in the top 20 at all,-7752.149999999992,-4.522471910112358,33
RVNL,2023-06-08,2023-06-15,125.35,122.9,1406,dropped out of top 20 rank (now #21 of 97),-3444.699999999984,-1.954527323494204,7
BAJAJ-AUTO,2023-04-19,2023-06-16,4160.5,4527.0,40,failed a technical gate (trend/near-high/RSI) -- not in the top 20 at all,14660.0,8.809037375315466,58
CHOLAFIN,2023-05-09,2023-06-20,983.55,1121.9,174,dropped out of top 20 rank (now #21 of 97),24072.900000000023,14.066392150882034,42
SBICARD,2023-05-18,2023-06-20,886.6,893.8,191,failed a technical gate (trend/near-high/RSI) -- not in the top 20 at all,1375.199999999987,0.8120911346717774,33
BEL,2023-06-20,2023-06-23,125.15,119.56842343030075,1449,stop,-8087.704449494216,-4.459909364521975,3
HAL,2023-06-14,2023-06-26,1857.8,1790.6199283264232,94,stop,-6314.9267373162165,-3.616108928494821,12
ITC,2023-05-19,2023-06-26,346.25,367.6,494,dropped out of top 20 rank (now #22 of 77),10546.90000000001,6.166064981949471,38
BEL,2023-06-26,2023-06-27,121.4,118.4,1483,failed a technical gate (trend/near-high/RSI) -- not in the top 20 at all,-4449.0,-2.471169686985175,1
MAXHEALTH,2023-06-16,2023-06-28,594.4,603.3,301,dropped out of top 20 rank (now #35 of 85),2678.8999999999933,1.4973082099596136,12
ASTRAL,2023-06-14,2023-07-04,1968.65,1924.4,89,failed a technical gate (trend/near-high/RSI) -- not in the top 20 at all,-3938.25,-2.2477332181952137,20
DIXON,2023-06-20,2023-07-05,4538.55,4238.886428501893,39,stop,-11686.879288426195,-6.602627964836949,15
ANGELONE,2023-06-15,2023-07-10,156.3,165.17566074597195,1133,stop,10056.12362518621,5.678605723590491,25
RECLTD,2023-07-05,2023-07-14,166.5,160.3,1094,failed a technical gate (trend/near-high/RSI) -- not in the top 20 at all,-6782.799999999987,-3.7237237237237153,9
COFORGE,2023-07-14,2023-07-21,985.0,936.5871636482563,193,stop,-9343.677415886543,-4.9150087666744895,7
KEI,2023-05-08,2023-07-28,1986.9,2437.6,87,failed a technical gate (trend/near-high/RSI) -- not in the top 20 at all,39210.89999999999,22.68357743218077,81
HAL,2023-06-26,2023-08-02,1850.5,1859.3551621014797,97,stop,858.9507238435274,0.478528078977547,37
BEL,2023-06-28,2023-08-02,120.75,125.35,1490,failed a technical gate (trend/near-high/RSI) -- not in the top 20 at all,6853.999999999992,3.809523809523796,35
GODREJPROP,2023-06-27,2023-08-03,1563.3,1628.6842301309114,115,stop,7519.186465054813,4.182449314329384,37
SHRIRAMFIN,2023-06-23,2023-08-03,335.35,363.7,527,dropped out of top 20 rank (now #25 of 69),14940.449999999983,8.453854182197684,41
RBLBANK,2023-07-28,2023-08-04,234.1,213.67512710679432,861,stop,-17585.815561050083,-8.724849591288198,7
KALYANKJIL,2023-07-21,2023-08-10,174.05,181.5,1117,dropped out of top 20 rank (now #27 of 83),8321.649999999987,4.280379201378914,20
MAZDOCK,2023-06-08,2023-08-11,503.55,858.207995141839,350,stop,124130.29829964363,70.43153512895223,64
BSE,2023-07-10,2023-08-16,232.0,278.97823260126677,787,stop,36971.86905719695,20.24923819020119,37
ETERNAL,2023-08-04,2023-08-16,95.4,91.9,2055,dropped out of top 20 rank (now #21 of 68),-7192.5,-3.6687631027253698,12
RBLBANK,2023-08-10,2023-08-18,224.25,215.8,899,failed a technical gate (trend/near-high/RSI) -- not in the top 20 at all,-7596.54999999999,-3.7681159420289823,8
BEL,2023-08-16,2023-08-18,131.3,127.15,1514,failed a technical gate (trend/near-high/RSI) -- not in the top 20 at all,-6283.100000000009,-3.160700685453166,2
AUROPHARMA,2023-08-03,2023-08-24,840.35,833.65,233,failed a technical gate (trend/near-high/RSI) -- not in the top 20 at all,-1561.1000000000106,-0.7972868447670645,21
MOTILALOFS,2023-08-11,2023-08-28,228.8,216.35,876,failed a technical gate (trend/near-high/RSI) -- not in the top 20 at all,-10906.200000000015,-5.441433566433574,17
MAZDOCK,2023-08-16,2023-08-29,967.85,909.2,205,failed a technical gate (trend/near-high/RSI) -- not in the top 20 at all,-12023.249999999995,-6.059823319729296,13
PFC,2023-07-04,2023-08-31,177.0,208.15,1026,failed a technical gate (trend/near-high/RSI) -- not in the top 20 at all,31959.900000000005,17.598870056497184,58
GODFRYPHLP,2023-08-03,2023-09-05,676.0,700.0,290,failed a technical gate (trend/near-high/RSI) -- not in the top 20 at all,6960.0,3.5502958579881616,33
POLYCAB,2023-08-02,2023-09-11,4588.05,5147.95,42,dropped out of top 20 rank (now #23 of 119),23515.799999999985,12.203441549242044,40
BEL,2023-08-28,2023-09-12,134.9,134.75222372885122,1481,stop,-218.8566575713514,-0.10954504903541995,15
HAL,2023-09-11,2023-09-12,2041.35,1970.4,115,failed a technical gate (trend/near-high/RSI) -- not in the top 20 at all,-8159.249999999979,-3.4756411198471504,1
RECLTD,2023-08-02,2023-09-13,196.3,241.963149986777,995,stop,45434.83423684312,23.261920523065214,42
KALYANKJIL,2023-08-18,2023-09-13,214.6,219.09692085294807,925,stop,4159.651788976974,2.0954896798453415,26
SUPREMEIND,2023-08-18,2023-09-14,4352.55,4294.9,45,failed a technical gate (trend/near-high/RSI) -- not in the top 20 at all,-2594.2500000000246,-1.3245109188866455,27
HAL,2023-09-13,2023-09-15,1985.15,1973.8,110,failed a technical gate (trend/near-high/RSI) -- not in the top 20 at all,-1248.500000000015,-0.5717452081706709,2
ADANIPOWER,2023-09-12,2023-09-18,77.25,75.0,2900,dropped out of top 20 rank (now #22 of 110),-6525.0,-2.9126213592232997,6
BSE,2023-08-29,2023-09-20,303.5,392.1247679625419,660,stop,58492.34685527766,29.20091201401711,22
COFORGE,2023-09-05,2023-09-21,1122.5,1067.5,194,failed a technical gate (trend/near-high/RSI) -- not in the top 20 at all,-10670.0,-4.899777282850781,16
IRFC,2023-08-24,2023-09-22,48.6,72.50567466399197,4124,stop,98587.00231430287,49.18863099586823,29
PHOENIXLTD,2023-09-12,2023-09-25,934.2,883.9696194534349,239,stop,-12005.060950629066,-5.376833712969931,13
UNIONBANK,2023-09-18,2023-10-09,89.54,90.66934377488883,2456,stop,2773.6683111269513,1.2612729225919495,21
MAZDOCK,2023-08-31,2023-10-09,924.5,1036.7,221,failed a technical gate (trend/near-high/RSI) -- not in the top 20 at all,24796.20000000001,12.1362898864251,39
MAHABANK,2023-09-15,2023-10-09,45.1,45.3,4907,failed a technical gate (trend/near-high/RSI) -- not in the top 20 at all,981.3999999999791,0.44345898004434225,24
BANKINDIA,2023-09-21,2023-10-09,100.26,97.47,2133,failed a technical gate (trend/near-high/RSI) -- not in the top 20 at all,-5951.070000000013,-2.782764811490135,18
IRFC,2023-09-22,2023-10-09,75.1,71.15,2892,failed a technical gate (trend/near-high/RSI) -- not in the top 20 at all,-11423.399999999967,-5.259653794940067,17
INDIANB,2023-09-25,2023-10-09,411.4,385.0,524,failed a technical gate (trend/near-high/RSI) -- not in the top 20 at all,-13833.599999999988,-6.4171122994652325,14
BANKBARODA,2023-10-09,2023-10-11,191.15,186.9,1122,failed a technical gate (trend/near-high/RSI) -- not in the top 20 at all,-4768.5,-2.223384776353654,2
RBLBANK,2023-10-09,2023-10-11,243.85,245.9,880,dropped out of top 20 rank (now #22 of 71),1804.00000000001,0.8406807463604782,2
MAZDOCK,2023-10-11,2023-10-19,1077.15,1064.9,206,failed a technical gate (trend/near-high/RSI) -- not in the top 20 at all,-2523.5,-1.1372603629949407,8
MOTILALOFS,2023-10-19,2023-10-23,250.05,232.78394319609924,909,stop,-15694.845634745798,-6.905041713217663,4
RECLTD,2023-09-13,2023-10-23,244.4,278.3,894,failed a technical gate (trend/near-high/RSI) -- not in the top 20 at all,30306.600000000006,13.87070376432078,40
NMDC,2023-09-14,2023-10-23,45.8,46.1,4793,failed a technical gate (trend/near-high/RSI) -- not in the top 20 at all,1437.9000000000203,0.6550218340611424,39
IRFC,2023-10-11,2023-10-23,75.6,72.2,2938,failed a technical gate (trend/near-high/RSI) -- not in the top 20 at all,-9989.199999999975,-4.497354497354489,12
PFC,2023-10-09,2023-10-25,240.25,237.2,893,failed a technical gate (trend/near-high/RSI) -- not in the top 20 at all,-2723.65000000001,-1.2695109261186333,16
ETERNAL,2023-10-23,2023-10-26,108.9,101.33554484580556,2062,stop,-15597.906527948951,-6.946239811014188,3
360ONE,2023-10-23,2023-10-26,532.8,521.4,421,failed a technical gate (trend/near-high/RSI) -- not in the top 20 at all,-4799.3999999999905,-2.1396396396396344,3
MOTILALOFS,2023-10-25,2023-10-26,237.45,231.7,954,failed a technical gate (trend/near-high/RSI) -- not in the top 20 at all,-5485.5,-2.421562434196678,1
NBCC,2023-10-26,2023-11-09,42.53,44.67,5304,dropped out of top 20 rank (now #21 of 91),11350.560000000003,5.031742299553255,14
PERSISTENT,2023-10-26,2023-11-13,2933.3,3118.05,76,dropped out of top 20 rank (now #21 of 91),14041.0,6.298367026898033,18
KALYANKJIL,2023-10-23,2023-11-16,287.35,313.5,781,dropped out of top 20 rank (now #27 of 111),20423.149999999983,9.100400208804583,24
BSE,2023-09-20,2023-11-24,400.5,690.9133287809914,544,stop,157984.8508568593,72.512691331084,65
TATAELXSI,2023-10-26,2023-12-05,7463.5,8392.1,30,dropped out of top 20 rank (now #22 of 121),27858.00000000001,12.441883834662026,40
BAJAJ-AUTO,2023-10-23,2023-12-08,5272.0,5925.5,42,dropped out of top 20 rank (now #22 of 124),27447.0,12.395675265553873,46
PHOENIXLTD,2023-11-13,2023-12-08,1055.1,1104.5,244,failed a technical gate (trend/near-high/RSI) -- not in the top 20 at all,12053.600000000022,4.68202066154868,25
CDSL,2023-11-16,2023-12-15,892.15,945.3,300,dropped out of top 20 rank (now #23 of 116),15944.999999999993,5.957518354536795,29
OBEROIRLTY,2023-12-05,2023-12-20,1439.25,1370.003993719077,193,stop,-13364.479212218135,-4.8112562988308465,15
RECLTD,2023-12-15,2023-12-20,431.85,401.8523267234331,658,stop,-19738.46901598102,-6.946317766948451,5
BSE,2023-11-24,2023-12-20,723.5,770.5,365,failed a technical gate (trend/near-high/RSI) -- not in the top 20 at all,17155.0,6.496199032480998,26
MCX,2023-10-09,2023-12-27,416.0,638.0,515,dropped out of top 20 rank (now #22 of 118),114330.0,53.36538461538463,79
MOTILALOFS,2023-11-09,2023-12-27,258.0,302.7,953,failed a technical gate (trend/near-high/RSI) -- not in the top 20 at all,42599.09999999999,17.325581395348834,48
MANAPPURAM,2023-12-08,2023-12-28,163.85,172.5,1703,dropped out of top 20 rank (now #22 of 119),14730.95000000001,5.279218797680807,20
PFC,2023-12-20,2023-12-28,381.85,384.9,723,dropped out of top 20 rank (now #26 of 119),2205.149999999967,0.7987429618960151,8
360ONE,2023-12-28,2024-01-03,708.8,655.5420799518596,408,stop,-21729.231379641267,-7.51381490521168,6
BANKBARODA,2023-12-27,2024-01-05,210.1,212.6,1379,dropped out of top 20 rank (now #21 of 124),3447.5,1.1899095668729265,9
ANGELONE,2023-10-09,2024-01-16,204.0,345.99950090866196,1052,stop,149383.4749559124,69.60759848463822,99
PHOENIXLTD,2024-01-05,2024-01-17,1244.4,1168.997970498565,243,stop,-18322.693168848702,-6.0593080602246,12
MOTILALOFS,2023-12-28,2024-01-18,304.1,345.3708156967986,953,stop,39331.08735904906,13.571461919368154,21
PRESTIGE,2023-10-09,2024-01-23,670.5,1191.1690246177827,320,stop,166614.08787769047,77.65384408915477,106
OBEROIRLTY,2024-01-03,2024-01-23,1459.0,1441.769813887543,200,stop,-3446.0372224913954,-1.1809586094898572,20
HAL,2023-12-20,2024-01-23,2665.9,2890.5,103,failed a technical gate (trend/near-high/RSI) -- not in the top 20 at all,23133.799999999992,8.424922165122473,34
BDL,2023-12-20,2024-01-23,739.5,834.8,373,failed a technical gate (trend/near-high/RSI) -- not in the top 20 at all,35546.89999999998,12.887085868830294,34
PHOENIXLTD,2024-01-17,2024-01-23,1209.2,1198.1,251,failed a technical gate (trend/near-high/RSI) -- not in the top 20 at all,-2786.100000000034,-0.9179622891167805,6
MAZDOCK,2023-12-27,2024-01-30,1171.2,1143.2,247,failed a technical gate (trend/near-high/RSI) -- not in the top 20 at all,-6916.0,-2.390710382513661,34
BEL,2023-12-08,2024-02-01,158.75,183.4,1758,failed a technical gate (trend/near-high/RSI) -- not in the top 20 at all,43334.70000000001,15.527559055118111,55
GODREJPROP,2024-01-16,2024-02-08,2304.15,2226.5007128696634,132,stop,-10249.705901204443,-3.369975354483723,23
RVNL,2024-01-23,2024-02-09,288.75,255.947401282547,1011,stop,-33163.42730334499,-11.360207348035678,17
NBCC,2024-01-23,2024-02-09,65.73,94.24342450602046,4445,stop,126742.17192926093,43.37962042601622,17
IRFC,2024-01-23,2024-02-12,161.3,144.78648169121539,1811,stop,-29905.98165720896,-10.237767085421346,20
NHPC,2024-01-30,2024-02-12,87.6,86.4651678089221,3552,stop,-4030.9239427086677,-1.295470537760146,13
BHEL,2024-01-23,2024-02-12,202.95,216.7,1439,failed a technical gate (trend/near-high/RSI) -- not in the top 20 at all,19786.25,6.77506775067751,20
NBCC,2024-02-09,2024-02-12,98.63,88.77,3221,failed a technical gate (trend/near-high/RSI) -- not in the top 20 at all,-31759.059999999998,-9.996958329108786,3
PHOENIXLTD,2024-02-08,2024-02-13,1403.35,1271.2401905186805,232,stop,-30649.475799666106,-9.41388887172262,5
MAXHEALTH,2024-02-12,2024-02-16,875.9,865.45,343,dropped out of top 20 rank (now #22 of 90),-3584.3499999999767,-1.193058568329708,4
COALINDIA,2024-02-16,2024-02-20,450.75,419.46174957538045,709,stop,-22183.36955105526,-6.941375579505172,4
MOTILALOFS,2024-01-18,2024-02-21,380.9,420.1,789,failed a technical gate (trend/near-high/RSI) -- not in the top 20 at all,30928.800000000036,10.291415069572075,34
IOC,2024-02-09,2024-02-27,166.67,157.89,1906,failed a technical gate (trend/near-high/RSI) -- not in the top 20 at all,-16734.680000000004,-5.267894642107162,18
UNIONBANK,2024-02-21,2024-02-28,132.94,128.94,2370,failed a technical gate (trend/near-high/RSI) -- not in the top 20 at all,-9480.0,-3.008876184745002,7
OFSS,2024-01-23,2024-03-02,5887.0,7083.0,49,dropped out of top 20 rank (now #25 of 96),58604.0,20.315950399184636,39
PHOENIXLTD,2024-02-13,2024-03-04,1282.35,1350.9,234,failed a technical gate (trend/near-high/RSI) -- not in the top 20 at all,16040.700000000043,5.345654462510252,20
GODFRYPHLP,2024-02-12,2024-03-12,861.0,1064.6926498564899,349,stop,71088.73479991496,23.657682910161437,29
PETRONET,2024-02-20,2024-03-12,268.65,263.3,1190,failed a technical gate (trend/near-high/RSI) -- not in the top 20 at all,-6366.499999999959,-1.99143867485575,21
UNIONBANK,2024-03-02,2024-03-13,134.67,127.78244709700448,2344,stop,-16144.424004621473,-5.114392888539032,11
BHEL,2024-03-04,2024-03-13,264.55,241.69848153832376,1212,stop,-27696.040375551616,-8.637882616396242,9
GODFRYPHLP,2024-03-12,2024-03-13,1082.0,968.2383070540176,293,stop,-33332.17603317285,-10.51401968077471,1
PHOENIXLTD,2024-03-12,2024-03-13,1402.8,1267.8327139544776,226,stop,-30502.606646288044,-9.621277876070877,1
BANKBARODA,2024-02-01,2024-03-13,232.55,237.2,1366,failed a technical gate (trend/near-high/RSI) -- not in the top 20 at all,6351.899999999969,1.9995699849494564,41
OIL,2024-02-12,2024-03-13,312.6,382.55,963,failed a technical gate (trend/near-high/RSI) -- not in the top 20 at all,67361.84999999999,22.37683941138835,30
BPCL,2024-02-12,2024-03-13,272.4,275.8,1105,failed a technical gate (trend/near-high/RSI) -- not in the top 20 at all,3757.0000000000377,1.2481644640235157,30
CUMMINSIND,2024-02-28,2024-03-13,2714.6,2675.95,113,failed a technical gate (trend/near-high/RSI) -- not in the top 20 at all,-4367.45000000001,-1.4237825093936562,14
SUNPHARMA,2024-03-13,2024-03-15,1558.6,1548.2,193,failed a technical gate (trend/near-high/RSI) -- not in the top 20 at all,-2007.1999999999737,-0.6672654946746959,2
DRREDDY,2024-03-13,2024-03-15,1260.75,1257.0,239,failed a technical gate (trend/near-high/RSI) -- not in the top 20 at all,-896.25,-0.2974419988102328,2
HEROMOTOCO,2024-03-15,2024-03-18,4473.05,4442.75,68,failed a technical gate (trend/near-high/RSI) -- not in the top 20 at all,-2060.4000000000124,-0.6773901476621158,3
GODFRYPHLP,2024-03-18,2024-03-19,1043.0,1022.0,295,failed a technical gate (trend/near-high/RSI) -- not in the top 20 at all,-6195.0,-2.0134228187919434,1
TRENT,2024-03-13,2024-03-22,2629.4,2632.4,114,dropped out of top 20 rank (now #25 of 44),342.0,0.11409447022134867,9
BHARTIARTL,2024-03-19,2024-03-26,1228.35,1213.1,247,dropped out of top 20 rank (now #22 of 46),-3766.75,-1.2415028289982533,7
GODFRYPHLP,2024-03-22,2024-03-26,1043.0,1021.0,303,failed a technical gate (trend/near-high/RSI) -- not in the top 20 at all,-6666.0,-2.1093000958772756,4
ZYDUSLIFE,2024-03-13,2024-04-03,968.65,987.7,311,dropped out of top 20 rank (now #22 of 113),5924.550000000021,1.9666546224126336,21
OFSS,2024-03-13,2024-04-09,7340.5,7677.0,41,failed a technical gate (trend/near-high/RSI) -- not in the top 20 at all,13796.5,4.584156392616312,27
CGPOWER,2024-03-13,2024-04-12,461.45,492.42525828571684,653,stop,20226.8436605731,6.712592542142559,30
OIL,2024-03-26,2024-04-18,407.65,402.1,781,failed a technical gate (trend/near-high/RSI) -- not in the top 20 at all,-4334.549999999965,-1.3614620385134169,23
GODREJPROP,2024-04-09,2024-04-19,2704.5,2509.99910400842,119,stop,-23145.60662299801,-7.191750637514504,10
ABB,2024-02-27,2024-04-19,5450.5,6292.6,57,failed a technical gate (trend/near-high/RSI) -- not in the top 20 at all,47999.70000000002,15.449958719383549,52
BAJAJ-AUTO,2024-03-13,2024-04-19,8177.5,8587.0,36,failed a technical gate (trend/near-high/RSI) -- not in the top 20 at all,14742.0,5.007642922653632,37
HINDZINC,2024-04-18,2024-04-19,404.95,398.7,802,failed a technical gate (trend/near-high/RSI) -- not in the top 20 at all,-5012.5,-1.543400419804919,1
PETRONET,2024-04-19,2024-04-23,286.7,282.2,1125,dropped out of top 20 rank (now #21 of 76),-5062.5,-1.5695849319846578,4
BSE,2024-04-23,2024-04-29,1066.5,909.5,305,stop,-47885.0,-14.721050164088133,6
HAL,2024-03-26,2024-05-07,3300.8,3714.5047835331807,96,stop,39715.65921918533,12.533470174902472,42
MAZDOCK,2024-04-29,2024-05-07,1188.45,1083.1046289716028,277,stop,-29180.667774866044,-8.864097860944698,8
BEL,2024-04-03,2024-05-07,221.5,227.4,1481,failed a technical gate (trend/near-high/RSI) -- not in the top 20 at all,8737.900000000009,2.6636568848758424,34
PHOENIXLTD,2024-04-12,2024-05-07,1498.35,1487.5,218,failed a technical gate (trend/near-high/RSI) -- not in the top 20 at all,-2365.29999999998,-0.7241298761971438,25
MOTILALOFS,2024-04-19,2024-05-09,558.0,569.3673903639258,578,stop,6570.3516303491,2.037166731886342,20
NAM-INDIA,2024-05-07,2024-05-13,574.6,563.05,562,failed a technical gate (trend/near-high/RSI) -- not in the top 20 at all,-6491.100000000039,-2.01009397841978,6
MOTILALOFS,2024-05-13,2024-05-15,567.1,571.3,587,failed a technical gate (trend/near-high/RSI) -- not in the top 20 at all,2465.39999999996,0.7406101216716587,2
JINDALSTEL,2024-04-19,2024-05-16,927.25,1005.25,348,dropped out of top 20 rank (now #24 of 82),27144.0,8.411970881639252,27
GODREJPROP,2024-05-07,2024-05-23,2781.0,2814.75,116,dropped out of top 20 rank (now #26 of 99),3915.0,1.2135922330097193,16
CUMMINSIND,2024-03-15,2024-05-30,2707.65,3596.8,112,failed a technical gate (trend/near-high/RSI) -- not in the top 20 at all,99584.80000000002,32.83843923697671,76
SUPREMEIND,2024-05-07,2024-05-31,5247.35,5277.6,61,failed a technical gate (trend/near-high/RSI) -- not in the top 20 at all,1845.25,0.576481462071321,24
SIEMENS,2024-03-13,2024-06-04,3542.45,5197.305693169137,85,stop,140662.73391937668,46.71500495897296,83
CGPOWER,2024-04-19,2024-06-04,533.9,608.2986054357098,604,stop,44936.75768316871,13.934932653251497,46
ABB,2024-05-07,2024-06-04,6888.45,8045.552932333119,46,stop,53226.734887323495,16.797725647034078,28
HAL,2024-05-09,2024-06-04,3846.65,4665.954117472403,84,stop,68821.54586768182,21.29915946271177,26
MAZDOCK,2024-05-15,2024-06-04,1196.05,1406.3432804007691,290,stop,60985.051316223056,17.58231515411306,20
OBEROIRLTY,2024-05-16,2024-06-04,1711.15,1695.8263759944157,206,stop,-3156.6665451503877,-0.8955161152198521,19
BEL,2024-05-31,2024-06-04,295.95,284.530983215078,1238,stop,-14136.742779733446,-3.858427702288225,4
COCHINSHIP,2024-05-30,2024-06-05,1957.15,1709.1354210085428,187,stop,-46378.726271402506,-12.672231509667487,6
GVT&D,2024-05-23,2024-06-05,1362.85,1280.4,272,dropped out of top 20 rank (now #21 of 49),-22426.39999999995,-6.049822064056931,13
BDL,2024-06-04,2024-06-05,1436.85,1305.25,241,failed a technical gate (trend/near-high/RSI) -- not in the top 20 at all,-31715.599999999977,-9.158924035215922,1
POLYCAB,2024-06-05,2024-06-07,6788.45,6846.45,51,dropped out of top 20 rank (now #23 of 94),2958.0,0.8543923870692138,2
CROMPTON,2024-06-05,2024-06-07,402.25,397.35,863,dropped out of top 20 rank (now #22 of 94),-4228.699999999981,-1.2181479179614652,2
HEROMOTOCO,2024-06-04,2024-06-13,5180.7,5673.65,67,dropped out of top 20 rank (now #23 of 139),33027.64999999999,9.515123438917517,9
SUPREMEIND,2024-06-05,2024-06-21,5527.1,5864.55,62,dropped out of top 20 rank (now #26 of 123),20921.899999999987,6.105371713918695,16
OBEROIRLTY,2024-06-04,2024-06-25,1745.25,1829.3,199,failed a technical gate (trend/near-high/RSI) -- not in the top 20 at all,16725.94999999999,4.815928950007153,21
M&M,2024-06-04,2024-07-05,2572.9,2880.6,135,dropped out of top 20 rank (now #23 of 122),41539.49999999998,11.959267752341706,31
UNOMINDA,2024-06-04,2024-07-10,844.75,1060.25,411,failed a technical gate (trend/near-high/RSI) -- not in the top 20 at all,88570.5,25.5105060668837,36
PHOENIXLTD,2024-06-04,2024-07-12,1628.85,1951.4,213,dropped out of top 20 rank (now #28 of 115),68703.15000000004,19.802314516376597,38
HAL,2024-06-13,2024-07-16,5099.7,5329.4,72,failed a technical gate (trend/near-high/RSI) -- not in the top 20 at all,16538.399999999987,4.504186520775733,33
BEL,2024-06-21,2024-07-18,304.95,313.55,1259,failed a technical gate (trend/near-high/RSI) -- not in the top 20 at all,10827.400000000029,2.820134448270206,27
BDL,2024-06-25,2024-07-18,1545.35,1546.45,250,failed a technical gate (trend/near-high/RSI) -- not in the top 20 at all,275.0000000000341,0.07118128579286509,23
NBCC,2024-07-12,2024-07-19,126.53,114.33790271811878,3541,stop,-43172.21647514139,-9.635736411824247,7
PERSISTENT,2024-07-18,2024-07-19,4896.15,4596.561987933731,86,stop,-25764.569037699104,-6.118848729435755,1
PGEL,2024-07-05,2024-07-19,368.8,350.3,1192,failed a technical gate (trend/near-high/RSI) -- not in the top 20 at all,-22052.0,-5.016268980477223,14
MOTHERSON,2024-07-10,2024-07-19,133.67,128.13,3335,failed a technical gate (trend/near-high/RSI) -- not in the top 20 at all,-18475.899999999972,-4.144535049001263,9
KAYNES,2024-07-18,2024-07-19,4076.6,3901.85,104,failed a technical gate (trend/near-high/RSI) -- not in the top 20 at all,-18174.0,-4.286660452337731,1
OIL,2024-07-19,2024-07-22,571.1,555.25,728,dropped out of top 20 rank (now #22 of 88),-11538.800000000017,-2.7753458238487183,3
OFSS,2024-07-16,2024-07-23,10448.5,9831.651364338122,42,stop,-25907.642697798867,-5.903705179326002,7
PETRONET,2024-07-19,2024-07-23,327.55,318.6,1270,failed a technical gate (trend/near-high/RSI) -- not in the top 20 at all,-11366.499999999985,-2.73240726606625,4
BAJAJHLDNG,2024-07-19,2024-07-23,9714.35,9738.15,42,dropped out of top 20 rank (now #25 of 74),999.5999999999694,0.244998378687189,4
COCHINSHIP,2024-06-07,2024-07-25,1912.75,2461.75,186,failed a technical gate (trend/near-high/RSI) -- not in the top 20 at all,102114.0,28.7021304404653,48
MAZDOCK,2024-06-07,2024-07-25,1576.6,2428.25,226,failed a technical gate (trend/near-high/RSI) -- not in the top 20 at all,192472.90000000002,54.018140301915516,48
SONACOMS,2024-07-19,2024-07-29,693.5,685.05,600,failed a technical gate (trend/near-high/RSI) -- not in the top 20 at all,-5070.000000000027,-1.2184571016582657,10
EICHERMOT,2024-07-23,2024-07-30,4919.55,4951.85,83,dropped out of top 20 rank (now #21 of 105),2680.900000000015,0.656564116636682,7
OFSS,2024-07-23,2024-07-31,10352.5,10404.0,39,dropped out of top 20 rank (now #25 of 113),2008.5,0.49746438058440035,8
BEL,2024-07-31,2024-08-01,316.05,311.15,1330,failed a technical gate (trend/near-high/RSI) -- not in the top 20 at all,-6517.0000000000455,-1.5503875968992387,1
PERSISTENT,2024-07-23,2024-08-02,4810.15,4636.35,85,failed a technical gate (trend/near-high/RSI) -- not in the top 20 at all,-14772.999999999938,-3.6131929357712145,10
COCHINSHIP,2024-07-30,2024-08-02,2678.25,2537.9,157,failed a technical gate (trend/near-high/RSI) -- not in the top 20 at all,-22034.949999999986,-5.2403621767945445,3
CAMS,2024-08-02,2024-08-05,873.7,797.3951789550221,467,stop,-35634.35142800472,-8.733526501657085,3
RVNL,2024-06-04,2024-08-05,351.5,550.8,988,failed a technical gate (trend/near-high/RSI) -- not in the top 20 at all,196908.39999999997,56.699857752489315,62
MAZDOCK,2024-07-29,2024-08-05,2670.2,2399.75,159,failed a technical gate (trend/near-high/RSI) -- not in the top 20 at all,-43001.549999999974,-10.128454797393449,7
360ONE,2024-08-01,2024-08-06,1099.15,998.4823697820739,376,stop,-37851.02896194026,-9.158679908831935,5
NAUKRI,2024-08-02,2024-08-06,1444.0,1361.0,282,failed a technical gate (trend/near-high/RSI) -- not in the top 20 at all,-23406.0,-5.747922437673125,4
KALYANKJIL,2024-07-19,2024-08-08,528.95,536.55,786,failed a technical gate (trend/near-high/RSI) -- not in the top 20 at all,5973.5999999999285,1.4368087720956435,20
ZYDUSLIFE,2024-08-05,2024-08-13,1227.55,1194.3538895480233,317,stop,-10523.167013276603,-2.7042572972161394,8
PETRONET,2024-07-25,2024-08-13,348.95,351.6,1192,dropped out of top 20 rank (now #21 of 57),3158.8000000000407,0.7594211205043777,19
SUNPHARMA,2024-08-05,2024-08-16,1720.35,1742.75,226,dropped out of top 20 rank (now #24 of 77),5062.400000000021,1.302060627197954,11
TORNTPHARM,2024-08-06,2024-08-19,3220.55,3349.35,120,dropped out of top 20 rank (now #22 of 79),15455.999999999967,3.9993168868671436,13
LUPIN,2024-08-08,2024-08-19,2050.8,2068.8,193,dropped out of top 20 rank (now #25 of 79),3474.0,0.8777062609713226,11
PIIND,2024-08-06,2024-08-20,4264.75,4327.25,91,dropped out of top 20 rank (now #21 of 85),5687.5,1.4655020810129482,14
KALYANKJIL,2024-08-16,2024-08-20,572.95,541.9,717,failed a technical gate (trend/near-high/RSI) -- not in the top 20 at all,-22262.85000000005,-5.4193210576839235,4
KAYNES,2024-07-25,2024-08-28,4175.15,4881.6,99,dropped out of top 20 rank (now #23 of 114),69938.55000000008,16.920350167059883,34
ETERNAL,2024-08-05,2024-08-29,256.29,252.34,1522,failed a technical gate (trend/near-high/RSI) -- not in the top 20 at all,-6011.900000000026,-1.5412228335089262,24
NAM-INDIA,2024-08-19,2024-08-29,715.15,676.8,579,failed a technical gate (trend/near-high/RSI) -- not in the top 20 at all,-22204.650000000012,-5.362511361252887,10
KFINTECH,2024-08-13,2024-09-06,1016.35,997.5383765505933,393,stop,-7392.968015616848,-1.850900127850319,24
CDSL,2024-08-20,2024-09-09,1443.05,1400.0,287,stop,-12355.349999999988,-2.983264613145764,20
NYKAA,2024-08-29,2024-09-12,209.55,207.69,1962,failed a technical gate (trend/near-high/RSI) -- not in the top 20 at all,-3649.320000000027,-0.8876163206871901,14
LUPIN,2024-09-06,2024-09-19,2256.5,2158.167892502479,191,stop,-18781.432532026523,-4.357726899956615,13
PNBHOUSING,2024-09-12,2024-09-20,1109.0,1003.7498491412,393,stop,-41363.3092875084,-9.490545613958524,8
GODFRYPHLP,2024-08-29,2024-09-27,2043.0,2341.704273721826,201,stop,60039.55901808707,14.620865086726686,29
CDSL,2024-09-20,2024-09-27,1538.65,1463.05,292,dropped out of top 20 rank (now #26 of 107),-22075.20000000004,-4.913398108731693,7
ETERNAL,2024-09-09,2024-09-30,263.2,273.3,1629,failed a technical gate (trend/near-high/RSI) -- not in the top 20 at all,16452.900000000038,3.837386018237088,21
MOTILALOFS,2024-08-20,2024-10-01,677.45,742.8,611,failed a technical gate (trend/near-high/RSI) -- not in the top 20 at all,39928.84999999995,9.646468374049721,42
BAJAJFINSV,2024-09-27,2024-10-03,2010.7,1921.107616073152,219,stop,-19620.732079979716,-4.455780769227036,6
BAJAJ-AUTO,2024-09-30,2024-10-03,12041.0,11442.0,36,stop,-21564.0,-4.9746698779171155,3
TRENT,2024-08-13,2024-10-04,4254.5,4852.763733770615,93,stop,55638.52724066716,14.061904660256541,52
KFINTECH,2024-10-01,2024-10-04,1137.35,1030.7628536573397,386,stop,-41142.63848826682,-9.371534386306779,3
PGEL,2024-07-23,2024-10-04,370.7,609.85,1113,failed a technical gate (trend/near-high/RSI) -- not in the top 20 at all,266173.95,64.51308335581334,73
BAJAJ-AUTO,2024-10-03,2024-10-04,11514.5,11483.5,37,failed a technical gate (trend/near-high/RSI) -- not in the top 20 at all,-1147.0,-0.26922575882583066,1
KALYANKJIL,2024-08-28,2024-10-07,611.2,680.3500873602461,685,stop,47367.809841768554,11.313823193757532,40
BLUESTARCO,2024-09-27,2024-10-07,2119.5,1973.1787439444097,208,stop,-30434.821259562785,-6.903574241830168,10
LUPIN,2024-10-04,2024-10-07,2198.25,2174.9,193,failed a technical gate (trend/near-high/RSI) -- not in the top 20 at all,-4506.549999999983,-1.0622085750028432,3
INFY,2024-10-07,2024-10-15,1893.3,1917.8,220,dropped out of top 20 rank (now #25 of 61),5390.0,1.2940368668462376,8
NAUKRI,2024-08-19,2024-10-17,1478.5,1596.0,280,failed a technical gate (trend/near-high/RSI) -- not in the top 20 at all,32900.0,7.947243828204265,59
TRENT,2024-10-07,2024-10-17,4966.3,5146.4,83,failed a technical gate (trend/near-high/RSI) -- not in the top 20 at all,14948.299999999956,3.626442220566606,10
LTM,2024-10-07,2024-10-18,6254.95,6022.070962982503,66,stop,-15370.016443154773,-3.723115884499417,11
TRENT,2024-10-18,2024-10-21,5178.7,5071.0,84,failed a technical gate (trend/near-high/RSI) -- not in the top 20 at all,-9046.799999999985,-2.079672504682639,3
BSE,2024-09-19,2024-10-22,1237.0,1363.5,357,failed a technical gate (trend/near-high/RSI) -- not in the top 20 at all,45160.5,10.226354082457556,33
SUNPHARMA,2024-10-04,2024-10-22,1910.05,1887.55,222,failed a technical gate (trend/near-high/RSI) -- not in the top 20 at all,-4995.0,-1.1779796340409932,18
NAM-INDIA,2024-10-17,2024-10-22,707.6,659.8,615,closed below 200 EMA,-29397.000000000044,-6.755228942905611,5
BLUESTARCO,2024-10-21,2024-10-22,2017.85,1910.05,220,failed a technical gate (trend/near-high/RSI) -- not in the top 20 at all,-23715.99999999999,-5.342319795822281,1
DIVISLAB,2024-10-22,2024-10-23,5817.95,5727.6,73,failed a technical gate (trend/near-high/RSI) -- not in the top 20 at all,-6595.54999999996,-1.5529525004511768,1
MOTILALOFS,2024-10-15,2024-10-25,924.45,868.2492444652808,480,stop,-26976.36265666526,-6.079372116904025,10
DIXON,2024-10-17,2024-10-25,15130.85,14281.433035756927,28,stop,-23783.674998806055,-5.613808637605111,8
BSE,2024-10-23,2024-10-25,1424.5,1354.0,306,failed a technical gate (trend/near-high/RSI) -- not in the top 20 at all,-21573.0,-4.949104949104955,2
NAM-INDIA,2024-10-25,2024-10-28,681.55,677.8,621,failed a technical gate (trend/near-high/RSI) -- not in the top 20 at all,-2328.75,-0.5502164184579272,3
OBEROIRLTY,2024-10-22,2024-10-30,1950.45,1927.75,218,failed a technical gate (trend/near-high/RSI) -- not in the top 20 at all,-4948.6000000000095,-1.1638339870286396,8
HCLTECH,2024-10-04,2024-10-31,1776.6,1759.5912395806506,239,stop,-4065.0937402244826,-0.9573770358746625,27
TECHM,2024-10-22,2024-10-31,1623.9,1540.4901087541853,261,stop,-21769.98161515767,-5.136393327533395,9
PERSISTENT,2024-10-25,2024-10-31,5670.9,5372.5,74,failed a technical gate (trend/near-high/RSI) -- not in the top 20 at all,-22081.599999999973,-5.261951365744411,6
WIPRO,2024-10-22,2024-11-04,260.65,258.5,1632,failed a technical gate (trend/near-high/RSI) -- not in the top 20 at all,-3508.799999999963,-0.8248609246115368,13
LUPIN,2024-10-31,2024-11-06,2186.95,2166.05,190,failed a technical gate (trend/near-high/RSI) -- not in the top 20 at all,-3970.999999999931,-0.9556688538832403,6
MCX,2024-10-04,2024-11-12,1161.0,1221.9647890186618,366,stop,22313.11278083022,5.251058485672844,39
NAM-INDIA,2024-10-31,2024-11-12,708.2,692.0,588,failed a technical gate (trend/near-high/RSI) -- not in the top 20 at all,-9525.600000000028,-2.2874894097712595,12
CDSL,2024-10-31,2024-11-12,1545.8,1521.9,269,failed a technical gate (trend/near-high/RSI) -- not in the top 20 at all,-6429.099999999963,-1.5461249838271351,12
MOTILALOFS,2024-10-28,2024-11-13,918.55,898.8,463,failed a technical gate (trend/near-high/RSI) -- not in the top 20 at all,-9144.25,-2.1501279190027756,16
PGEL,2024-11-04,2024-11-18,625.6,624.3,661,failed a technical gate (trend/near-high/RSI) -- not in the top 20 at all,-859.3000000000451,-0.20780051150895984,14
WIPRO,2024-11-06,2024-11-18,269.5,264.2,1579,failed a technical gate (trend/near-high/RSI) -- not in the top 20 at all,-8368.700000000017,-1.9666048237476863,12
TECHM,2024-11-12,2024-11-18,1614.7,1589.7,260,failed a technical gate (trend/near-high/RSI) -- not in the top 20 at all,-6500.0,-1.5482752214033613,6
INFY,2024-11-13,2024-11-18,1828.8,1773.1,225,closed below 200 EMA,-12532.500000000011,-3.045713035870523,5
HCLTECH,2024-11-12,2024-11-19,1872.85,1820.55,224,failed a technical gate (trend/near-high/RSI) -- not in the top 20 at all,-11715.19999999999,-2.7925354406385994,7
BSE,2024-10-30,2024-11-26,1447.0,1477.0,291,failed a technical gate (trend/near-high/RSI) -- not in the top 20 at all,8730.0,2.0732550103662817,27
AMBER,2024-10-03,2024-11-28,5163.85,5992.25,83,failed a technical gate (trend/near-high/RSI) -- not in the top 20 at all,68757.19999999997,16.042294024807056,56
HCLTECH,2024-11-22,2024-11-28,1898.4,1840.9,219,failed a technical gate (trend/near-high/RSI) -- not in the top 20 at all,-12592.5,-3.028866413822162,6
BSE,2024-11-28,2024-12-03,1524.5,1504.5,270,failed a technical gate (trend/near-high/RSI) -- not in the top 20 at all,-5400.0,-1.3119055428009174,5
TECHM,2024-11-22,2024-12-09,1672.6,1701.7,249,dropped out of top 20 rank (now #22 of 80),7245.900000000034,1.7398062896089916,17
MOTILALOFS,2024-12-03,2024-12-18,954.8,953.75,437,failed a technical gate (trend/near-high/RSI) -- not in the top 20 at all,-458.8499999999801,-0.10997067448680342,15
ETERNAL,2024-11-28,2024-12-20,286.13,274.20063660953247,1439,stop,-17166.353918882774,-4.169210984680927,22
BSE,2024-12-09,2024-12-27,1822.5,1759.5,239,failed a technical gate (trend/near-high/RSI) -- not in the top 20 at all,-15057.0,-3.4567901234567877,18
NAM-INDIA,2024-12-18,2024-12-27,754.95,731.25,596,failed a technical gate (trend/near-high/RSI) -- not in the top 20 at all,-14125.200000000026,-3.1392807470693507,9
WIPRO,2024-11-19,2024-12-31,268.6,288.5,1533,failed a technical gate (trend/near-high/RSI) -- not in the top 20 at all,30506.699999999964,7.408786299329839,42
COFORGE,2024-10-25,2025-01-02,1548.0,1939.5,273,dropped out of top 20 rank (now #23 of 56),106879.5,25.290697674418606,69
PERSISTENT,2024-11-12,2025-01-03,5680.15,6405.95,73,dropped out of top 20 rank (now #21 of 53),52983.400000000016,12.777831571349353,52
PAYTM,2024-11-22,2025-01-03,900.95,982.8,462,dropped out of top 20 rank (now #26 of 53),37814.69999999996,9.084854875409288,42
MOTILALOFS,2025-01-02,2025-01-06,985.2,925.25,457,closed below 200 EMA,-27397.15000000002,-6.085058871295168,4
NAM-INDIA,2025-01-03,2025-01-06,758.25,729.95,595,failed a technical gate (trend/near-high/RSI) -- not in the top 20 at all,-16838.499999999975,-3.732278272337608,3
NAUKRI,2024-11-26,2025-01-07,1649.5,1687.5,252,failed a technical gate (trend/near-high/RSI) -- not in the top 20 at all,9576.0,2.3037284025462235,42
360ONE,2024-12-27,2025-01-07,1250.9,1217.3,357,failed a technical gate (trend/near-high/RSI) -- not in the top 20 at all,-11995.200000000048,-2.6860660324566465,11
POLICYBZR,2025-01-03,2025-01-07,2215.85,2079.55,203,failed a technical gate (trend/near-high/RSI) -- not in the top 20 at all,-27668.899999999943,-6.1511383893314004,4
LUPIN,2025-01-07,2025-01-08,2357.65,2251.180081918926,186,stop,-19803.404763079758,-4.515934005517098,1
MOTILALOFS,2025-01-07,2025-01-08,970.0,940.1,452,failed a technical gate (trend/near-high/RSI) -- not in the top 20 at all,-13514.79999999999,-3.0824742268041216,1
KAYNES,2025-01-07,2025-01-08,7247.55,6970.65,60,failed a technical gate (trend/near-high/RSI) -- not in the top 20 at all,-16614.000000000033,-3.820601444626126,1
PGEL,2024-11-22,2025-01-09,684.15,922.2,609,failed a technical gate (trend/near-high/RSI) -- not in the top 20 at all,144972.45000000004,34.79500109625084,48
MANKIND,2025-01-01,2025-01-09,2881.05,2828.05,156,failed a technical gate (trend/near-high/RSI) -- not in the top 20 at all,-8268.0,-1.8396070876937176,8
KFINTECH,2024-12-23,2025-01-10,1415.2,1374.3428650305798,312,stop,-12747.42611045912,-2.887021973531678,18
MAXHEALTH,2025-01-07,2025-01-10,1198.35,1149.9,366,failed a technical gate (trend/near-high/RSI) -- not in the top 20 at all,-17732.69999999993,-4.0430592064087945,3
LUPIN,2025-01-09,2025-01-10,2252.85,2191.1,188,failed a technical gate (trend/near-high/RSI) -- not in the top 20 at all,-11609.0,-2.740972545886322,1
AMBER,2024-12-27,2025-01-13,7442.95,6990.470087264245,60,stop,-27148.794764145277,-6.079308778585835,17
MUTHOOTFIN,2025-01-07,2025-01-13,2209.15,2094.4325713404573,198,stop,-22714.050874589462,-5.192831118735386,6
DRREDDY,2025-01-10,2025-01-13,1354.4,1335.1,310,failed a technical gate (trend/near-high/RSI) -- not in the top 20 at all,-5983.000000000056,-1.4249852333136581,3
HCLTECH,2025-01-10,2025-01-14,1995.1,1904.519678893364,210,stop,-19021.867432393537,-4.540139396854093,4
INFY,2025-01-10,2025-01-16,1925.3,1887.6,218,failed a technical gate (trend/near-high/RSI) -- not in the top 20 at all,-8218.60000000001,-1.9581363943281582,6
BSE,2025-01-16,2025-01-27,1998.0,1840.3180787140245,208,stop,-32797.8396274829,-7.891988052351129,11
BIOCON,2025-01-13,2025-01-27,365.2,370.25,1132,failed a technical gate (trend/near-high/RSI) -- not in the top 20 at all,5716.600000000013,1.382803943044908,14
MUTHOOTFIN,2025-01-14,2025-01-27,2123.85,2139.0,195,failed a technical gate (trend/near-high/RSI) -- not in the top 20 at all,2954.2500000000177,0.71332721237376,13
BAJAJHLDNG,2025-01-27,2025-01-28,11193.2,11029.3,36,failed a technical gate (trend/near-high/RSI) -- not in the top 20 at all,-5900.400000000052,-1.4642818854304518,1
BAJAJFINSV,2025-01-28,2025-02-01,1768.95,1684.6985817547209,233,stop,-19630.58045115005,-4.7627925178936215,4
BAJAJHLDNG,2025-02-04,2025-02-07,11735.85,11271.15,36,failed a technical gate (trend/near-high/RSI) -- not in the top 20 at all,-16729.200000000026,-3.959662061120417,3
MUTHOOTFIN,2025-02-04,2025-02-11,2239.0,2188.2,191,failed a technical gate (trend/near-high/RSI) -- not in the top 20 at all,-9702.800000000036,-2.26887003126397,7
BAJAJFINSV,2025-02-04,2025-02-11,1813.25,1744.85,236,failed a technical gate (trend/near-high/RSI) -- not in the top 20 at all,-16142.400000000021,-3.7722321797876823,7
MANAPPURAM,2025-02-01,2025-02-12,197.8,185.93977366261308,2124,stop,-25191.120740609847,-5.996069938011594,11
SRF,2025-01-13,2025-02-14,2516.0,2752.25,164,failed a technical gate (trend/near-high/RSI) -- not in the top 20 at all,38745.0,9.389904610492849,32
WIPRO,2025-01-27,2025-02-14,294.35,300.35,1393,failed a technical gate (trend/near-high/RSI) -- not in the top 20 at all,8358.0,2.038389672158991,18
MARUTI,2025-02-04,2025-02-20,13109.95,12479.159243859416,32,stop,-20185.304196498706,-4.811542043566797,16
MUTHOOTFIN,2025-02-14,2025-02-21,2254.9,2212.1,184,failed a technical gate (trend/near-high/RSI) -- not in the top 20 at all,-7875.2000000000335,-1.8980886070335767,7
BAJAJHLDNG,2025-02-20,2025-02-25,12454.3,11642.05,33,failed a technical gate (trend/near-high/RSI) -- not in the top 20 at all,-26804.25,-6.521843861156384,5
KOTAKBANK,2025-02-25,2025-02-28,393.4,380.6,1048,failed a technical gate (trend/near-high/RSI) -- not in the top 20 at all,-13414.399999999952,-3.253685815963381,3
BAJAJFINSV,2025-02-14,2025-03-04,1841.3,1790.3,225,failed a technical gate (trend/near-high/RSI) -- not in the top 20 at all,-11475.0,-2.769782219084338,18
MANAPPURAM,2025-02-21,2025-03-04,201.32,197.58,2050,failed a technical gate (trend/near-high/RSI) -- not in the top 20 at all,-7666.99999999996,-1.857738923107477,11
BAJFINANCE,2025-01-13,2025-03-05,715.0,830.0,578,failed a technical gate (trend/near-high/RSI) -- not in the top 20 at all,66470.0,16.083916083916083,51
SBICARD,2025-01-27,2025-03-13,753.7,829.85,544,failed a technical gate (trend/near-high/RSI) -- not in the top 20 at all,41425.59999999999,10.103489452036607,45
SHRIRAMFIN,2025-02-28,2025-04-01,617.3,637.45,664,failed a technical gate (trend/near-high/RSI) -- not in the top 20 at all,13379.60000000006,3.2642151304066225,32
CHOLAFIN,2025-03-04,2025-04-01,1449.6,1468.25,282,failed a technical gate (trend/near-high/RSI) -- not in the top 20 at all,5259.300000000026,1.2865618101545406,28
BAJFINANCE,2025-03-13,2025-04-02,842.0,867.0,484,failed a technical gate (trend/near-high/RSI) -- not in the top 20 at all,12100.0,2.9691211401425166,20
SBICARD,2025-03-24,2025-04-03,854.5,850.3,498,failed a technical gate (trend/near-high/RSI) -- not in the top 20 at all,-2091.6000000000226,-0.4915155061439469,10
INDIGO,2025-03-04,2025-04-07,4598.7,4748.465848614266,88,stop,13179.39467805544,3.256699689352782,34
BAJAJFINSV,2025-03-24,2025-04-07,1894.15,1835.0,225,stop,-13308.75000000002,-3.122772747670466,14
MUTHOOTFIN,2025-03-24,2025-04-07,2352.55,2150.0,181,stop,-36661.55000000003,-8.609806380310737,14
MAZDOCK,2025-03-24,2025-04-07,2654.8,2221.05,160,stop,-69400.0,-16.338330571041126,14
HDFCLIFE,2025-04-07,2025-04-17,665.95,720.05,604,failed a technical gate (trend/near-high/RSI) -- not in the top 20 at all,32676.399999999943,8.123733012988943,10
MFSL,2025-04-07,2025-04-17,1128.45,1218.0,356,dropped out of top 20 rank (now #22 of 47),31879.799999999985,7.935663963844197,10
SHRIRAMFIN,2025-04-17,2025-04-25,691.75,640.6948737187944,608,stop,-31041.516778973015,-7.380574814774931,8
MANAPPURAM,2025-03-05,2025-04-25,203.68,226.93,2005,failed a technical gate (trend/near-high/RSI) -- not in the top 20 at all,46616.25,11.414964650432058,51
LTF,2025-04-25,2025-04-28,172.99,161.5093994542209,2435,stop,-27955.262328972138,-6.636568903277129,3
BAJFINANCE,2025-04-16,2025-04-30,906.0,861.7556844695237,459,stop,-20308.140828488642,-4.8834785353726655,14
BAJAJFINSV,2025-04-17,2025-04-30,2035.3,1939.7321172983345,206,stop,-19686.98383654308,-4.6955182381794085,13
GMRAIRPORT,2025-04-28,2025-05-06,88.17,86.42,4792,failed a technical gate (trend/near-high/RSI) -- not in the top 20 at all,-8386.0,-1.984802086877624,8
BDL,2025-05-06,2025-05-07,1527.7,1447.9,273,failed a technical gate (trend/near-high/RSI) -- not in the top 20 at all,-21785.399999999987,-5.223538652876869,1
INDIGO,2025-04-07,2025-05-08,4988.7,5109.429907986336,80,stop,9658.39263890688,2.4200675123045245,31
HDFCBANK,2025-04-16,2025-05-09,939.0,944.8,443,failed a technical gate (trend/near-high/RSI) -- not in the top 20 at all,2569.3999999999796,0.6176783812566589,23
HDFCAMC,2025-04-25,2025-05-09,2105.0,2051.6,200,failed a technical gate (trend/near-high/RSI) -- not in the top 20 at all,-10680.000000000018,-2.5368171021377672,14
ICICIBANK,2025-05-08,2025-05-09,1435.5,1388.9,286,failed a technical gate (trend/near-high/RSI) -- not in the top 20 at all,-13327.599999999973,-3.246255660048758,1
MUTHOOTFIN,2025-05-09,2025-05-13,2229.6,2216.5,184,dropped out of top 20 rank (now #21 of 51),-2410.3999999999833,-0.5875493362037965,4
GODFRYPHLP,2025-04-16,2025-05-21,2448.0,2851.0,170,dropped out of top 20 rank (now #25 of 59),68510.0,16.462418300653603,35
INDIGO,2025-05-13,2025-05-23,5521.0,5521.0,78,dropped out of top 20 rank (now #22 of 60),0.0,0.0,10
MAZDOCK,2025-04-30,2025-06-11,3057.6,3322.8157328919056,136,stop,36069.33967329917,8.673983938118312,42
BDL,2025-05-09,2025-06-12,1531.8,1871.0,267,failed a technical gate (trend/near-high/RSI) -- not in the top 20 at all,90566.40000000001,22.143883013448228,34
CDSL,2025-06-11,2025-06-12,1739.4,1644.2,271,failed a technical gate (trend/near-high/RSI) -- not in the top 20 at all,-25799.20000000001,-5.47315166149247,1
BSE,2025-04-07,2025-06-13,1727.5,2653.0,233,stop,215641.5,53.574529667149065,67
ANGELONE,2025-05-23,2025-06-13,308.0,294.06146264227834,1468,stop,-20461.772841135393,-4.525499142117417,21
PNBHOUSING,2025-04-16,2025-06-13,1001.7,1055.6,415,failed a technical gate (trend/near-high/RSI) -- not in the top 20 at all,22368.49999999994,5.3808525506638505,58
HDFCAMC,2025-06-12,2025-06-16,2461.7,2299.7,187,stop,-30294.0,-6.580818133809974,4
BSE,2025-06-13,2025-06-18,2711.2,2633.2,168,failed a technical gate (trend/near-high/RSI) -- not in the top 20 at all,-13104.0,-2.8769548539392176,5
HAL,2025-05-21,2025-06-19,5001.1,4902.3,89,failed a technical gate (trend/near-high/RSI) -- not in the top 20 at all,-8793.200000000015,-1.9755653756173719,29
CDSL,2025-06-16,2025-06-19,1682.6,1637.8,273,failed a technical gate (trend/near-high/RSI) -- not in the top 20 at all,-12230.399999999987,-2.662546059669557,3
BDL,2025-06-13,2025-06-24,1900.0,1851.7,240,failed a technical gate (trend/near-high/RSI) -- not in the top 20 at all,-11591.999999999989,-2.54210526315789,11
BSE,2025-06-24,2025-07-04,2785.6,2635.2,168,failed a technical gate (trend/near-high/RSI) -- not in the top 20 at all,-25267.200000000015,-5.399195864445727,10
MFSL,2025-05-09,2025-07-07,1268.2,1568.5,323,failed a technical gate (trend/near-high/RSI) -- not in the top 20 at all,96996.89999999998,23.679230405298846,59
HDFCAMC,2025-06-18,2025-07-07,2418.6,2446.0,190,failed a technical gate (trend/near-high/RSI) -- not in the top 20 at all,5206.000000000017,1.132886794013066,19
BDL,2025-07-07,2025-07-10,1943.3,1892.8,243,failed a technical gate (trend/near-high/RSI) -- not in the top 20 at all,-12271.5,-2.5986723614470186,3
MCX,2025-06-13,2025-07-11,1512.0,1656.6749616185812,302,stop,43691.83840881151,9.568449842498762,28
BEL,2025-04-30,2025-07-11,314.1,409.3,1324,failed a technical gate (trend/near-high/RSI) -- not in the top 20 at all,126044.79999999999,30.308818847500785,72
GVT&D,2025-06-12,2025-07-11,2308.6,2332.9,199,failed a technical gate (trend/near-high/RSI) -- not in the top 20 at all,4835.700000000036,1.0525859828467654,29
CDSL,2025-07-04,2025-07-11,1762.5,1688.7,269,failed a technical gate (trend/near-high/RSI) -- not in the top 20 at all,-19852.199999999986,-4.1872340425531895,7
AUBANK,2025-05-07,2025-07-16,687.6,797.75,606,failed a technical gate (trend/near-high/RSI) -- not in the top 20 at all,66750.89999999998,16.019488074461897,70
LTF,2025-07-07,2025-07-17,207.77,199.78,2275,failed a technical gate (trend/near-high/RSI) -- not in the top 20 at all,-18177.250000000022,-3.8455984983395197,10
ABCAPITAL,2025-06-19,2025-07-18,255.68,264.35,1782,failed a technical gate (trend/near-high/RSI) -- not in the top 20 at all,15449.940000000028,3.390957446808507,29
360ONE,2025-06-19,2025-07-22,1114.4,1131.0625094890302,408,stop,6798.303871524269,1.4952000618296823,33
MOTILALOFS,2025-07-11,2025-07-24,934.4,904.9,493,failed a technical gate (trend/near-high/RSI) -- not in the top 20 at all,-14543.5,-3.1571061643835607,13
GODFRYPHLP,2025-07-16,2025-07-24,3106.0,2935.0,150,failed a technical gate (trend/near-high/RSI) -- not in the top 20 at all,-25650.0,-5.505473277527361,8
NAM-INDIA,2025-07-11,2025-07-25,804.85,809.7,572,failed a technical gate (trend/near-high/RSI) -- not in the top 20 at all,2774.200000000013,0.6025967571597235,14
MANAPPURAM,2025-07-17,2025-07-25,270.7,265.65,1719,failed a technical gate (trend/near-high/RSI) -- not in the top 20 at all,-8680.950000000019,-1.865533801256003,8
RBLBANK,2025-07-11,2025-07-28,264.16,253.26,1745,failed a technical gate (trend/near-high/RSI) -- not in the top 20 at all,-19020.50000000006,-4.126287098728055,17
LTF,2025-07-24,2025-07-28,210.1,201.99,2182,failed a technical gate (trend/near-high/RSI) -- not in the top 20 at all,-17696.019999999968,-3.8600666349357327,4
MUTHOOTFIN,2025-07-10,2025-07-29,2644.8,2617.1,176,failed a technical gate (trend/near-high/RSI) -- not in the top 20 at all,-4875.200000000048,-1.0473381730187636,19
DELHIVERY,2025-07-28,2025-07-30,428.85,409.15,1053,failed a technical gate (trend/near-high/RSI) -- not in the top 20 at all,-20744.10000000005,-4.593680774163467,2
POLYCAB,2025-07-28,2025-08-01,6837.5,6698.0,66,failed a technical gate (trend/near-high/RSI) -- not in the top 20 at all,-9207.0,-2.0402193784277878,4
GLENMARK,2025-07-22,2025-08-05,2157.9,2052.6,215,failed a technical gate (trend/near-high/RSI) -- not in the top 20 at all,-22639.50000000004,-4.879744195745872,14
MOTILALOFS,2025-07-29,2025-08-05,937.4,910.75,482,failed a technical gate (trend/near-high/RSI) -- not in the top 20 at all,-12845.299999999988,-2.842969916791127,7
ETERNAL,2025-07-24,2025-08-07,313.15,291.55,1464,stop,-31622.39999999995,-6.897652882005422,14
MOTILALOFS,2025-08-07,2025-08-08,917.8,905.6,496,failed a technical gate (trend/near-high/RSI) -- not in the top 20 at all,-6051.199999999966,-1.3292656352146381,1
HDFCAMC,2025-07-11,2025-08-11,2503.2,2691.6,184,failed a technical gate (trend/near-high/RSI) -- not in the top 20 at all,34665.60000000002,7.526366251198469,31
RBLBANK,2025-07-30,2025-08-11,261.75,258.5,1732,failed a technical gate (trend/near-high/RSI) -- not in the top 20 at all,-5629.0,-1.241642788920727,12
MOTILALOFS,2025-08-11,2025-08-12,918.55,911.3,499,failed a technical gate (trend/near-high/RSI) -- not in the top 20 at all,-3617.75,-0.7892874639377268,1
SBIN,2025-08-12,2025-08-19,820.6,830.4,555,dropped out of top 20 rank (now #22 of 51),5438.9999999999745,1.1942481111381964,7
INDIANB,2025-08-11,2025-08-25,659.95,654.1,694,dropped out of top 20 rank (now #22 of 49),-4059.900000000016,-0.8864307902113788,14
GVT&D,2025-07-18,2025-08-26,2358.2,2690.1,196,failed a technical gate (trend/near-high/RSI) -- not in the top 20 at all,65052.400000000016,14.074293953015026,39
NAM-INDIA,2025-08-19,2025-08-26,861.7,825.7,541,failed a technical gate (trend/near-high/RSI) -- not in the top 20 at all,-19476.0,-4.177788093303936,7
HDFCAMC,2025-08-25,2025-08-28,2882.9,2770.6387988524725,163,stop,-18298.575787046993,-3.89403729395843,3
DELHIVERY,2025-08-05,2025-09-01,458.05,473.75,990,dropped out of top 20 rank (now #21 of 42),15542.999999999989,3.427573409016471,27
GODFRYPHLP,2025-08-05,2025-09-02,3292.0,3353.0,137,failed a technical gate (trend/near-high/RSI) -- not in the top 20 at all,8357.0,1.8529769137302532,28
FORTIS,2025-08-01,2025-09-12,859.25,970.0,528,dropped out of top 20 rank (now #21 of 66),58476.0,12.88914751236543,42
PAYTM,2025-07-25,2025-09-17,1067.75,1222.1,424,dropped out of top 20 rank (now #21 of 79),65444.399999999965,14.455630999765855,54
GODFRYPHLP,2025-09-17,2025-09-19,3571.0,3525.0,135,dropped out of top 20 rank (now #23 of 86),-6210.0,-1.2881545785494275,2
CUMMINSIND,2025-07-25,2025-09-23,3535.1,4005.2,128,dropped out of top 20 rank (now #21 of 64),60172.79999999999,13.298067947158486,60
HAL,2025-09-19,2025-09-24,4916.2,4731.756218957258,98,stop,-18075.49054218868,-3.751755035245552,5
ADANIPOWER,2025-09-23,2025-09-24,162.35,147.19789905277287,2977,stop,-45107.80451989515,-9.332984876641282,1
MANAPPURAM,2025-09-02,2025-09-25,281.0,281.2,1659,failed a technical gate (trend/near-high/RSI) -- not in the top 20 at all,331.79999999998114,0.0711743772241924,23
ETERNAL,2025-08-08,2025-09-26,300.9,322.27622414754416,1512,stop,32320.850911086796,7.104095761895701,49
BAJFINANCE,2025-09-24,2025-09-26,1029.75,990.7447282465973,462,stop,-18020.435550072034,-3.787838966098822,2
UNOMINDA,2025-08-26,2025-09-26,1276.8,1268.9,363,failed a technical gate (trend/near-high/RSI) -- not in the top 20 at all,-2867.6999999999507,-0.618734335839588,31
ADANIPOWER,2025-09-25,2025-09-30,149.0,144.65,3181,failed a technical gate (trend/near-high/RSI) -- not in the top 20 at all,-13837.349999999982,-2.9194630872483196,5
ASHOKLEY,2025-09-26,2025-10-06,141.93,137.78,3291,failed a technical gate (trend/near-high/RSI) -- not in the top 20 at all,-13657.650000000018,-2.92397660818714,10
HAL,2025-09-26,2025-10-13,4736.1,4745.4,98,failed a technical gate (trend/near-high/RSI) -- not in the top 20 at all,911.3999999999287,0.19636409704184565,17
MUTHOOTFIN,2025-09-24,2025-10-23,3088.3,3136.072669039739,154,stop,7356.9910321197995,1.5468921102139932,29
EICHERMOT,2025-08-28,2025-10-23,6133.0,6884.5,75,failed a technical gate (trend/near-high/RSI) -- not in the top 20 at all,56362.5,12.253383336050883,56
MARUTI,2025-09-30,2025-10-28,16029.0,16311.0,29,dropped out of top 20 rank (now #24 of 77),8178.0,1.7593112483623496,28
NAM-INDIA,2025-09-12,2025-10-29,827.75,870.0,575,stop,24293.75,5.104198127453952,47
HEROMOTOCO,2025-09-01,2025-10-30,5244.0,5515.0,89,failed a technical gate (trend/near-high/RSI) -- not in the top 20 at all,24119.0,5.167810831426389,59
BAJFINANCE,2025-09-26,2025-10-31,985.1,1042.8,474,failed a technical gate (trend/near-high/RSI) -- not in the top 20 at all,27349.799999999967,5.8572733732615845,35
ADANIPOWER,2025-10-06,2025-11-03,151.99,156.73,3141,failed a technical gate (trend/near-high/RSI) -- not in the top 20 at all,14888.33999999994,3.1186262254095487,28
MCX,2025-11-03,2025-11-07,1905.0,1803.8993842555371,260,stop,-26286.160093560342,-5.307118936717215,4
INDIANB,2025-10-23,2025-11-21,808.95,834.05,606,failed a technical gate (trend/near-high/RSI) -- not in the top 20 at all,15210.599999999944,3.102787564126319,29
BANKBARODA,2025-10-31,2025-11-24,269.7,273.05,1808,failed a technical gate (trend/near-high/RSI) -- not in the top 20 at all,6056.800000000041,1.2421208750463597,24
BANKINDIA,2025-10-23,2025-12-03,131.24,135.04261241598502,3738,stop,14214.165210951967,2.897449265456431,41
SBIN,2025-10-29,2025-12-03,939.75,951.05,521,failed a technical gate (trend/near-high/RSI) -- not in the top 20 at all,5887.2999999999765,1.2024474594307,35
BSE,2025-11-24,2025-12-03,2802.2,2751.1,180,failed a technical gate (trend/near-high/RSI) -- not in the top 20 at all,-9197.999999999984,-1.8235671972021916,9
CANBK,2025-10-30,2025-12-08,128.65,137.74350071247605,3790,stop,34464.3677002842,7.068403196638973,39
BHARATFORG,2025-12-03,2025-12-08,1406.7,1373.6,362,failed a technical gate (trend/near-high/RSI) -- not in the top 20 at all,-11982.20000000005,-2.353024809838644,5
BSE,2025-12-08,2025-12-09,2798.8,2634.114493698545,181,stop,-29808.076640563355,-5.88414700233868,1
HEROMOTOCO,2025-12-08,2025-12-09,6167.0,6001.0,82,failed a technical gate (trend/near-high/RSI) -- not in the top 20 at all,-13612.0,-2.6917463920869134,1
BANKBARODA,2025-12-09,2025-12-10,280.75,277.15,1801,failed a technical gate (trend/near-high/RSI) -- not in the top 20 at all,-6483.600000000041,-1.2822796081923493,1
CANBK,2025-12-09,2025-12-10,141.52,140.91,3574,failed a technical gate (trend/near-high/RSI) -- not in the top 20 at all,-2180.1400000000485,-0.4310344827586299,1
EICHERMOT,2025-12-10,2025-12-16,7228.5,7061.5,69,failed a technical gate (trend/near-high/RSI) -- not in the top 20 at all,-11523.0,-2.310299508888425,6
LTF,2025-08-26,2025-12-18,220.0,299.85,2111,failed a technical gate (trend/near-high/RSI) -- not in the top 20 at all,168563.35000000003,36.295454545454554,114
SBIN,2025-12-18,2025-12-26,977.55,966.3,525,failed a technical gate (trend/near-high/RSI) -- not in the top 20 at all,-5906.25,-1.150836274359368,8
MUTHOOTFIN,2025-12-03,2025-12-29,3763.4,3736.5,135,failed a technical gate (trend/near-high/RSI) -- not in the top 20 at all,-3631.5000000000123,-0.7147791890312005,26
MOTHERSON,2025-12-10,2025-12-30,116.28,119.75,4331,dropped out of top 20 rank (now #21 of 57),15028.569999999994,2.984176126590987,20
FEDERALBNK,2025-11-07,2026-01-05,237.26,263.75,2108,dropped out of top 20 rank (now #23 of 76),55840.92000000002,11.1649667031948,59
CANBK,2025-12-16,2026-01-07,142.47,148.08,3587,dropped out of top 20 rank (now #21 of 79),20123.07000000005,3.937671088650241,22
HINDZINC,2025-12-29,2026-01-08,618.55,588.9347918307274,846,stop,-25054.466111204612,-4.787843855674168,10
NMDC,2025-12-26,2026-01-09,80.17,77.92451096293601,6556,stop,-14721.426126991519,-2.8009093639316363,14
MANAPPURAM,2026-01-07,2026-01-09,319.9,303.2254862480685,1715,stop,-28596.791084562523,-5.2124144269870225,2
BAJAJ-AUTO,2026-01-08,2026-01-12,9760.5,9403.10208080076,54,stop,-19299.487636758975,-3.6616763403436337,4
AUBANK,2025-10-28,2026-01-13,879.9,962.3143977396953,559,stop,46069.6483364897,9.36633682687753,77
EICHERMOT,2026-01-09,2026-01-14,7507.0,7266.614916663225,71,stop,-17067.34091691103,-3.2021457751002402,5
NMDC,2026-01-12,2026-01-19,79.35,78.99,6757,failed a technical gate (trend/near-high/RSI) -- not in the top 20 at all,-2432.5199999999963,-0.4536862003780673,7
MANAPPURAM,2026-01-13,2026-01-20,308.05,301.85,1739,failed a technical gate (trend/near-high/RSI) -- not in the top 20 at all,-10781.799999999981,-2.0126602824216855,7
BANKBARODA,2026-01-05,2026-01-21,297.25,289.7,1831,failed a technical gate (trend/near-high/RSI) -- not in the top 20 at all,-13824.050000000021,-2.5399495374264114,16
MCX,2026-01-19,2026-01-22,2429.0,2283.714148951454,225,stop,-32689.316485922893,-5.981303048519814,3
BANKBARODA,2026-01-22,2026-01-23,295.75,286.85,1837,failed a technical gate (trend/near-high/RSI) -- not in the top 20 at all,-16349.299999999957,-3.009298393913773,1
NATIONALUM,2025-10-13,2026-01-30,225.38,386.7146736057631,2136,stop,344610.86282191,71.58340296644027,109
HINDZINC,2026-01-09,2026-01-30,606.45,647.2246923040271,880,stop,35881.729227543845,6.7235043786012305,21
SBIN,2025-12-30,2026-02-01,973.45,1024.551936766317,548,stop,28003.861347941755,5.2495697535895,33
BANKINDIA,2026-01-14,2026-02-01,148.03,147.07184702545635,3671,stop,-3517.379569549744,-0.6472694552074887,18
INDIANB,2026-01-22,2026-02-01,878.05,827.5994995278347,618,stop,-31178.409291798114,-5.745743462464015,10
NATIONALUM,2026-01-30,2026-02-01,385.45,352.40908366071045,1428,stop,-47182.42853250546,-8.572036928081339,2
MCX,2026-01-30,2026-02-01,2528.0,2300.0,217,stop,-49476.0,-9.018987341772156,2
UNIONBANK,2026-01-20,2026-02-01,170.69,164.51,3157,failed a technical gate (trend/near-high/RSI) -- not in the top 20 at all,-19510.26000000002,-3.620598746265158,12
SHRIRAMFIN,2025-11-21,2026-02-02,823.3,951.4016966590506,611,stop,78270.13665867993,15.559540466300327,73
TECHM,2026-02-01,2026-02-04,1673.8,1600.3000691168083,312,stop,-22931.978435555782,-4.391201510526443,3
NATIONALUM,2026-02-02,2026-02-05,369.7,363.85,1410,failed a technical gate (trend/near-high/RSI) -- not in the top 20 at all,-8248.499999999953,-1.5823640789829452,3
HINDALCO,2026-02-04,2026-02-05,964.95,935.45,551,failed a technical gate (trend/near-high/RSI) -- not in the top 20 at all,-16254.5,-3.057153220374109,1
MCX,2026-02-03,2026-02-11,2434.1,2372.8,215,failed a technical gate (trend/near-high/RSI) -- not in the top 20 at all,-13179.499999999942,-2.5183846185448333,8
NMDC,2026-02-03,2026-02-13,79.24,79.43,6632,failed a technical gate (trend/near-high/RSI) -- not in the top 20 at all,1260.080000000079,0.23977788995457328,10
NATIONALUM,2026-02-11,2026-02-13,367.7,349.3,1465,failed a technical gate (trend/near-high/RSI) -- not in the top 20 at all,-26955.999999999967,-5.004079412564588,2
FEDERALBNK,2026-02-01,2026-02-19,285.1,288.3,1832,dropped out of top 20 rank (now #23 of 63),5862.39999999998,1.1224131883549537,18
SHRIRAMFIN,2026-02-13,2026-03-02,1065.8,1052.5,497,failed a technical gate (trend/near-high/RSI) -- not in the top 20 at all,-6610.099999999978,-1.2478889097391588,17
APLAPOLLO,2026-01-27,2026-03-04,2060.6,2131.603593202479,266,stop,18886.955791859385,3.445772745922504,36
BANKINDIA,2026-02-03,2026-03-04,153.01,157.94769555088027,3434,stop,16956.046521722874,3.2270410763219903,29
ASHOKLEY,2025-12-03,2026-03-04,162.71,200.46,3136,failed a technical gate (trend/near-high/RSI) -- not in the top 20 at all,118384.0,23.20078667568066,91
SBIN,2026-02-03,2026-03-05,1064.2,1155.7756478961394,493,stop,45146.7944127967,8.605116321757134,30
UNIONBANK,2026-02-05,2026-03-06,172.82,183.24,3046,failed a technical gate (trend/near-high/RSI) -- not in the top 20 at all,31739.320000000047,6.029394745978478,29
SBIN,2026-03-05,2026-03-06,1169.5,1143.0,457,failed a technical gate (trend/near-high/RSI) -- not in the top 20 at all,-12110.5,-2.26592560923472,1
INDIANB,2026-02-19,2026-03-09,908.0,891.708604135213,587,stop,-9563.049372629956,-1.7942065930382167,18
POLYCAB,2026-03-09,2026-03-10,8228.5,7775.5212084448485,64,stop,-28990.642659529694,-5.5049983782603285,1
BHARATFORG,2026-02-13,2026-03-12,1738.8,1758.347843916154,304,stop,5942.54455051084,1.1242146259577979,27
BEL,2026-03-10,2026-03-13,463.35,436.78391688757324,1137,stop,-30205.63649882925,-5.733480762366849,3
GVT&D,2026-03-06,2026-03-13,3869.0,3604.3,137,failed a technical gate (trend/near-high/RSI) -- not in the top 20 at all,-36263.89999999997,-6.8415611269061705,7
TORNTPHARM,2026-03-12,2026-03-16,4446.0,4255.187945144063,118,stop,-22515.822473000597,-4.291769115068311,4
NATIONALUM,2026-03-06,2026-03-16,396.15,372.25,1347,failed a technical gate (trend/near-high/RSI) -- not in the top 20 at all,-32193.29999999997,-6.033068282216325,10
CGPOWER,2026-03-13,2026-03-16,709.9,698.65,730,failed a technical gate (trend/near-high/RSI) -- not in the top 20 at all,-8212.5,-1.5847302436962973,3
MCX,2026-03-16,2026-03-20,2555.6,2414.5,200,failed a technical gate (trend/near-high/RSI) -- not in the top 20 at all,-28219.99999999998,-5.521208326811699,4
BSE,2026-03-16,2026-03-20,2862.6,2806.1,178,failed a technical gate (trend/near-high/RSI) -- not in the top 20 at all,-10057.0,-1.9737301753650516,4
TATAPOWER,2026-03-20,2026-03-23,402.4,379.2574957320353,1264,stop,-29252.125394707356,-5.751119350885858,3
ABB,2026-02-05,2026-03-23,5770.0,6041.5,91,failed a technical gate (trend/near-high/RSI) -- not in the top 20 at all,24706.5,4.705372616984405,46
SUNPHARMA,2026-03-20,2026-03-23,1777.1,1758.4,286,failed a technical gate (trend/near-high/RSI) -- not in the top 20 at all,-5348.199999999948,-1.052276180293732,3
COALINDIA,2026-03-13,2026-03-24,467.0,441.1510658203922,1110,stop,-28692.316939364653,-5.535103678716869,11
TATAPOWER,2026-03-23,2026-03-24,386.95,384.75,1293,failed a technical gate (trend/near-high/RSI) -- not in the top 20 at all,-2844.5999999999854,-0.568548908127664,1
ABB,2026-03-24,2026-03-27,6162.0,6105.0,81,failed a technical gate (trend/near-high/RSI) -- not in the top 20 at all,-4617.0,-0.9250243427458615,3
TATAPOWER,2026-03-25,2026-03-27,390.7,385.7,1287,failed a technical gate (trend/near-high/RSI) -- not in the top 20 at all,-6435.0,-1.2797542871768597,2
SUNPHARMA,2026-03-27,2026-03-30,1793.6,1757.2,279,failed a technical gate (trend/near-high/RSI) -- not in the top 20 at all,-10155.599999999962,-2.029438001784112,3
LUPIN,2026-03-23,2026-04-01,2296.7,2274.9,217,failed a technical gate (trend/near-high/RSI) -- not in the top 20 at all,-4730.59999999994,-0.9491879653415691,9
GVT&D,2026-04-01,2026-04-07,3798.7,3673.2,132,failed a technical gate (trend/near-high/RSI) -- not in the top 20 at all,-16566.0,-3.303761813251904,6
ONGC,2026-03-27,2026-04-09,281.95,288.6,1779,dropped out of top 20 rank (now #23 of 42),11830.35000000006,2.358574215286402,13
AUROPHARMA,2026-03-23,2026-04-15,1278.7,1373.9,391,dropped out of top 20 rank (now #21 of 65),37223.20000000002,7.445061390474694,23
NATIONALUM,2026-04-01,2026-04-30,399.45,399.79447966096217,1258,stop,433.35541349042114,0.0862384931686444,29
NMDC,2026-04-07,2026-05-11,81.74,86.79,6164,failed a technical gate (trend/near-high/RSI) -- not in the top 20 at all,31128.20000000007,6.178125764619535,34
GVT&D,2026-04-15,2026-05-12,4134.5,4233.513680237785,125,stop,12376.710029723086,2.3948163076015216,27
PNBHOUSING,2026-04-30,2026-05-29,1045.65,1030.5,515,failed a technical gate (trend/near-high/RSI) -- not in the top 20 at all,-7802.250000000047,-1.4488595610385957,29
BSE,2026-04-09,2026-06-01,3257.4,4047.402659762728,156,stop,123240.41492298555,24.252552949061457,53
GVT&D,2026-05-29,2026-06-01,5148.6,4714.764971927228,107,stop,-46420.34800378668,-8.426271764611204,3
BSE,2026-06-01,2026-06-02,4066.6,3931.9,133,failed a technical gate (trend/near-high/RSI) -- not in the top 20 at all,-17915.099999999977,-3.312349382776758,1
BHEL,2026-05-12,2026-06-04,391.75,389.2,1359,failed a technical gate (trend/near-high/RSI) -- not in the top 20 at all,-3465.4500000000153,-0.6509253350351019,23
NMDC,2026-06-02,2026-06-08,95.31,89.31408644924116,5693,stop,-34134.735844470095,-6.290959553833641,6
ADANIPOWER,2026-03-16,2026-06-08,154.06,225.85,3323,failed a technical gate (trend/near-high/RSI) -- not in the top 20 at all,238558.16999999998,46.59872776840193,84
NAM-INDIA,2026-05-11,2026-06-08,1065.6,1055.2,509,failed a technical gate (trend/near-high/RSI) -- not in the top 20 at all,-5293.59999999993,-0.9759759759759623,28
GVT&D,2026-06-04,2026-06-08,5086.5,4744.0,105,failed a technical gate (trend/near-high/RSI) -- not in the top 20 at all,-35962.5,-6.733510272289389,4
OFSS,2026-06-01,2026-06-09,10191.0,9516.541538369562,53,stop,-35746.298466413224,-6.6181774274402745,8
GVT&D,2026-06-09,2026-06-11,4931.0,4735.0,106,failed a technical gate (trend/near-high/RSI) -- not in the top 20 at all,-20776.0,-3.974852970999798,2
ZYDUSLIFE,2026-06-08,2026-06-17,1087.6,1061.4,482,failed a technical gate (trend/near-high/RSI) -- not in the top 20 at all,-12628.399999999912,-2.4089738874586097,9
CGPOWER,2026-06-11,2026-06-24,901.35,919.45,576,failed a technical gate (trend/near-high/RSI) -- not in the top 20 at all,10425.600000000013,2.0080989626671153,13
GVT&D,2026-06-17,2026-06-29,5152.5,4826.673115213523,101,stop,-32908.51536343422,-6.323665886200436,12
ADANIGREEN,2026-06-08,2026-06-30,1490.5,1492.2,351,dropped out of top 20 rank (now #22 of 66),596.700000000016,0.11405568601141614,22
CGPOWER,2026-06-29,2026-07-03,956.25,902.6758024133505,545,stop,-29197.937684723955,-5.6025304665777265,4
SUZLON,2026-06-30,2026-07-03,58.9,56.87,8880,failed a technical gate (trend/near-high/RSI) -- not in the top 20 at all,-18026.40000000001,-3.446519524617997,3
BEL,2026-07-06,2026-07-07,425.55,419.15,1232,closed below 200 EMA,-7884.800000000042,-1.503936082716495,1
ABCAPITAL,2026-07-06,2026-07-08,409.75,388.21191640387815,1280,stop,-27568.74700303597,-5.256396240664274,2
MOTILALOFS,2026-07-06,2026-07-08,953.0,909.6,550,failed a technical gate (trend/near-high/RSI) -- not in the top 20 at all,-23869.99999999999,-4.55403987408185,2
ADANIENT,2026-06-08,2026-07-09,2970.0,3083.6,176,dropped out of top 20 rank (now #26 of 51),19993.599999999984,3.82491582491582,31
NAM-INDIA,2026-06-24,2026-07-16,1157.4,1151.5,453,failed a technical gate (trend/near-high/RSI) -- not in the top 20 at all,-2672.700000000041,-0.5097632624848858,22
LTF,2026-07-03,2026-07-17,327.0,308.4489612739548,1605,stop,-29774.417155302534,-5.673100527842568,14
OFSS,2026-07-03,2026-07-22,11248.0,10851.0,46,failed a technical gate (trend/near-high/RSI) -- not in the top 20 at all,-18262.0,-3.5295163584637246,19
LICI,2026-07-06,2026-07-22,429.1,423.3,1222,failed a technical gate (trend/near-high/RSI) -- not in the top 20 at all,-7087.600000000014,-1.3516662782568245,16
BHEL,2026-07-16,2026-07-24,435.4,403.83182944334754,1182,stop,-37313.57759796317,-7.250383683199912,8
BAJFINANCE,2026-07-22,2026-07-24,1060.3,1013.3319222188384,478,stop,-22450.741179395238,-4.429697046228576,2
PHOENIXLTD,2026-07-17,2026-07-24,2075.8,2010.7,246,failed a technical gate (trend/near-high/RSI) -- not in the top 20 at all,-16014.600000000033,-3.136140283264288,7
BHEL,2026-07-24,2026-07-28,417.3,405.75,1203,failed a technical gate (trend/near-high/RSI) -- not in the top 20 at all,-13894.650000000014,-2.7677929547088476,4
TORNTPHARM,2026-07-22,2026-07-29,5033.4,4878.5,100,failed a technical gate (trend/near-high/RSI) -- not in the top 20 at all,-15489.999999999964,-3.077442682878362,7
GODREJPROP,2026-07-31,2026-08-04,2105.7,2033.6,244,failed a technical gate (trend/near-high/RSI) -- not in the top 20 at all,-17592.39999999998,-3.4240395118013023,4
TORNTPHARM,2026-07-31,2026-08-05,5122.8,5000.0,100,dropped out of top 20 rank (now #22 of 73),-12280.000000000018,-2.3971265714062606,5
LODHA,2026-07-28,2026-08-07,1301.4,1205.2705728022672,392,stop,-37682.735461511285,-7.386616505127774,10
BAJFINANCE,2026-07-31,2026-08-07,1141.2,1081.270698804315,451,stop,-27028.114839253914,-5.251428425839899,7
OFSS,2026-08-05,2026-08-13,11759.0,11420.0,43,failed a technical gate (trend/near-high/RSI) -- not in the top 20 at all,-14577.0,-2.882898205629736,8
BAJAJ-AUTO,2026-07-31,2026-08-19,11520.5,11645.0,44,dropped out of top 20 rank (now #22 of 56),5478.0,1.0806822620545997,19
LODHA,2026-08-07,2026-08-21,1218.7,1242.0,419,dropped out of top 20 rank (now #21 of 60),9762.69999999998,1.91187330762288,14
