symbol,entry_date,exit_date,entry_price,exit_price,qty,reason,pnl,ret_pct,holding_days
OBEROIRLTY,2021-01-04,2021-01-15,590.1,559.6,169,failed a technical gate (trend/near-high/RSI) -- not in the top 20 at all,-5154.5,-5.168615488900185,11
GODREJPROP,2021-01-07,2021-01-15,1452.8,1382.3,70,failed a technical gate (trend/near-high/RSI) -- not in the top 20 at all,-4935.0,-4.852698237885466,8
NMDC,2021-01-05,2021-01-18,14.5,13.90703421142534,6905,stop,-4094.4287701080225,-4.089419231549374,13
TATASTEEL,2021-01-04,2021-01-18,64.2,61.61,1557,failed a technical gate (trend/near-high/RSI) -- not in the top 20 at all,-4032.630000000005,-4.034267912772593,14
DIXON,2021-01-04,2021-01-22,2754.6,2765.3903905608463,36,stop,388.45406019047005,0.3917225935107238,18
VEDL,2021-01-15,2021-01-22,74.2,69.3,1391,failed a technical gate (trend/near-high/RSI) -- not in the top 20 at all,-6815.900000000008,-6.60377358490567,7
RVNL,2021-01-15,2021-01-22,31.55,28.95,3271,failed a technical gate (trend/near-high/RSI) -- not in the top 20 at all,-8504.600000000004,-8.240887480190173,7
KPITTECH,2021-01-04,2021-01-25,145.45,129.1335667925739,687,stop,-11209.389613501722,-11.217898389430104,21
PERSISTENT,2021-01-18,2021-01-25,796.2,769.5,127,failed a technical gate (trend/near-high/RSI) -- not in the top 20 at all,-3390.900000000006,-3.3534287867370116,7
DLF,2021-01-18,2021-01-27,277.15,258.75,366,failed a technical gate (trend/near-high/RSI) -- not in the top 20 at all,-6734.399999999991,-6.63900414937758,9
MPHASIS,2021-01-25,2021-01-27,1466.7,1461.6,67,failed a technical gate (trend/near-high/RSI) -- not in the top 20 at all,-341.70000000000914,-0.3477193700143322,2
KPITTECH,2021-01-25,2021-01-28,133.65,132.95,739,failed a technical gate (trend/near-high/RSI) -- not in the top 20 at all,-517.3000000000126,-0.5237560793116436,3
APLAPOLLO,2021-01-04,2021-01-29,445.5,453.3,224,failed a technical gate (trend/near-high/RSI) -- not in the top 20 at all,1747.2000000000025,1.7508417508417473,25
ADANIENT,2021-01-04,2021-01-29,479.4,491.2,208,failed a technical gate (trend/near-high/RSI) -- not in the top 20 at all,2454.4000000000024,2.461410095953287,25
ASHOKLEY,2021-01-25,2021-01-29,56.2,52.9,1757,failed a technical gate (trend/near-high/RSI) -- not in the top 20 at all,-5798.100000000008,-5.87188612099645,4
WIPRO,2021-01-25,2021-01-29,208.95,199.75,472,failed a technical gate (trend/near-high/RSI) -- not in the top 20 at all,-4342.399999999994,-4.402967217037568,4
IDFCFIRSTB,2021-01-22,2021-02-01,49.5,44.40836761775664,2024,stop,-10305.463941660562,-10.286126024734067,10
CROMPTON,2021-01-28,2021-02-01,424.8,416.45,230,dropped out of top 20 rank (now #33 of 44),-1920.5000000000052,-1.9656308851224158,4
RVNL,2021-01-29,2021-02-02,31.3,29.65,3106,failed a technical gate (trend/near-high/RSI) -- not in the top 20 at all,-5124.900000000007,-5.271565495207675,4
ASHOKLEY,2021-02-03,2021-02-12,64.75,61.65,1583,dropped out of top 20 rank (now #21 of 99),-4907.300000000002,-4.787644787644785,9
VOLTAS,2021-02-12,2021-02-16,1079.2,1037.65,101,dropped out of top 20 rank (now #23 of 94),-4196.549999999996,-3.8500741289844265,4
SHRIRAMFIN,2021-02-01,2021-02-18,266.4,287.75,370,dropped out of top 20 rank (now #23 of 99),7899.500000000008,8.01426426426428,17
HAVELLS,2021-02-17,2021-02-19,1194.5,1139.0,93,dropped out of top 20 rank (now #24 of 82),-5161.5,-4.646295521138555,2
TATAELXSI,2021-01-04,2021-02-22,1881.1,2666.8,53,failed a technical gate (trend/near-high/RSI) -- not in the top 20 at all,41642.10000000001,41.76811440114827,49
TMPV,2021-01-27,2021-02-22,184.15,209.65,539,failed a technical gate (trend/near-high/RSI) -- not in the top 20 at all,13744.5,13.847407005158828,26
DLF,2021-02-02,2021-02-22,294.5,294.1,343,failed a technical gate (trend/near-high/RSI) -- not in the top 20 at all,-137.1999999999922,-0.13582342954159277,20
UNOMINDA,2021-01-28,2021-02-23,236.55,271.7,414,dropped out of top 20 rank (now #21 of 78),14552.099999999991,14.859437751004002,26
SBIN,2021-02-22,2021-03-05,389.5,383.65,276,failed a technical gate (trend/near-high/RSI) -- not in the top 20 at all,-1614.6000000000063,-1.5019255455712477,11
DIXON,2021-02-03,2021-03-08,3175.85,3801.2,32,dropped out of top 20 rank (now #22 of 88),20011.199999999997,19.690791441661283,33
MAHABANK,2021-02-22,2021-03-16,21.75,21.061171981031173,4959,stop,-3415.898146066415,-3.167025374569321,22
IDFCFIRSTB,2021-02-01,2021-03-17,46.6,60.9,2120,failed a technical gate (trend/near-high/RSI) -- not in the top 20 at all,30315.999999999993,30.686695278969943,44
ADANIPORTS,2021-02-22,2021-03-17,673.8,688.25,160,failed a technical gate (trend/near-high/RSI) -- not in the top 20 at all,2312.0000000000073,2.144553279905015,23
PGEL,2021-01-29,2021-03-18,17.35,40.75,5604,stop,131133.6,134.87031700288182,48
NBCC,2021-03-08,2021-03-18,34.03,30.19741857988829,3582,stop,-13728.306646840152,-11.262360917166358,10
ASTRAL,2021-03-17,2021-03-18,1388.15,1288.8786177392099,85,stop,-8438.06749216717,-7.151344037805007,1
ABCAPITAL,2021-03-05,2021-03-19,124.35,120.8,957,failed a technical gate (trend/near-high/RSI) -- not in the top 20 at all,-3397.349999999997,-2.8548451950140663,14
PGEL,2021-03-18,2021-03-19,40.75,38.7,2880,failed a technical gate (trend/near-high/RSI) -- not in the top 20 at all,-5903.999999999992,-5.03067484662576,1
DIXON,2021-03-19,2021-03-23,4267.25,3883.765813958087,27,stop,-10354.073023131647,-8.986681962432785,4
HINDALCO,2021-03-17,2021-03-24,326.4,317.75,364,failed a technical gate (trend/near-high/RSI) -- not in the top 20 at all,-3148.5999999999917,-2.6501225490195957,7
PGEL,2021-03-23,2021-03-24,40.8,38.75,2942,failed a technical gate (trend/near-high/RSI) -- not in the top 20 at all,-6031.099999999991,-5.024509803921562,1
AUBANK,2021-03-22,2021-03-25,611.45,575.25,193,failed a technical gate (trend/near-high/RSI) -- not in the top 20 at all,-6986.600000000009,-5.920353258647482,3
ADANIPOWER,2021-03-26,2021-03-31,18.85,17.0,6236,failed a technical gate (trend/near-high/RSI) -- not in the top 20 at all,-11536.60000000001,-9.814323607427067,5
APLAPOLLO,2021-03-19,2021-04-05,627.3,617.75,186,failed a technical gate (trend/near-high/RSI) -- not in the top 20 at all,-1776.2999999999915,-1.522397576916934,17
VEDL,2021-02-23,2021-04-12,90.1,95.66412762657708,1203,stop,6693.645534772239,6.1755023602409365,48
ADANIENSOL,2021-02-24,2021-04-12,743.75,939.3695646157512,150,stop,29342.93469236268,26.301790200437125,47
ADANIENT,2021-03-16,2021-04-12,870.4,1029.546745958861,140,stop,22280.54443424055,18.28432283534709,27
IEX,2021-02-18,2021-04-12,99.3,112.6,1119,failed a technical gate (trend/near-high/RSI) -- not in the top 20 at all,14882.699999999997,13.393756294058413,53
CGPOWER,2021-03-25,2021-04-15,67.1,68.16624295810401,1718,stop,1831.8054020226941,1.5890357050730497,21
ADANIPOWER,2021-04-05,2021-04-19,18.75,17.5,6599,failed a technical gate (trend/near-high/RSI) -- not in the top 20 at all,-8248.75,-6.666666666666665,14
JSWSTEEL,2021-03-22,2021-05-14,445.3,679.5473609180804,265,stop,62075.550643291295,52.60439275052331,53
JINDALSTEL,2021-04-12,2021-05-14,389.0,431.9144246745226,317,stop,13603.872621823662,11.031985777512233,32
SAIL,2021-04-12,2021-05-14,84.7,124.89891524802613,1459,stop,58650.217346870115,47.46034858090451,32
HINDALCO,2021-04-15,2021-05-14,353.55,374.0346290232858,356,stop,7292.527932289737,5.793983601551633,29
SAIL,2021-05-14,2021-05-20,127.15,121.45,1132,failed a technical gate (trend/near-high/RSI) -- not in the top 20 at all,-6452.400000000003,-4.482894219425882,6
TATASTEEL,2021-03-31,2021-05-24,75.83,103.22740288094701,1563,stop,42822.14070292018,36.13003149274299,54
JSWSTEEL,2021-05-14,2021-05-24,707.1,681.45,203,failed a technical gate (trend/near-high/RSI) -- not in the top 20 at all,-5206.949999999995,-3.6274925753075893,10
TATASTEEL,2021-05-24,2021-05-26,103.19,102.22,1461,failed a technical gate (trend/near-high/RSI) -- not in the top 20 at all,-1417.1699999999983,-0.9400135672061216,2
VEDL,2021-05-14,2021-05-27,120.9,118.65,1191,failed a technical gate (trend/near-high/RSI) -- not in the top 20 at all,-2679.75,-1.8610421836228297,13
NMDC,2021-05-20,2021-06-08,21.65,21.6,6870,failed a technical gate (trend/near-high/RSI) -- not in the top 20 at all,-343.49999999998045,-0.2309468822170757,19
NATIONALUM,2021-05-14,2021-06-09,69.86,68.98,2061,failed a technical gate (trend/near-high/RSI) -- not in the top 20 at all,-1813.6799999999907,-1.2596621815058606,26
JSWSTEEL,2021-06-08,2021-06-09,707.5,697.85,226,failed a technical gate (trend/near-high/RSI) -- not in the top 20 at all,-2180.899999999995,-1.3639575971731377,1
ADANIENT,2021-04-12,2021-06-14,1041.6,1397.5,118,stop,41996.20000000001,34.168586789554546,63
BHEL,2021-05-26,2021-06-14,72.5,66.77889559704344,2029,stop,-11608.120833598852,-7.891178486836625,19
ADANIENSOL,2021-04-19,2021-06-15,1012.6,1446.4,124,failed a technical gate (trend/near-high/RSI) -- not in the top 20 at all,53791.20000000001,42.84021331226546,57
ADANIENT,2021-06-14,2021-06-16,1455.6,1404.1,107,failed a technical gate (trend/near-high/RSI) -- not in the top 20 at all,-5510.5,-3.5380599065677365,2
TATASTEEL,2021-06-15,2021-06-17,111.26,103.90716173259997,1407,stop,-10345.443442231845,-6.60869878428908,2
SAIL,2021-06-14,2021-06-18,137.3,125.29058682534118,1143,stop,-13726.759258635044,-8.7468413508076,4
TATAELXSI,2021-06-09,2021-06-18,3709.5,3639.95,42,failed a technical gate (trend/near-high/RSI) -- not in the top 20 at all,-2921.1000000000076,-1.874915756840545,9
BSE,2021-06-09,2021-06-24,101.5,98.0,1563,failed a technical gate (trend/near-high/RSI) -- not in the top 20 at all,-5470.5,-3.4482758620689613,15
SUZLON,2021-06-22,2021-06-25,7.55,6.55,20484,stop,-20484.0,-13.245033112582782,3
ADANIENT,2021-06-21,2021-07-01,1493.0,1444.8,103,failed a technical gate (trend/near-high/RSI) -- not in the top 20 at all,-4964.600000000005,-3.2283991962491654,10
APLAPOLLO,2021-06-16,2021-07-09,743.9,771.85,209,failed a technical gate (trend/near-high/RSI) -- not in the top 20 at all,5841.550000000009,3.7572254335260125,23
KPITTECH,2021-03-25,2021-07-13,170.5,246.95,676,failed a technical gate (trend/near-high/RSI) -- not in the top 20 at all,51680.19999999999,44.838709677419345,110
SUZLON,2021-07-01,2021-07-14,7.7,7.244112793237431,21112,stop,-9624.690709171366,-5.920613074838565,13
LAURUSLABS,2021-06-24,2021-07-22,625.8,653.6,244,failed a technical gate (trend/near-high/RSI) -- not in the top 20 at all,6783.200000000017,4.442313838286993,28
TATAELXSI,2021-06-25,2021-07-27,3768.65,4175.75,40,failed a technical gate (trend/near-high/RSI) -- not in the top 20 at all,16283.999999999996,10.802276677324762,32
MOTILALOFS,2021-07-22,2021-07-30,269.95,241.82358423492022,623,stop,-17522.7570216447,-10.41912049086119,8
COFORGE,2021-05-27,2021-08-04,699.0,940.0373492923135,213,stop,51340.95539926277,34.483168711346714,69
NATIONALUM,2021-07-09,2021-08-09,83.57,83.17420124376115,1922,stop,-760.7252094910634,-0.4736134453019569,31
BSE,2021-07-27,2021-08-10,138.0,126.5,1285,failed a technical gate (trend/near-high/RSI) -- not in the top 20 at all,-14777.5,-8.333333333333337,14
APLAPOLLO,2021-08-04,2021-08-10,862.85,838.65,206,failed a technical gate (trend/near-high/RSI) -- not in the top 20 at all,-4985.20000000001,-2.804658978965058,6
PRESTIGE,2021-08-04,2021-08-11,368.2,339.84086198105996,484,stop,-13725.822801166974,-7.702101580374809,7
VEDL,2021-08-11,2021-08-17,146.05,135.30272194518668,1176,stop,-12638.798992460483,-7.358629274093353,6
TATASTEEL,2021-07-14,2021-08-20,118.1,131.36693810821885,1372,stop,18202.239084476267,11.2336478477721,37
INOXWIND,2021-08-10,2021-08-20,31.54,29.28,5502,failed a technical gate (trend/near-high/RSI) -- not in the top 20 at all,-12434.51999999999,-7.165504121750155,10
JSWENERGY,2021-04-13,2021-08-23,96.55,225.1,1302,failed a technical gate (trend/near-high/RSI) -- not in the top 20 at all,167372.1,133.14344899016052,132
KPITTECH,2021-08-10,2021-08-24,303.2,308.8275440615503,572,stop,3218.9552032067936,1.8560501522263628,14
KPITTECH,2021-08-24,2021-09-16,315.1,325.2,544,failed a technical gate (trend/near-high/RSI) -- not in the top 20 at all,5494.399999999981,3.205331640748965,23
OFSS,2021-07-13,2021-09-20,3551.5,4196.5,44,failed a technical gate (trend/near-high/RSI) -- not in the top 20 at all,28380.0,18.161340278755446,69
ADANIENSOL,2021-09-20,2021-09-21,1729.35,1642.9,108,failed a technical gate (trend/near-high/RSI) -- not in the top 20 at all,-9336.59999999998,-4.998988059097343,1
APOLLOHOSP,2021-08-20,2021-09-24,4746.5,4731.8,36,failed a technical gate (trend/near-high/RSI) -- not in the top 20 at all,-529.1999999999935,-0.3097018855999112,35
HAL,2021-09-21,2021-09-24,679.6,670.7,277,failed a technical gate (trend/near-high/RSI) -- not in the top 20 at all,-2465.299999999994,-1.3095938787522021,3
WIPRO,2021-08-24,2021-09-27,302.85,312.55,566,failed a technical gate (trend/near-high/RSI) -- not in the top 20 at all,5490.199999999993,3.2029057289086893,34
COFORGE,2021-08-17,2021-09-28,974.0,1035.6279281148863,184,stop,11339.538773139087,6.327302681199831,42
PERSISTENT,2021-05-24,2021-09-28,1214.6,1755.7,124,failed a technical gate (trend/near-high/RSI) -- not in the top 20 at all,67096.40000000002,44.54964597398321,127
MPHASIS,2021-06-17,2021-10-01,1894.9,2836.9,81,failed a technical gate (trend/near-high/RSI) -- not in the top 20 at all,76302.0,49.71238587788274,106
KPITTECH,2021-09-28,2021-10-06,341.1,335.8,547,failed a technical gate (trend/near-high/RSI) -- not in the top 20 at all,-2899.1000000000063,-1.5537965406039356,8
PRESTIGE,2021-09-24,2021-10-14,459.1,453.55,419,failed a technical gate (trend/near-high/RSI) -- not in the top 20 at all,-2325.450000000005,-1.2088869527336121,20
SRF,2021-08-23,2021-10-18,1794.2,2333.3,96,dropped out of top 20 rank (now #25 of 95),51753.60000000001,30.0468175231301,56
OBEROIRLTY,2021-09-24,2021-10-20,932.0,882.2,206,failed a technical gate (trend/near-high/RSI) -- not in the top 20 at all,-10258.79999999999,-5.343347639484975,26
TATAELXSI,2021-08-20,2021-10-21,4732.6,5911.1,36,failed a technical gate (trend/near-high/RSI) -- not in the top 20 at all,42426.0,24.901745340827453,62
DLF,2021-09-27,2021-10-21,420.0,407.1,454,failed a technical gate (trend/near-high/RSI) -- not in the top 20 at all,-5856.599999999989,-3.0714285714285694,24
PERSISTENT,2021-10-14,2021-10-22,2106.0,1956.456284821386,94,stop,-14057.109226789726,-7.10084117657237,8
MPHASIS,2021-10-20,2021-10-22,3260.8,2958.505721536964,58,stop,-17533.068150856107,-9.270555644720202,2
GMRAIRPORT,2021-10-18,2021-10-25,43.0,38.94022691829002,4586,stop,-18618.119352721955,-9.441332748162734,7
INDUSTOWER,2021-10-01,2021-10-25,304.15,278.1,619,failed a technical gate (trend/near-high/RSI) -- not in the top 20 at all,-16124.949999999972,-8.56485286865032,24
JSWENERGY,2021-09-16,2021-10-27,311.35,366.55,603,failed a technical gate (trend/near-high/RSI) -- not in the top 20 at all,33285.59999999999,17.72924361650874,41
INDHOTEL,2021-09-28,2021-10-28,181.65,191.77994989474877,1027,stop,10403.458541906979,5.576630825625517,30
GODREJPROP,2021-10-06,2021-10-28,2287.05,2270.45,81,failed a technical gate (trend/near-high/RSI) -- not in the top 20 at all,-1344.6000000000295,-0.7258258455215438,22
GMRAIRPORT,2021-10-25,2021-10-28,40.8,39.75,4453,failed a technical gate (trend/near-high/RSI) -- not in the top 20 at all,-4675.649999999987,-2.5735294117646967,3
OBEROIRLTY,2021-10-25,2021-10-28,908.0,891.75,200,failed a technical gate (trend/near-high/RSI) -- not in the top 20 at all,-3250.0,-1.7896475770925124,3
INDIANB,2021-10-22,2021-10-29,174.25,158.92069017164957,1054,stop,-16157.092559081355,-8.797308366341717,7
LTM,2021-10-29,2021-11-09,6682.3,6839.65,26,dropped out of top 20 rank (now #21 of 68),4091.099999999986,2.35472816245903,11
INDIANB,2021-10-29,2021-11-12,164.3,161.3,1068,failed a technical gate (trend/near-high/RSI) -- not in the top 20 at all,-3204.0,-1.8259281801582428,14
GMRAIRPORT,2021-11-01,2021-11-15,42.25,40.5,4192,failed a technical gate (trend/near-high/RSI) -- not in the top 20 at all,-7336.0,-4.142011834319526,14
BANKBARODA,2021-10-26,2021-11-16,86.45,83.5,2125,failed a technical gate (trend/near-high/RSI) -- not in the top 20 at all,-6268.750000000006,-3.4123770965876266,21
PRESTIGE,2021-11-09,2021-11-17,514.85,468.4813071685027,357,stop,-16553.623340844537,-9.006252856462527,8
ADANIENSOL,2021-10-25,2021-11-17,1869.9,1857.5,97,dropped out of top 20 rank (now #25 of 65),-1202.8000000000088,-0.6631370661532743,23
OBEROIRLTY,2021-11-01,2021-11-18,964.45,921.5,183,failed a technical gate (trend/near-high/RSI) -- not in the top 20 at all,-7859.850000000009,-4.453315361086629,17
TATAELXSI,2021-11-12,2021-11-22,6552.75,6130.137057669176,27,stop,-11410.549442932246,-6.449398227169112,10
INDIGO,2021-11-16,2021-11-22,2364.4,2192.483314270936,75,stop,-12893.751429679822,-7.271049134201668,6
TMPV,2021-10-21,2021-11-22,349.75,334.7,532,failed a technical gate (trend/near-high/RSI) -- not in the top 20 at all,-8006.600000000006,-4.303073624017162,32
PGEL,2021-10-29,2021-11-22,50.1,49.4,3505,failed a technical gate (trend/near-high/RSI) -- not in the top 20 at all,-2453.50000000001,-1.397205588822359,24
INDHOTEL,2021-11-15,2021-11-22,216.25,201.95,828,failed a technical gate (trend/near-high/RSI) -- not in the top 20 at all,-11840.400000000009,-6.612716763005788,7
PHOENIXLTD,2021-11-17,2021-11-22,542.3,503.0,328,failed a technical gate (trend/near-high/RSI) -- not in the top 20 at all,-12890.399999999985,-7.246911303706427,5
PERSISTENT,2021-10-27,2021-11-25,2019.0,2032.15,91,failed a technical gate (trend/near-high/RSI) -- not in the top 20 at all,1196.6500000000083,0.6513125309559165,29
BLUESTARCO,2021-11-23,2021-11-25,514.0,492.7,330,failed a technical gate (trend/near-high/RSI) -- not in the top 20 at all,-7029.000000000004,-4.143968871595338,2
INDHOTEL,2021-11-24,2021-11-25,206.15,205.55,826,failed a technical gate (trend/near-high/RSI) -- not in the top 20 at all,-495.5999999999953,-0.2910502061605591,1
IEX,2021-11-17,2021-11-26,272.2,250.95,653,failed a technical gate (trend/near-high/RSI) -- not in the top 20 at all,-13876.25,-7.806759735488611,9
PHOENIXLTD,2021-11-24,2021-11-26,517.7,484.2,329,closed below 200 EMA,-11021.500000000018,-6.4709291095229045,2
KEI,2021-11-23,2021-11-29,1053.2,1000.35,161,failed a technical gate (trend/near-high/RSI) -- not in the top 20 at all,-8508.850000000004,-5.018040258260537,6
PGEL,2021-11-24,2021-11-29,52.3,52.35,3259,failed a technical gate (trend/near-high/RSI) -- not in the top 20 at all,162.9500000000139,0.09560229445506607,5
ADANIGREEN,2021-11-25,2021-11-30,1405.05,1302.7252601426108,122,stop,-12483.618262601483,-7.282640465278045,5
BHARTIARTL,2021-11-29,2021-11-30,739.35,728.25,222,failed a technical gate (trend/near-high/RSI) -- not in the top 20 at all,-2464.2000000000053,-1.5013187259078964,1
ADANIENSOL,2021-11-29,2021-11-30,1894.2,1799.5,86,failed a technical gate (trend/near-high/RSI) -- not in the top 20 at all,-8144.200000000004,-4.999472072642808,1
VEDL,2021-11-26,2021-12-03,160.25,152.25,1049,dropped out of top 20 rank (now #27 of 30),-8392.0,-4.99219968798752,7
TORNTPHARM,2021-11-30,2021-12-06,1521.0,1468.45,108,closed below 200 EMA,-5675.399999999995,-3.454963839579217,6
APOLLOHOSP,2021-11-29,2021-12-07,5727.5,5244.679570314816,28,stop,-13518.972031185142,-8.429863460238906,8
KEI,2021-12-01,2021-12-13,1134.5,1088.7,146,failed a technical gate (trend/near-high/RSI) -- not in the top 20 at all,-6686.799999999994,-4.037020713970907,12
BAJAJHLDNG,2021-11-29,2021-12-14,4940.35,5487.9,33,dropped out of top 20 rank (now #21 of 50),18069.149999999976,11.083222848583585,15
INOXWIND,2021-12-06,2021-12-15,34.01,31.59,4938,failed a technical gate (trend/near-high/RSI) -- not in the top 20 at all,-11949.95999999999,-7.1155542487503665,9
PRESTIGE,2021-12-13,2021-12-15,460.6,450.1,375,failed a technical gate (trend/near-high/RSI) -- not in the top 20 at all,-3937.5,-2.2796352583586588,2
PHOENIXLTD,2021-12-15,2021-12-16,513.9,506.3,338,failed a technical gate (trend/near-high/RSI) -- not in the top 20 at all,-2568.7999999999884,-1.4788869429850138,1
INDHOTEL,2021-12-15,2021-12-16,199.75,195.05,869,failed a technical gate (trend/near-high/RSI) -- not in the top 20 at all,-4084.29999999999,-2.35294117647058,1
BSE,2021-11-30,2021-12-17,173.5,216.244085734321,950,stop,40606.88144760495,24.636360653787314,17
GMRAIRPORT,2021-12-07,2021-12-17,42.85,41.45,3937,failed a technical gate (trend/near-high/RSI) -- not in the top 20 at all,-5511.799999999995,-3.267211201866971,10
DLF,2021-12-16,2021-12-17,405.15,390.2,424,closed below 200 EMA,-6338.799999999996,-3.689991361224232,1
KPITTECH,2021-11-22,2021-12-20,431.1,456.75,389,failed a technical gate (trend/near-high/RSI) -- not in the top 20 at all,9977.849999999991,5.949895615866385,28
TECHM,2021-12-14,2021-12-20,1545.5,1502.8,114,failed a technical gate (trend/near-high/RSI) -- not in the top 20 at all,-4867.800000000005,-2.76285991588483,6
KEI,2021-12-16,2021-12-20,1119.3,1064.95,153,failed a technical gate (trend/near-high/RSI) -- not in the top 20 at all,-8315.549999999987,-4.855713392298755,4
BSE,2021-12-17,2021-12-20,217.5,212.5,773,failed a technical gate (trend/near-high/RSI) -- not in the top 20 at all,-3865.0,-2.298850574712641,3
POWERGRID,2021-11-29,2021-12-22,146.65,147.6,1119,failed a technical gate (trend/near-high/RSI) -- not in the top 20 at all,1063.0499999999872,0.647800886464367,23
APLAPOLLO,2021-12-21,2021-12-27,1054.85,991.2,156,dropped out of top 20 rank (now #23 of 32),-9929.39999999998,-6.034033274873196,6
ADANIGREEN,2021-12-22,2021-12-27,1403.1,1375.5,118,failed a technical gate (trend/near-high/RSI) -- not in the top 20 at all,-3256.7999999999893,-1.9670729099850237,5
SUZLON,2021-12-27,2022-01-06,7.8,8.65,21992,stop,18693.20000000001,10.897435897435903,10
PERSISTENT,2021-12-03,2022-01-06,2168.1,2267.1,78,failed a technical gate (trend/near-high/RSI) -- not in the top 20 at all,7722.0,4.566210045662111,34
INFY,2021-12-20,2022-01-06,1760.8,1779.3,93,failed a technical gate (trend/near-high/RSI) -- not in the top 20 at all,1720.5,1.0506587914584253,17
TECHM,2021-12-22,2022-01-06,1561.9,1592.8,106,failed a technical gate (trend/near-high/RSI) -- not in the top 20 at all,3275.3999999999855,1.9783596901209899,15
PRESTIGE,2021-12-27,2022-01-06,477.55,463.95,359,failed a technical gate (trend/near-high/RSI) -- not in the top 20 at all,-4882.400000000008,-2.8478693330541316,10
COFORGE,2022-01-06,2022-01-10,1186.0,1113.2097131269074,148,stop,-10772.962457217698,-6.137460950513707,4
LTM,2021-12-22,2022-01-10,7126.0,7103.55,23,failed a technical gate (trend/near-high/RSI) -- not in the top 20 at all,-516.3499999999958,-0.3150435026662901,19
GMRAIRPORT,2022-01-06,2022-01-11,48.3,43.75,3636,stop,-16543.79999999999,-9.420289855072461,5
WIPRO,2021-12-20,2022-01-12,318.3,330.4,516,failed a technical gate (trend/near-high/RSI) -- not in the top 20 at all,6243.599999999982,3.8014451775054914,23
LTM,2022-01-12,2022-01-13,7170.75,7132.6,25,failed a technical gate (trend/near-high/RSI) -- not in the top 20 at all,-953.7499999999909,-0.5320224523236661,1
HCLTECH,2022-01-07,2022-01-17,1290.55,1262.6224842035824,138,stop,-3853.99717990562,-2.1640010690339384,10
TECHM,2022-01-11,2022-01-18,1636.0,1562.9,109,failed a technical gate (trend/near-high/RSI) -- not in the top 20 at all,-7967.8999999999905,-4.468215158924204,7
NBCC,2022-01-17,2022-01-19,35.07,32.77748333578218,5216,stop,-11957.766920560156,-6.536973664721479,2
INFY,2022-01-11,2022-01-20,1816.3,1791.7441157716448,98,stop,-2406.4766543788023,-1.3519729245364265,9
TCS,2022-01-07,2022-01-20,3853.5,3826.55,46,failed a technical gate (trend/near-high/RSI) -- not in the top 20 at all,-1239.6999999999916,-0.699364214350584,13
SRF,2022-01-18,2022-01-21,2615.15,2469.8005425373512,68,stop,-9883.763107460121,-5.557977839230976,3
PGEL,2021-12-01,2022-01-21,56.25,75.35,2961,failed a technical gate (trend/near-high/RSI) -- not in the top 20 at all,56555.099999999984,33.95555555555554,51
KPITTECH,2021-12-22,2022-01-24,501.7,629.1021241577938,332,stop,42297.505220387546,25.394084942753416,33
PRESTIGE,2022-01-13,2022-01-24,491.4,458.9879693325548,364,stop,-11797.979162950036,-6.595854836679926,11
HAL,2022-01-20,2022-01-24,715.55,675.6888541350477,249,stop,-9925.425320373117,-5.570700281594898,4
KEI,2022-01-20,2022-01-24,1213.2,1120.8506996181404,147,stop,-13575.347156133364,-7.61204256362179,4
SUZLON,2022-01-06,2022-01-25,9.3,9.8,18885,stop,9442.5,5.376344086021501,19
PRESTIGE,2022-01-27,2022-01-28,491.95,478.7,343,failed a technical gate (trend/near-high/RSI) -- not in the top 20 at all,-4544.75,-2.693363146661243,1
POWERGRID,2022-01-21,2022-02-04,157.75,153.7,1100,failed a technical gate (trend/near-high/RSI) -- not in the top 20 at all,-4455.000000000013,-2.5673534072900184,14
SUZLON,2022-01-25,2022-02-07,10.1,10.2,16683,failed a technical gate (trend/near-high/RSI) -- not in the top 20 at all,1668.299999999994,0.990099009900991,13
HAL,2022-01-24,2022-02-08,680.45,689.0,245,failed a technical gate (trend/near-high/RSI) -- not in the top 20 at all,2094.749999999989,1.2565214196487595,15
BSE,2022-02-04,2022-02-09,246.5,225.35625957519036,693,stop,-14652.612114393078,-8.577582322437982,5
ONGC,2022-01-25,2022-02-09,149.25,148.2,1129,failed a technical gate (trend/near-high/RSI) -- not in the top 20 at all,-1185.4500000000128,-0.703517587939706,15
BDL,2022-01-21,2022-02-11,229.55,226.1,756,failed a technical gate (trend/near-high/RSI) -- not in the top 20 at all,-2608.200000000013,-1.5029405358309766,21
INDHOTEL,2022-02-07,2022-02-11,211.8,206.6,811,failed a technical gate (trend/near-high/RSI) -- not in the top 20 at all,-4217.2000000000135,-2.455146364494809,4
HAL,2022-02-10,2022-02-11,698.9,690.0,242,failed a technical gate (trend/near-high/RSI) -- not in the top 20 at all,-2153.7999999999947,-1.2734296752038854,1
INDIGO,2022-02-09,2022-02-14,2253.8,2091.376553488477,75,stop,-12181.758488364245,-7.206648616182587,5
TATAELXSI,2022-01-11,2022-02-14,5938.75,6911.35,30,failed a technical gate (trend/near-high/RSI) -- not in the top 20 at all,29178.00000000001,16.377183750789314,34
MARUTI,2022-01-28,2022-02-14,8550.95,8366.4,19,failed a technical gate (trend/near-high/RSI) -- not in the top 20 at all,-3506.4500000000207,-2.1582397277495557,17
ADANIENSOL,2022-02-11,2022-02-14,2016.05,1915.25,82,closed below 200 EMA,-8265.599999999997,-4.999875995139003,3
ADANIGREEN,2022-01-25,2022-02-15,1929.0,1792.8244345417575,87,stop,-11847.274194867101,-7.059386493428854,21
BANKBARODA,2022-01-27,2022-02-15,89.8,90.97337127661508,1884,stop,2210.631485142822,1.306649528524595,19
ONGC,2022-02-11,2022-02-15,151.95,142.84724655233154,1100,stop,-10013.028792435292,-5.9906241840529395,4
BDL,2022-02-15,2022-02-16,233.2,230.65,683,failed a technical gate (trend/near-high/RSI) -- not in the top 20 at all,-1741.6499999999883,-1.0934819897084003,1
NATIONALUM,2022-02-11,2022-02-18,119.94,112.74,1393,failed a technical gate (trend/near-high/RSI) -- not in the top 20 at all,-10029.600000000004,-6.003001500750383,7
BANKBARODA,2022-02-15,2022-02-18,96.0,91.55,1660,failed a technical gate (trend/near-high/RSI) -- not in the top 20 at all,-7387.000000000005,-4.63541666666667,3
INDIGO,2022-02-14,2022-02-21,2092.3,2086.55,76,failed a technical gate (trend/near-high/RSI) -- not in the top 20 at all,-437.0,-0.27481718682789147,7
ONGC,2022-02-17,2022-02-21,155.2,147.65,1033,failed a technical gate (trend/near-high/RSI) -- not in the top 20 at all,-7799.149999999982,-4.864690721649478,4
BDL,2022-02-18,2022-02-21,236.35,229.85,672,failed a technical gate (trend/near-high/RSI) -- not in the top 20 at all,-4368.0,-2.750158662999791,3
ADANIPOWER,2022-02-18,2022-02-21,26.3,24.05,6040,failed a technical gate (trend/near-high/RSI) -- not in the top 20 at all,-13590.0,-8.55513307984791,3
BSE,2022-02-09,2022-02-22,248.5,229.5,683,failed a technical gate (trend/near-high/RSI) -- not in the top 20 at all,-12977.0,-7.6458752515090485,13
TVSMOTOR,2022-02-22,2022-02-23,663.5,651.45,232,failed a technical gate (trend/near-high/RSI) -- not in the top 20 at all,-2795.5999999999894,-1.816126601356438,1
ADANIGREEN,2022-02-15,2022-02-24,1889.5,1849.75,84,failed a technical gate (trend/near-high/RSI) -- not in the top 20 at all,-3339.0,-2.103731145805765,9
BLUESTARCO,2022-02-15,2022-02-24,523.4,507.8,304,failed a technical gate (trend/near-high/RSI) -- not in the top 20 at all,-4742.39999999999,-2.980512036683214,9
MARUTI,2022-02-16,2022-02-24,8582.95,8210.15,18,closed below 200 EMA,-6710.40000000002,-4.343494952201765,8
SIEMENS,2022-02-16,2022-02-24,1824.0,1741.25,87,closed below 200 EMA,-7199.25,-4.536732456140347,8
CHOLAFIN,2022-02-22,2022-02-24,691.6,647.85,223,failed a technical gate (trend/near-high/RSI) -- not in the top 20 at all,-9756.25,-6.325910931174084,2
EICHERMOT,2022-02-22,2022-02-24,2725.5,2617.15,56,closed below 200 EMA,-6067.599999999995,-3.9754173546138305,2
VOLTAS,2022-02-22,2022-02-24,1239.15,1196.9,124,closed below 200 EMA,-5239.0,-3.40959528709196,2
VOLTAS,2022-02-28,2022-03-03,1263.15,1197.15,117,closed below 200 EMA,-7722.0,-5.225032656454099,3
JSWENERGY,2022-03-02,2022-03-03,339.15,337.35,439,failed a technical gate (trend/near-high/RSI) -- not in the top 20 at all,-790.19999999998,-0.5307386112339496,1
TITAN,2022-03-02,2022-03-04,2592.65,2438.7207538858306,57,stop,-8773.96702850766,-5.937139456315721,2
BLUESTARCO,2022-02-28,2022-03-04,535.05,513.95,277,failed a technical gate (trend/near-high/RSI) -- not in the top 20 at all,-5844.699999999975,-3.9435566769460584,4
CHOLAFIN,2022-02-28,2022-03-04,690.95,658.5,215,failed a technical gate (trend/near-high/RSI) -- not in the top 20 at all,-6976.75000000001,-4.696432448078736,4
GAIL,2022-03-03,2022-03-10,93.91,86.94299349682373,1599,stop,-11140.243398578847,-7.418812163961519,7
NATIONALUM,2022-03-02,2022-03-14,123.32,115.29,1209,failed a technical gate (trend/near-high/RSI) -- not in the top 20 at all,-9708.269999999984,-6.511514758352243,12
OIL,2022-03-07,2022-03-14,166.15,154.05,889,failed a technical gate (trend/near-high/RSI) -- not in the top 20 at all,-10756.899999999994,-7.2825759855552175,7
VEDL,2022-03-02,2022-03-15,176.4,161.9134712408912,845,stop,-12241.116801446942,-8.212317890651255,13
HINDALCO,2022-02-28,2022-03-15,573.75,559.75,259,failed a technical gate (trend/near-high/RSI) -- not in the top 20 at all,-3626.0,-2.440087145969494,15
BEL,2022-03-07,2022-03-15,71.4,68.5,2070,closed below 200 EMA,-6003.000000000012,-4.061624649859952,8
TATASTEEL,2022-03-14,2022-03-15,123.23,117.02,1177,failed a technical gate (trend/near-high/RSI) -- not in the top 20 at all,-7309.170000000009,-5.039357299358926,1
POWERGRID,2022-03-04,2022-03-21,157.75,150.1,924,closed below 200 EMA,-7068.600000000005,-4.849445324881141,17
CIPLA,2022-03-15,2022-03-23,1068.05,1012.128616222702,132,stop,-7381.622658603327,-5.235839499770412,8
BSE,2022-03-16,2022-03-28,329.5,292.5579635179534,438,stop,-16180.611979136413,-11.211543697130988,12
HINDALCO,2022-03-21,2022-03-31,589.95,572.5605906471086,245,stop,-4260.4052914584045,-2.947607314669287,10
TATAELXSI,2022-03-14,2022-04-18,7169.65,7934.491467371794,20,stop,15296.829347435887,10.66776575386239,35
BANKBARODA,2022-03-16,2022-04-18,93.75,99.55,1541,failed a technical gate (trend/near-high/RSI) -- not in the top 20 at all,8937.799999999996,6.186666666666674,33
VEDL,2022-03-23,2022-04-25,186.7,181.4883794448132,783,stop,-4080.6988947112513,-2.791441111508719,33
JINDALSTEL,2022-03-04,2022-04-25,435.75,526.2,334,failed a technical gate (trend/near-high/RSI) -- not in the top 20 at all,30210.300000000014,20.75731497418245,52
COALINDIA,2022-04-19,2022-04-25,184.1,175.45,914,failed a technical gate (trend/near-high/RSI) -- not in the top 20 at all,-7906.100000000005,-4.698533405757743,6
MAZDOCK,2022-04-18,2022-04-29,165.65,150.39563603843553,1038,stop,-15834.02979210393,-9.208792008188638,11
HAL,2022-03-15,2022-04-29,688.4,797.55,205,failed a technical gate (trend/near-high/RSI) -- not in the top 20 at all,22375.749999999996,15.855607205113298,45
BDL,2022-03-10,2022-05-02,237.7,357.7938926765821,610,stop,73257.2745327151,50.52330360815402,53
BEL,2022-04-25,2022-05-02,81.95,79.4,2052,failed a technical gate (trend/near-high/RSI) -- not in the top 20 at all,-5232.599999999994,-3.1116534472239166,7
MAZDOCK,2022-04-29,2022-05-02,150.1,146.7,1122,failed a technical gate (trend/near-high/RSI) -- not in the top 20 at all,-3814.8000000000065,-2.2651565622918146,3
JINDALSTEL,2022-04-29,2022-05-02,540.05,532.85,312,failed a technical gate (trend/near-high/RSI) -- not in the top 20 at all,-2246.3999999999787,-1.333209887973319,3
ADANIENT,2022-03-31,2022-05-04,1953.3,2185.0,77,failed a technical gate (trend/near-high/RSI) -- not in the top 20 at all,17840.900000000005,11.86197716684585,34
ADANIPORTS,2022-05-02,2022-05-04,856.55,812.8,194,failed a technical gate (trend/near-high/RSI) -- not in the top 20 at all,-8487.5,-5.107699492148732,2
ADANIPOWER,2022-03-28,2022-05-05,30.45,51.151169504948186,4903,stop,101497.83408276096,67.98413630524855,38
ADANIGREEN,2022-04-25,2022-05-10,2824.0,2489.340403762168,59,stop,-19744.916178032083,-11.850552274710758,15
ADANIENSOL,2022-02-28,2022-05-10,2134.4,2482.55,69,closed below 200 EMA,24022.350000000006,16.31137556221889,71
NHPC,2022-05-04,2022-05-10,32.45,31.95,5011,failed a technical gate (trend/near-high/RSI) -- not in the top 20 at all,-2505.5000000000177,-1.5408320493066396,6
ITC,2022-05-06,2022-05-10,219.9,214.2,747,failed a technical gate (trend/near-high/RSI) -- not in the top 20 at all,-4257.900000000012,-2.592087312414737,4
TIINDIA,2022-05-06,2022-05-11,1822.45,1696.6680135467677,90,stop,-11320.378780790908,-6.901807262379345,5
NTPC,2022-05-04,2022-05-11,158.65,152.55,1024,failed a technical gate (trend/near-high/RSI) -- not in the top 20 at all,-6246.399999999994,-3.8449416955562477,7
ADANIPOWER,2022-05-05,2022-05-11,55.65,51.05,2921,failed a technical gate (trend/near-high/RSI) -- not in the top 20 at all,-13436.600000000004,-8.265947888589398,6
POWERGRID,2022-05-04,2022-05-18,174.65,167.35,931,failed a technical gate (trend/near-high/RSI) -- not in the top 20 at all,-6796.30000000001,-4.179788147724029,14
VBL,2022-05-02,2022-05-19,147.3,141.5,1132,failed a technical gate (trend/near-high/RSI) -- not in the top 20 at all,-6565.600000000013,-3.9375424304141315,17
PATANJALI,2022-05-19,2022-05-24,389.6,366.4,396,failed a technical gate (trend/near-high/RSI) -- not in the top 20 at all,-9187.200000000019,-5.954825462012336,5
BDL,2022-05-23,2022-05-25,386.4,353.75,410,failed a technical gate (trend/near-high/RSI) -- not in the top 20 at all,-13386.49999999999,-8.449792960662517,2
VBL,2022-05-23,2022-05-25,143.9,141.8,1103,failed a technical gate (trend/near-high/RSI) -- not in the top 20 at all,-2316.299999999994,-1.459346768589298,2
BEL,2022-05-24,2022-05-25,77.2,75.45,2019,closed below 200 EMA,-3533.25,-2.266839378238339,1
BAJAJ-AUTO,2022-05-18,2022-06-01,3697.5,3628.0,42,failed a technical gate (trend/near-high/RSI) -- not in the top 20 at all,-2919.0,-1.8796484110885747,14
ADANIPOWER,2022-05-16,2022-06-02,53.45,59.05,2894,failed a technical gate (trend/near-high/RSI) -- not in the top 20 at all,16206.399999999983,10.477081384471454,17
COLPAL,2022-06-01,2022-06-02,1623.85,1589.7,96,failed a technical gate (trend/near-high/RSI) -- not in the top 20 at all,-3278.399999999987,-2.1030267573975303,1
SIEMENS,2022-05-25,2022-06-03,1787.6,1789.2,85,failed a technical gate (trend/near-high/RSI) -- not in the top 20 at all,136.0000000000116,0.08950548221078325,9
EICHERMOT,2022-05-18,2022-06-06,2696.0,2653.1,57,failed a technical gate (trend/near-high/RSI) -- not in the top 20 at all,-2445.300000000005,-1.5912462908011848,19
BRITANNIA,2022-05-26,2022-06-06,3560.95,3491.95,43,failed a technical gate (trend/near-high/RSI) -- not in the top 20 at all,-2967.0,-1.9376851682837426,11
ITC,2022-05-19,2022-06-08,227.3,220.95,680,failed a technical gate (trend/near-high/RSI) -- not in the top 20 at all,-4318.0000000000155,-2.7936647602287867,20
PETRONET,2022-06-08,2022-06-10,208.5,203.9,738,failed a technical gate (trend/near-high/RSI) -- not in the top 20 at all,-3394.7999999999956,-2.2062350119904095,2
ASHOKLEY,2022-06-02,2022-06-13,69.3,64.24282416414306,2258,stop,-11419.103037364966,-7.2975120286535855,11
BEL,2022-06-02,2022-06-13,81.9,78.5,1911,failed a technical gate (trend/near-high/RSI) -- not in the top 20 at all,-6497.400000000011,-4.151404151404159,11
BAJAJ-AUTO,2022-06-13,2022-06-14,3785.5,3571.064950225659,40,stop,-8577.401990973649,-5.66464270966428,1
TATAELXSI,2022-05-19,2022-06-15,8261.5,8159.65,18,failed a technical gate (trend/near-high/RSI) -- not in the top 20 at all,-1833.3000000000065,-1.2328269684682036,27
COALINDIA,2022-06-06,2022-06-15,181.4,176.9,848,failed a technical gate (trend/near-high/RSI) -- not in the top 20 at all,-3816.0,-2.480705622932744,9
OIL,2022-06-06,2022-06-16,185.95,171.7701437904799,828,stop,-11740.92094148264,-7.625628507405269,10
HAL,2022-05-19,2022-06-16,842.9,898.55,183,failed a technical gate (trend/near-high/RSI) -- not in the top 20 at all,10183.949999999995,6.6022066674575886,28
EICHERMOT,2022-06-10,2022-06-16,2712.85,2652.5,57,failed a technical gate (trend/near-high/RSI) -- not in the top 20 at all,-3439.949999999995,-2.224597747756052,6
SIEMENS,2022-06-14,2022-06-16,1828.75,1783.85,82,closed below 200 EMA,-3681.8000000000075,-2.455228981544777,2
BEL,2022-06-15,2022-06-16,80.05,77.45,1883,closed below 200 EMA,-4895.799999999989,-3.2479700187382776,1
OIL,2022-06-16,2022-06-17,176.6,169.75,836,failed a technical gate (trend/near-high/RSI) -- not in the top 20 at all,-5726.599999999995,-3.878822197055487,1
BDL,2022-05-27,2022-06-20,371.05,349.5862420408976,419,stop,-8993.314584863903,-5.784599908126231,24
VBL,2022-06-03,2022-06-21,146.7,147.75,1050,failed a technical gate (trend/near-high/RSI) -- not in the top 20 at all,1102.5000000000118,0.7157464212679043,18
BAJAJ-AUTO,2022-06-28,2022-06-30,3793.0,3615.0,38,closed below 200 EMA,-6764.0,-4.6928552596888995,2
TORNTPHARM,2022-06-24,2022-07-07,1434.6,1474.25,100,dropped out of top 20 rank (now #23 of 27),3965.000000000009,2.763836609507875,13
ASHOKLEY,2022-06-24,2022-07-14,67.5,68.4,2145,failed a technical gate (trend/near-high/RSI) -- not in the top 20 at all,1930.5000000000123,1.333333333333342,20
PHOENIXLTD,2022-06-24,2022-07-20,563.2,601.8,257,dropped out of top 20 rank (now #22 of 43),9920.199999999977,6.853693181818166,26
TIINDIA,2022-06-29,2022-08-02,1798.8,1992.507739065883,81,stop,15690.326864336528,10.768720206019733,34
SIEMENS,2022-06-30,2022-08-03,1828.65,1988.1544803158033,80,stop,12760.358425264258,8.72252647121119,34
BRITANNIA,2022-07-20,2022-08-03,3828.3,3770.0,41,failed a technical gate (trend/near-high/RSI) -- not in the top 20 at all,-2390.3000000000075,-1.5228691586343879,14
VBL,2022-06-23,2022-08-22,150.7,187.17200238682832,958,stop,34940.17828658155,24.20172686584494,60
BDL,2022-08-03,2022-08-22,425.75,399.15,381,failed a technical gate (trend/near-high/RSI) -- not in the top 20 at all,-10134.60000000001,-6.247798003523197,19
HINDUNILVR,2022-07-07,2022-08-23,2472.95,2592.75,62,failed a technical gate (trend/near-high/RSI) -- not in the top 20 at all,7427.600000000011,4.844416587476497,47
CGPOWER,2022-06-27,2022-08-26,187.0,227.1,775,failed a technical gate (trend/near-high/RSI) -- not in the top 20 at all,31077.499999999996,21.443850267379673,60
PIIND,2022-08-22,2022-09-06,3379.0,3265.15,48,failed a technical gate (trend/near-high/RSI) -- not in the top 20 at all,-5464.799999999996,-3.369340041432378,15
COALINDIA,2022-08-23,2022-09-09,207.5,221.2,800,dropped out of top 20 rank (now #21 of 60),10959.99999999999,6.6024096385542075,17
ADANIENSOL,2022-07-14,2022-09-21,2889.15,3865.75,52,failed a technical gate (trend/near-high/RSI) -- not in the top 20 at all,50783.2,33.80232940484225,69
BEL,2022-08-02,2022-09-23,94.0,106.65,1721,failed a technical gate (trend/near-high/RSI) -- not in the top 20 at all,21770.65000000001,13.457446808510642,52
HAL,2022-08-03,2022-09-26,1012.45,1196.2,160,stop,29400.0,18.149044397254176,54
ADANIPORTS,2022-09-09,2022-09-26,906.85,892.9570373565793,198,stop,-2750.8066033972937,-1.5320022763875674,17
BDL,2022-09-21,2022-09-26,460.5,423.2213738386928,404,stop,-15060.564969168116,-8.095249980739894,5
EICHERMOT,2022-06-24,2022-09-26,2877.9,3515.55,50,failed a technical gate (trend/near-high/RSI) -- not in the top 20 at all,31882.500000000004,22.156780986135715,94
VBL,2022-08-26,2022-09-27,204.7,209.56746304482184,830,stop,4039.994327202133,2.3778520004014814,32
TIINDIA,2022-09-23,2022-09-27,2772.35,2555.6880014283797,67,stop,-14516.353904298552,-7.8151026591743555,4
ITC,2022-06-28,2022-09-28,224.15,271.8126895211766,654,stop,31171.398946849487,21.263747276902343,92
BAJAJHLDNG,2022-09-27,2022-09-29,6641.0,6146.149077619371,26,stop,-12866.123981896344,-7.451451925623076,2
AMBUJACEM,2022-09-26,2022-10-03,511.2,488.65,349,failed a technical gate (trend/near-high/RSI) -- not in the top 20 at all,-7869.950000000004,-4.411189358372458,7
HINDUNILVR,2022-09-27,2022-10-03,2679.25,2622.5,66,failed a technical gate (trend/near-high/RSI) -- not in the top 20 at all,-3745.5,-2.1181300737146636,6
EICHERMOT,2022-09-28,2022-10-03,3628.3,3463.35,49,failed a technical gate (trend/near-high/RSI) -- not in the top 20 at all,-8082.550000000014,-4.546206212275727,5
MARICO,2022-09-28,2022-10-03,547.4,529.5,324,failed a technical gate (trend/near-high/RSI) -- not in the top 20 at all,-5799.599999999993,-3.270003653635367,5
ITC,2022-09-30,2022-10-03,273.95,267.5,664,failed a technical gate (trend/near-high/RSI) -- not in the top 20 at all,-4282.799999999992,-2.3544442416499334,3
360ONE,2022-10-03,2022-10-10,468.65,445.6,387,failed a technical gate (trend/near-high/RSI) -- not in the top 20 at all,-8920.349999999982,-4.9183825882854855,7
VBL,2022-10-07,2022-10-11,227.05,209.62052703604243,836,stop,-14571.039397868537,-7.676491065385416,4
BRITANNIA,2022-09-27,2022-10-11,3824.15,3727.9,46,failed a technical gate (trend/near-high/RSI) -- not in the top 20 at all,-4427.5,-2.516899180209986,14
HAL,2022-10-10,2022-10-11,1209.9,1184.4,155,failed a technical gate (trend/near-high/RSI) -- not in the top 20 at all,-3952.5,-2.107612199355313,1
BDL,2022-10-06,2022-10-12,461.8,441.1,404,failed a technical gate (trend/near-high/RSI) -- not in the top 20 at all,-8362.799999999996,-4.482459939367689,6
TIINDIA,2022-09-27,2022-10-14,2577.7,2643.9,69,failed a technical gate (trend/near-high/RSI) -- not in the top 20 at all,4567.800000000019,2.56818093649378,17
MAXHEALTH,2022-10-14,2022-10-18,427.75,407.45,433,failed a technical gate (trend/near-high/RSI) -- not in the top 20 at all,-8789.900000000005,-4.74576271186441,4
INDUSINDBK,2022-10-13,2022-10-19,1184.25,1218.4,157,dropped out of top 20 rank (now #22 of 36),5361.550000000014,2.8836816550559474,6
BAJAJHLDNG,2022-10-04,2022-10-20,6537.05,6467.45,28,failed a technical gate (trend/near-high/RSI) -- not in the top 20 at all,-1948.8000000000102,-1.0647004382710934,16
CGPOWER,2022-10-11,2022-10-24,251.5,255.95,725,dropped out of top 20 rank (now #27 of 47),3226.249999999992,1.7693836978131205,13
TIINDIA,2022-10-18,2022-10-28,2760.75,2668.3,67,failed a technical gate (trend/near-high/RSI) -- not in the top 20 at all,-6194.149999999988,-3.3487277008059313,10
IDFCFIRSTB,2022-10-06,2022-10-31,54.3,56.1,3443,dropped out of top 20 rank (now #27 of 55),6197.400000000015,3.314917127071837,25
HAL,2022-10-31,2022-11-10,1265.0,1215.55,150,failed a technical gate (trend/near-high/RSI) -- not in the top 20 at all,-7417.500000000007,-3.9090909090909176,10
ITC,2022-10-19,2022-11-14,285.6,286.35,659,failed a technical gate (trend/near-high/RSI) -- not in the top 20 at all,494.25,0.2626050420168058,26
BDL,2022-10-20,2022-11-14,460.8,473.7,411,failed a technical gate (trend/near-high/RSI) -- not in the top 20 at all,5301.8999999999905,2.799479166666652,25
BEL,2022-11-10,2022-11-14,106.7,106.6,1927,failed a technical gate (trend/near-high/RSI) -- not in the top 20 at all,-192.70000000001642,-0.09372071227742307,4
MAZDOCK,2022-08-22,2022-11-22,152.05,377.9707646003949,1082,stop,244446.26729762726,148.58320591936524,92
COCHINSHIP,2022-09-06,2022-12-07,186.6,312.7,945,failed a technical gate (trend/near-high/RSI) -- not in the top 20 at all,119164.5,67.57770632368702,92
RVNL,2022-11-14,2022-12-09,54.55,67.5728739777905,3882,stop,50554.79678178271,23.873279519322633,25
INDIANB,2022-10-28,2022-12-09,233.55,260.3,815,failed a technical gate (trend/near-high/RSI) -- not in the top 20 at all,21801.25,11.453650181973885,42
HAL,2022-11-14,2022-12-14,1245.1,1341.8,170,failed a technical gate (trend/near-high/RSI) -- not in the top 20 at all,16439.000000000007,7.766444462292199,30
UNIONBANK,2022-12-14,2022-12-16,85.21,77.0596167415234,2688,stop,-21908.230198785088,-9.565054874400413,2
SBIN,2022-11-14,2022-12-16,592.55,603.35,357,failed a technical gate (trend/near-high/RSI) -- not in the top 20 at all,3855.6000000000245,1.8226310016032476,32
MAZDOCK,2022-11-22,2022-12-16,433.4,416.2,493,failed a technical gate (trend/near-high/RSI) -- not in the top 20 at all,-8479.599999999995,-3.9686202122750314,24
BANKBARODA,2022-10-24,2022-12-21,128.15,158.7039060406972,1478,stop,45158.67312815046,23.84229890027094,58
PNB,2022-12-07,2022-12-21,52.37,50.393064472983255,4216,stop,-8334.760181902586,-3.774938947902884,14
NMDC,2022-11-22,2022-12-21,32.9,33.5,6506,failed a technical gate (trend/near-high/RSI) -- not in the top 20 at all,3903.6000000000095,1.823708206686936,29
UNIONBANK,2022-12-16,2022-12-21,76.19,72.91,2895,failed a technical gate (trend/near-high/RSI) -- not in the top 20 at all,-9495.600000000004,-4.305026906418163,5
BANKINDIA,2022-12-16,2022-12-21,85.08,80.93,2592,failed a technical gate (trend/near-high/RSI) -- not in the top 20 at all,-10756.799999999977,-4.877762106252925,5
MAHABANK,2022-12-09,2022-12-22,28.65,28.590711806744064,7798,stop,-462.32933100977624,-0.20693959251635308,13
GODFRYPHLP,2022-10-11,2022-12-22,437.0,606.0,417,failed a technical gate (trend/near-high/RSI) -- not in the top 20 at all,70473.0,38.672768878718536,72
INDIANB,2022-12-16,2022-12-22,280.8,267.75,785,failed a technical gate (trend/near-high/RSI) -- not in the top 20 at all,-10244.25000000001,-4.647435897435903,6
RVNL,2022-12-21,2022-12-22,69.9,66.45,3054,failed a technical gate (trend/near-high/RSI) -- not in the top 20 at all,-10536.300000000008,-4.935622317596566,1
IRFC,2022-12-21,2022-12-22,32.3,31.25,6610,failed a technical gate (trend/near-high/RSI) -- not in the top 20 at all,-6940.499999999981,-3.2507739938080427,1
VBL,2022-12-09,2022-12-23,282.05,257.15881762386846,792,stop,-19713.81644189619,-8.825095683790662,14
HINDZINC,2022-12-22,2022-12-23,320.2,313.15,651,failed a technical gate (trend/near-high/RSI) -- not in the top 20 at all,-4589.5500000000075,-2.2017489069331653,1
JSWSTEEL,2022-12-22,2022-12-23,737.55,727.85,282,failed a technical gate (trend/near-high/RSI) -- not in the top 20 at all,-2735.3999999999805,-1.3151650735543252,1
INDIANB,2022-12-27,2022-12-28,275.5,266.75,749,failed a technical gate (trend/near-high/RSI) -- not in the top 20 at all,-6553.75,-3.176043557168784,1
PIIND,2022-12-27,2022-12-28,3481.35,3452.7,59,failed a technical gate (trend/near-high/RSI) -- not in the top 20 at all,-1690.3500000000054,-0.8229566116592757,1
SHRIRAMFIN,2022-12-27,2022-12-29,275.8,256.7885415169273,748,stop,-14220.570945338392,-6.8932046711648765,2
MARICO,2022-12-26,2022-12-29,518.45,515.4,398,failed a technical gate (trend/near-high/RSI) -- not in the top 20 at all,-1213.9000000000271,-0.5882920243032275,3
BRITANNIA,2022-12-27,2022-12-29,4369.25,4348.3,47,failed a technical gate (trend/near-high/RSI) -- not in the top 20 at all,-984.6499999999915,-0.47948732620014534,2
VBL,2022-12-29,2022-12-30,271.45,264.5,755,failed a technical gate (trend/near-high/RSI) -- not in the top 20 at all,-5247.249999999992,-2.5603241849327607,1
LICHSGFIN,2022-12-29,2022-12-30,407.45,405.65,503,dropped out of top 20 rank (now #21 of 26),-905.4000000000058,-0.4417719965639999,1
HDFCBANK,2022-12-27,2023-01-04,815.6,805.0,253,failed a technical gate (trend/near-high/RSI) -- not in the top 20 at all,-2681.8000000000056,-1.2996566944580734,8
JSWSTEEL,2022-12-28,2023-01-04,761.7,736.3,270,failed a technical gate (trend/near-high/RSI) -- not in the top 20 at all,-6858.000000000025,-3.3346461861625376,7
AXISBANK,2022-12-27,2023-01-05,932.2,949.55,221,dropped out of top 20 rank (now #21 of 37),3834.34999999998,1.8611885861403055,9
BANKBARODA,2022-12-30,2023-01-10,166.8,162.1,1223,failed a technical gate (trend/near-high/RSI) -- not in the top 20 at all,-5748.100000000021,-2.817745803357319,11
PNB,2023-01-02,2023-01-10,53.97,52.04,3814,failed a technical gate (trend/near-high/RSI) -- not in the top 20 at all,-7361.019999999999,-3.5760607745043527,8
MAHABANK,2023-01-05,2023-01-10,31.1,29.7,6635,failed a technical gate (trend/near-high/RSI) -- not in the top 20 at all,-9289.000000000015,-4.501607717041811,5
INDIANB,2023-01-04,2023-01-11,282.1,274.85,727,failed a technical gate (trend/near-high/RSI) -- not in the top 20 at all,-5270.75,-2.570010634526765,7
GODFRYPHLP,2023-01-10,2023-01-16,701.0,649.0,291,failed a technical gate (trend/near-high/RSI) -- not in the top 20 at all,-15132.0,-7.4179743223965815,6
BANKINDIA,2023-01-02,2023-01-18,85.51,83.49,2407,failed a technical gate (trend/near-high/RSI) -- not in the top 20 at all,-4862.140000000025,-2.3622968073909623,16
HINDZINC,2022-12-28,2023-01-20,324.25,345.0,634,stop,13155.5,6.3993831919815,23
JSWSTEEL,2023-01-18,2023-01-20,767.15,741.45,268,failed a technical gate (trend/near-high/RSI) -- not in the top 20 at all,-6887.599999999982,-3.3500619174867907,2
NMDC,2023-01-04,2023-01-24,34.25,35.05,5993,failed a technical gate (trend/near-high/RSI) -- not in the top 20 at all,4794.399999999983,2.335766423357666,20
PNB,2023-01-16,2023-01-24,55.62,52.42,3700,failed a technical gate (trend/near-high/RSI) -- not in the top 20 at all,-11839.999999999984,-5.753326141675652,8
UNIONBANK,2023-01-20,2023-01-24,72.96,72.39,2790,failed a technical gate (trend/near-high/RSI) -- not in the top 20 at all,-1590.299999999981,-0.7812499999999889,4
RECLTD,2022-12-27,2023-01-25,113.45,120.5,1820,failed a technical gate (trend/near-high/RSI) -- not in the top 20 at all,12830.999999999995,6.214191273688852,29
PFC,2023-01-11,2023-01-25,121.45,114.75,1685,failed a technical gate (trend/near-high/RSI) -- not in the top 20 at all,-11289.500000000005,-5.5166735282009105,14
HDFCBANK,2023-01-24,2023-01-27,847.8,816.0,237,stop,-7536.599999999989,-3.7508846426043796,3
JINDALSTEL,2022-12-28,2023-01-27,578.2,588.15,355,failed a technical gate (trend/near-high/RSI) -- not in the top 20 at all,3532.249999999976,1.720857834659273,30
RVNL,2023-01-11,2023-01-27,72.2,72.9,2835,failed a technical gate (trend/near-high/RSI) -- not in the top 20 at all,1984.500000000008,0.969529085872578,16
HINDZINC,2023-01-20,2023-01-30,353.0,329.6993061519467,576,stop,-13421.1996564787,-6.6007631297601455,10
TCS,2023-01-30,2023-01-31,3433.65,3358.7,57,failed a technical gate (trend/near-high/RSI) -- not in the top 20 at all,-4272.150000000016,-2.1828083817512,1
IOC,2023-01-25,2023-02-01,64.11,61.27442167018513,3115,stop,-8832.826497373328,-4.4229891277723805,7
INDIANB,2023-01-31,2023-02-01,290.95,270.1212820822723,675,stop,-14059.384594466208,-7.158865068818598,1
NHPC,2023-01-27,2023-02-02,43.2,41.75,4561,failed a technical gate (trend/near-high/RSI) -- not in the top 20 at all,-6613.450000000013,-3.356481481481488,6
TATASTEEL,2023-01-11,2023-02-06,112.62,111.26,1818,failed a technical gate (trend/near-high/RSI) -- not in the top 20 at all,-2472.479999999999,-1.2076007813887402,26
INDIANB,2023-02-01,2023-02-07,279.5,274.45,694,failed a technical gate (trend/near-high/RSI) -- not in the top 20 at all,-3504.700000000008,-1.806797853309483,6
HCLTECH,2023-01-25,2023-02-10,1122.75,1115.65,177,failed a technical gate (trend/near-high/RSI) -- not in the top 20 at all,-1256.699999999984,-0.6323758628367759,16
COFORGE,2023-01-30,2023-02-13,883.5,810.0,222,stop,-16317.0,-8.31918505942275,14
GODREJCP,2023-02-02,2023-02-13,939.7,923.85,207,failed a technical gate (trend/near-high/RSI) -- not in the top 20 at all,-3280.950000000005,-1.686708523997027,11
BRITANNIA,2023-02-06,2023-02-20,4625.65,4450.166414650227,41,stop,-7194.826999340673,-3.7937065136742443,14
HDFCBANK,2023-02-07,2023-02-20,827.1,820.2,234,failed a technical gate (trend/near-high/RSI) -- not in the top 20 at all,-1614.5999999999947,-0.8342401160681856,13
CGPOWER,2023-01-24,2023-02-21,299.35,319.9,672,dropped out of top 20 rank (now #22 of 31),13809.59999999997,6.864873893435752,28
TCS,2023-02-03,2023-02-21,3482.3,3451.0,55,failed a technical gate (trend/near-high/RSI) -- not in the top 20 at all,-1721.50000000001,-0.8988312322315783,18
OIL,2023-02-20,2023-02-21,172.75,169.85,1122,failed a technical gate (trend/near-high/RSI) -- not in the top 20 at all,-3253.8000000000065,-1.6787264833574511,1
BAJAJ-AUTO,2023-01-30,2023-02-27,3746.0,3607.945901617339,52,stop,-7178.813115898365,-3.685373688805682,28
ALKEM,2023-02-27,2023-02-28,3272.6,3175.0,58,failed a technical gate (trend/near-high/RSI) -- not in the top 20 at all,-5660.799999999995,-2.9823382020411904,1
COFORGE,2023-02-28,2023-03-02,859.5,850.0,220,failed a technical gate (trend/near-high/RSI) -- not in the top 20 at all,-2090.0,-1.105293775450844,2
PERSISTENT,2023-01-30,2023-03-09,2307.45,2408.8,85,failed a technical gate (trend/near-high/RSI) -- not in the top 20 at all,8614.750000000031,4.3922945242584,38
BDL,2023-02-22,2023-03-10,461.15,460.0,415,failed a technical gate (trend/near-high/RSI) -- not in the top 20 at all,-477.24999999999056,-0.24937655860348684,16
BANKBARODA,2023-03-09,2023-03-10,153.5,150.0,1271,closed below 200 EMA,-4448.5,-2.28013029315961,1
KPITTECH,2023-02-13,2023-03-13,820.3,788.4526856259176,235,stop,-7484.1188779093445,-3.88239843643573,28
SUPREMEIND,2023-02-21,2023-03-13,2756.65,2666.5,69,failed a technical gate (trend/near-high/RSI) -- not in the top 20 at all,-6220.350000000006,-3.2702737017757055,20
INDIANB,2023-03-10,2023-03-13,275.95,269.6,700,failed a technical gate (trend/near-high/RSI) -- not in the top 20 at all,-4444.999999999976,-2.301141511143312,3
HCLTECH,2023-03-10,2023-03-13,1116.3,1098.6,173,closed below 200 EMA,-3062.1000000000076,-1.585595270088691,3
ITC,2023-02-10,2023-03-14,306.25,313.1,637,failed a technical gate (trend/near-high/RSI) -- not in the top 20 at all,4363.450000000014,2.236734693877551,32
OIL,2023-03-02,2023-03-14,171.7,166.45,1118,failed a technical gate (trend/near-high/RSI) -- not in the top 20 at all,-5869.5,-3.057658707047173,12
VBL,2023-02-21,2023-03-16,264.9,261.25,726,failed a technical gate (trend/near-high/RSI) -- not in the top 20 at all,-2649.8999999999833,-1.3778784446961012,23
NMDC,2023-03-15,2023-03-16,34.0,32.9,5582,closed below 200 EMA,-6140.200000000008,-3.2352941176470584,1
PFC,2023-03-14,2023-03-20,128.85,121.00478950806571,1469,stop,-11524.614212651459,-6.088638332894281,6
HAL,2023-02-20,2023-03-20,1293.6,1322.4,149,failed a technical gate (trend/near-high/RSI) -- not in the top 20 at all,4291.200000000027,2.2263450834879572,28
GAIL,2023-03-14,2023-03-21,97.65,92.67715142468654,1938,stop,-9637.380538957492,-5.092522862584192,7
CUMMINSIND,2023-02-13,2023-03-22,1595.25,1612.6,121,failed a technical gate (trend/near-high/RSI) -- not in the top 20 at all,2099.349999999989,1.0876038238520458,37
NTPC,2023-03-14,2023-03-22,177.9,174.35,1064,failed a technical gate (trend/near-high/RSI) -- not in the top 20 at all,-3777.200000000012,-1.9955030916245176,8
ABCAPITAL,2023-03-21,2023-03-24,152.65,143.61026185051583,1208,stop,-10920.003684576888,-5.921872354722691,3
PETRONET,2023-03-21,2023-03-24,216.35,206.36462653933773,852,stop,-8507.538188484245,-4.615379459515722,3
LT,2023-03-20,2023-03-24,2177.55,2166.15,85,failed a technical gate (trend/near-high/RSI) -- not in the top 20 at all,-969.0000000000077,-0.5235241441069127,4
BAJAJ-AUTO,2023-03-22,2023-03-27,3827.0,3713.5,48,failed a technical gate (trend/near-high/RSI) -- not in the top 20 at all,-5448.0,-2.9657695322707123,5
MAXHEALTH,2023-03-14,2023-03-28,468.65,449.95,403,failed a technical gate (trend/near-high/RSI) -- not in the top 20 at all,-7536.099999999996,-3.9901845727088436,14
HINDZINC,2023-03-27,2023-03-29,329.1,299.0,551,stop,-16585.100000000013,-9.146156183530852,2
OIL,2023-03-29,2023-03-31,175.3,167.75,1033,failed a technical gate (trend/near-high/RSI) -- not in the top 20 at all,-7799.1500000000115,-4.3069024529378215,2
KPITTECH,2023-03-20,2023-04-03,889.6,826.6324703087798,208,stop,-13097.2461757738,-7.078184542628174,14
KEI,2023-03-27,2023-04-03,1675.4,1696.7,108,dropped out of top 20 rank (now #21 of 29),2300.399999999995,1.271338187895421,7
ZYDUSLIFE,2023-03-15,2023-04-05,473.4,493.1,400,dropped out of top 20 rank (now #23 of 37),7880.000000000018,4.161385720321098,21
ULTRACEMCO,2023-03-27,2023-04-05,7301.0,7538.0,24,dropped out of top 20 rank (now #21 of 37),5688.0,3.246130667031921,9
BDL,2023-03-31,2023-04-19,494.35,485.7,368,dropped out of top 20 rank (now #23 of 62),-3183.2000000000126,-1.7497724284413985,19
VBL,2023-03-22,2023-04-20,270.9,276.35,682,failed a technical gate (trend/near-high/RSI) -- not in the top 20 at all,3716.900000000031,2.011812476928765,29
GODREJCP,2023-03-20,2023-04-25,960.0,963.2,193,failed a technical gate (trend/near-high/RSI) -- not in the top 20 at all,617.6000000000088,0.33333333333334103,36
VBL,2023-04-25,2023-05-02,287.45,283.0,650,failed a technical gate (trend/near-high/RSI) -- not in the top 20 at all,-2892.4999999999927,-1.548095320925369,7
HDFCBANK,2023-04-05,2023-05-04,826.9,863.9,218,dropped out of top 20 rank (now #22 of 75),8066.0,4.474543475631876,29
KPITTECH,2023-05-02,2023-05-08,935.3,883.15,204,dropped out of top 20 rank (now #26 of 71),-10638.599999999995,-5.575751095905057,6
INDIANB,2023-03-31,2023-05-09,275.5,290.1987638561156,660,stop,9701.18414503629,5.3353044849784315,39
BANKBARODA,2023-04-05,2023-05-09,149.25,159.4,1212,failed a technical gate (trend/near-high/RSI) -- not in the top 20 at all,12301.800000000007,6.800670016750421,34
KEI,2023-05-09,2023-05-10,2069.95,1936.5970910165738,91,stop,-12135.114717491766,-6.442325127825599,1
SBIN,2023-04-20,2023-05-10,544.8,572.2,338,dropped out of top 20 rank (now #33 of 80),9261.20000000003,5.029368575624105,20
ALKEM,2023-03-28,2023-05-11,3240.8,3497.65,55,dropped out of top 20 rank (now #22 of 74),14126.749999999995,7.925512219205122,44
ABCAPITAL,2023-04-05,2023-05-11,155.25,163.95,1165,failed a technical gate (trend/near-high/RSI) -- not in the top 20 at all,10135.499999999987,5.603864734299502,36
RVNL,2023-05-10,2023-05-12,121.85,120.4,1555,failed a technical gate (trend/near-high/RSI) -- not in the top 20 at all,-2254.7499999999823,-1.1899876897825123,2
MARICO,2023-05-12,2023-05-16,541.5,536.15,348,dropped out of top 20 rank (now #21 of 76),-1861.800000000008,-0.9879963065558717,4
NESTLEIND,2023-05-11,2023-05-17,1101.0,1086.6,172,dropped out of top 20 rank (now #21 of 73),-2476.8000000000156,-1.3079019073569564,6
PRESTIGE,2023-05-08,2023-05-18,491.75,479.2,389,failed a technical gate (trend/near-high/RSI) -- not in the top 20 at all,-4881.950000000004,-2.552109811896286,10
ITC,2023-04-19,2023-05-19,328.85,339.5149258402821,564,stop,6015.018173919094,3.243097412279794,30
RVNL,2023-05-18,2023-05-19,120.85,116.2,1542,failed a technical gate (trend/near-high/RSI) -- not in the top 20 at all,-7170.2999999999865,-3.847745138601566,1
BDL,2023-05-17,2023-05-23,537.7,538.2,350,dropped out of top 20 rank (now #22 of 65),175.0,0.09298865538405199,6
GLENMARK,2023-05-04,2023-05-26,546.95,591.4,350,dropped out of top 20 rank (now #23 of 77),15557.499999999976,8.126885455708921,22
MAXHEALTH,2023-05-23,2023-05-30,553.75,535.75,336,dropped out of top 20 rank (now #21 of 81),-6048.0,-3.2505643340857815,7
SONACOMS,2023-05-15,2023-05-31,546.6,509.28975473920923,346,stop,-12909.344860233614,-6.825877288838422,16
VBL,2023-05-09,2023-06-08,301.1,316.35,627,failed a technical gate (trend/near-high/RSI) -- not in the top 20 at all,9561.75,5.06476253736301,30
INDHOTEL,2023-05-19,2023-06-08,372.35,380.8,503,dropped out of top 20 rank (now #24 of 91),4250.349999999994,2.269370216194444,20
KPITTECH,2023-05-26,2023-06-14,1006.8,1049.0280141409453,188,stop,7938.866658497723,4.194280308000131,19
SONACOMS,2023-05-31,2023-06-14,541.55,509.85,351,failed a technical gate (trend/near-high/RSI) -- not in the top 20 at all,-11126.699999999975,-5.853568460899261,14
RVNL,2023-06-08,2023-06-15,125.35,122.9,1527,dropped out of top 20 rank (now #21 of 97),-3741.149999999983,-1.954527323494204,7
BAJAJ-AUTO,2023-04-03,2023-06-16,3895.0,4527.0,46,failed a technical gate (trend/near-high/RSI) -- not in the top 20 at all,29072.0,16.225930680359447,74
SBICARD,2023-05-17,2023-06-20,879.4,893.8,214,failed a technical gate (trend/near-high/RSI) -- not in the top 20 at all,3081.599999999995,1.6374801000682337,34
CHOLAFIN,2023-05-30,2023-06-20,1046.3,1121.9,181,dropped out of top 20 rank (now #21 of 97),13683.600000000024,7.225461148810108,21
BEL,2023-06-20,2023-06-23,125.15,119.56842343030075,1571,stop,-8768.656790997524,-4.459909364521975,3
HAL,2023-06-14,2023-06-26,1857.8,1790.6199283264232,102,stop,-6852.367310704831,-3.616108928494821,12
ITC,2023-05-19,2023-06-26,346.25,367.6,540,dropped out of top 20 rank (now #22 of 77),11529.000000000013,6.166064981949471,38
MAXHEALTH,2023-06-08,2023-06-28,557.4,603.3,343,dropped out of top 20 rank (now #35 of 85),15743.699999999992,8.234660925726578,20
KPITTECH,2023-06-16,2023-06-30,1084.4,1089.8,180,dropped out of top 20 rank (now #22 of 94),971.9999999999754,0.4979712283290194,14
ASTRAL,2023-06-15,2023-07-04,1970.05,1924.4,97,failed a technical gate (trend/near-high/RSI) -- not in the top 20 at all,-4428.0499999999865,-2.317200071064174,19
DIXON,2023-06-23,2023-07-05,4326.2,4206.1,44,failed a technical gate (trend/near-high/RSI) -- not in the top 20 at all,-5284.399999999976,-2.7761083629975425,12
ANGELONE,2023-06-28,2023-07-10,171.5,165.17566074597195,1140,stop,-7209.746749591974,-3.6876613726111063,12
COFORGE,2023-06-20,2023-07-10,912.0,922.5,215,dropped out of top 20 rank (now #26 of 99),2257.5,1.1513157894736947,20
RECLTD,2023-07-05,2023-07-14,166.5,160.3,1189,failed a technical gate (trend/near-high/RSI) -- not in the top 20 at all,-7371.7999999999865,-3.7237237237237153,9
ANGELONE,2023-07-10,2023-07-17,171.0,160.31492063288863,1157,stop,-12362.636827747856,-6.248584425211323,7
KEI,2023-05-10,2023-07-28,1979.2,2437.6,95,failed a technical gate (trend/near-high/RSI) -- not in the top 20 at all,43547.999999999985,23.160873080032317,79
HEROMOTOCO,2023-07-10,2023-08-01,2949.7,2928.6,67,dropped out of top 20 rank (now #21 of 97),-1413.699999999994,-0.7153269824049846,22
HAL,2023-06-26,2023-08-02,1850.5,1859.3551621014797,105,stop,929.7920206553647,0.478528078977547,37
BEL,2023-07-17,2023-08-02,127.15,125.35,1596,failed a technical gate (trend/near-high/RSI) -- not in the top 20 at all,-2872.8000000000184,-1.4156508061344941,16
GODREJPROP,2023-06-30,2023-08-03,1568.45,1628.6842301309114,125,stop,7529.278766363916,3.840366612318613,34
SHRIRAMFIN,2023-06-26,2023-08-03,340.65,363.7,573,dropped out of top 20 rank (now #25 of 69),13207.650000000007,6.766475854983134,38
RBLBANK,2023-07-28,2023-08-04,234.1,213.67512710679432,921,stop,-18811.307934642424,-8.724849591288198,7
PHOENIXLTD,2023-08-01,2023-08-10,865.55,831.0,246,failed a technical gate (trend/near-high/RSI) -- not in the top 20 at all,-8499.299999999988,-3.9916815897406255,9
MAZDOCK,2023-06-14,2023-08-11,515.15,858.207995141839,371,stop,127274.51619762227,66.59380668578841,58
BSE,2023-07-14,2023-08-16,252.5,278.97823260126677,809,stop,21420.890174424814,10.48642875297694,33
ETERNAL,2023-08-04,2023-08-16,95.4,91.9,2195,dropped out of top 20 rank (now #21 of 68),-7682.5,-3.6687631027253698,12
RBLBANK,2023-08-04,2023-08-18,216.1,215.8,969,failed a technical gate (trend/near-high/RSI) -- not in the top 20 at all,-290.69999999998345,-0.13882461823229164,14
BEL,2023-08-10,2023-08-18,129.4,127.15,1650,failed a technical gate (trend/near-high/RSI) -- not in the top 20 at all,-3712.5,-1.7387944358578045,8
HAL,2023-08-16,2023-08-18,1950.1,1894.0,108,failed a technical gate (trend/near-high/RSI) -- not in the top 20 at all,-6058.79999999999,-2.8767755499717884,2
MANAPPURAM,2023-08-18,2023-08-25,148.05,137.47799199557778,1420,stop,-15012.251366279566,-7.140836206972123,7
MOTILALOFS,2023-08-11,2023-08-28,228.8,216.35,931,failed a technical gate (trend/near-high/RSI) -- not in the top 20 at all,-11590.950000000015,-5.441433566433574,17
MAZDOCK,2023-08-16,2023-08-29,967.85,909.2,217,failed a technical gate (trend/near-high/RSI) -- not in the top 20 at all,-12727.049999999996,-6.059823319729296,13
PFC,2023-07-04,2023-08-31,177.0,208.15,1115,failed a technical gate (trend/near-high/RSI) -- not in the top 20 at all,34732.25000000001,17.598870056497184,58
GODFRYPHLP,2023-08-03,2023-09-05,676.0,700.0,310,failed a technical gate (trend/near-high/RSI) -- not in the top 20 at all,7440.0,3.5502958579881616,33
POLYCAB,2023-08-02,2023-09-11,4588.05,5147.95,45,dropped out of top 20 rank (now #23 of 119),25195.499999999985,12.203441549242044,40
BEL,2023-08-28,2023-09-12,134.9,134.75222372885122,1567,stop,-231.56541689014696,-0.10954504903541995,15
KALYANKJIL,2023-09-11,2023-09-12,247.45,225.18782637335767,1000,stop,-22262.17362664232,-8.996635128972452,1
HAL,2023-08-29,2023-09-12,1948.7,1970.4,108,failed a technical gate (trend/near-high/RSI) -- not in the top 20 at all,2343.600000000005,1.1135628880792448,14
RECLTD,2023-08-02,2023-09-13,196.3,241.963149986777,1065,stop,48631.25473591751,23.261920523065214,42
SUPREMEIND,2023-08-18,2023-09-14,4352.55,4294.9,48,failed a technical gate (trend/near-high/RSI) -- not in the top 20 at all,-2767.200000000026,-1.3245109188866455,27
PFC,2023-09-12,2023-09-15,226.3,223.5,1040,dropped out of top 20 rank (now #21 of 112),-2912.000000000012,-1.2372956252761913,3
BSE,2023-08-18,2023-09-20,288.0,392.1247679625419,730,stop,76011.0806126556,36.15443332032706,33
OBEROIRLTY,2023-09-12,2023-09-20,1140.3,1142.95,206,dropped out of top 20 rank (now #25 of 103),545.9000000000187,0.23239498377620738,8
NBCC,2023-09-15,2023-09-20,40.23,39.5,5829,dropped out of top 20 rank (now #21 of 103),-4255.169999999982,-1.8145662440964383,5
COFORGE,2023-09-05,2023-09-21,1122.5,1067.5,204,failed a technical gate (trend/near-high/RSI) -- not in the top 20 at all,-11220.0,-4.899777282850781,16
IRFC,2023-08-25,2023-09-22,48.4,72.50567466399197,4361,stop,105124.84720966898,49.80511294213217,28
PHOENIXLTD,2023-09-12,2023-09-25,934.2,883.9696194534349,252,stop,-12658.055897734412,-5.376833712969931,13
UNIONBANK,2023-09-20,2023-10-09,90.19,90.66934377488883,2543,stop,1218.9712195423006,0.5314821763929833,19
MAZDOCK,2023-08-31,2023-10-09,924.5,1036.7,231,failed a technical gate (trend/near-high/RSI) -- not in the top 20 at all,25918.20000000001,12.1362898864251,39
MAHABANK,2023-09-20,2023-10-09,46.3,45.3,4955,failed a technical gate (trend/near-high/RSI) -- not in the top 20 at all,-4955.0,-2.1598272138228958,19
IRFC,2023-09-22,2023-10-09,75.1,71.15,3036,failed a technical gate (trend/near-high/RSI) -- not in the top 20 at all,-11992.199999999966,-5.259653794940067,17
BANKINDIA,2023-09-22,2023-10-09,102.05,97.47,2234,failed a technical gate (trend/near-high/RSI) -- not in the top 20 at all,-10231.719999999996,-4.487996080352763,17
INDIANB,2023-09-25,2023-10-09,411.4,385.0,550,failed a technical gate (trend/near-high/RSI) -- not in the top 20 at all,-14519.999999999987,-6.4171122994652325,14
BANKBARODA,2023-10-09,2023-10-11,191.15,186.9,1179,failed a technical gate (trend/near-high/RSI) -- not in the top 20 at all,-5010.75,-2.223384776353654,2
MAZDOCK,2023-10-11,2023-10-19,1077.15,1064.9,214,failed a technical gate (trend/near-high/RSI) -- not in the top 20 at all,-2621.5,-1.1372603629949407,8
MOTILALOFS,2023-10-19,2023-10-23,250.05,232.78394319609924,944,stop,-16299.157622882325,-6.905041713217663,4
RECLTD,2023-09-13,2023-10-23,244.4,278.3,944,failed a technical gate (trend/near-high/RSI) -- not in the top 20 at all,32001.600000000006,13.87070376432078,40
NMDC,2023-09-14,2023-10-23,45.8,46.1,5077,failed a technical gate (trend/near-high/RSI) -- not in the top 20 at all,1523.1000000000217,0.6550218340611424,39
IRFC,2023-10-11,2023-10-23,75.6,72.2,3053,failed a technical gate (trend/near-high/RSI) -- not in the top 20 at all,-10380.199999999973,-4.497354497354489,12
PFC,2023-10-09,2023-10-25,240.25,237.2,938,failed a technical gate (trend/near-high/RSI) -- not in the top 20 at all,-2860.9000000000106,-1.2695109261186333,16
ETERNAL,2023-10-23,2023-10-26,108.9,101.33554484580556,2143,stop,-16210.627395438702,-6.946239811014188,3
NBCC,2023-10-23,2023-11-09,41.6,44.67,5610,dropped out of top 20 rank (now #21 of 91),17222.7,7.379807692307683,17
PERSISTENT,2023-10-25,2023-11-13,2949.3,3118.05,80,dropped out of top 20 rank (now #21 of 91),13500.0,5.721696673786991,19
KALYANKJIL,2023-10-23,2023-11-16,287.35,313.5,812,dropped out of top 20 rank (now #27 of 111),21233.79999999998,9.100400208804583,24
BSE,2023-09-20,2023-11-24,400.5,690.9133287809914,572,stop,166116.42406272708,72.512691331084,65
TATAELXSI,2023-10-26,2023-12-05,7463.5,8392.1,31,dropped out of top 20 rank (now #22 of 121),28786.600000000013,12.441883834662026,40
BAJAJ-AUTO,2023-10-23,2023-12-08,5272.0,5925.5,44,dropped out of top 20 rank (now #22 of 124),28754.0,12.395675265553873,46
PHOENIXLTD,2023-11-13,2023-12-08,1055.1,1104.5,255,failed a technical gate (trend/near-high/RSI) -- not in the top 20 at all,12597.000000000024,4.68202066154868,25
CDSL,2023-11-16,2023-12-15,892.15,945.3,313,dropped out of top 20 rank (now #23 of 116),16635.949999999993,5.957518354536795,29
OBEROIRLTY,2023-12-05,2023-12-20,1439.25,1370.003993719077,201,stop,-13918.447262465519,-4.8112562988308465,15
RBLBANK,2023-12-15,2023-12-20,292.45,272.58137711039547,1015,stop,-20166.652232948592,-6.793852928570532,5
BSE,2023-11-24,2023-12-20,723.5,770.5,382,failed a technical gate (trend/near-high/RSI) -- not in the top 20 at all,17954.0,6.496199032480998,26
RECLTD,2023-12-20,2023-12-26,404.45,419.0,713,dropped out of top 20 rank (now #21 of 118),10374.150000000009,3.597478056620096,6
MCX,2023-10-09,2023-12-27,416.0,638.0,541,dropped out of top 20 rank (now #22 of 118),120102.0,53.36538461538463,79
MOTILALOFS,2023-11-09,2023-12-27,258.0,302.7,996,failed a technical gate (trend/near-high/RSI) -- not in the top 20 at all,44521.19999999999,17.325581395348834,48
MANAPPURAM,2023-12-08,2023-12-28,163.85,172.5,1777,dropped out of top 20 rank (now #22 of 119),15371.05000000001,5.279218797680807,20
PFC,2023-12-20,2023-12-28,381.85,384.9,755,dropped out of top 20 rank (now #26 of 119),2302.7499999999654,0.7987429618960151,8
360ONE,2023-12-28,2024-01-03,708.8,655.5420799518596,424,stop,-22581.358100411515,-7.51381490521168,6
ANGELONE,2023-10-10,2024-01-16,207.2,345.99950090866196,1109,stop,153928.64650770611,66.9881761142191,98
MOTILALOFS,2023-12-29,2024-01-18,310.2,345.3708156967986,976,stop,34326.71612007546,11.338109508961525,20
PRESTIGE,2023-10-10,2024-01-23,727.5,1191.1690246177827,315,stop,146055.74275460155,63.73457383062306,105
OBEROIRLTY,2024-01-03,2024-01-23,1459.0,1441.769813887543,207,stop,-3566.648525278594,-1.1809586094898572,20
HAL,2023-12-20,2024-01-23,2665.9,2890.5,108,failed a technical gate (trend/near-high/RSI) -- not in the top 20 at all,24256.79999999999,8.424922165122473,34
BDL,2023-12-29,2024-01-23,856.2,834.8,353,failed a technical gate (trend/near-high/RSI) -- not in the top 20 at all,-7554.200000000032,-2.4994160242933994,25
MAZDOCK,2023-12-27,2024-01-30,1171.2,1143.2,254,failed a technical gate (trend/near-high/RSI) -- not in the top 20 at all,-7112.0,-2.390710382513661,34
BEL,2023-12-08,2024-02-01,158.75,183.4,1834,failed a technical gate (trend/near-high/RSI) -- not in the top 20 at all,45208.10000000001,15.527559055118111,55
HAL,2024-01-30,2024-02-05,3012.55,2932.5,105,failed a technical gate (trend/near-high/RSI) -- not in the top 20 at all,-8405.250000000018,-2.65721730759656,6
GODREJPROP,2024-01-16,2024-02-08,2304.15,2226.5007128696634,137,stop,-10637.952336856126,-3.369975354483723,23
RVNL,2024-01-24,2024-02-09,298.85,258.0,1042,stop,-42565.700000000026,-13.669064748201443,16
IRFC,2024-01-24,2024-02-12,171.9,148.76603090531026,1812,stop,-41918.75199957782,-13.457806337806721,19
NHPC,2024-01-24,2024-02-12,80.4,86.4651678089221,3874,stop,23496.46009176421,7.543741055873254,19
NBCC,2024-02-08,2024-02-12,102.6,89.46881659233046,3203,stop,-42059.180454765534,-12.798424373946915,4
BHEL,2023-12-26,2024-02-12,182.2,216.7,1638,failed a technical gate (trend/near-high/RSI) -- not in the top 20 at all,56511.0,18.935236004390777,48
OIL,2024-02-01,2024-02-13,290.9,299.1736657309451,1096,stop,9067.937641115874,2.844161475058482,12
PHOENIXLTD,2024-02-09,2024-02-13,1406.1,1278.519462624489,229,stop,-29215.943058991987,-9.073361594161932,4
MAXHEALTH,2024-02-13,2024-02-16,899.1,865.45,339,dropped out of top 20 rank (now #22 of 90),-11407.349999999993,-3.742631520409301,3
MOTILALOFS,2024-01-18,2024-02-21,380.9,420.1,827,failed a technical gate (trend/near-high/RSI) -- not in the top 20 at all,32418.400000000038,10.291415069572075,34
COALINDIA,2024-02-12,2024-02-21,406.4,406.55,749,failed a technical gate (trend/near-high/RSI) -- not in the top 20 at all,112.35000000002555,0.03690944881891145,9
IOC,2024-02-12,2024-02-27,159.93,157.89,1904,failed a technical gate (trend/near-high/RSI) -- not in the top 20 at all,-3884.160000000039,-1.2755580566497948,15
NHPC,2024-02-16,2024-02-27,92.85,90.2,3465,failed a technical gate (trend/near-high/RSI) -- not in the top 20 at all,-9182.24999999997,-2.85406569736133,11
GODREJPROP,2024-02-27,2024-02-28,2493.05,2351.438505324112,124,stop,-17559.825339810115,-5.68025088449442,1
BPCL,2024-02-15,2024-02-29,301.2,277.59778507900114,1063,stop,-25089.154461021775,-7.836060730743311,14
OFSS,2024-01-24,2024-03-02,5993.0,7083.0,51,dropped out of top 20 rank (now #25 of 96),55590.0,18.187885866844656,38
PHOENIXLTD,2024-02-13,2024-03-04,1282.35,1350.9,238,failed a technical gate (trend/near-high/RSI) -- not in the top 20 at all,16314.900000000043,5.345654462510252,20
GODFRYPHLP,2024-02-29,2024-03-12,986.0,1064.6926498564899,305,stop,24001.258206229413,7.980998971246445,12
PETRONET,2024-02-21,2024-03-12,268.15,263.3,1174,failed a technical gate (trend/near-high/RSI) -- not in the top 20 at all,-5693.89999999996,-1.808689166511268,20
ONGC,2024-02-21,2024-03-13,254.05,242.6261059499985,1240,stop,-14165.62862200187,-4.496710903366075,21
UNIONBANK,2024-03-02,2024-03-13,134.67,127.78244709700448,2291,stop,-15779.383700762712,-5.114392888539032,11
BPCL,2024-03-05,2024-03-13,297.7,276.761289981892,1068,stop,-22362.54229933934,-7.033493455864292,8
PHOENIXLTD,2024-03-12,2024-03-13,1402.8,1267.8327139544776,221,stop,-29827.77021606043,-9.621277876070877,1
BANKBARODA,2024-02-05,2024-03-13,233.95,237.2,1375,failed a technical gate (trend/near-high/RSI) -- not in the top 20 at all,4468.75,1.3891857234451743,37
OIL,2024-02-13,2024-03-13,313.25,382.55,974,failed a technical gate (trend/near-high/RSI) -- not in the top 20 at all,67498.20000000001,22.122905027932973,29
CUMMINSIND,2024-02-27,2024-03-13,2754.1,2675.95,112,failed a technical gate (trend/near-high/RSI) -- not in the top 20 at all,-8752.80000000001,-2.8375875966740516,15
HEROMOTOCO,2024-03-15,2024-03-18,4473.05,4442.75,67,failed a technical gate (trend/near-high/RSI) -- not in the top 20 at all,-2030.1000000000122,-0.6773901476621158,3
TRENT,2024-03-14,2024-03-22,2720.7,2632.4,110,dropped out of top 20 rank (now #25 of 44),-9712.99999999997,-3.24548829345388,8
BHARTIARTL,2024-03-20,2024-03-26,1231.8,1213.1,245,dropped out of top 20 rank (now #22 of 46),-4581.500000000011,-1.5181035882448457,6
ZYDUSLIFE,2024-03-13,2024-04-03,968.65,987.7,307,dropped out of top 20 rank (now #22 of 113),5848.350000000021,1.9666546224126336,21
ETERNAL,2024-03-22,2024-04-03,174.2,178.3,1786,dropped out of top 20 rank (now #27 of 113),7322.60000000004,2.3536165327210146,12
OFSS,2024-03-13,2024-04-09,7340.5,7677.0,40,failed a technical gate (trend/near-high/RSI) -- not in the top 20 at all,13460.0,4.584156392616312,27
CGPOWER,2024-03-14,2024-04-12,467.5,492.42525828571684,642,stop,16002.01581943021,5.331606050420712,29
OIL,2024-03-27,2024-04-18,399.2,402.1,798,failed a technical gate (trend/near-high/RSI) -- not in the top 20 at all,2314.200000000027,0.7264529058116365,22
GODREJPROP,2024-04-09,2024-04-19,2704.5,2509.99910400842,117,stop,-22756.60483101485,-7.191750637514504,10
ABB,2024-02-28,2024-04-19,5428.6,6292.6,55,failed a technical gate (trend/near-high/RSI) -- not in the top 20 at all,47520.0,15.915705706812066,51
BAJAJ-AUTO,2024-03-12,2024-04-19,8317.0,8587.0,37,failed a technical gate (trend/near-high/RSI) -- not in the top 20 at all,9990.0,3.246362871227615,38
HINDZINC,2024-04-18,2024-04-19,404.95,398.7,786,failed a technical gate (trend/near-high/RSI) -- not in the top 20 at all,-4912.5,-1.543400419804919,1
JSWENERGY,2024-04-19,2024-04-24,626.7,600.4,504,dropped out of top 20 rank (now #26 of 83),-13255.200000000033,-4.196585288016608,5
VEDL,2024-04-24,2024-04-26,179.85,186.15,1800,failed a technical gate (trend/near-high/RSI) -- not in the top 20 at all,11340.00000000002,3.5029190992493797,2
HAL,2024-04-03,2024-05-07,3589.3,3714.5047835331807,89,stop,11143.225734453063,3.4882785928504356,34
MAZDOCK,2024-04-26,2024-05-07,1204.3,1098.9434465848028,273,stop,-28762.33908234882,-8.748364478551618,11
BEL,2024-04-03,2024-05-07,221.5,227.4,1452,failed a technical gate (trend/near-high/RSI) -- not in the top 20 at all,8566.800000000008,2.6636568848758424,34
PHOENIXLTD,2024-04-12,2024-05-07,1498.35,1487.5,213,failed a technical gate (trend/near-high/RSI) -- not in the top 20 at all,-2311.0499999999806,-0.7241298761971438,25
MOTILALOFS,2024-04-19,2024-05-09,558.0,569.3673903639258,566,stop,6433.942945981991,2.037166731886342,20
NAM-INDIA,2024-05-07,2024-05-13,574.6,563.05,560,failed a technical gate (trend/near-high/RSI) -- not in the top 20 at all,-6468.000000000038,-2.01009397841978,6
JINDALSTEL,2024-04-22,2024-05-16,917.65,1005.25,347,dropped out of top 20 rank (now #24 of 82),30397.200000000008,9.546123249604976,24
GODREJPROP,2024-05-07,2024-05-23,2781.0,2814.75,115,dropped out of top 20 rank (now #26 of 99),3881.25,1.2135922330097193,16
EICHERMOT,2024-05-13,2024-05-28,4657.45,4770.95,71,dropped out of top 20 rank (now #25 of 96),8058.5,2.436955844936617,15
CUMMINSIND,2024-03-15,2024-05-30,2707.65,3596.8,110,failed a technical gate (trend/near-high/RSI) -- not in the top 20 at all,97806.50000000001,32.83843923697671,76
SUPREMEIND,2024-05-07,2024-05-31,5247.35,5277.6,61,failed a technical gate (trend/near-high/RSI) -- not in the top 20 at all,1845.25,0.576481462071321,24
SIEMENS,2024-03-14,2024-06-04,3619.6,5197.305693169137,82,stop,129371.86683986925,43.58784653467613,82
CGPOWER,2024-04-19,2024-06-04,533.9,608.2986054357098,592,stop,44043.97441794019,13.934932653251497,46
ABB,2024-05-07,2024-06-04,6888.45,8045.552932333119,46,stop,53226.734887323495,16.797725647034078,28
HAL,2024-05-09,2024-06-04,3846.65,4665.954117472403,83,stop,68002.24175020942,21.29915946271177,26
MAZDOCK,2024-05-16,2024-06-04,1219.9,1406.3432804007691,288,stop,53695.66475542148,15.283488843410865,19
OBEROIRLTY,2024-05-23,2024-06-04,1788.1,1695.8263759944157,205,stop,-18916.092921144766,-5.160428611687506,12
BEL,2024-05-30,2024-06-04,290.65,284.530983215078,1261,stop,-7716.080165786637,-2.1052870410879,5
BDL,2024-05-29,2024-06-05,1540.8,1361.2616894654007,240,stop,-43089.19452830384,-11.652278721092891,7
COCHINSHIP,2024-05-31,2024-06-05,1947.65,1701.7793195079328,187,stop,-45977.81725201659,-12.623966343648362,5
CGPOWER,2024-06-04,2024-06-10,627.0,654.75,547,dropped out of top 20 rank (now #25 of 87),15179.25,4.425837320574155,6
HAL,2024-06-07,2024-06-10,4745.15,4812.7,73,failed a technical gate (trend/near-high/RSI) -- not in the top 20 at all,4931.150000000013,1.4235587916082704,3
SUPREMEIND,2024-06-06,2024-06-21,5729.5,5864.55,60,dropped out of top 20 rank (now #26 of 123),8103.000000000011,2.3570992233179267,15
OBEROIRLTY,2024-06-04,2024-06-25,1745.25,1829.3,196,failed a technical gate (trend/near-high/RSI) -- not in the top 20 at all,16473.799999999992,4.815928950007153,21
M&M,2024-06-05,2024-07-05,2740.95,2880.6,124,dropped out of top 20 rank (now #23 of 122),17316.600000000013,5.09494883160948,30
UNOMINDA,2024-06-05,2024-07-10,861.05,1060.25,395,failed a technical gate (trend/near-high/RSI) -- not in the top 20 at all,78684.00000000001,23.134545032228093,35
PHOENIXLTD,2024-06-04,2024-07-12,1628.85,1951.4,210,dropped out of top 20 rank (now #28 of 115),67735.50000000004,19.802314516376597,38
HAL,2024-06-21,2024-07-16,5170.55,5329.4,72,failed a technical gate (trend/near-high/RSI) -- not in the top 20 at all,11437.19999999996,3.0722070185956962,25
DIXON,2024-07-16,2024-07-18,12551.8,11891.77549333279,32,stop,-21120.78421335068,-5.258405222097295,2
BDL,2024-06-10,2024-07-18,1418.85,1546.45,246,failed a technical gate (trend/near-high/RSI) -- not in the top 20 at all,31389.600000000035,8.993198717271046,38
BEL,2024-06-10,2024-07-18,283.4,313.55,1235,failed a technical gate (trend/near-high/RSI) -- not in the top 20 at all,37235.250000000044,10.63867325335217,38
NBCC,2024-07-12,2024-07-19,126.53,114.33790271811878,3332,stop,-40624.068143228214,-9.635736411824247,7
PGEL,2024-06-25,2024-07-19,327.3,350.3,1160,failed a technical gate (trend/near-high/RSI) -- not in the top 20 at all,26680.0,7.027192178429575,24
KAYNES,2024-07-05,2024-07-19,4238.8,3901.85,100,failed a technical gate (trend/near-high/RSI) -- not in the top 20 at all,-33695.00000000003,-7.949183731244702,14
MOTHERSON,2024-07-10,2024-07-19,133.67,128.13,3145,failed a technical gate (trend/near-high/RSI) -- not in the top 20 at all,-17423.299999999974,-4.144535049001263,9
COCHINSHIP,2024-06-07,2024-07-25,1912.75,2461.75,182,failed a technical gate (trend/near-high/RSI) -- not in the top 20 at all,99918.0,28.7021304404653,48
MAZDOCK,2024-06-07,2024-07-25,1576.6,2428.25,221,failed a technical gate (trend/near-high/RSI) -- not in the top 20 at all,188214.65000000002,54.018140301915516,48
SONACOMS,2024-07-19,2024-07-29,693.5,685.05,566,failed a technical gate (trend/near-high/RSI) -- not in the top 20 at all,-4782.700000000026,-1.2184571016582657,10
OFSS,2024-07-18,2024-07-31,10306.5,10404.0,38,dropped out of top 20 rank (now #25 of 113),3705.0,0.9460049483335675,13
PERSISTENT,2024-07-19,2024-08-02,4583.45,4636.35,85,failed a technical gate (trend/near-high/RSI) -- not in the top 20 at all,4496.500000000046,1.1541524397560954,14
COCHINSHIP,2024-07-31,2024-08-02,2620.15,2537.9,155,failed a technical gate (trend/near-high/RSI) -- not in the top 20 at all,-12748.75,-3.1391332557296314,2
CAMS,2024-08-02,2024-08-05,873.7,797.3951789550221,453,stop,-34566.08393337503,-8.733526501657085,3
RVNL,2024-07-19,2024-08-05,613.75,550.8,640,failed a technical gate (trend/near-high/RSI) -- not in the top 20 at all,-40288.00000000003,-10.256619144602864,17
MAZDOCK,2024-07-30,2024-08-05,2684.5,2399.75,152,failed a technical gate (trend/near-high/RSI) -- not in the top 20 at all,-43282.0,-10.607189420748742,6
360ONE,2024-07-23,2024-08-06,1000.3,998.4138281095038,396,stop,-746.9240686364728,-0.1885606208633539,14
NAUKRI,2024-08-05,2024-08-06,1395.0,1361.0,273,failed a technical gate (trend/near-high/RSI) -- not in the top 20 at all,-9282.0,-2.437275985663079,1
KALYANKJIL,2024-07-18,2024-08-08,519.45,536.55,772,failed a technical gate (trend/near-high/RSI) -- not in the top 20 at all,13201.19999999993,3.291943401674824,21
ZYDUSLIFE,2024-08-05,2024-08-13,1227.55,1194.3538895480233,310,stop,-10290.794240112766,-2.7042572972161394,8
PETRONET,2024-07-26,2024-08-13,355.75,351.6,1118,dropped out of top 20 rank (now #21 of 57),-4639.699999999974,-1.1665495432185424,18
SUNPHARMA,2024-08-06,2024-08-16,1707.55,1742.75,222,dropped out of top 20 rank (now #24 of 77),7814.400000000011,2.0614330473485376,10
TORNTPHARM,2024-08-06,2024-08-19,3220.55,3349.35,118,dropped out of top 20 rank (now #22 of 79),15198.399999999969,3.9993168868671436,13
PIIND,2024-08-07,2024-08-20,4422.2,4327.25,87,dropped out of top 20 rank (now #21 of 85),-8260.649999999983,-2.1471213423183033,13
KALYANKJIL,2024-08-16,2024-08-20,572.95,541.9,706,failed a technical gate (trend/near-high/RSI) -- not in the top 20 at all,-21921.300000000047,-5.4193210576839235,4
OIL,2024-08-08,2024-08-21,612.85,671.3,633,dropped out of top 20 rank (now #23 of 95),36998.849999999955,9.537407195888047,13
KAYNES,2024-07-25,2024-08-28,4175.15,4881.6,95,dropped out of top 20 rank (now #23 of 114),67112.75000000007,16.920350167059883,34
ETERNAL,2024-08-06,2024-08-29,249.08,252.34,1528,failed a technical gate (trend/near-high/RSI) -- not in the top 20 at all,4981.279999999986,1.3088164445158146,23
NAM-INDIA,2024-08-20,2024-08-29,704.0,676.8,580,failed a technical gate (trend/near-high/RSI) -- not in the top 20 at all,-15776.000000000025,-3.863636363636369,9
KFINTECH,2024-08-13,2024-09-06,1016.35,997.5383765505933,387,stop,-7280.098274920408,-1.850900127850319,24
CDSL,2024-08-20,2024-09-09,1443.05,1400.0,283,stop,-12183.149999999987,-2.983264613145764,20
NYKAA,2024-08-29,2024-09-12,209.55,207.69,1928,failed a technical gate (trend/near-high/RSI) -- not in the top 20 at all,-3586.0800000000263,-0.8876163206871901,14
ALKEM,2024-09-06,2024-09-18,6309.95,6090.3,67,failed a technical gate (trend/near-high/RSI) -- not in the top 20 at all,-14716.549999999976,-3.4810101506351,12
LUPIN,2024-09-09,2024-09-19,2216.8,2171.9,190,failed a technical gate (trend/near-high/RSI) -- not in the top 20 at all,-8531.000000000018,-2.0254420786719685,10
PNBHOUSING,2024-09-18,2024-09-24,1075.1,995.7,404,failed a technical gate (trend/near-high/RSI) -- not in the top 20 at all,-32077.599999999944,-7.385359501441712,6
GODFRYPHLP,2024-08-29,2024-09-27,2043.0,2341.704273721826,197,stop,58844.74192319976,14.620865086726686,29
CDSL,2024-09-19,2024-09-27,1511.1,1463.05,285,dropped out of top 20 rank (now #26 of 107),-13694.249999999987,-3.1798027926675854,8
ETERNAL,2024-09-12,2024-09-30,283.9,273.3,1501,failed a technical gate (trend/near-high/RSI) -- not in the top 20 at all,-15910.59999999995,-3.7337090524832584,18
MOTILALOFS,2024-08-21,2024-10-01,694.85,742.8,589,failed a technical gate (trend/near-high/RSI) -- not in the top 20 at all,28242.54999999996,6.900769950348984,41
BAJAJFINSV,2024-09-27,2024-10-03,2010.7,1921.107616073152,213,stop,-19083.177776418626,-4.455780769227036,6
TRENT,2024-08-13,2024-10-04,4254.5,4852.763733770615,92,stop,55040.26350689655,14.061904660256541,52
PGEL,2024-07-23,2024-10-04,370.7,609.85,1069,failed a technical gate (trend/near-high/RSI) -- not in the top 20 at all,255651.35000000003,64.51308335581334,73
VOLTAS,2024-09-30,2024-10-04,1845.1,1809.6,230,failed a technical gate (trend/near-high/RSI) -- not in the top 20 at all,-8165.0,-1.9240149585388333,4
BAJAJ-AUTO,2024-10-01,2024-10-04,11857.0,11483.5,36,failed a technical gate (trend/near-high/RSI) -- not in the top 20 at all,-13446.0,-3.150037952264484,3
KFINTECH,2024-10-03,2024-10-04,1082.4,1015.65,390,failed a technical gate (trend/near-high/RSI) -- not in the top 20 at all,-26032.500000000044,-6.166851441241694,1
KALYANKJIL,2024-08-28,2024-10-07,611.2,680.3500873602461,673,stop,46538.0087934456,11.313823193757532,40
BLUESTARCO,2024-09-27,2024-10-07,2119.5,1973.1787439444097,202,stop,-29556.893723229245,-6.903574241830168,10
ALKEM,2024-10-07,2024-10-10,6160.25,6137.1,66,failed a technical gate (trend/near-high/RSI) -- not in the top 20 at all,-1527.899999999976,-0.3757964368329203,3
NAUKRI,2024-08-19,2024-10-17,1478.5,1596.0,276,failed a technical gate (trend/near-high/RSI) -- not in the top 20 at all,32430.0,7.947243828204265,59
TRENT,2024-10-08,2024-10-17,5361.3,5146.4,78,failed a technical gate (trend/near-high/RSI) -- not in the top 20 at all,-16762.20000000004,-4.008356182269235,9
LTM,2024-10-08,2024-10-18,6376.8,6054.570114562654,65,stop,-20944.94255342747,-5.0531596637395815,10
KALYANKJIL,2024-10-10,2024-10-18,718.8,718.95,582,failed a technical gate (trend/near-high/RSI) -- not in the top 20 at all,87.30000000005293,0.020868113522554133,8
BSE,2024-09-24,2024-10-22,1326.5,1363.5,330,failed a technical gate (trend/near-high/RSI) -- not in the top 20 at all,12210.0,2.7892951375801056,28
SUNPHARMA,2024-10-07,2024-10-22,1905.25,1887.55,214,failed a technical gate (trend/near-high/RSI) -- not in the top 20 at all,-3787.8000000000097,-0.9290119406902053,15
NAM-INDIA,2024-10-17,2024-10-22,707.6,659.8,596,closed below 200 EMA,-28488.80000000004,-6.755228942905611,5
CDSL,2024-10-18,2024-10-22,1579.3,1460.85,269,failed a technical gate (trend/near-high/RSI) -- not in the top 20 at all,-31863.050000000014,-7.50015829798012,4
MOTILALOFS,2024-10-17,2024-10-25,929.4,868.2492444652808,454,stop,-27762.443012762527,-6.579594957469248,8
DIXON,2024-10-18,2024-10-25,15381.8,14515.327104631431,27,stop,-23394.768174951336,-5.633104678051781,7
BSE,2024-10-24,2024-10-25,1441.5,1354.0,290,failed a technical gate (trend/near-high/RSI) -- not in the top 20 at all,-25375.0,-6.070065903572663,1
HCLTECH,2024-10-07,2024-10-31,1776.95,1759.5912395806506,229,stop,-3975.156136031021,-0.9768851357297326,24
TECHM,2024-10-23,2024-10-31,1661.6,1572.527510709172,253,stop,-22535.339790579455,-5.360645720439816,8
PERSISTENT,2024-10-24,2024-10-31,5691.2,5372.5,73,failed a technical gate (trend/near-high/RSI) -- not in the top 20 at all,-23265.099999999988,-5.599873488895135,7
WIPRO,2024-10-23,2024-11-04,261.5,258.5,1613,failed a technical gate (trend/near-high/RSI) -- not in the top 20 at all,-4839.0,-1.147227533460804,12
RADICO,2024-10-28,2024-11-11,2297.8,2289.7,179,failed a technical gate (trend/near-high/RSI) -- not in the top 20 at all,-1449.9000000000651,-0.35251109757160615,14
MCX,2024-10-04,2024-11-12,1161.0,1221.9647890186618,358,stop,21825.394468680926,5.251058485672844,39
NAM-INDIA,2024-11-01,2024-11-12,713.45,692.0,569,failed a technical gate (trend/near-high/RSI) -- not in the top 20 at all,-12205.050000000027,-3.006517625621985,11
CDSL,2024-11-01,2024-11-12,1558.0,1521.9,260,failed a technical gate (trend/near-high/RSI) -- not in the top 20 at all,-9385.999999999976,-2.3170731707316983,11
MOTILALOFS,2024-10-29,2024-11-13,947.8,898.8,436,failed a technical gate (trend/near-high/RSI) -- not in the top 20 at all,-21364.0,-5.169867060561295,15
WIPRO,2024-11-11,2024-11-18,274.05,260.07191203067083,1481,stop,-20701.548282576518,-5.100561200266074,7
PGEL,2024-11-04,2024-11-18,625.6,624.3,639,failed a technical gate (trend/near-high/RSI) -- not in the top 20 at all,-830.7000000000436,-0.20780051150895984,14
TECHM,2024-11-12,2024-11-18,1614.7,1589.7,250,failed a technical gate (trend/near-high/RSI) -- not in the top 20 at all,-6250.0,-1.5482752214033613,6
INFY,2024-11-14,2024-11-18,1825.1,1773.1,218,closed below 200 EMA,-11336.0,-2.849158950194508,4
HCLTECH,2024-11-12,2024-11-19,1872.85,1820.55,215,failed a technical gate (trend/near-high/RSI) -- not in the top 20 at all,-11244.49999999999,-2.7925354406385994,7
BSE,2024-10-31,2024-11-26,1488.5,1477.0,271,failed a technical gate (trend/near-high/RSI) -- not in the top 20 at all,-3116.5,-0.7725898555592914,26
AMBER,2024-10-04,2024-11-28,4918.9,5992.25,84,failed a technical gate (trend/near-high/RSI) -- not in the top 20 at all,90161.40000000002,21.820935575026958,55
HCLTECH,2024-11-26,2024-11-28,1899.55,1840.9,214,failed a technical gate (trend/near-high/RSI) -- not in the top 20 at all,-12551.099999999971,-3.087573372640884,2
TECHM,2024-11-21,2024-12-09,1629.4,1701.7,246,dropped out of top 20 rank (now #22 of 80),17785.79999999999,4.4372161531852194,18
ETERNAL,2024-11-28,2024-12-20,286.13,274.20063660953247,1406,stop,-16772.684926997346,-4.169210984680927,22
BSE,2024-12-09,2024-12-27,1822.5,1759.5,234,failed a technical gate (trend/near-high/RSI) -- not in the top 20 at all,-14742.0,-3.4567901234567877,18
NAM-INDIA,2024-12-20,2024-12-27,750.25,731.25,576,failed a technical gate (trend/near-high/RSI) -- not in the top 20 at all,-10944.0,-2.532489170276575,7
WIPRO,2024-11-21,2024-12-31,266.3,288.5,1508,failed a technical gate (trend/near-high/RSI) -- not in the top 20 at all,33477.599999999984,8.336462636124665,40
COFORGE,2024-10-25,2025-01-02,1548.0,1939.5,264,dropped out of top 20 rank (now #23 of 56),103356.0,25.290697674418606,69
PERSISTENT,2024-11-12,2025-01-03,5680.15,6405.95,71,dropped out of top 20 rank (now #21 of 53),51531.80000000001,12.777831571349353,52
PAYTM,2024-11-21,2025-01-03,845.4,982.8,475,dropped out of top 20 rank (now #26 of 53),65264.99999999999,16.252661462029817,43
INDHOTEL,2024-11-18,2025-01-06,737.2,844.25,535,failed a technical gate (trend/near-high/RSI) -- not in the top 20 at all,57271.74999999998,14.521161150298422,49
MOTILALOFS,2025-01-03,2025-01-06,971.2,925.25,458,closed below 200 EMA,-21045.10000000002,-4.731260296540363,3
NAUKRI,2024-11-28,2025-01-07,1640.5,1687.5,245,failed a technical gate (trend/near-high/RSI) -- not in the top 20 at all,11515.0,2.8649801889667703,40
360ONE,2024-12-27,2025-01-07,1250.9,1217.3,350,failed a technical gate (trend/near-high/RSI) -- not in the top 20 at all,-11760.000000000047,-2.6860660324566465,11
POLICYBZR,2024-12-27,2025-01-07,2052.75,2079.55,213,failed a technical gate (trend/near-high/RSI) -- not in the top 20 at all,5708.400000000039,1.3055657045426994,11
KAYNES,2025-01-03,2025-01-08,7544.7,6938.4385388913515,59,stop,-35769.42620541025,-8.03559400782865,5
LUPIN,2025-01-07,2025-01-08,2357.65,2251.180081918926,182,stop,-19377.52509075546,-4.515934005517098,1
PGEL,2024-11-21,2025-01-09,683.15,922.2,588,failed a technical gate (trend/near-high/RSI) -- not in the top 20 at all,140561.40000000005,34.99231501134452,49
MANKIND,2025-01-02,2025-01-09,2901.9,2828.05,153,failed a technical gate (trend/near-high/RSI) -- not in the top 20 at all,-11299.049999999987,-2.5448843860918724,7
KFINTECH,2024-12-31,2025-01-10,1537.25,1370.1033587153022,287,stop,-47971.08604870827,-10.87309424522347,10
MAXHEALTH,2025-01-07,2025-01-10,1198.35,1149.9,358,failed a technical gate (trend/near-high/RSI) -- not in the top 20 at all,-17345.099999999933,-4.0430592064087945,3
LUPIN,2025-01-08,2025-01-10,2252.15,2191.1,186,failed a technical gate (trend/near-high/RSI) -- not in the top 20 at all,-11355.300000000034,-2.7107430677352884,2
AMBER,2025-01-07,2025-01-13,8060.4,7347.113391509496,53,stop,-37804.19024999669,-8.849270613003124,6
MUTHOOTFIN,2025-01-07,2025-01-13,2209.15,2094.4325713404573,194,stop,-22255.181159951295,-5.192831118735386,6
DRREDDY,2025-01-09,2025-01-13,1371.6,1335.1,304,failed a technical gate (trend/near-high/RSI) -- not in the top 20 at all,-11096.0,-2.6611256926217575,4
JUBLFOOD,2025-01-10,2025-01-13,737.0,706.6,558,failed a technical gate (trend/near-high/RSI) -- not in the top 20 at all,-16963.199999999986,-4.124830393487111,3
HCLTECH,2025-01-10,2025-01-14,1995.1,1904.519678893364,206,stop,-18659.546147966994,-4.540139396854093,4
INFY,2025-01-13,2025-01-16,1920.6,1887.6,210,failed a technical gate (trend/near-high/RSI) -- not in the top 20 at all,-6930.0,-1.718213058419249,3
TCS,2025-01-15,2025-01-16,4249.6,4206.3,94,closed below 200 EMA,-4070.200000000017,-1.0189194277108515,1
DRREDDY,2025-01-15,2025-01-16,1337.2,1302.75,300,closed below 200 EMA,-10335.000000000015,-2.576278791504638,1
UNOMINDA,2025-01-17,2025-01-20,1082.65,1038.55,371,closed below 200 EMA,-16361.100000000051,-4.073338567404072,3
EICHERMOT,2025-01-15,2025-01-21,5081.9,4969.95,79,failed a technical gate (trend/near-high/RSI) -- not in the top 20 at all,-8844.049999999985,-2.202916232117902,6
BSE,2025-01-16,2025-01-27,1998.0,1840.3180787140245,201,stop,-31694.066178481073,-7.891988052351129,11
BIOCON,2025-01-14,2025-01-27,387.65,370.25,1041,failed a technical gate (trend/near-high/RSI) -- not in the top 20 at all,-18113.399999999976,-4.488585063846251,13
MUTHOOTFIN,2025-01-15,2025-01-27,2179.55,2139.0,184,failed a technical gate (trend/near-high/RSI) -- not in the top 20 at all,-7461.2000000000335,-1.8604757862861643,12
MANAPPURAM,2025-01-23,2025-01-27,196.85,184.46,2053,failed a technical gate (trend/near-high/RSI) -- not in the top 20 at all,-25436.669999999973,-6.294132588265167,4
BAJAJHLDNG,2025-01-27,2025-01-28,11193.2,11029.3,35,failed a technical gate (trend/near-high/RSI) -- not in the top 20 at all,-5736.500000000051,-1.4642818854304518,1
ITC,2025-01-13,2025-01-29,418.65,413.2,967,failed a technical gate (trend/near-high/RSI) -- not in the top 20 at all,-5270.149999999989,-1.3018034157410652,16
BAJAJFINSV,2025-01-21,2025-02-01,1717.0,1664.9712388726468,233,stop,-12122.701342673286,-3.030213228151024,11
EICHERMOT,2025-01-28,2025-02-11,5105.4,5107.941305355118,77,stop,195.68051234410996,0.04977681190736494,14
MUTHOOTFIN,2025-02-01,2025-02-11,2182.45,2188.2,186,failed a technical gate (trend/near-high/RSI) -- not in the top 20 at all,1069.5,0.2634653714861823,10
MANAPPURAM,2025-01-30,2025-02-12,199.14,185.93977366261308,2020,stop,-26664.457201521556,-6.628616218432715,13
SRF,2025-01-13,2025-02-14,2516.0,2752.25,161,failed a technical gate (trend/near-high/RSI) -- not in the top 20 at all,38036.25,9.389904610492849,32
WIPRO,2025-01-27,2025-02-14,294.35,300.35,1334,failed a technical gate (trend/near-high/RSI) -- not in the top 20 at all,8004.0,2.038389672158991,18
INDIGO,2025-02-12,2025-02-14,4337.5,4223.3,93,closed below 200 EMA,-10620.599999999984,-2.632853025936599,2
CIPLA,2025-02-18,2025-02-19,1482.1,1464.15,275,closed below 200 EMA,-4936.24999999995,-1.2111193576681667,1
MARUTI,2025-01-28,2025-02-20,12123.75,12442.90269656432,32,stop,10212.88629005826,2.632458575641361,23
HDFCBANK,2025-02-18,2025-02-20,861.5,843.6,473,closed below 200 EMA,-8466.69999999999,-2.0777713290771938,2
MUTHOOTFIN,2025-02-14,2025-02-21,2254.9,2212.1,180,failed a technical gate (trend/near-high/RSI) -- not in the top 20 at all,-7704.000000000033,-1.8980886070335767,7
WIPRO,2025-02-19,2025-02-21,306.2,298.65,1327,failed a technical gate (trend/near-high/RSI) -- not in the top 20 at all,-10018.850000000015,-2.465708687132595,2
BAJAJHLDNG,2025-02-12,2025-02-25,11877.1,11642.05,34,failed a technical gate (trend/near-high/RSI) -- not in the top 20 at all,-7991.700000000037,-1.9790184472640693,13
CIPLA,2025-02-21,2025-02-25,1475.75,1463.35,272,closed below 200 EMA,-3372.8000000000247,-0.8402507199729015,4
KOTAKBANK,2025-01-28,2025-02-28,377.6,380.6,1048,failed a technical gate (trend/near-high/RSI) -- not in the top 20 at all,3144.0,0.7944915254237239,31
ASHOKLEY,2025-02-27,2025-02-28,112.7,106.45,3596,closed below 200 EMA,-22475.0,-5.545696539485356,1
BAJAJFINSV,2025-02-13,2025-03-04,1849.25,1790.3,221,failed a technical gate (trend/near-high/RSI) -- not in the top 20 at all,-13027.95000000001,-3.1877788292551057,19
MANAPPURAM,2025-02-24,2025-03-04,204.03,197.58,1967,failed a technical gate (trend/near-high/RSI) -- not in the top 20 at all,-12687.149999999978,-3.1612998088516364,8
BAJFINANCE,2025-01-10,2025-03-05,729.0,830.0,564,failed a technical gate (trend/near-high/RSI) -- not in the top 20 at all,56964.0,13.854595336076825,54
BAJFINANCE,2025-03-07,2025-03-10,840.5,834.0,475,failed a technical gate (trend/near-high/RSI) -- not in the top 20 at all,-3087.5,-0.7733491969066031,3
PGEL,2025-03-10,2025-03-12,899.05,854.5,441,failed a technical gate (trend/near-high/RSI) -- not in the top 20 at all,-19646.54999999998,-4.9552305211056025,2
SBICARD,2025-01-17,2025-03-13,740.85,829.85,543,failed a technical gate (trend/near-high/RSI) -- not in the top 20 at all,48327.0,12.0132280488628,55
BLUESTARCO,2025-03-05,2025-03-21,2131.2,2152.7,186,dropped out of top 20 rank (now #26 of 37),3999.0,1.0088213213213182,16
SRF,2025-02-21,2025-03-25,2778.9,2945.65,144,dropped out of top 20 rank (now #21 of 41),24012.0,6.000575767389971,32
HINDALCO,2025-03-06,2025-03-27,681.95,693.35,586,dropped out of top 20 rank (now #21 of 40),6680.399999999987,1.6716768091502354,21
CHOLAFIN,2025-02-28,2025-04-01,1400.75,1468.25,283,failed a technical gate (trend/near-high/RSI) -- not in the top 20 at all,19102.5,4.818847046225239,32
SHRIRAMFIN,2025-03-03,2025-04-01,621.3,637.45,638,failed a technical gate (trend/near-high/RSI) -- not in the top 20 at all,10303.700000000059,2.5993883792049033,29
BAJFINANCE,2025-03-13,2025-04-02,842.0,867.0,468,failed a technical gate (trend/near-high/RSI) -- not in the top 20 at all,11700.0,2.9691211401425166,20
SBICARD,2025-04-01,2025-04-03,862.1,850.3,475,failed a technical gate (trend/near-high/RSI) -- not in the top 20 at all,-5605.000000000033,-1.3687507249739106,2
INDIGO,2025-02-20,2025-04-07,4501.45,4748.465848614266,90,stop,22231.426375283972,5.487472894606538,46
KOTAKBANK,2025-03-12,2025-04-07,396.5,403.7,1001,stop,7207.199999999989,1.815889029003781,26
MUTHOOTFIN,2025-03-21,2025-04-07,2356.6,2150.0,177,stop,-36568.19999999998,-8.766867521004828,17
BAJAJFINSV,2025-03-25,2025-04-07,1945.05,1835.0,215,stop,-23660.74999999999,-5.657952237731678,13
MAZDOCK,2025-03-27,2025-04-07,2695.35,2221.05,155,stop,-73516.49999999996,-17.59697256385997,11
BSE,2025-04-02,2025-04-07,1885.0,1666.5,217,stop,-47414.5,-11.591511936339527,5
INDHOTEL,2025-04-03,2025-04-07,831.05,744.0,494,stop,-43002.699999999975,-10.474700679862814,4
HDFCBANK,2025-04-02,2025-04-07,898.4,878.8,456,failed a technical gate (trend/near-high/RSI) -- not in the top 20 at all,-8937.60000000001,-2.1816562778272486,5
TORNTPHARM,2025-04-08,2025-04-09,3246.6,3126.8,118,closed below 200 EMA,-14136.399999999969,-3.6900141686687538,1
PIDILITIND,2025-04-09,2025-04-16,1469.9,1513.2,262,dropped out of top 20 rank (now #22 of 43),11344.599999999988,2.9457786243962225,7
TATACONSUM,2025-04-09,2025-04-16,1089.75,1105.9,353,dropped out of top 20 rank (now #24 of 43),5700.950000000032,1.481991282404227,7
HDFCLIFE,2025-04-08,2025-04-17,685.75,720.05,562,failed a technical gate (trend/near-high/RSI) -- not in the top 20 at all,19276.599999999973,5.00182282172803,9
MFSL,2025-04-08,2025-04-17,1132.35,1218.0,340,dropped out of top 20 rank (now #22 of 47),29121.00000000003,7.563915750430539,9
SHRIRAMFIN,2025-04-17,2025-04-25,691.75,640.6948737187944,580,stop,-29611.97324309926,-7.380574814774931,8
MANAPPURAM,2025-03-06,2025-04-25,203.54,226.93,1965,failed a technical gate (trend/near-high/RSI) -- not in the top 20 at all,45961.35000000003,11.491598702957662,50
LTF,2025-04-25,2025-04-28,172.99,161.5093994542209,2323,stop,-26669.435067844875,-6.636568903277129,3
BAJAJFINSV,2025-04-09,2025-04-30,1895.7,1939.7321172983345,203,stop,8938.519811561897,2.3227365774296738,21
BAJFINANCE,2025-04-11,2025-04-30,892.0,861.7556844695237,434,stop,-13126.032940226733,-3.39061833301304,19
INDIGO,2025-04-07,2025-05-08,4988.7,5109.429907986336,76,stop,9175.473006961536,2.4200675123045245,31
HDFCBANK,2025-04-16,2025-05-09,939.0,944.8,421,failed a technical gate (trend/near-high/RSI) -- not in the top 20 at all,2441.799999999981,0.6176783812566589,23
HDFCAMC,2025-04-25,2025-05-09,2105.0,2051.6,190,failed a technical gate (trend/near-high/RSI) -- not in the top 20 at all,-10146.000000000018,-2.5368171021377672,14
ICICIBANK,2025-04-28,2025-05-09,1428.8,1388.9,282,failed a technical gate (trend/near-high/RSI) -- not in the top 20 at all,-11251.799999999961,-2.7925531914893553,11
GODFRYPHLP,2025-04-16,2025-05-21,2448.0,2851.0,161,dropped out of top 20 rank (now #25 of 59),64883.0,16.462418300653603,35
INDIGO,2025-05-13,2025-05-23,5521.0,5521.0,75,dropped out of top 20 rank (now #22 of 60),0.0,0.0,10
MAZDOCK,2025-04-30,2025-06-11,3057.6,3322.8157328919056,129,stop,34212.82954305583,8.673983938118312,42
BDL,2025-05-12,2025-06-12,1569.9,1871.0,256,failed a technical gate (trend/near-high/RSI) -- not in the top 20 at all,77081.59999999998,19.179565577425308,31
NAM-INDIA,2025-05-23,2025-06-12,725.25,736.35,593,failed a technical gate (trend/near-high/RSI) -- not in the top 20 at all,6582.300000000014,1.5305067218200685,20
BSE,2025-04-07,2025-06-13,1727.5,2653.0,220,stop,203610.0,53.574529667149065,67
PNBHOUSING,2025-04-17,2025-06-13,990.65,1055.6,405,failed a technical gate (trend/near-high/RSI) -- not in the top 20 at all,26304.74999999997,6.556301418260735,57
ANGELONE,2025-06-11,2025-06-13,311.4,292.5,1452,failed a technical gate (trend/near-high/RSI) -- not in the top 20 at all,-27442.799999999967,-6.0693641618497,2
HDFCAMC,2025-05-13,2025-06-16,2159.8,2299.7,192,stop,26860.79999999993,6.477451615890351,34
BSE,2025-06-13,2025-06-18,2711.2,2633.2,161,failed a technical gate (trend/near-high/RSI) -- not in the top 20 at all,-12558.0,-2.8769548539392176,5
HAL,2025-05-21,2025-06-19,5001.1,4902.3,85,failed a technical gate (trend/near-high/RSI) -- not in the top 20 at all,-8398.000000000015,-1.9755653756173719,29
CDSL,2025-06-18,2025-06-19,1680.3,1637.8,261,failed a technical gate (trend/near-high/RSI) -- not in the top 20 at all,-11092.5,-2.529310242218652,1
BDL,2025-06-16,2025-06-24,1888.0,1851.7,233,failed a technical gate (trend/near-high/RSI) -- not in the top 20 at all,-8457.899999999989,-1.9226694915254194,8
BSE,2025-06-24,2025-07-04,2785.6,2635.2,160,failed a technical gate (trend/near-high/RSI) -- not in the top 20 at all,-24064.000000000015,-5.399195864445727,10
HDFCAMC,2025-06-19,2025-07-07,2386.8,2446.0,182,failed a technical gate (trend/near-high/RSI) -- not in the top 20 at all,10774.399999999967,2.4803083626612876,18
MCX,2025-06-12,2025-07-11,1502.0,1656.6749616185812,294,stop,45474.43871586286,10.297933529865588,29
BEL,2025-04-30,2025-07-11,314.1,409.3,1264,failed a technical gate (trend/near-high/RSI) -- not in the top 20 at all,120332.79999999999,30.308818847500785,72
GVT&D,2025-06-12,2025-07-11,2308.6,2332.9,191,failed a technical gate (trend/near-high/RSI) -- not in the top 20 at all,4641.300000000035,1.0525859828467654,29
CDSL,2025-07-04,2025-07-11,1762.5,1688.7,257,failed a technical gate (trend/near-high/RSI) -- not in the top 20 at all,-18966.599999999988,-4.1872340425531895,7
AUBANK,2025-05-08,2025-07-16,689.0,797.75,573,failed a technical gate (trend/near-high/RSI) -- not in the top 20 at all,62313.75,15.78374455732947,69
LTF,2025-07-07,2025-07-17,207.77,199.78,2175,failed a technical gate (trend/near-high/RSI) -- not in the top 20 at all,-17378.25000000002,-3.8455984983395197,10
ABCAPITAL,2025-06-19,2025-07-18,255.68,264.35,1701,failed a technical gate (trend/near-high/RSI) -- not in the top 20 at all,14747.670000000027,3.390957446808507,29
360ONE,2025-06-16,2025-07-22,1169.6,1131.0625094890302,376,stop,-14490.096432124625,-3.294929079255282,36
MOTILALOFS,2025-07-11,2025-07-24,934.4,904.9,472,failed a technical gate (trend/near-high/RSI) -- not in the top 20 at all,-13924.0,-3.1571061643835607,13
GODFRYPHLP,2025-07-16,2025-07-24,3106.0,2935.0,143,failed a technical gate (trend/near-high/RSI) -- not in the top 20 at all,-24453.0,-5.505473277527361,8
NAM-INDIA,2025-07-11,2025-07-25,804.85,809.7,548,failed a technical gate (trend/near-high/RSI) -- not in the top 20 at all,2657.8000000000125,0.6025967571597235,14
POLYCAB,2025-07-17,2025-07-25,6886.0,6734.5,64,failed a technical gate (trend/near-high/RSI) -- not in the top 20 at all,-9696.0,-2.200116177751965,8
MANAPPURAM,2025-07-18,2025-07-25,271.3,265.65,1638,failed a technical gate (trend/near-high/RSI) -- not in the top 20 at all,-9254.700000000055,-2.082565425727989,7
RBLBANK,2025-07-14,2025-07-28,263.38,253.26,1676,failed a technical gate (trend/near-high/RSI) -- not in the top 20 at all,-16961.120000000006,-3.842357050649259,14
LTF,2025-07-24,2025-07-28,210.1,201.99,2075,failed a technical gate (trend/near-high/RSI) -- not in the top 20 at all,-16828.24999999997,-3.8600666349357327,4
MUTHOOTFIN,2025-06-13,2025-07-29,2598.7,2617.1,168,failed a technical gate (trend/near-high/RSI) -- not in the top 20 at all,3091.2000000000153,0.7080463308577478,46
POLYCAB,2025-07-29,2025-08-01,6962.5,6698.0,61,failed a technical gate (trend/near-high/RSI) -- not in the top 20 at all,-16134.5,-3.7989228007181297,3
GLENMARK,2025-07-22,2025-08-05,2157.9,2052.6,205,failed a technical gate (trend/near-high/RSI) -- not in the top 20 at all,-21586.500000000036,-4.879744195745872,14
MOTILALOFS,2025-07-30,2025-08-05,933.4,910.75,461,failed a technical gate (trend/near-high/RSI) -- not in the top 20 at all,-10441.649999999989,-2.4266123848296517,6
ETERNAL,2025-07-25,2025-08-07,310.55,291.55,1385,stop,-26315.0,-6.118177427145389,13
POLYCAB,2025-08-05,2025-08-08,6925.5,6741.0,62,failed a technical gate (trend/near-high/RSI) -- not in the top 20 at all,-11439.0,-2.6640675763482835,3
MOTILALOFS,2025-08-07,2025-08-08,917.8,905.6,471,failed a technical gate (trend/near-high/RSI) -- not in the top 20 at all,-5746.199999999968,-1.3292656352146381,1
HDFCAMC,2025-07-11,2025-08-11,2503.2,2691.6,176,failed a technical gate (trend/near-high/RSI) -- not in the top 20 at all,33158.400000000016,7.526366251198469,31
RBLBANK,2025-08-01,2025-08-11,259.1,258.5,1669,failed a technical gate (trend/near-high/RSI) -- not in the top 20 at all,-1001.400000000038,-0.23157082207643231,10
INDIANB,2025-08-12,2025-08-25,657.4,654.1,658,dropped out of top 20 rank (now #22 of 49),-2171.39999999997,-0.5019774870702709,13
GVT&D,2025-07-24,2025-08-26,2521.0,2690.1,173,failed a technical gate (trend/near-high/RSI) -- not in the top 20 at all,29254.299999999985,6.707655692185632,33
NAM-INDIA,2025-08-25,2025-08-26,843.45,825.7,533,failed a technical gate (trend/near-high/RSI) -- not in the top 20 at all,-9460.75,-2.10445195328709,1
HDFCAMC,2025-08-26,2025-08-28,2818.4,2731.3,157,failed a technical gate (trend/near-high/RSI) -- not in the top 20 at all,-13674.699999999986,-3.090405904059035,2
DELHIVERY,2025-08-05,2025-09-01,458.05,473.75,943,dropped out of top 20 rank (now #21 of 42),14805.09999999999,3.427573409016471,27
GODFRYPHLP,2025-08-08,2025-09-02,3316.0,3353.0,130,failed a technical gate (trend/near-high/RSI) -- not in the top 20 at all,4810.0,1.115802171290703,25
ABCAPITAL,2025-08-11,2025-09-02,271.2,274.85,1605,failed a technical gate (trend/near-high/RSI) -- not in the top 20 at all,5858.250000000055,1.3458702064896855,22
FORTIS,2025-07-28,2025-09-12,846.25,970.0,506,dropped out of top 20 rank (now #21 of 66),62617.5,14.62333825701625,46
PAYTM,2025-07-28,2025-09-17,1094.2,1222.1,391,dropped out of top 20 rank (now #21 of 79),50008.89999999994,11.688905136172533,51
CUMMINSIND,2025-07-28,2025-09-23,3529.4,4005.2,121,dropped out of top 20 rank (now #21 of 64),57571.79999999997,13.481044936816456,57
MANAPPURAM,2025-09-02,2025-09-25,281.0,281.2,1574,failed a technical gate (trend/near-high/RSI) -- not in the top 20 at all,314.7999999999821,0.0711743772241924,23
ETERNAL,2025-08-08,2025-09-26,300.9,322.27622414754416,1436,stop,30696.25787587344,7.104095761895701,49
UNOMINDA,2025-08-28,2025-09-26,1295.6,1268.9,339,failed a technical gate (trend/near-high/RSI) -- not in the top 20 at all,-9051.299999999937,-2.060821241123789,29
KAYNES,2025-09-25,2025-09-29,7503.0,7091.517969356767,61,stop,-25100.403869237212,-5.484233381890347,4
ADANIPOWER,2025-09-26,2025-09-30,146.25,144.65,3094,failed a technical gate (trend/near-high/RSI) -- not in the top 20 at all,-4950.399999999982,-1.0940170940170857,4
ASHOKLEY,2025-09-24,2025-10-06,142.26,137.78,3234,failed a technical gate (trend/near-high/RSI) -- not in the top 20 at all,-14488.319999999967,-3.1491635034443854,12
UNOMINDA,2025-10-01,2025-10-09,1324.4,1263.5024958915442,346,stop,-21070.536421525743,-4.598120213565082,8
MUTHOOTFIN,2025-09-12,2025-10-23,2926.2,3136.072669039739,154,stop,32320.391032119856,7.172191546706963,41
EICHERMOT,2025-09-01,2025-10-23,6280.0,6884.5,70,failed a technical gate (trend/near-high/RSI) -- not in the top 20 at all,42315.0,9.62579617834396,52
MARUTI,2025-09-30,2025-10-28,16029.0,16311.0,28,dropped out of top 20 rank (now #24 of 77),7896.0,1.7593112483623496,28
NAM-INDIA,2025-09-17,2025-10-29,846.75,870.0,540,stop,12555.0,2.7457927369353374,42
360ONE,2025-10-23,2025-10-29,1178.9,1118.6866412862523,399,stop,-24025.13012678536,-5.107588320786139,6
HEROMOTOCO,2025-09-02,2025-10-30,5312.0,5515.0,83,failed a technical gate (trend/near-high/RSI) -- not in the top 20 at all,16849.0,3.821536144578319,58
BAJFINANCE,2025-09-26,2025-10-31,985.1,1042.8,459,failed a technical gate (trend/near-high/RSI) -- not in the top 20 at all,26484.29999999997,5.8572733732615845,35
ADANIPOWER,2025-10-06,2025-11-03,151.99,156.73,3029,failed a technical gate (trend/near-high/RSI) -- not in the top 20 at all,14357.459999999941,3.1186262254095487,28
MCX,2025-11-03,2025-11-07,1905.0,1803.8993842555371,247,stop,-24971.852088882326,-5.307118936717215,4
INDIANB,2025-10-23,2025-11-21,808.95,834.05,581,failed a technical gate (trend/near-high/RSI) -- not in the top 20 at all,14583.099999999948,3.102787564126319,29
BANKBARODA,2025-10-31,2025-11-24,269.7,273.05,1717,failed a technical gate (trend/near-high/RSI) -- not in the top 20 at all,5751.950000000039,1.2421208750463597,24
BANKINDIA,2025-10-28,2025-12-03,136.63,135.04261241598502,3438,stop,-5457.438513843489,-1.1618148166690934,36
SBIN,2025-10-29,2025-12-03,939.75,951.05,494,failed a technical gate (trend/near-high/RSI) -- not in the top 20 at all,5582.199999999977,1.2024474594307,35
BSE,2025-11-24,2025-12-03,2802.2,2751.1,171,failed a technical gate (trend/near-high/RSI) -- not in the top 20 at all,-8738.099999999984,-1.8235671972021916,9
CANBK,2025-10-30,2025-12-08,128.65,137.74350071247605,3600,stop,32736.602564913755,7.068403196638973,39
BANKBARODA,2025-12-03,2025-12-08,278.0,276.25,1743,failed a technical gate (trend/near-high/RSI) -- not in the top 20 at all,-3050.25,-0.6294964028776939,5
HEROMOTOCO,2025-12-08,2025-12-09,6167.0,6001.0,78,failed a technical gate (trend/near-high/RSI) -- not in the top 20 at all,-12948.0,-2.6917463920869134,1
MCX,2025-12-09,2025-12-10,2072.0,1957.267592483723,233,stop,-26732.65095129252,-5.5372783550326705,1
EICHERMOT,2025-12-11,2025-12-16,7256.0,7061.5,66,failed a technical gate (trend/near-high/RSI) -- not in the top 20 at all,-12837.0,-2.680540242557883,5
LTF,2025-08-26,2025-12-18,220.0,299.85,2020,failed a technical gate (trend/near-high/RSI) -- not in the top 20 at all,161297.00000000006,36.295454545454554,114
SBIN,2025-12-18,2025-12-26,977.55,966.3,502,failed a technical gate (trend/near-high/RSI) -- not in the top 20 at all,-5647.5,-1.150836274359368,8
MUTHOOTFIN,2025-12-03,2025-12-29,3763.4,3736.5,128,failed a technical gate (trend/near-high/RSI) -- not in the top 20 at all,-3443.2000000000116,-0.7147791890312005,26
FEDERALBNK,2025-11-07,2026-01-05,237.26,263.75,2003,dropped out of top 20 rank (now #23 of 76),53059.470000000016,11.1649667031948,59
CANBK,2025-12-16,2026-01-07,142.47,148.08,3408,dropped out of top 20 rank (now #21 of 79),19118.88000000005,3.937671088650241,22
HINDZINC,2025-12-16,2026-01-08,567.7,588.9347918307274,855,stop,18155.747015271856,3.7404953022242893,23
NMDC,2025-12-26,2026-01-09,80.17,77.92451096293601,6302,stop,-14151.071911577266,-2.8009093639316363,14
MCX,2025-12-29,2026-01-09,2187.0,2191.0,229,dropped out of top 20 rank (now #21 of 42),916.0,0.18289894833105613,11
APLAPOLLO,2026-01-07,2026-01-12,1949.8,1868.9584624229603,270,stop,-21827.215145800696,-4.146145121399103,5
AUBANK,2025-10-29,2026-01-13,882.45,962.3143977396953,527,stop,42088.53760881941,9.050302877182315,76
EICHERMOT,2026-01-09,2026-01-14,7507.0,7266.614916663225,68,stop,-16346.185666900707,-3.2021457751002402,5
NMDC,2026-01-13,2026-01-19,79.7,78.99,6425,failed a technical gate (trend/near-high/RSI) -- not in the top 20 at all,-4561.750000000051,-0.8908406524466894,6
MANAPPURAM,2026-01-19,2026-01-20,314.45,301.85,1663,failed a technical gate (trend/near-high/RSI) -- not in the top 20 at all,-20953.799999999945,-4.0069963428207895,1
BANKBARODA,2026-01-05,2026-01-21,297.25,289.7,1748,failed a technical gate (trend/near-high/RSI) -- not in the top 20 at all,-13197.40000000002,-2.5399495374264114,16
APLAPOLLO,2026-01-12,2026-01-21,1904.8,1878.6,269,failed a technical gate (trend/near-high/RSI) -- not in the top 20 at all,-7047.800000000012,-1.3754724905501892,9
MUTHOOTFIN,2026-01-21,2026-01-22,3906.6,3861.9,131,failed a technical gate (trend/near-high/RSI) -- not in the top 20 at all,-5855.699999999976,-1.1442174781139514,1
NATIONALUM,2025-10-09,2026-01-30,229.55,386.7146736057631,1990,stop,312757.70047546853,68.46642282978135,113
HINDZINC,2026-01-12,2026-01-30,628.25,647.2246923040271,815,stop,15464.374227782122,3.020245492085505,18
SBIN,2026-01-08,2026-02-01,998.0,1024.551936766317,511,stop,13568.039687588045,2.660514706043804,24
BANKINDIA,2026-01-14,2026-02-01,148.03,147.07184702545635,3510,stop,-3363.116940648216,-0.6472694552074887,18
MCX,2026-01-21,2026-02-01,2320.0,2300.0,221,stop,-4420.0,-0.8620689655172376,11
INDIANB,2026-01-22,2026-02-01,878.05,827.5994995278347,591,stop,-29816.245779049652,-5.745743462464015,10
UNIONBANK,2026-01-20,2026-02-01,170.69,164.51,3016,failed a technical gate (trend/near-high/RSI) -- not in the top 20 at all,-18638.88000000002,-3.620598746265158,12
SHRIRAMFIN,2025-11-21,2026-02-02,823.3,951.4016966590506,580,stop,74298.98406224936,15.559540466300327,73
BEL,2026-02-02,2026-02-03,439.1,438.95,1161,dropped out of top 20 rank (now #22 of 43),-174.1500000000396,-0.03416078342064477,1
TECHM,2026-02-02,2026-02-04,1680.3,1609.2,303,stop,-21543.299999999974,-4.231387252276376,2
NATIONALUM,2026-02-03,2026-02-05,370.85,363.85,1389,failed a technical gate (trend/near-high/RSI) -- not in the top 20 at all,-9723.0,-1.8875556154779538,2
BAJAJ-AUTO,2026-02-02,2026-02-09,9496.5,9590.0,53,dropped out of top 20 rank (now #23 of 78),4955.5,0.9845732638340543,7
MCX,2026-02-04,2026-02-11,2543.3,2372.8,204,failed a technical gate (trend/near-high/RSI) -- not in the top 20 at all,-34782.0,-6.703888648606138,7
NMDC,2026-02-03,2026-02-13,79.24,79.43,6504,failed a technical gate (trend/near-high/RSI) -- not in the top 20 at all,1235.7600000000775,0.23977788995457328,10
NATIONALUM,2026-02-11,2026-02-13,367.7,349.3,1432,failed a technical gate (trend/near-high/RSI) -- not in the top 20 at all,-26348.799999999967,-5.004079412564588,2
FEDERALBNK,2026-02-02,2026-02-19,281.3,288.3,1813,dropped out of top 20 rank (now #23 of 63),12691.0,2.4884464984002763,17
SHRIRAMFIN,2026-02-13,2026-03-02,1065.8,1052.5,486,failed a technical gate (trend/near-high/RSI) -- not in the top 20 at all,-6463.799999999977,-1.2478889097391588,17
APLAPOLLO,2026-01-30,2026-03-04,2045.7,2131.603593202479,260,stop,22334.93423264448,4.19922731595439,33
JINDALSTEL,2026-02-02,2026-03-04,1125.1,1177.7214421989095,453,stop,23837.513316106033,4.677045791388279,30
BANKINDIA,2026-02-05,2026-03-04,158.29,157.94769555088027,3256,stop,-1114.5432863338185,-0.21625146826692587,27
ASHOKLEY,2025-12-03,2026-03-04,162.71,200.46,2978,failed a technical gate (trend/near-high/RSI) -- not in the top 20 at all,112419.5,23.20078667568066,91
SBIN,2026-02-04,2026-03-05,1068.2,1155.7756478961394,486,stop,42561.76487752372,8.198431744630152,29
UNIONBANK,2026-02-09,2026-03-06,174.82,183.24,2996,failed a technical gate (trend/near-high/RSI) -- not in the top 20 at all,25226.320000000047,4.816382564923938,25
SBIN,2026-03-05,2026-03-06,1169.5,1143.0,447,failed a technical gate (trend/near-high/RSI) -- not in the top 20 at all,-11845.5,-2.26592560923472,1
INDIANB,2026-02-19,2026-03-09,908.0,891.708604135213,576,stop,-9383.8440181173,-1.7942065930382167,18
POLYCAB,2026-03-05,2026-03-10,8564.0,8123.361874882783,61,stop,-26878.925632150236,-5.1452373320553075,5
KEI,2026-03-09,2026-03-10,4789.5,4449.865993361927,106,stop,-36001.204703635696,-7.091220516506369,1
CUMMINSIND,2026-03-06,2026-03-11,4800.7,4630.7,108,failed a technical gate (trend/near-high/RSI) -- not in the top 20 at all,-18360.0,-3.5411502489220315,5
BHARATFORG,2026-02-13,2026-03-12,1738.8,1758.347843916154,298,stop,5825.257487013916,1.1242146259577979,27
BEL,2026-03-06,2026-03-13,468.45,442.746140295647,1115,stop,-28659.803570353557,-5.487001751382847,7
GVT&D,2026-03-02,2026-03-13,3772.4,3604.3,142,failed a technical gate (trend/near-high/RSI) -- not in the top 20 at all,-23870.199999999986,-4.4560491994486195,11
SUPREMEIND,2026-03-12,2026-03-13,4043.7,3886.5,126,failed a technical gate (trend/near-high/RSI) -- not in the top 20 at all,-19807.199999999975,-3.8875287484234744,1
NATIONALUM,2026-03-05,2026-03-16,395.95,372.25,1320,failed a technical gate (trend/near-high/RSI) -- not in the top 20 at all,-31283.999999999985,-5.985604242959964,11
TORNTPHARM,2026-03-09,2026-03-16,4373.7,4266.6,116,failed a technical gate (trend/near-high/RSI) -- not in the top 20 at all,-12423.599999999937,-2.448727621921931,7
CGPOWER,2026-03-11,2026-03-16,726.3,698.65,699,failed a technical gate (trend/near-high/RSI) -- not in the top 20 at all,-19327.349999999984,-3.8069668181192284,5
SUNPHARMA,2026-03-16,2026-03-19,1783.2,1744.4,277,failed a technical gate (trend/near-high/RSI) -- not in the top 20 at all,-10747.599999999988,-2.175863615971285,3
NATIONALUM,2026-03-18,2026-03-19,387.65,377.0,1283,failed a technical gate (trend/near-high/RSI) -- not in the top 20 at all,-13663.949999999972,-2.74732361666451,1
MCX,2026-03-10,2026-03-20,2578.2,2414.5,198,failed a technical gate (trend/near-high/RSI) -- not in the top 20 at all,-32412.599999999962,-6.349391048017994,10
BSE,2026-03-16,2026-03-20,2862.6,2806.1,172,failed a technical gate (trend/near-high/RSI) -- not in the top 20 at all,-9718.0,-1.9737301753650516,4
ASTRAL,2026-03-19,2026-03-20,1640.4,1631.8,296,failed a technical gate (trend/near-high/RSI) -- not in the top 20 at all,-2545.6000000000404,-0.5242623750304931,1
PFC,2026-03-18,2026-03-23,432.25,402.0856541570448,1151,stop,-34719.16206524142,-6.9784490093592115,5
TATAPOWER,2026-03-20,2026-03-23,402.4,379.2574957320353,1210,stop,-28002.430164237267,-5.751119350885858,3
ABB,2026-03-04,2026-03-23,5830.5,6041.5,88,failed a technical gate (trend/near-high/RSI) -- not in the top 20 at all,18568.0,3.6189006088671594,19
COALINDIA,2026-03-11,2026-03-24,446.75,442.1,1137,failed a technical gate (trend/near-high/RSI) -- not in the top 20 at all,-5287.049999999974,-1.0408505875769358,13
TATAPOWER,2026-03-23,2026-03-24,386.95,384.75,1234,failed a technical gate (trend/near-high/RSI) -- not in the top 20 at all,-2714.799999999986,-0.568548908127664,1
ABB,2026-03-25,2026-03-27,6212.5,6105.0,77,failed a technical gate (trend/near-high/RSI) -- not in the top 20 at all,-8277.5,-1.730382293762578,2
DELHIVERY,2026-03-27,2026-03-30,428.75,416.7,1117,closed below 200 EMA,-13459.850000000013,-2.8104956268221626,3
LUPIN,2026-03-23,2026-04-01,2296.7,2274.9,207,failed a technical gate (trend/near-high/RSI) -- not in the top 20 at all,-4512.599999999944,-0.9491879653415691,9
GVT&D,2026-04-02,2026-04-07,3822.2,3673.2,125,failed a technical gate (trend/near-high/RSI) -- not in the top 20 at all,-18625.0,-3.8982784783632485,5
DELHIVERY,2026-04-02,2026-04-08,426.25,459.85,1125,dropped out of top 20 rank (now #24 of 30),37800.00000000003,7.882697947214079,6
COALINDIA,2026-04-06,2026-04-08,459.55,449.25,1050,failed a technical gate (trend/near-high/RSI) -- not in the top 20 at all,-10815.000000000013,-2.2413230334022427,2
ONGC,2026-03-30,2026-04-09,284.65,288.6,1671,dropped out of top 20 rank (now #23 of 42),6600.450000000076,1.3876690672756098,10
AUROPHARMA,2026-03-13,2026-04-15,1296.5,1373.9,386,dropped out of top 20 rank (now #21 of 65),29876.400000000034,5.969919012726588,33
DMART,2026-04-02,2026-04-16,4362.4,4428.3,109,dropped out of top 20 rank (now #23 of 70),7183.1000000000595,1.5106363469649775,14
MCX,2026-04-08,2026-04-20,2596.3,2859.1,187,dropped out of top 20 rank (now #21 of 76),49143.59999999995,10.122096830104365,12
NATIONALUM,2026-04-02,2026-04-30,401.8,399.79447966096217,1193,stop,-2392.5857644721477,-0.4991339818411711,28
ABB,2026-04-08,2026-05-08,6565.0,7012.5,74,failed a technical gate (trend/near-high/RSI) -- not in the top 20 at all,33115.0,6.816450875856805,30
NMDC,2026-04-08,2026-05-11,82.91,86.79,5869,failed a technical gate (trend/near-high/RSI) -- not in the top 20 at all,22771.720000000056,4.679773248100361,33
GVT&D,2026-04-09,2026-05-12,3911.3,4233.513680237785,126,stop,40598.92370996084,8.238020101699806,33
ADANIENSOL,2026-04-20,2026-05-12,1259.4,1262.6814054743188,420,stop,1378.1902992138612,0.26055307879297995,22
CAMS,2026-05-08,2026-05-12,836.3,784.540417794548,668,stop,-34575.40091324188,-6.1891166095243255,4
ANGELONE,2026-04-15,2026-05-12,297.76,299.1,1723,failed a technical gate (trend/near-high/RSI) -- not in the top 20 at all,2308.8200000000547,0.45002686727566577,27
OFSS,2026-05-11,2026-05-14,9239.5,8730.12060712311,59,stop,-30053.384179736513,-5.513062318057149,3
CGPOWER,2026-05-12,2026-05-18,833.7,808.75,633,failed a technical gate (trend/near-high/RSI) -- not in the top 20 at all,-15793.35000000003,-2.992683219383474,6
NMDC,2026-05-14,2026-05-20,93.21,88.05957293310695,5825,stop,-30001.237664651984,-5.525616421942969,6
CAMS,2026-05-12,2026-05-21,784.65,769.1,673,failed a technical gate (trend/near-high/RSI) -- not in the top 20 at all,-10465.149999999969,-1.9817753138341887,9
MCX,2026-05-12,2026-05-27,3156.9,3158.5,167,failed a technical gate (trend/near-high/RSI) -- not in the top 20 at all,267.1999999999848,0.050682631695653235,15
NMDC,2026-05-27,2026-05-29,92.28,87.5706569033763,6067,stop,-28571.584567215974,-5.103319350480817,2
PNBHOUSING,2026-04-30,2026-05-29,1045.65,1030.5,519,failed a technical gate (trend/near-high/RSI) -- not in the top 20 at all,-7862.850000000048,-1.4488595610385957,29
BSE,2026-04-07,2026-06-01,2950.8,4047.402659762728,163,stop,178746.23354132465,37.16289344458208,55
BSE,2026-06-01,2026-06-02,4066.6,3931.9,131,failed a technical gate (trend/near-high/RSI) -- not in the top 20 at all,-17645.699999999975,-3.312349382776758,1
BHEL,2026-05-13,2026-06-04,403.85,389.2,1318,failed a technical gate (trend/near-high/RSI) -- not in the top 20 at all,-19308.700000000044,-3.6275844991952577,22
NMDC,2026-06-02,2026-06-08,95.31,89.31408644924116,5671,stop,-34002.825746353396,-6.290959553833641,6
ADANIPOWER,2026-03-17,2026-06-08,155.6,225.85,3218,failed a technical gate (trend/near-high/RSI) -- not in the top 20 at all,226064.5,45.14781491002571,83
NAM-INDIA,2026-04-16,2026-06-08,964.85,1055.2,535,failed a technical gate (trend/near-high/RSI) -- not in the top 20 at all,48337.250000000015,9.364149867855097,53
GVT&D,2026-05-21,2026-06-08,4794.6,4744.0,111,failed a technical gate (trend/near-high/RSI) -- not in the top 20 at all,-5616.60000000004,-1.055353939849002,18
COALINDIA,2026-06-04,2026-06-08,481.65,464.9,1123,failed a technical gate (trend/near-high/RSI) -- not in the top 20 at all,-18810.25,-3.4776289837018637,4
OFSS,2026-05-18,2026-06-09,9408.5,9639.5,56,failed a technical gate (trend/near-high/RSI) -- not in the top 20 at all,12936.0,2.4552266567465564,22
GVT&D,2026-06-10,2026-06-11,4866.0,4735.0,106,failed a technical gate (trend/near-high/RSI) -- not in the top 20 at all,-13886.0,-2.6921496095355546,1
PREMIERENE,2026-06-09,2026-06-12,1086.7,1034.6,485,failed a technical gate (trend/near-high/RSI) -- not in the top 20 at all,-25268.500000000065,-4.794331462225099,3
LAURUSLABS,2026-06-09,2026-06-16,1424.4,1355.362067189308,370,stop,-25544.035139956097,-4.84680797603848,7
ADANIENSOL,2026-05-29,2026-06-17,1513.3,1491.0,362,dropped out of top 20 rank (now #24 of 65),-8072.599999999984,-1.4736007401044082,19
ZYDUSLIFE,2026-06-08,2026-06-17,1087.6,1061.4,482,failed a technical gate (trend/near-high/RSI) -- not in the top 20 at all,-12628.399999999912,-2.4089738874586097,9
CGPOWER,2026-05-29,2026-06-24,917.45,919.45,598,failed a technical gate (trend/near-high/RSI) -- not in the top 20 at all,1196.0,0.21799553109160819,26
CUMMINSIND,2026-06-11,2026-06-24,5557.0,5555.5,92,failed a technical gate (trend/near-high/RSI) -- not in the top 20 at all,-138.0,-0.026992981824724982,13
POLYCAB,2026-06-11,2026-06-25,9372.0,9531.0,54,failed a technical gate (trend/near-high/RSI) -- not in the top 20 at all,8586.0,1.696542893725983,14
ANGELONE,2026-06-17,2026-06-25,348.7,335.25,1507,failed a technical gate (trend/near-high/RSI) -- not in the top 20 at all,-20269.149999999983,-3.8571838256380775,8
SUZLON,2026-06-24,2026-06-25,57.91,57.14,9012,failed a technical gate (trend/near-high/RSI) -- not in the top 20 at all,-6939.239999999964,-1.329649456052484,1
GVT&D,2026-06-16,2026-06-29,4872.5,4826.673115213523,106,stop,-4857.649787366607,-0.9405209807383796,13
FEDERALBNK,2026-06-12,2026-06-29,315.7,324.05,1641,dropped out of top 20 rank (now #25 of 62),13702.350000000037,2.6449160595502175,17
ADANIGREEN,2026-06-08,2026-06-30,1490.5,1492.2,352,dropped out of top 20 rank (now #22 of 66),598.400000000016,0.11405568601141614,22
POLYCAB,2026-06-30,2026-07-02,9961.0,9635.0,52,failed a technical gate (trend/near-high/RSI) -- not in the top 20 at all,-16952.0,-3.2727637787370756,2
CGPOWER,2026-06-29,2026-07-03,956.25,902.6758024133505,541,stop,-28983.640894377357,-5.6025304665777265,4
BHEL,2026-06-29,2026-07-03,413.75,385.6890708066307,1250,stop,-35076.16149171163,-6.7820976902403185,4
ABCAPITAL,2026-07-06,2026-07-08,409.75,388.21191640387815,1271,stop,-27374.904250670872,-5.256396240664274,2
MOTILALOFS,2026-06-24,2026-07-08,935.15,909.6,558,failed a technical gate (trend/near-high/RSI) -- not in the top 20 at all,-14256.899999999974,-2.732182002887229,14
ADANIENT,2026-05-20,2026-07-09,2704.8,3083.6,200,dropped out of top 20 rank (now #26 of 51),75759.99999999994,14.004732327713686,50
NAM-INDIA,2026-06-17,2026-07-16,1153.7,1151.5,455,failed a technical gate (trend/near-high/RSI) -- not in the top 20 at all,-1001.0000000000207,-0.1906908208373137,29
LTF,2026-07-02,2026-07-17,315.25,307.77174328034465,1657,stop,-12391.471384468912,-2.372167079985832,15
AUROPHARMA,2026-07-09,2026-07-17,1587.4,1533.4,324,failed a technical gate (trend/near-high/RSI) -- not in the top 20 at all,-17496.0,-3.401789089076479,8
PAYTM,2026-07-16,2026-07-21,1361.1,1300.5,376,dropped out of top 20 rank (now #23 of 64),-22785.599999999966,-4.452281243112177,5
OFSS,2026-06-25,2026-07-22,10974.5,10851.0,47,failed a technical gate (trend/near-high/RSI) -- not in the top 20 at all,-5804.5,-1.125336006196187,27
LICI,2026-06-25,2026-07-22,423.35,423.3,1224,failed a technical gate (trend/near-high/RSI) -- not in the top 20 at all,-61.200000000013915,-0.011810558639424595,27
ZYDUSLIFE,2026-07-07,2026-07-22,1153.0,1126.3,447,failed a technical gate (trend/near-high/RSI) -- not in the top 20 at all,-11934.90000000002,-2.3156981786643605,15
LUPIN,2026-07-08,2026-07-22,2459.0,2406.9,205,failed a technical gate (trend/near-high/RSI) -- not in the top 20 at all,-10680.499999999982,-2.1187474583163834,14
PHOENIXLTD,2026-07-08,2026-07-24,2022.5,1988.7837052880766,249,stop,-8395.357383268929,-1.667060307140833,16
BAJFINANCE,2026-07-20,2026-07-24,1064.0,1014.0074364194812,478,stop,-23896.445391487974,-4.698549208695368,4
BHEL,2026-07-17,2026-07-28,422.0,405.75,1204,failed a technical gate (trend/near-high/RSI) -- not in the top 20 at all,-19565.0,-3.8507109004739304,11
ABB,2026-07-24,2026-07-28,7375.5,7243.5,67,dropped out of top 20 rank (now #29 of 49),-8844.0,-1.7897091722595126,4
TORNTPHARM,2026-07-22,2026-07-29,5033.4,4878.5,99,failed a technical gate (trend/near-high/RSI) -- not in the top 20 at all,-15335.099999999964,-3.077442682878362,7
BIOCON,2026-07-21,2026-07-30,440.3,425.35,1155,failed a technical gate (trend/near-high/RSI) -- not in the top 20 at all,-17267.249999999985,-3.395412218941629,9
ALKEM,2026-07-24,2026-08-04,5633.5,5608.0,87,failed a technical gate (trend/near-high/RSI) -- not in the top 20 at all,-2218.5,-0.45264932990147777,11
GODREJPROP,2026-07-30,2026-08-04,2110.9,2033.6,242,failed a technical gate (trend/near-high/RSI) -- not in the top 20 at all,-18706.600000000042,-3.6619451418826166,5
LODHA,2026-07-29,2026-08-06,1316.35,1217.1512461735338,385,stop,-38191.520223189465,-7.535894999541625,8
BAJFINANCE,2026-08-04,2026-08-07,1149.0,1089.024224989435,443,stop,-26569.268329680308,-5.219823760710618,3
PIDILITIND,2026-07-28,2026-08-21,1619.6,1649.0,309,failed a technical gate (trend/near-high/RSI) -- not in the top 20 at all,9084.600000000028,1.8152630279081317,24
LODHA,2026-08-06,2026-08-21,1214.0,1242.0,420,dropped out of top 20 rank (now #21 of 60),11760.0,2.3064250411861664,15
