symbol,entry_date,entry_price,ema13,ema21,atr,dist13_atr,dist21_atr,nearest_ema_dist_atr,dist13_pct,dist21_pct,ret_pct,pnl,win
SRF,2021-08-30,1942.6,1814.3072213139708,1774.741514403506,56.438340777155275,2.273149368309541,2.974192424601513,2.273149368309541,6.604178867807533,8.64091864493431,4.393596211263273,5206.350000000009,True
PERSISTENT,2021-08-30,1661.672549019608,1602.6151517979363,1578.8939126737907,45.636593284321535,1.2940798813298104,1.8138653740014332,1.2940798813298104,3.554093570151092,4.981645535075899,6.269433231105426,5313.049999999992,True
CAMS,2021-08-30,717.6,657.33225080454,651.4033913514124,30.238147905107585,1.9931031948315892,2.189175370671634,1.9931031948315892,8.398515774172248,9.22472249840964,0.431995540691199,350.30000000000257,True
SRF,2021-09-06,2046.1,1933.5208218562173,1873.3164931627282,61.95176574896678,1.817206931598398,2.789000519168469,1.817206931598398,5.502134702301094,8.444528949575862,9.716045159083151,8747.200000000008,True
PERSISTENT,2021-09-15,1826.85,1734.0678614237177,1693.6424497935654,46.98824670078923,1.9745818388819314,2.8349121229117293,1.9745818388819314,5.078804421615472,7.2916523089708765,1.1413088102471436,1125.9000000000074,True
JSWENERGY,2021-08-30,252.2,238.72259081558587,234.80545299421198,12.089548436305048,1.1147983942842155,1.4388086616661377,1.1147983942842155,5.34393702791995,6.8971241101459215,28.25138778747027,33843.75,True
TATAELXSI,2021-08-30,4826.75,4666.66494561287,4560.295960483071,148.07153868103075,1.0811331861147093,1.799495310782935,1.0811331861147093,3.3166220414798815,5.5203613097203865,13.754596778370544,10622.399999999994,True
ADANIENSOL,2021-09-17,1820.35,1746.7210335071702,1620.3858470032264,85.69483629391496,0.8591995699752327,2.3334445999866222,0.8591995699752327,4.0447697691559155,10.984928887124646,-9.748125360507586,-12598.949999999986,False
APOLLOHOSP,2021-08-31,4969.55,4651.256208693855,4498.139250085908,164.02831509306793,1.9404807708080678,2.873959594394531,1.9404807708080678,6.404881554791582,9.485984644768477,-4.784135384491551,-5706.0,False
MAXHEALTH,2021-08-30,361.0,328.21182279996367,317.9166512922703,15.015534394827036,2.18361706868935,2.8692517745204102,2.18361706868935,9.082597562336932,11.934445625409897,-0.5678670360110827,-680.6000000000038,False
COFORGE,2021-08-30,1024.4814814814815,990.9238511971608,976.8856883057459,34.35649404804994,0.9767478089408077,1.3853507028152983,0.9767478089408077,3.2755721690345916,4.6458422173632945,5.712013303929719,4739.999999999996,True
KPITTECH,2021-08-30,335.65,326.3152801893286,318.45278161769676,18.200090950192855,0.5128941298269989,0.9448973870166836,0.5128941298269989,2.781087385869627,5.123556794965952,0.7150305377625621,856.8000000000122,True
HAL,2021-09-16,716.0,683.5915529288725,661.5199562524656,29.31230805270473,1.1056259033869253,1.8586064137145755,1.1056259033869253,4.526319423341831,7.608944657476872,-6.03351955307263,-6004.800000000007,False
OBEROIRLTY,2021-09-27,948.8,809.1041864745688,783.3770648787656,47.60372095776361,2.9345566000896492,3.475000100685528,2.9345566000896492,14.723420481179508,17.434963651057583,-10.03451116310362,-12186.552565187478,False
IEX,2021-09-13,197.49515765765764,179.33143366485928,169.54236439342307,8.30290845158608,2.1876338994594846,3.3666266980090374,2.1876338994594846,9.19704776979077,14.153660067295698,31.80069986891001,27885.350000000013,True
OFSS,2021-08-30,4214.5,4102.814656958634,4016.7830509816954,143.13815454286436,0.7802625610065435,1.3813015100672965,0.7802625610065435,2.6500259352560387,4.691350077549047,0.522007355558185,418.0,True
KEI,2021-10-04,997.55,913.9289127730879,880.9487780339764,43.947959991662074,1.9027296657860095,2.6531657439422776,1.9027296657860095,8.382646205895654,11.688759657763878,-3.4083504586236324,-3162.0,False
INDHOTEL,2021-10-12,207.25,186.02938726411915,177.8213961389815,9.920017986500444,2.1391707923068997,2.9665877522667925,2.1391707923068997,10.239137628893051,14.199567604834018,8.009650180940886,6540.399999999998,True
SRF,2021-09-17,2219.8,2100.7286998151117,2025.8624118380835,64.34984051641986,1.8503744411690597,3.013800603164362,1.8503744411690597,5.364055328628187,8.736714486076073,-1.2574139780060611,-1395.6037741889304,False
OIL,2021-10-01,166.7,150.65383513325165,142.9788369620038,7.625970419209312,2.1041472736806215,3.110576324587379,2.1041472736806215,9.625773765295946,14.229851852427222,-9.149334636123951,-11118.664871207173,False
PRESTIGE,2021-09-24,459.1,426.7734452124356,413.98637664924087,24.62934321508486,1.3125219988718664,1.8317022486871752,1.3125219988718664,7.041288344056723,9.826535253922708,-5.554345458505772,-6298.5,False
ANGELONE,2021-08-30,120.1,116.37299621285482,116.86825868155141,7.482069700638921,0.498124708304564,0.43193146385319214,0.43193146385319214,3.103250447248276,2.6908753692327934,6.8599806303835775,8230.597900353589,True
GODREJPROP,2021-10-12,2435.6,2267.6951659252263,2146.9685737541768,112.98314009561066,1.4861052182890835,2.5546415686585817,1.4861052182890835,6.893777060058039,11.850526615446837,-9.277643299031912,-8134.786086883969,False
IEX,2021-10-20,263.15,247.48033676108687,233.69697910749818,14.9356168892451,1.0491473740329118,1.9719989546404642,1.0491473740329118,5.954650670307089,11.192483713662094,-11.351409378107611,-14786.260720352646,False
INDHOTEL,2021-10-20,212.75,202.20460316331238,192.49995879502856,11.636900432598226,0.906203236658019,1.7401576409681556,0.906203236658019,4.956708266363156,9.518233233829113,-7.097532314923615,-7806.699999999997,False
JSWENERGY,2021-10-06,380.65,361.9641707238674,342.15544829173524,15.820789584285821,1.1810933440826787,2.4331624855500187,1.1810933440826787,4.908926645509668,10.11284689564291,-8.31251258861727,-9144.416379717204,False
IEX,2021-10-27,245.65,246.3345242252759,238.20435489844718,16.242944070287827,-0.042142866608034686,0.45839258384030684,0.042142866608034686,-0.2786583453189122,3.030997395299339,-3.6026867494402537,-3681.5999999999976,False
INDIANB,2021-10-25,179.2,156.78479532027626,149.41022450538352,8.32789384887699,2.6915814594282326,3.577107974140856,2.6915814594282326,12.508484754310118,16.623758646549366,-9.294524384907344,-10726.327277353554,False
JSWENERGY,2021-10-28,348.25,371.40197281353664,367.04618536994786,17.791581999722954,-1.3012880368871729,-1.0564650951354722,1.0564650951354722,-6.648089824418276,-5.397325303646192,-3.316582914572863,-3903.900000000004,False
RADICO,2021-10-13,1127.4,993.2072900501614,962.5339643049709,47.021566757209044,2.85385450133401,3.5061791230032324,2.85385450133401,11.902848141727752,14.623561796614256,-8.341594244670747,-7429.407547639026,False
OBEROIRLTY,2021-11-03,1035.118987341772,943.5904760676257,926.1348157858989,58.11765585666436,1.574883052748776,1.8752334372305188,1.574883052748776,8.842317877792516,10.528661234951251,-7.522708818407708,-6151.649999999991,False
UNITDSPR,2021-10-29,947.35,873.480009602162,860.9667529888287,35.01320810924163,2.1097749788412066,2.4671617277015727,2.1097749788412066,7.797539494150844,9.118408931352858,-1.0977991238718454,-1164.7999999999977,False
UNIONBANK,2021-10-20,41.44,36.18704397569594,34.4472671923593,2.1068947083229856,2.493221898347841,3.318975922250367,2.493221898347841,12.676052182200905,16.874355230793196,-9.047466343648324,-7865.968570790902,False
BANKBARODA,2021-10-21,82.25,75.88720598010443,73.91459373713833,3.1736517116701957,2.004881000803655,2.626440145341279,2.004881000803655,7.735919781028054,10.134232538433638,-5.612248045159173,-4768.404459709152,False
PRESTIGE,2021-11-11,495.7,473.8725484610121,465.13597761250617,23.82578849113022,0.9161271429532635,1.2828126296375078,0.9161271429532635,4.403359196890836,6.165830620837971,-9.612987085386417,-7243.039701303589,False
TATAELXSI,2021-09-21,5619.95,5203.950884732301,5042.128166151879,211.69254489523982,1.9651098978169672,2.7295332206151492,1.9651098978169672,7.402185344490582,10.281618766147762,3.4870433298779924,3919.4018323495584,True
ADANIENSOL,2021-10-11,1696.7,1669.8953627915294,1643.4019470232818,83.12880561069771,0.32244703880385417,0.6411502316816572,0.32244703880385417,1.5798100553115277,3.141277360565703,14.162786585725229,16340.399999999998,True
TMPV,2021-10-21,349.75,305.75077760597287,283.981900231576,17.00208853357529,2.5878716198388565,3.868236519210381,2.5878716198388565,12.580192249900538,18.804317303337815,-9.722423750436192,-11935.466150569851,False
INDHOTEL,2021-11-15,216.25,207.1366589003644,203.3024953134634,9.974164001561782,0.9136947315292389,1.2981042505927562,0.9136947315292389,4.214261780178308,5.987285404178777,-9.224660348265225,-9694.887409518044,False
TATAELXSI,2021-11-24,6012.25,6250.669791167359,6211.54253614787,237.6892620478005,-1.0030734628618254,-0.838458306575883,0.838458306575883,-3.9655668205307344,-3.3147746043140276,-2.89492286581563,-3306.9500000000035,False
PERSISTENT,2021-09-27,1803.9,1802.639981854198,1765.6761556721153,59.32148609232584,0.021240502030598674,0.6443507546050774,0.021240502030598674,0.06984966715461932,2.118955836126435,4.079234641854312,3458.509744107262,True
LTM,2021-10-28,6689.35,6410.910239659355,6245.6292314109705,303.10886661319046,0.9186130496669811,1.4638990061458015,0.9186130496669811,4.162433724362533,6.633241923191788,-3.5847798911007644,-2877.581683744189,False
PGEL,2021-11-26,56.8,53.363206025861594,52.360928423240225,3.7563226904155056,0.914935764945754,1.1817599132487588,0.914935764945754,6.050693616440851,7.8152668604925575,-7.834507042253513,-6879.699999999993,False
ADANIENSOL,2021-11-26,1993.85,1925.3356711323083,1889.1103593303558,96.72166717051788,0.7083658798695284,1.0828973872523389,0.7083658798695284,3.436283013651557,5.253135424913817,-9.70200036818396,-11219.713391780077,False
TORNTPHARM,2021-11-29,1518.65,1448.7721872117584,1448.4006499070385,52.99469214749791,1.3185813513880549,1.3255921913356807,1.3185813513880549,4.601311216425228,4.625776188915257,-3.30556744477003,-2459.800000000002,False
RADICO,2021-11-30,1122.3,1092.118634779732,1086.9853501329785,54.22490038801641,0.5565960472826974,0.6512626047133488,0.5565960472826974,2.6892422008614396,3.146631904751087,-1.131604740265535,-1181.1000000000042,False
APOLLOHOSP,2021-11-26,5687.6,5250.975780582137,5043.66735922142,236.28792367663732,1.8478482210347247,2.7252033483514344,1.8478482210347247,7.67677437614922,11.321693522374643,-8.308879797335877,-9451.516947065502,False
BSE,2021-11-22,171.40415019762847,163.7988000826304,159.42884801236457,7.457746116670852,1.0197920385084254,1.6057535343680607,1.0197920385084254,4.437086328556872,6.986588231064658,36.22773995307303,31420.5,True
TATAELXSI,2021-12-10,5993.75,5947.534257154859,5987.288894854896,224.77709428992017,0.20560699474801192,0.028744499814426016,0.028744499814426016,0.7710655740586609,0.10779737468369266,-2.0037539103232582,-2281.900000000007,False
UNIONBANK,2021-12-13,41.44,40.47068300844337,40.343395834668705,2.1459674758363536,0.45169230310857805,0.5110068897497667,0.45169230310857805,2.3390854043354836,2.646245572710649,-3.5231660231660245,-3947.8400000000015,False
IEX,2021-11-02,248.3,244.48323340106523,239.40494836312217,16.050406746967173,0.2377987461069159,0.5541947800518273,0.2377987461069159,1.5371593229701073,3.582380844493692,-3.624976153847648,-4122.373631821701,False
GMRAIRPORT,2021-12-09,43.85,41.26285840751753,40.874630810916024,1.8411372379119453,1.4051867178660626,1.6160496500838675,1.4051867178660626,5.899980826641904,6.785334524706904,-8.39743324019131,-8760.13097798503,False
BSE,2021-12-16,234.5,221.93494213111214,208.74505916243373,13.602465154591416,0.9237338766235778,1.8934024491048131,0.9237338766235778,5.358233632788001,10.982917201520797,-11.601249598798644,-12541.472872533284,False
TMPV,2021-11-29,317.6918410041841,336.14578873210286,333.8760647897393,14.87397715691176,-1.2406868407313267,-1.0880898642522523,1.0880898642522523,-5.808757212520208,-5.0943152126283495,-3.113659127322,-2364.1499999999933,False
SIEMENS,2021-12-20,1794.2,1804.5276479454647,1780.0360315926441,62.22215674295059,-0.16598023093493408,0.22763544609791464,0.16598023093493408,-0.5756129721025863,0.7894308553871321,-0.0919629918626707,-67.65000000000373,False
IEX,2021-12-27,252.7,256.1471596385429,256.95403415655767,12.637469759662613,-0.27277292876663295,-0.3366207189777878,0.27277292876663295,-1.3641312380462713,-1.6834325906441157,-1.9786307874950504,-1465.0,False
KEI,2021-11-22,1032.6,1003.397930782731,985.6814296455099,48.17383079437231,0.606181172137141,0.9739431052257338,0.606181172137141,2.8280136758927856,4.543731392067601,10.352508231648285,8124.400000000007,True
TORNTPHARM,2021-12-20,1533.9,1529.8259275180183,1514.8954141467177,44.76154781671864,0.09101723869477421,0.42457392070307454,0.09101723869477421,0.2656022219168022,1.238971631350308,4.596127518091131,5146.5,True
TIINDIA,2022-01-04,1975.1,1762.8962584313078,1724.9807232753428,73.65650890120327,2.8809910316727687,3.3957525336986354,2.8809910316727687,10.743949246554203,12.663625979679868,-7.458509331294961,-8691.468050341991,False
MAXHEALTH,2022-01-03,434.46725,415.6166537981179,404.84042987099446,16.956207185041478,1.1117224504376069,1.747255138232911,1.1117224504376069,4.338784155050138,6.819114704043981,-7.774962179561973,-6755.932874016594,False
KPITTECH,2021-11-23,463.55,415.1958551297045,395.2134795151369,28.025134613879366,1.7253849280833873,2.4384011504808134,1.7253849280833873,10.431268443597347,14.741995574342168,53.43544385718908,62172.7,True
BSE,2022-01-07,216.5,213.5325390687047,211.5624941355321,9.394865361753064,0.3158598678141763,0.5255536587643636,0.3158598678141763,1.370651700367347,2.2806031706549232,-0.2309468822170868,-291.0,False
GMRAIRPORT,2022-01-10,48.45,46.27692826040907,45.24615362800495,2.316357511185035,0.938141771767865,1.3831398462994542,0.938141771767865,4.485184189042169,6.612686010309712,-9.70072239422085,-12215.300000000008,False
CDSL,2021-12-06,747.9730392156864,736.9332612361337,730.3200669381802,37.05223803922026,0.29795171800059556,0.47643470979594693,0.29795171800059556,1.475959346225747,2.360108099085617,2.6039656195010474,1986.6499999999903,True
IEX,2022-01-06,261.1,257.11344441611277,256.9964485178282,9.719261784602422,0.41017061503610147,0.42220814431326675,0.41017061503610147,1.5268309398265998,1.5716397863545912,-0.6893910379165091,-745.2000000000047,False
SUZLON,2022-01-07,9.8,8.692065194344762,8.204181522650108,0.4299969656731088,2.5766107533361295,3.7112319498623196,2.5766107533361295,11.305457200563659,16.28386201377441,14.795918367346928,18667.299999999992,True
BSE,2022-01-11,217.0,214.33002870353818,212.42354887234055,8.860878806817695,0.30132127463559344,0.5164782441373944,0.30132127463559344,1.2304015191068316,2.1089636532992873,-0.4608294930875556,-391.0,False
WIPRO,2021-12-20,318.5372549019608,309.7972601210377,309.24604768270706,7.859944293469785,1.111966504417147,1.1820958103956398,1.111966504417147,2.7437904503864354,2.9168353391233284,-0.4982949019414873,-404.7500000000088,False
SRF,2022-01-12,2626.1,2448.6089867668566,2387.2471618209674,76.69593778027922,2.3142166113363762,3.114282778095824,2.3142166113363762,6.758730179092318,9.095344357756082,1.1690339286394291,1197.3000000000106,True
ADANIGREEN,2022-01-12,1647.55,1450.6016161463456,1423.8184011317633,57.17942228010993,3.4443926853413416,3.912799219485338,3.4443926853413416,11.954015590036986,13.579654570012242,3.059087736335786,3830.400000000007,True
PERSISTENT,2021-11-29,2006.1,2044.8850213053497,2038.9897943356464,83.87884059989243,-0.4623933882247717,-0.39211074092610476,0.39211074092610476,-1.9333543345471216,-1.639489274495113,8.912422008169063,8582.020699482215,True
LTM,2021-12-20,6736.05,6764.972222176522,6762.210447831053,231.0155322951127,-0.12519600690561022,-0.11324107765028511,0.11324107765028511,-0.42936471933139086,-0.38836481069844797,1.728975905194563,1863.4349033897304,True
TECHM,2021-11-22,1448.5,1463.4466085274805,1447.328993146837,46.069026449556375,-0.32443942664702113,0.02541852831305455,0.02541852831305455,-1.031868037796377,0.08084272372543375,5.998357884466588,4778.741767607418,True
RADICO,2021-12-30,1228.3485507246376,1157.695084565733,1136.8384734880287,54.67131041630884,1.29233167489302,1.6738226418898992,1.29233167489302,5.7519069906684175,7.449846151780326,-8.640965261418643,-7323.740837450619,False
TATAELXSI,2022-01-18,6376.3,6107.39874103373,6017.445698689242,185.32527075172706,1.4509691952723822,1.936348452939811,1.4509691952723822,4.217198986344271,5.627939421149542,16.53231497890626,17920.549999999996,True
SRF,2022-01-17,2640.45,2522.856533940644,2452.4557564394945,72.37663094142621,1.624743574407644,2.597443969347612,1.624743574407644,4.453538830856699,7.119780475316909,-5.482143645320015,-5645.377213431239,False
TECHM,2022-01-20,1568.7,1605.4244601693094,1603.5394531802085,44.18681559198001,-0.8311180535936823,-0.7884581116212388,0.7884581116212388,-2.3410760610256514,-2.2209124230387243,-4.46866832409002,-5608.000000000011,False
KPITTECH,2022-01-11,726.6,632.7664578275725,595.9554528464967,40.39232088270655,2.3230539895171303,3.234390703442771,2.3230539895171303,12.914057551944335,17.98025697130517,-11.118172552355231,-13894.95838365105,False
KEI,2022-01-19,1210.85,1159.4495163643505,1148.3202293086965,47.45346943638596,1.0831765147236414,1.3177070387893988,1.0831765147236414,4.244991835128165,5.1641219549327655,-7.838042604184825,-6643.485721094032,False
SUZLON,2022-01-13,10.7,9.648278422270227,9.013797911788885,0.49343745670006395,2.131418203967157,3.4172559567890137,2.131418203967157,9.829173623642731,15.758898020664624,-9.223130031776892,-9284.519185268398,False
BSE,2022-01-14,229.5,217.73407055383166,215.11874445705524,9.310623447003818,1.2637101600274305,1.5446071495429965,1.2637101600274305,5.126766643210607,6.26634228450752,-8.113833069284372,-10241.685791704202,False
TIINDIA,2022-01-19,1794.1897727272728,1794.0460009869216,1775.4360576751828,69.39098517823075,0.0020719080437024305,0.27026154772008326,0.0020719080437024305,0.008013184699669256,1.0452470155140425,-7.720573664466556,-6094.956695684306,False
SRF,2022-01-21,2476.8,2533.6502157380573,2483.156605723307,73.95596903160333,-0.7687035472926271,-0.08595121944235007,0.08595121944235007,-2.2953090979512742,-0.2566459029112962,-5.971896724128167,-5620.6536464018445,False
SRF,2022-01-25,2470.5,2504.55321972592,2472.629426217609,89.06177942010696,-0.382355034310396,-0.023909540450166484,0.023909540450166484,-1.378393836305198,-0.08619413955105655,-7.210020596649002,-5521.830324046625,False
KEI,2022-01-24,1108.95,1158.6543601594747,1151.0602399013496,50.887836134016005,-0.9767434407817098,-0.8275109161735602,0.8275109161735602,-4.482110118533263,-3.7973073539248468,-0.6131926597231607,-482.7999999999968,False
KPITTECH,2022-01-25,648.4,667.6784872298621,648.2722082803701,44.49816365710968,-0.43324231036625893,0.002871842546460285,0.002871842546460285,-2.97323985654875,0.019708778474682352,-2.367365823565704,-2793.7000000000044,False
PRESTIGE,2022-01-13,491.4,469.889381310872,466.94631498528815,20.392913872196722,1.0548084900439412,1.1991265773966453,1.0548084900439412,4.377415280652822,4.976329876823733,-4.36507936507936,-3646.499999999998,False
SUZLON,2022-01-25,10.1,10.400074852627153,9.95056817953294,0.6027128609309527,-0.4978736510842932,0.24793202560211924,0.24793202560211924,-2.9710381448233,1.4795229749213812,-3.960396039603964,-3686.4000000000033,False
PGEL,2021-12-08,64.9,58.10219231372143,56.24828699877389,4.5422771579770425,1.496563826877103,1.9047082994555218,1.496563826877103,10.474279948040946,13.330836673692007,9.938366718027725,10274.849999999982,True
BDL,2022-01-27,244.22615384615384,221.6027588679929,215.6410343130469,10.735401821135595,2.1073635952424774,2.66269674944344,2.1073635952424774,9.26329740770195,11.70436461572156,-9.510100978286196,-7548.499999999996,False
SRF,2022-02-08,2531.3,2464.011790369051,2456.5896857933767,94.94199526800406,0.7087296769043732,0.7869048253697406,0.7087296769043732,2.6582471311558895,2.9514602854905965,-7.501441572947032,-6645.939668760288,False
ADANIENSOL,2022-01-11,1867.45,1784.455955501791,1789.1158710125965,77.70452211763717,1.068072259328279,1.0081025769492957,1.0081025769492957,4.444244531216843,4.194710915280386,2.559640151008047,2294.399999999998,True
HAL,2022-01-27,711.5,687.0131473146312,674.3281846995405,24.36984052281472,1.00480151531745,1.5253204166707492,1.00480151531745,3.4415815439731317,5.224429416789804,-6.338721011946591,-4961.000000000003,False
ONGC,2022-02-04,153.25,150.9422619736587,148.11938819940457,4.422683662550643,0.5217958602561195,1.1600675499446673,0.5217958602561195,1.505864943778987,3.347870669230298,-5.771854698271639,-4617.281743702868,False
NATIONALUM,2022-02-11,119.94,115.09908613652829,112.20772030699833,4.610115411889137,1.05006348669436,1.6772421083126705,1.05006348669436,4.036112942697776,6.4467898057375965,-7.687369371167485,-8740.77882094181,False
ADANIENSOL,2022-02-15,1926.95,1978.163512708271,1969.9513591799582,93.82975549157437,-0.5458131318787213,-0.45829128462153523,0.45829128462153523,-2.657749952425899,-2.2315762827244177,-1.6113547315706134,-1210.9499999999982,False
TATAELXSI,2022-01-21,7200.7,6516.887253828822,6313.903004274412,288.9524124786969,2.3665237479946346,3.0690070663139646,2.3665237479946346,9.496475983879032,12.315427607393561,-10.801727609815714,-13222.600000000002,False
BANKBARODA,2022-01-27,89.8,81.28368970797142,79.41643581939789,3.40698498289639,2.4996618226325675,3.0477281915621175,2.4996618226325675,9.483641750588617,11.562989065258472,-3.287496248529931,-3536.701614153496,False
BDL,2022-02-14,231.9,234.86417157463154,231.30077689780958,11.438432192363877,-0.2591414212002211,0.052386821210554886,0.052386821210554886,-1.2782111145457247,0.258397198012256,-4.1828374299267,-3947.900000000007,False
TMPV,2022-02-21,340.45,342.22433757276696,342.5471607440234,11.338876148564593,-0.15648266631711852,-0.18495313967151053,0.15648266631711852,-0.5211742026044844,-0.615996693794515,-3.275077103833157,-2441.849999999995,False
BSE,2022-01-25,220.5,223.74001148034466,221.04270394458752,10.913479985874657,-0.296881607382633,-0.04972785447812597,0.04972785447812597,-1.4693929616075567,-0.2461242379081702,-5.442176870748295,-4416.0,False
MARUTI,2022-02-14,8366.4,8556.13782600281,8434.616118902732,292.6261441759817,-0.648396699266573,-0.23311696600050763,0.23311696600050763,-2.267855063143178,-0.8153580859477431,-1.867589405240011,-1406.25,False
ONGC,2022-02-21,147.65,151.07004439213927,150.11662831954732,5.143993319507804,-0.6648617483948254,-0.4795162369657446,0.4795162369657446,-2.3163185859392215,-1.6705914795444032,-4.131391804944117,-4312.699999999996,False
BANKBARODA,2022-02-22,91.05,92.9127840231874,91.56034241695124,4.304401926853718,-0.43276256605270014,-0.11856290969655775,0.11856290969655775,-2.0458912940004415,-0.5605078714456304,-4.448105436573313,-4904.5499999999965,False
MARUTI,2022-02-25,8356.1,8515.25259728969,8481.224957152084,278.14880003954784,-0.572185093975096,-0.449848991382646,0.449848991382646,-1.9046277245328425,-1.4974085656237224,-6.657383229964886,-6675.571200949151,False
VOLTAS,2022-02-25,1252.3,1224.9284799651118,1222.5006793621849,40.73211195594718,0.67198872635161,0.7315928196908571,0.67198872635161,2.1856999149475476,2.379567247290192,-4.403896829833098,-3308.999999999992,False
BANKBARODA,2022-02-25,92.9,92.28006224200725,91.47351045601147,4.703870638956858,0.13179311370906183,0.30325866790947287,0.13179311370906183,0.6673172852451652,1.5355108116130656,-6.297093649085051,-6803.55000000001,False
TITAN,2022-02-25,2468.45,2460.7592132894792,2462.387282382303,72.31547999519884,0.10635048970194452,0.083837065288086,0.083837065288086,0.31156339851001924,0.24560828121682685,-1.11203386740667,-796.0499999999947,False
CHOLAFIN,2022-02-14,660.0,657.8620721567213,643.3341449546831,26.245215697778676,0.08145971699747363,0.635005451554641,0.08145971699747363,0.32392846110283385,2.5251295523207427,-7.953095665993537,-5931.418747697984,False
BLUESTARCO,2022-02-14,501.9,499.78290993839863,496.0083379280704,21.60249887508335,0.09800209104712554,0.27273058112388726,0.09800209104712554,0.421815114883711,1.1738717019186296,0.4383343295477182,327.8000000000068,True
GAIL,2022-03-07,95.54,86.69925123907159,85.32101340485244,3.6081737220326215,2.45020041771938,2.8321769910210493,2.45020041771938,9.253452753745467,10.696029511353956,-7.553221105364505,-5448.342320269263,False
BSE,2022-03-04,231.5,230.1336647656189,231.13710448770934,12.16047511256912,0.11235870488060512,0.02984221495717489,0.02984221495717489,0.5902096044842752,0.15675832064391498,45.35637149028078,45360.0,True
OIL,2022-03-07,165.67885462555068,156.32904905189503,154.24152769034072,7.1378945874631965,1.3098828315673647,1.602339008381852,1.3098828315673647,5.643330643966046,6.903311204715513,-9.071075883230396,-6823.100000000009,False
NATIONALUM,2022-02-22,113.09,114.49567372525198,113.3177757695041,4.84000642882422,-0.29042806986383524,-0.04706104689192019,0.04706104689192019,-1.2429690735272547,-0.20141106154752128,-1.600495180829431,-1310.4400000000016,False
ONGC,2022-03-03,154.0313121272366,148.5451542869746,148.59274168864596,5.375056806830196,1.0206697412556869,1.0118163647460854,1.0118163647460854,3.5617159683286923,3.530821339818319,-3.915640296730361,-3033.750000000004,False
CIPLA,2022-03-15,1068.05,987.0783850315917,968.9632934740677,27.960691888648977,2.8959088455632895,3.543785930639216,2.8959088455632895,7.581256960667412,9.27734717718574,-5.235839499770412,-3746.7327130789618,False
ONGC,2022-03-23,158.65,155.21065604337784,154.08957737794367,6.675161538316887,0.5152450524050363,0.6831928479750659,0.5152450524050363,2.167881472815737,2.874517883426622,-7.689883391112517,-5246.000000000007,False
HINDALCO,2022-02-22,516.2,522.9146549733704,517.8692178036957,15.31636524487402,-0.43839741779581454,-0.10898263243326155,0.10898263243326155,-1.300785543078328,-0.32336648657413547,10.325455249903136,7568.599999999993,True
COALINDIA,2022-03-02,172.05,153.98404276071076,152.63245154064128,6.290282037122748,2.872042482780762,3.0869122155038617,2.872042482780762,10.500411066137312,11.285991548595597,1.6564952048822912,1570.349999999997,True
BDL,2022-03-15,261.25,237.6939329851756,234.37322025023917,11.632314662474009,2.0250541442810666,2.3105272277808693,2.0250541442810666,9.016676369310778,10.287762583640509,37.07177033492823,26730.60000000001,True
ADANIGREEN,2022-01-24,1837.85,1747.5940468986287,1657.5740954769506,72.81116221356338,1.239589512891448,2.4759377414451884,1.239589512891448,4.910953184502067,9.809065186116896,45.01455505073864,49638.000000000015,True
BAJAJHLDNG,2022-04-11,6150.4,5725.678591887151,5539.598030977095,242.81881346622842,1.7491289165364423,2.515463939155835,1.7491289165364423,6.905590012240645,9.931093408931204,-7.896033216253517,-9712.752538649129,False
HAL,2022-04-12,835.5,776.1177286389075,754.2821470387345,26.560117211417822,2.2357684225717547,3.057887595705003,2.2357684225717547,7.107393340645427,9.720868098296293,4.009575104727703,4522.5,True
BSE,2022-03-15,317.1779891304348,271.07542056678074,258.70426376291834,18.85340425956356,2.4453179876131985,3.101494274587314,2.4453179876131985,14.53523578040438,18.435618917890924,-8.949170062960787,-10445.60553503878,False
INDHOTEL,2022-03-30,241.30893536121675,221.01068428151956,215.6376915296731,9.179844511560182,2.211175914160158,2.7964791559612845,2.211175914160158,8.411727916047793,10.63833123009565,0.9494321606258628,602.5499999999996,True
VEDL,2022-03-31,184.15,181.624500113198,178.25639335304638,6.961477737670017,0.3627821537280798,0.8466028146670765,0.3627821537280798,1.3714362676090195,3.2004380379873085,5.647569915829487,4565.600000000002,True
ADANIPOWER,2022-04-08,44.2,39.04716399814673,35.42802820777331,2.541999083674688,2.0270801964272884,3.4508162684095147,2.0270801964272884,11.658000004192926,19.846090027662203,23.076923076923062,22807.19999999999,True
TATAELXSI,2022-03-10,7059.157692307693,6754.422888434446,6783.426871952422,308.5135699614737,0.9877517021740777,0.8937396834431095,0.8937396834431095,4.31687202858939,3.906001712580139,7.2010139596204725,6608.302101111082,True
MAZDOCK,2022-04-18,165.65,145.01075373043906,139.25062472270687,7.627181980782244,2.7060120397762137,3.4612226827431236,2.7060120397762137,12.459551022976722,15.936839889703066,-9.208792008188638,-10815.344048749215,False
TATAELXSI,2022-04-27,7980.85,8115.039895801757,8107.454703484796,421.35342025397597,-0.3184734936312414,-0.30047152200279437,0.30047152200279437,-1.6813985452897422,-1.5863561335546363,-2.9426690139521483,-2818.2000000000044,False
BDL,2022-04-19,412.49955357142863,349.65329269830306,325.58700411403606,25.00784274296267,2.5130620629326703,3.4754117078671327,2.5130620629326703,15.235473669971642,21.069731762107896,-11.773404028410528,-10878.613548847296,False
HAL,2022-04-19,845.3,803.953146897971,778.387262989282,29.19191964777149,1.4163800668444688,2.292166387756759,1.4163800668444688,4.8913821249294855,7.915856738520991,-6.906877948130008,-5604.848572372128,False
BANKBARODA,2022-03-14,93.0,89.13149767368176,89.39177343710612,4.58715347983778,0.8433339637144737,0.7865938165691105,0.7865938165691105,4.159679920772296,3.8798135084880383,5.86021505376344,6518.200000000004,True
ANGELONE,2022-04-29,194.9,179.9192549835733,173.81525990827564,9.680474921541553,1.547521700933359,2.178068768589585,1.547521700933359,7.686375072563729,10.818235039366018,-9.933786476697328,-8189.681783624147,False
ADANIENT,2022-04-25,2214.5,2115.84723248265,2047.40250691082,65.07760990955536,1.515924872693657,2.5676648746229547,1.515924872693657,4.4548551599616255,7.545608177429669,-1.3321291487920497,-1622.5,False
BSE,2022-05-02,297.0,289.0696050461062,289.67310124129733,12.716583661562726,0.6236262163606343,0.5761688008115754,0.5761688008115754,2.6701666511427016,2.4669692790244677,-4.882154882154888,-3987.5,False
VEDL,2022-05-02,186.35,189.12328238151895,188.55542105479046,6.341876325462844,-0.4372968249765661,-0.34775529222095114,0.34775529222095114,-1.4882116348371095,-1.1834832598821912,-3.3002414810839875,-2693.7000000000025,False
ANGELONE,2022-05-04,169.0,178.5284322328294,173.99608256882286,10.53112378439042,-0.9047877916839948,-0.474411152229377,0.474411152229377,-5.638125581555859,-2.9562618750431104,-6.331360946745557,-5339.299999999995,False
ADANIPORTS,2022-04-05,848.05,772.533054404546,757.0697121580774,22.994055708580003,3.284194252311722,3.9566872845304157,3.284194252311722,8.904775142439005,10.7281749710421,-5.913566417074467,-5666.949999999997,False
VEDL,2022-05-05,185.05,187.448738076218,187.54621574776067,6.584577035730719,-0.36429645567231134,-0.3791003938772572,0.36429645567231134,-1.2962648344868928,-1.3489412308893045,-10.483653066738718,-8342.000000000002,False
JINDALSTEL,2022-03-04,435.75,420.41012320211377,416.43538586631604,21.12682611797932,0.7260852487838537,0.9142222322380391,0.7260852487838537,3.520338909440329,4.432498940604466,15.616752725186457,11228.250000000002,True
TATAELXSI,2022-05-04,7776.5,7949.296420224524,7996.21549312533,385.78216071100087,-0.4479118990521961,-0.5695325380530601,0.4479118990521961,-2.2220333083588235,-2.8253776522256784,-3.4527100880858974,-3759.0,False
MAZDOCK,2022-05-04,146.9446096654275,151.82180016228827,148.98452463358785,7.294988336059035,-0.6685672782714246,-0.27963238242302413,0.27963238242302413,-3.3190673056776046,-1.3882203456152382,-4.113529362655921,-3251.999999999988,False
ADANIPORTS,2022-05-06,811.4,840.1180355520122,832.9009434850931,32.25510106586946,-0.8903408950220292,-0.6665904856780683,0.6665904856780683,-3.5393191461686255,-2.649857466735655,-2.3169829923588847,-2650.799999999994,False
COALINDIA,2022-05-06,174.45,176.04890678553136,175.98104978824773,6.830544895985522,-0.23408187924671806,-0.22414753311226715,0.22414753311226715,-0.9165415795536653,-0.8776439026928875,-2.321582115219256,-1818.4499999999923,False
ADANIGREEN,2022-04-21,2811.5,2577.674088990637,2414.0833920685122,174.1653279959025,1.3425514348921634,2.2818353831070075,1.3425514348921634,8.316767242018964,14.135394199946214,-12.389495144648944,-10449.919679754152,False
ADANIENSOL,2022-02-22,1969.1,1965.0127431914987,1964.0177212062997,101.64851904290835,0.04020970346627401,0.04999855228146356,0.04020970346627401,0.20756979373831963,0.25810160955259753,26.07536437966584,28753.20000000001,True
NTPC,2022-05-06,159.0,157.13998456339417,154.67256100924297,4.299478257042166,0.4326142209369925,1.0065032852925975,0.4326142209369925,1.1698210293118456,2.721659742614485,-5.408148750996434,-4247.884517957662,False
NHPC,2022-05-09,33.3,33.08938410395077,32.55872814828713,1.4845154769650426,0.14187517699701704,0.49933588649970145,0.14187517699701704,0.6324801683159958,2.2260415967353357,-8.916008870660919,-9877.9659837254,False
GODFRYPHLP,2022-05-09,392.0,398.25101491045194,395.0937707309161,18.6644963482629,-0.3349147383252976,-0.16575698980508743,0.16575698980508743,-1.594646660829577,-0.7892272272745168,-4.081632653061229,-3120.0,False
ADANIPOWER,2022-04-29,56.05,51.57550174186203,47.63972192132822,3.2397148871832595,1.381139518122313,2.5959932807494734,1.381139518122313,7.983047739764443,15.004956429387656,-11.560088803508515,-13567.925947523498,False
ITC,2022-05-09,216.9,215.69995371596278,214.22962624640041,5.322220821464102,0.2254784843194658,0.5017405032933211,0.2254784843194658,0.5532716846644665,1.2311543354539378,-4.90753418300055,-3757.4878999536554,False
HAL,2022-05-04,790.95,807.9344572810224,798.893027619688,27.258085949105855,-0.6230979428538908,-0.29140078413864384,0.29140078413864384,-2.1473490462130855,-1.0042389050746565,-4.102661356596505,-3212.5500000000047,False
UPL,2022-05-10,757.6,772.0216746987028,770.3513535459279,22.88898435935977,-0.6300705383987666,-0.5570956467849365,0.5570956467849365,-1.9036001450241233,-1.683124808068615,-3.148099260823656,-3482.100000000003,False
ADANIGREEN,2022-05-11,2648.05,2720.9487961336304,2662.4629062586214,179.7211708761402,-0.4056216403345736,-0.080195928995779,0.080195928995779,-2.7529237036170078,-0.5442837657378525,-7.977568399388224,-8238.75,False
PHOENIXLTD,2022-05-11,527.55,528.5078279966775,526.7885234828898,28.380724632501778,-0.03374924386464238,0.026830763730328454,0.026830763730328454,-0.18156155751636155,0.14434205612930873,-2.0945881906928143,-1513.8499999999938,False
NTPC,2022-05-11,152.55,156.4725558766564,154.86897897012994,4.620081534519548,-0.8490230848413597,-0.5019346418030454,0.5019346418030454,-2.571324730682654,-1.5201435399081829,-5.506391347099315,-4057.2000000000025,False
NHPC,2022-05-12,31.3,32.40934975642381,32.23668531050874,1.5735351686924923,-0.7050047425032172,-0.5952744680546703,0.5952744680546703,-3.5442484230792557,-2.9926048259065157,-0.4792332268370725,-507.0000000000072,False
TIINDIA,2022-05-13,1725.0,1762.8221950296395,1757.098205854572,79.01876710241639,-0.47864825555450724,-0.4062099047049084,0.4062099047049084,-2.192591016210985,-1.8607655567867778,0.240579710144928,232.4000000000051,True
NTPC,2022-05-16,148.25,152.95749874448333,152.9066333359353,4.956020091596008,-0.9498546530240872,-0.9395912950053671,0.9395912950053671,-3.1753785797526684,-3.1410680174943075,0.1686340640809414,124.5,True
POWERGRID,2022-05-06,175.25,170.27669405931803,168.41928038005142,5.013653086567789,0.9919525453418553,1.362423666338013,0.9919525453418553,2.8378350588770145,3.897700211097621,-6.590584878744654,-5162.850000000005,False
NHPC,2022-05-16,31.85254051686378,32.175236555739936,32.11172339711466,1.5560073648419965,-0.20738721818898592,-0.16656918605086282,0.16656918605086282,-1.0130935669175598,-0.8136961009865427,0.4629441819818058,336.6499999999911,True
COLPAL,2022-05-10,1589.9,1594.776410440301,1584.7815047105128,36.5429632971508,-0.1334432131474467,0.1400678770319212,0.1334432131474467,-0.30671177057054,0.3219381904199841,-2.443549908799303,-2486.4000000000087,False
POLYCAB,2022-05-17,2601.5928571428567,2504.6829682826205,2503.185335720322,95.28486850502672,1.0170543380151036,1.032771760789522,1.0170543380151036,3.7250213304577313,3.782587315780396,-2.8306834000049297,-2061.9999999999927,False
PATANJALI,2022-05-19,389.6,354.8875104834655,346.43762397192313,27.834442680977347,1.247105606330597,1.5506822436784402,1.247105606330597,8.909776569952388,11.078638610902694,-5.954825462012336,-4338.400000000009,False
BDL,2022-05-20,380.1075757575758,353.0545284085048,350.0976861624679,23.827613107228707,1.1353653942309383,1.2594584887734155,1.1353653942309383,7.117208146970697,7.895104309693511,-6.934241103993688,-5218.800000000003,False
POWERGRID,2022-05-24,166.7,169.94653914778632,169.96073721442713,5.39375858661524,-0.6019066474058947,-0.604538961480172,0.6019066474058947,-1.9475339818754267,-1.9560511184325964,-0.959808038392318,-886.3999999999969,False
BEL,2022-05-24,77.2,76.83355986881965,76.97460524865015,2.9125052579816413,0.12581612691552582,0.07738861611740096,0.07738861611740096,0.4746633823579721,0.2919621131474781,-2.266839378238339,-1657.25,False
SUNPHARMA,2022-05-25,911.2,900.0147479040304,899.5524471574873,23.895546430881765,0.4680894043717794,0.4874361369472523,0.4680894043717794,1.2275298612784948,1.278265237325802,-2.513169446883245,-1786.200000000007,False
BAJAJ-AUTO,2022-05-16,3627.675,3549.9358799683487,3559.753868617551,107.86573616359155,0.7207026327039631,0.6296821752501528,0.6296821752501528,2.14294610271459,1.8723047511822144,-0.8317999820821931,-603.5000000000036,False
ADANIPOWER,2022-05-13,50.95,52.54128846900741,50.842817975082134,3.4423350206225276,-0.462270075246666,0.03113643043915152,0.03113643043915152,-3.1232354641951114,0.21036707540307858,11.481844946025513,12214.799999999988,True
NTPC,2022-05-25,152.64069767441862,150.75900374180304,151.27702497244738,4.9163421606766216,0.3827426715061273,0.277375466841706,0.277375466841706,1.232760306579058,0.8933873617899354,-2.4506555141653563,-1769.3500000000038,False
BAJAJ-AUTO,2022-06-13,3785.5,3719.3536488379796,3694.8489468314806,107.21752488717058,0.6169360021286535,0.845487277046502,0.6169360021286535,1.7473610133937507,2.3946916700176835,-5.66464270966428,-3859.830895938142,False
PHOENIXLTD,2022-05-25,550.65,536.4734409738492,532.4160727074895,29.288894968369817,0.48402505596269896,0.6225542927516363,0.48402505596269896,2.574513579615148,3.3113460987034284,-2.7058930355034927,-2428.699999999996,False
COALINDIA,2022-06-02,184.269804400978,174.56309538733393,173.17744248799727,6.389820695394406,1.5190894199332334,1.7359425939722795,1.5190894199332334,5.267661212968944,6.019630806598853,-6.810364743459951,-5132.723328832632,False
ITC,2022-05-12,208.55,213.92110787944017,213.42763053824223,5.64468627724367,-0.9515334627353108,-0.8641101203278897,0.8641101203278897,-2.575453310688161,-2.338830274870398,3.092783505154628,3270.149999999994,True
TATAELXSI,2022-05-18,8437.211111111112,7786.549384730223,7798.723589833037,413.78015346682497,1.5724817174757406,1.5430598010285321,1.5430598010285321,7.711810428970073,7.567518613315707,-5.2779420266570565,-4007.800000000008,False
BEL,2022-06-14,80.44702233250621,80.1192754523398,79.48060778792684,2.619983612084908,0.12509501153161406,0.36886282040913987,0.12509501153161406,0.4074070993103356,1.2013055506081374,-3.725460863074359,-2415.6000000000013,False
EICHERMOT,2022-05-24,2719.3,2617.11442341824,2584.2204177337417,89.01470635286609,1.147962856572068,1.5174973642083944,1.147962856572068,3.757789746690691,4.967439497894992,-4.210642444746815,-2977.0,False
OIL,2022-06-03,167.3,157.9498279896227,156.4941605241523,7.310710172315794,1.278969045412929,1.4780834174998854,1.278969045412929,5.5888655172608015,6.4589596388808745,1.464435146443499,1594.9499999999923,True
KEI,2022-06-15,1258.65,1265.6843300688267,1252.4032470800423,56.62446544001555,-0.12422775233575285,0.11031897381133239,0.11031897381133239,-0.5588789630816071,0.4963057974780734,-5.180153338894855,-4498.800000000003,False
BDL,2022-05-30,373.25,363.25078944510545,358.76109680246276,23.527415805501096,0.4250025008082939,0.6158306257395891,0.4250025008082939,2.678957951746697,3.88182269190549,-11.967406281438665,-8308.311973857386,False
BEL,2022-06-17,78.25,79.51811515366006,79.24369480685714,2.713849852678769,-0.46727535512266444,-0.36615688442611727,0.36615688442611727,-1.6205944455719645,-1.2698975167503328,-3.258785942492004,-3432.299999999996,False
TORNTPHARM,2022-06-21,1411.8,1400.1228172255533,1394.1154599603578,36.804491803224195,0.31727602263546895,0.48049950354409976,0.31727602263546895,0.82711310202909,1.2526236038845526,-0.1983283751239573,-137.19999999999777,False
BDL,2022-06-21,371.65,388.5860243402856,385.94951236628117,25.736912493665173,-0.658044135808994,-0.5556032554332554,0.5556032554332554,-4.556982198381703,-3.8475749673836117,-2.192923449482032,-2159.749999999994,False
BAJAJ-AUTO,2022-06-27,3766.0,3655.14966358302,3653.0116245796344,110.4174495565058,1.0039204569768003,1.0232836917913428,1.0039204569768003,2.943450250052578,3.000222395654956,-4.009559214020175,-3775.0,False
HAL,2022-05-16,800.2,786.9316617348148,788.1719004479633,30.214200489364572,0.4391424578603586,0.39809425227950995,0.39809425227950995,1.6581277512103483,1.503136659839639,8.485378655336163,8215.899999999998,True
TATAELXSI,2022-07-01,8152.05,8030.333424838339,8057.703936650611,315.75533635454667,0.38547749205730436,0.2987948341226224,0.2987948341226224,1.4930793501224997,1.1573293018245672,-1.8259210873338705,-1786.2000000000044,False
TORNTPHARM,2022-06-23,1427.8200000000004,1405.1494167371413,1398.398727239965,35.967393442575975,0.6303093188850049,0.8179984687244073,0.6303093188850049,1.587775998575384,2.060572954576587,3.2518104522978764,2321.4999999999804,True
HAL,2022-07-05,879.5,892.6140478800805,894.8327366543188,32.96881602129701,-0.397771271846984,-0.4650678581970974,0.397771271846984,-1.491079918144461,-1.7433469760453384,-1.3246162592381985,-1293.1499999999974,False
TATAELXSI,2022-07-07,8082.9,8032.672852390875,8050.58792203443,280.7374209085331,0.17891148050935846,0.11509715327938688,0.11509715327938688,0.6214000867154683,0.3997584773480952,-1.1103688032760517,-807.75,False
ASHOKLEY,2022-06-17,63.3,64.83794841374298,64.61820617968971,2.4180980645625505,-0.6360157333078243,-0.5451417372223828,0.5451417372223828,-2.4296183471453103,-2.0824742175192896,10.742496050552909,7561.599999999997,True
HAL,2022-07-11,873.05,882.7726597470156,887.3440964786001,30.43359158642919,-0.31947132231843245,-0.4696815503357855,0.31947132231843245,-1.1136429467975095,-1.6372597764847583,-1.2599507473798788,-979.0,False
HEROMOTOCO,2022-06-24,2598.0777777777776,2429.8595688940445,2421.9601345462934,80.65620420432894,2.0856202017340224,2.1835597765711827,2.0856202017340224,6.4747179750567625,6.7787671615483145,2.383386007603927,1671.900000000006,True
CGPOWER,2022-06-24,186.2,175.81047629749625,175.63803397368474,6.958660323217168,1.493035041219025,1.5178160070661673,1.493035041219025,5.579765683406949,5.672377028096267,23.147153598281434,16550.40000000001,True
BAJAJ-AUTO,2022-07-08,3730.5,3664.5668092468663,3660.790780966961,95.5974928562083,0.6896958150597755,0.729195054705998,0.6896958150597755,1.767408946605915,1.8686293803254004,1.541348344725901,1092.5,True
ADANIENSOL,2022-06-30,2473.65,2198.8901721229304,2181.5147898815435,123.76456860308033,2.220020083116351,2.3604106847037136,2.220020083116351,11.107465804663946,11.809884588298933,31.85980231641501,28371.6,True
VBL,2022-05-02,147.3,140.20211667210492,137.31258397497766,6.88376612128137,1.0311046602748124,1.4508651004492958,1.0311046602748124,4.81865806374412,6.780323167021287,39.20570264765784,43716.75,True
ADANIPOWER,2022-07-20,58.02244569589704,56.525878200943566,55.898969797359634,2.326548475950581,0.6432565280386032,0.9127150886764985,0.6432565280386032,2.5792906124591393,3.6597490386165594,37.70532944916869,27193.8,True
HINDUNILVR,2022-07-07,2472.95,2338.348295531186,2304.92102704307,64.03155355089449,2.1021152385726154,2.6241589285097495,2.1021152385726154,5.442961016956015,6.794677326954848,6.534705513657801,6302.400000000014,True
VBL,2022-08-18,208.2,198.27626752402273,191.65828098562852,7.009332537723887,1.4157885108986075,2.3599563760664424,1.4157885108986075,4.766442111420394,7.945109997296575,-6.7332685280729,-6686.903240988594,False
CGPOWER,2022-07-27,223.8259875259875,211.4638705253938,205.54227357753126,8.966454126125104,1.378707438492864,2.03912423922227,1.378707438492864,5.523092799560819,8.168718096835557,-4.411995791994894,-4749.967905649082,False
HAL,2022-08-19,1121.1,1086.8200948571584,1049.5375336068337,34.65526800218401,0.98916866378529,2.0649808966606837,0.98916866378529,3.057702715443892,6.383236677652862,8.009990188208027,8171.800000000017,True
COALINDIA,2022-07-13,180.05,175.04236094181817,174.26827993786807,5.477592532063991,0.9142043751645995,1.0555221163837374,0.9142043751645995,2.781249129787191,3.2111747082099074,19.68897528464315,15137.149999999996,True
PIIND,2022-08-22,3379.0,3283.9006443742046,3200.374538079131,93.76653719490284,1.0142142225869146,1.9050022242964841,1.0142142225869146,2.814423072678171,5.286340986116275,-2.96241491565552,-2702.699999999997,False
BEL,2022-07-22,88.95,83.12893954280747,81.61850162161133,2.5495543360735407,2.2831678363667653,2.8755999723777608,2.2831678363667653,6.5441938810483755,8.242269115670235,14.786338531192754,13020.923642261,True
ADANIPOWER,2022-09-06,81.55,78.5838798166188,76.0049664539593,3.8813745913459057,0.7641932293766732,1.4286262290695066,0.7641932293766732,3.6371798692595867,6.799550638921764,-9.519005742111354,-9998.420947307046,False
HAL,2022-09-15,1272.1,1224.8760184994771,1188.1106490978275,36.113458439738245,1.3076560246735829,2.3257077702021713,1.3076560246735829,3.712285315660936,6.602417333713735,-5.966512066661411,-5237.09999999999,False
BDL,2022-08-01,410.6,374.3266850587829,369.0148949861401,15.484022701155066,2.3426286334823843,2.685678380641858,2.3426286334823843,8.834221856117171,10.12788724156354,0.4383828543594648,514.799999999987,True
ADANIENSOL,2022-08-05,3313.55,3189.2620210533114,3041.412874064707,141.34161261274977,0.8793445656178777,1.925385743835393,0.8793445656178777,3.750900965631687,8.212857084857424,6.233351540532528,7435.627918967355,True
PHOENIXLTD,2022-06-17,542.3,550.699795449624,550.1405794495122,30.879243667366865,-0.2720207638537787,-0.25391099386926197,0.25391099386926197,-1.5489204222061765,-1.4458011155287174,22.28471325834409,18369.200000000004,True
ITC,2022-06-17,217.15,219.93222624500913,220.2053424807669,4.988694446283625,-0.5577062846736931,-0.6124533209371017,0.5577062846736931,-1.2812462560484124,-1.4070193326119649,23.048700296984627,24274.37255702753,True
COCHINSHIP,2022-09-26,208.35,202.20624619171352,196.4462988129874,8.029338440281448,0.7651631394019459,1.482525774140283,0.7651631394019459,2.9487659267033726,5.713319504205705,16.486681065514762,17965.049999999996,True
ADANIPOWER,2022-09-28,73.55,76.802727336651,76.88618104326018,3.400467387573927,-0.9565530163698095,-0.9810948505053567,0.9565530163698095,-4.4224708859972885,-4.53593615670997,-3.5350101971447945,-4180.799999999991,False
MAZDOCK,2022-09-08,216.3,188.13474243802696,177.5968101251667,10.397250422976514,2.7089140317070415,3.7224447137778367,2.7089140317070415,13.021385835401317,17.893291666589597,37.54045307443366,41330.8,True
HINDUNILVR,2022-10-03,2622.5,2649.4652942179064,2634.962959919119,59.04388108134143,-0.4566992163126575,-0.21107961893543908,0.21107961893543908,-1.0282285688429504,-0.47523202742112225,-2.7397521448998985,-3161.399999999996,False
BAJAJHLDNG,2022-10-03,6507.25,6573.068210187612,6461.942724160676,275.5501964560746,-0.2388610533910612,0.16442476333543854,0.16442476333543854,-1.0114596824712718,0.6962584169860335,2.388105574551447,2952.599999999993,True
COCHINSHIP,2022-10-12,263.75,240.54928777490113,228.74088932747054,12.191570876951511,1.9030125370439697,2.871583245988022,1.9030125370439697,8.796478568757864,13.273596463518277,2.7488151658767723,3480.0,True
VBL,2022-09-12,213.4,210.2384669356804,205.8038841584009,7.945901327552307,0.39788224570031155,0.9559791304303855,0.39788224570031155,1.4815056533831297,3.559566936082053,-3.7956888472352346,-3491.0999999999976,False
BDL,2022-09-29,434.6,435.3633780212226,431.853663564933,19.490932380364026,-0.03916580317069139,0.14090328679369804,0.03916580317069139,-0.17565071818283315,0.631922787636219,2.64611136677404,3369.5,True
AMBUJACEM,2022-09-26,509.9080487804878,512.9560554486103,490.9071986440324,25.942296702911992,-0.11749178197396802,0.7324274467311349,0.11749178197396802,-0.5977561396436543,3.7263287335625326,0.5279287561650303,551.8500000000108,True
TIINDIA,2022-09-26,2672.15,2639.3980072234563,2561.701913083263,111.62164219396664,0.29341973592925813,0.9894863105920764,0.29341973592925813,1.2256794258010901,4.133304152713616,2.4418539378403104,2022.75,True
MAZDOCK,2022-10-11,289.4,265.98872950622695,248.47920986189138,18.33088980356855,1.2771486133322052,2.232340632484866,1.2771486133322052,8.089588975042513,14.139872196996754,30.269523151347634,33988.80000000001,True
UNIONBANK,2022-10-27,46.31051198257081,41.35066753587172,40.28032936149879,1.5904241995107158,3.1185670138978976,3.791556128815929,3.1185670138978976,10.70997541241986,13.02119618833303,22.628745761595543,19240.339999999997,True
HAL,2022-09-29,1157.4,1194.2225460141774,1190.3539752363197,41.92816248283348,-0.8782294246558849,-0.785962782170858,0.785962782170858,-3.181488337150277,-2.8472416827647824,5.024192154829787,5000.899999999989,True
VBL,2022-11-03,237.8,215.94866267627398,214.1792834061004,9.197273830111431,2.375849379648326,2.5682302201948706,2.375849379648326,9.188955981381845,9.933017911648276,-7.735301791515081,-11312.646811037055,False
EICHERMOT,2022-06-21,2708.7259259259263,2676.403665215151,2670.660031402388,77.35533576533358,0.4178413860012039,0.49209138771002836,0.4178413860012039,1.1932643462157115,1.4053062422890235,29.937472311705918,21894.949999999997,True
GODFRYPHLP,2022-11-11,561.0,521.5529424202672,500.5561404180999,19.5416137484116,2.0186182209716015,3.093084346056791,2.0186182209716015,7.031561065906028,10.774306520837804,5.882352941176472,5874.0,True
RVNL,2022-11-11,51.15,45.08741763756011,42.73191038214651,2.567373257485435,2.3613949957466533,3.278872518169963,2.3613949957466533,11.852555938298906,16.45765321183478,18.57282502443793,24139.5,True
MAZDOCK,2022-11-10,386.5,358.8019534136312,338.11820108334064,19.448473801514552,1.4241758437729848,2.487691291894155,1.4241758437729848,7.166376865813397,12.517929862007598,12.32858990944372,12865.499999999996,True
UNIONBANK,2022-11-14,57.45,51.526507596281,48.50493157456587,2.29503840542541,2.580999250259178,3.8975680774178874,2.580999250259178,10.310691738414278,15.570180026865325,14.969538729329845,15884.19999999999,True
BANKINDIA,2022-11-16,69.2,64.27397471221155,60.4353362222661,2.7429140248111086,1.7959094755540799,3.1953840690786803,1.7959094755540799,7.118533652873479,12.665699100771533,4.118497109826591,4827.899999999991,True
PHOENIXLTD,2022-10-21,715.6,697.3554439938282,695.5459929945853,30.418338259356176,0.5997880571454326,0.6592735880056323,0.5997880571454326,2.549546674982088,2.8024045563743356,0.5589714924538747,584.0,True
PNB,2022-11-23,47.55,42.94350161054881,41.596946588186924,1.6796600494443328,2.7425182798001995,3.54420134823262,2.7425182798001995,9.687693773819538,12.519565534832964,6.456361724500526,6781.630000000001,True
RVNL,2022-11-21,61.8,54.87257313957624,50.74845245641922,3.200071869712824,2.1647722746443905,3.45353104353014,2.1647722746443905,11.209428576737473,17.882763015502874,29.61165048543688,36252.3,True
UNIONBANK,2022-11-25,68.49,62.926120896875744,58.69181752083909,2.950322271752458,1.8858546933651994,3.3210549820175737,1.8858546933651994,8.123637177871588,14.306004495781732,7.811359322528855,8736.550000000014,True
BEL,2022-10-06,104.65,103.30003313077191,103.76251960705756,3.5473634889503494,0.38055498779110103,0.2501802805680486,0.2501802805680486,1.2899826748476804,0.8480462426588153,0.4300047778308613,587.2499999999852,True
NHPC,2022-10-13,37.9,37.557679853011734,37.41266341467003,1.2961217249107357,0.2641111096350459,0.3759960009647499,0.2641111096350459,0.9032193851933092,1.2858485101054624,10.949868073878632,14263.549999999996,True
UNIONBANK,2022-11-30,73.33,66.62347555021914,62.218743441652194,3.111314880116674,2.155527392177472,3.5712414160829438,2.155527392177472,9.145676325897801,15.152402234212198,1.5955270694122392,2647.710000000004,True
RVNL,2022-11-29,77.95,65.19211062057536,59.681376428144,4.48924853422265,2.8418763813516,4.069416837270152,2.8418763813516,16.36675994794694,23.436335563638234,-11.518277188512238,-13880.756467816424,False
BANKBARODA,2022-10-18,124.6,118.04712572206574,117.5831708145395,4.533335821394772,1.4454861797373149,1.5478291178749748,1.4454861797373149,5.2591286339761245,5.631484097480333,35.75441412520066,46732.95000000001,True
PNB,2022-11-30,48.45,46.41058121756576,44.55845607179522,1.8169006380123136,1.122471278707547,2.141858419105475,1.122471278707547,4.209326692330731,8.032082411155383,12.48710010319918,14459.499999999993,True
IRFC,2022-12-05,33.65,31.54523913224465,29.74769862008358,1.5228196538519725,1.3821471652479373,2.5625499185314218,1.3821471652479373,6.254861419778155,11.59673515576945,-9.050934049640247,-15258.652931596758,False
RVNL,2022-12-06,71.9981793661497,69.5436932341045,64.87689392064873,4.46857337347744,0.5492773480264296,1.593637353650343,0.5492773480264296,3.409094721080118,9.890924337524403,-6.45596792456542,-6893.250000000013,False
MAHABANK,2022-11-28,27.3,25.651838800658208,24.42227084719888,1.3047054212594733,1.26324392654916,2.20565432312158,1.26324392654916,6.037220510409497,10.54113242784293,25.82417582417582,40981.65,True
CGPOWER,2022-10-03,229.6,238.35393027647626,236.9141192250126,8.97702331793292,-0.9751484391255851,-0.8147599673047055,0.8147599673047055,-3.812687402646459,-3.185591996956709,14.372822299651578,18645.00000000001,True
COCHINSHIP,2022-10-14,269.4189448441246,247.18519101829474,235.156933328488,12.8307422357388,1.7328501669918892,2.6703062758289273,1.7328501669918892,8.252483446809375,12.717001595956543,6.123255548355533,6879.336773699832,True
UNIONBANK,2022-12-09,75.26,73.27165686749345,69.1978951114311,3.6751687895447827,0.5410209017237653,1.6494765916097642,0.5410209017237653,2.6419653634155686,8.054882923955502,-8.438435446390113,-11869.58262018553,False
RVNL,2022-12-15,72.8,70.92941389724919,68.09079547803462,3.935851320732082,0.4752684871243741,1.196489434740499,0.4752684871243741,2.5694864048774817,6.468687530172219,-8.722527472527464,-15373.349999999986,False
MAHABANK,2022-12-21,29.95,30.99570416212733,29.69474672683649,2.219289966746346,-0.47118861338359214,0.11501573791086388,0.11501573791086388,-3.4914997066021005,0.8522646850200586,-3.672787979966608,-5450.499999999989,False
INDIANB,2022-11-09,255.35,232.94251100917938,223.5829524306215,9.896715254574834,2.2641339489344783,3.2098576903780196,2.2641339489344783,8.77520618399084,12.440590393334048,-3.16703024593028,-3299.5007870570525,False
NMDC,2022-11-15,30.6,29.06350741302925,26.53770125247915,1.2202588629434215,1.2591529827241197,3.3290467054851502,1.2591529827241197,5.021217604479582,13.275486103009321,3.483527136377496,5369.237012895618,True
MAZDOCK,2022-11-18,409.5,394.50055536780076,372.5783422548478,20.20428714749682,0.7423892029795061,1.8274169969776204,0.7423892029795061,3.662868042051097,9.016277837644,-6.905534736975505,-8398.614930130658,False
GODFRYPHLP,2022-12-08,637.0,598.881190046666,585.2487377952684,22.5764157486929,1.6884349746943754,2.2922709601380284,1.6884349746943754,5.984114592360125,8.124216986614062,-7.088356592996203,-9572.400277445791,False
PNB,2022-12-09,53.12108603667137,50.48370311413066,48.40511117021306,2.0643774423970056,1.277568175458443,2.2844537871826684,1.277568175458443,4.96485128470459,8.87778322755432,-7.75556606395681,-8762.901639956868,False
IRFC,2022-12-22,31.25,32.673408246823556,31.969714768416853,1.9773220121210753,-0.7198666874176272,-0.36398460342067135,0.36398460342067135,-4.554906389835378,-2.3030872589339313,-10.88,-12889.399999999994,False
TIINDIA,2022-12-23,2778.5,2897.426033077794,2871.178196084262,140.98519002531796,-0.8435356441086983,-0.6573612169307907,0.6573612169307907,-4.280224332474134,-3.3355478166011086,-0.6874212704696792,-706.6999999999966,False
CUMMINSIND,2022-12-23,1388.05,1446.0896951632146,1434.4846657157227,43.134834207521266,-1.3455411671222908,-1.0765003869570018,1.0765003869570018,-4.181383607450357,-3.345316502699669,-1.0806527142394051,-1140.0,False
UNIONBANK,2022-12-27,74.36,73.12321142551467,72.40847134203537,5.51802147658853,0.2241362379129349,0.3536645636926999,0.2241362379129349,1.6632444519705907,2.6244333754231173,-4.222700376546529,-4405.420000000001,False
PIIND,2022-12-23,3459.6,3496.173000480518,3473.1188083364823,88.70585746952747,-0.4122952139105569,-0.15240040198164373,0.15240040198164373,-1.057145348610192,-0.3907621787629316,-1.3440860215053752,-1348.5,False
UNIONBANK,2023-01-03,73.89,72.68981507971692,72.33493442576287,4.733838835951882,0.2535331180200064,0.32849989788983597,0.2535331180200064,1.624285993074947,2.1045683776385617,-2.1518473406414995,-2129.0100000000048,False
VBL,2022-12-08,273.35,251.89871867325556,244.11698969494532,12.10294435637854,1.7724018796665069,2.4153635218233664,1.7724018796665069,7.847551244464775,10.694351675527603,-8.855272988021612,-15273.915777749722,False
MAZDOCK,2022-12-26,402.1,414.34770109306703,417.29141039614933,26.13638462704296,-0.46860731764692803,-0.5812361048754602,0.46860731764692803,-3.0459341191412603,-3.7780180045136302,-2.959462820193992,-3022.6000000000085,False
BANKINDIA,2023-01-11,88.63,85.96199922470521,84.63825660497093,4.448597976229083,0.5997396909208583,0.897303693513955,0.5997396909208583,3.0102682785679633,4.503828720556315,-10.038582818975694,-15774.728423708322,False
BANKBARODA,2022-12-22,158.25,162.0117636292043,159.18830694374336,5.4398179112058775,-0.691523813959869,-0.17248866764647935,0.17248866764647935,-2.3771018194023985,-0.5929269786687874,-5.257760896280328,-8545.057597059438,False
ABCAPITAL,2022-12-22,147.85,151.37804214249505,148.41086451110957,4.8458626667347975,-0.7280524408406918,-0.11574090098749923,0.11574090098749923,-2.386230735539434,-0.37934698079781615,-5.466081628112551,-8881.680254193685,False
PNB,2023-01-13,53.64,52.97495382516724,52.52281719297284,2.0307159699774964,0.32749344795871665,0.5501423259302695,0.32749344795871665,1.2398325407023865,2.0827419966949345,-7.571647911922064,-7501.464793096871,False
MAHABANK,2022-12-28,30.002607913669063,30.1051107017732,29.526775199679903,2.476358027204348,-0.04139255591399892,0.19215020960694643,0.04139255591399892,-0.3416462608819955,1.585971177433454,-7.508040368193402,-7514.699999999995,False
HINDZINC,2022-12-23,313.15,318.1484389262141,315.38988514510237,7.560489562435438,-0.6611263576169798,-0.29626191883543374,0.29626191883543374,-1.5961804011541225,-0.7152754734479935,6.62621746766725,6889.0,True
GODFRYPHLP,2023-01-25,657.0,652.3518685730419,650.6841326132748,26.733867772151243,0.1738667770250622,0.23624966804483505,0.1738667770250622,0.7074781471777954,0.9613192369444816,-6.849315068493156,-10710.0,False
NMDC,2022-12-23,31.35,33.67920795059161,33.29232321510519,1.0230157117224883,-2.2768056481457535,-1.898625009223789,1.898625009223789,-7.42969043250912,-6.195608341643351,6.0218566684511865,9314.662091470324,True
PERSISTENT,2023-01-27,2288.5,2148.084580549742,2097.924056845826,73.44992027799185,1.9117164309888484,2.594637848930074,1.9117164309888484,6.135696720570593,8.327548313488057,5.986454009176323,4795.0,True
JINDALSTEL,2022-12-22,539.85,546.4719779269928,540.7740123759103,15.156729384510776,-0.43690018862249214,-0.06096383675323346,0.06096383675323346,-1.2266329400746183,-0.17116094765402456,3.149022876725005,3400.0,True
TATASTEEL,2023-01-25,114.72,113.78290356428592,112.16892250959296,2.7594159365879842,0.33959955919976353,0.9244990784395644,0.33959955919976353,0.816855330992052,2.223742582293444,-7.147838214783819,-10807.600000000004,False
NMDC,2023-02-06,33.5,34.42748798772809,34.57948765701125,1.0378225142310926,-0.8936865167309023,-1.0401466938795654,0.8936865167309023,-2.768620858889828,-3.222351214958953,-1.0447761194029903,-1163.4000000000046,False
HINDZINC,2023-01-30,330.0,346.71802448744563,343.0784758545275,12.616766935768254,-1.3250640653470742,-1.0365948678540058,1.0365948678540058,-5.066068026498676,-3.963174501371965,-0.3181818181818174,-484.0500000000053,False
INDIANB,2022-12-23,259.3,272.08608894580857,269.1458180916216,12.917220582596391,-0.9898483086241858,-0.7622241974319961,0.7622241974319961,-4.931002293022969,-3.7970760091097553,3.952950250674903,5596.5,True
RVNL,2023-01-04,73.34619799139169,69.20323603469052,68.52546264268943,3.5647099079753812,1.162215738069473,1.3523499732521713,1.162215738069473,5.648502676563292,6.572577012469065,-5.584744817819242,-5710.100000000017,False
NMDC,2023-02-08,33.95,34.20284831751452,34.40412203058781,1.0461326780870144,-0.24169813524694095,-0.43409601869833914,0.24169813524694095,-0.744766767347628,-1.337620119551706,-2.061855670103097,-3126.200000000013,False
HCLTECH,2023-01-30,1134.75,1106.9129486399072,1094.4783244430682,21.81625485622116,1.2759775471799066,1.8459481621543228,1.2759775471799066,2.4531439841456533,3.5489469536842275,-1.6787838730997984,-1752.5999999999958,False
HDFCBANK,2023-02-03,829.4,814.7861057741542,813.4686009739237,18.00170825728214,0.8118059695770324,0.8849937349491065,0.8118059695770324,1.7619838709724858,1.920834220650626,-2.688690619725098,-2765.1999999999944,False
JINDALSTEL,2023-02-07,570.25,582.901499906978,583.8907015292277,20.4176529697512,-0.6196353677732297,-0.6680837189973039,0.6196353677732297,-2.2185883221355476,-2.3920563839066595,0.5260850504164916,786.0,True
NMDC,2023-02-20,33.4,33.74687660158096,33.943359062220416,1.0284741173792658,-0.33727304918947526,-0.5283157378865235,0.33727304918947526,-1.0385526993441894,-1.6268235395820896,-2.5449101796407247,-2618.0000000000045,False
ALKEM,2023-02-22,3276.4,3230.5833144274134,3191.0544250970456,71.65654918296902,0.6393928551540716,1.1910366306509077,0.6393928551540716,1.3983849826818069,2.6048582255815673,-4.37410262379252,-4299.39295097814,False
CGPOWER,2023-01-24,299.35,298.9035421569877,292.98347924484347,10.072602351307681,0.04432398177163574,0.6320631484404842,0.04432398177163574,0.14914242292042657,2.126781611877921,-0.8540037473154016,-1206.6492227018498,False
VBL,2023-02-13,256.8,249.51129159377354,249.02080483963087,11.495207841868481,0.6340649518035802,0.6767337543941856,0.6340649518035802,2.8382820896520546,3.0292816045051176,4.653426791277249,4732.199999999995,True
BDL,2023-02-22,461.15,444.1060481360967,445.51879041343386,21.075085965411507,0.8087251407598453,0.7416913796802586,0.7416913796802586,3.6959670094119614,3.3896150030502255,-3.8382305106798182,-5717.099999999997,False
PERSISTENT,2023-02-07,2410.3,2308.588110202835,2238.7737933719704,73.14070492583399,1.3906331624818589,2.345153862024716,1.3906331624818589,4.219885068131145,7.1163841276202024,-5.962373428630152,-5892.15455676117,False
SUPREMEIND,2023-01-27,2538.95,2426.919690489757,2425.867703181301,82.89743450044594,1.351432769727512,1.3641229972936093,1.351432769727512,4.412466157673159,4.453900109048976,-0.1496681699127533,-151.9999999999891,False
KPITTECH,2023-02-03,778.35,732.4115650273355,721.7890038389966,30.53733738659543,1.5043366221191723,1.8521914810369582,1.5043366221191723,5.902028004453585,7.266781802659916,0.0192715359414119,28.049999999995748,True
OIL,2023-03-01,172.3,165.10280479351002,162.51652764815282,6.110293856115021,1.177880373017941,1.6011459648632371,1.177880373017941,4.177130125647123,5.678161550694831,-3.3952408589669303,-3194.100000000012,False
ABCAPITAL,2023-03-02,152.3,145.56922492758767,145.0132999907687,4.153503875919079,1.6205053067208153,1.754350116651552,1.6205053067208153,4.4194189575918195,4.784438614071773,-4.826001313197647,-6762.000000000021,False
PFC,2023-03-10,133.65,125.27586986703335,122.64518755740269,3.9463350781630715,2.1220017984039563,2.7886158231955815,2.1220017984039563,6.265716522982907,8.234053454992377,-5.9054771091104685,-6290.458114591939,False
NMDC,2023-03-13,33.25,33.15845384923131,33.28201049525218,0.8805840351209138,0.10396072051899338,-0.03635143720018142,0.03635143720018142,0.27532676922915117,-0.09627216617197068,-1.0526315789473717,-1507.800000000006,False
GAIL,2023-03-14,97.65,94.25104463652184,92.10175280692383,2.486424287656728,1.3670053740833714,2.2314161024806403,1.3670053740833714,3.4807530603975065,5.681768758910577,-5.092522862584192,-6429.893207880308,False
HAL,2023-03-14,1391.35,1363.634287444063,1337.1323672289122,43.88116140310082,0.6316084549662463,1.2355560116796824,0.6316084549662463,1.9920014774094936,3.896764492837005,-6.307709979962029,-6143.362596434113,False
GODFRYPHLP,2023-03-14,623.0,623.2910543655333,617.3719769833839,26.771460665383785,-0.010871814921540025,0.21022472725566657,0.010871814921540025,-0.04671819671482204,0.9033744809977708,-1.4446227929374,-1404.0,False
PFC,2023-03-16,126.4694087403599,126.73762071956487,124.51576911235755,3.9330116661655423,-0.06819506321639483,0.4967286633825408,0.06819506321639483,-0.21207656608533162,1.5447527172465454,-6.195515698801934,-6095.96615255358,False
ABCAPITAL,2023-03-21,152.65,150.18257020142255,149.27568075764924,4.519869074742087,0.5459073609821878,0.74655243029209,0.5459073609821878,1.616396854620017,2.21049409914888,-5.921872354722691,-6815.962564711072,False
OIL,2023-03-23,171.25,169.3680582307805,168.4175525012934,6.28388648234049,0.29948691379265063,0.4507477190535822,0.29948691379265063,1.0989440988143118,1.6539839408505774,-2.364963503649642,-2263.950000000006,False
POWERGRID,2023-03-14,165.35,163.70709729801678,162.36253094989496,3.3002386534517782,0.49781330215767167,0.9052281861435647,0.49781330215767167,0.9935909900110177,1.8067547929271448,-2.3283943150891995,-2271.499999999997,False
PETRONET,2023-03-24,206.4,211.54289631660993,210.18492501709397,5.0638421087964645,-1.0156115072537768,-0.7474413569331333,0.7474413569331333,-2.4917133316908533,-1.8337815005300233,-0.4844961240310086,-460.0,False
MAXHEALTH,2023-03-14,468.65,445.3096408011541,441.6473115738201,11.51281961102537,2.027336481194732,2.3454452808693773,2.027336481194732,4.980339101428758,5.761802715497679,-5.302464525765494,-7728.349999999989,False
HINDZINC,2023-03-27,329.1,315.1771004719852,315.01275672723773,8.984842800719427,1.5495985669220582,1.5678897878585378,1.5495985669220582,4.2305984588316,4.2805357863148865,-9.146156183530852,-8729.000000000007,False
OIL,2023-03-29,175.3,170.00933089008393,169.0906580843476,6.803822152804216,0.7776024991681353,0.9126255472584925,0.7776024991681353,3.018065664527142,3.542123169225557,-4.3069024529378215,-5617.200000000008,False
KPITTECH,2023-03-16,815.7,819.9088090267929,816.0181234643251,31.2414770394121,-0.13471863130809558,-0.0101827280420738,0.0101827280420738,-0.5159751166841843,-0.039000056923504514,-2.683589504510686,-3874.537007127983,False
CUMMINSIND,2023-02-13,1595.25,1496.5639070326176,1475.415107935676,44.392356995917325,2.2230424254440537,2.69944873788398,2.2230424254440537,6.186246228953604,7.511981950435612,-1.6737188528443858,-2322.900000000004,False
OIL,2023-04-03,172.95,170.15277371516373,169.33070916061786,7.228295631754657,0.38698282795016703,0.500711512611937,0.38698282795016703,1.6173612517122036,2.0926804506401457,-1.8213356461404877,-2557.799999999981,False
GODREJCP,2023-03-27,961.6,941.6878461078938,936.3606424814185,19.279708772229558,1.0328036656231856,1.3091150813925276,1.0328036656231856,2.0707314779644523,2.62472519951971,0.410773710482526,387.0999999999933,True
GAIL,2023-03-24,91.58,94.29598069182552,93.42851896382302,2.8801467972480577,-0.9430007853837885,-0.6418141483584312,0.6418141483584312,-2.9656919543847144,-2.018474518260565,2.598820703210314,2713.199999999995,True
ZYDUSLIFE,2023-02-22,464.25,465.08237683431184,459.7663838204036,11.15247306435132,-0.07463607663599943,0.40202887321272474,0.07463607663599943,-0.1792949562330306,0.9657762368543725,8.152934841141635,8402.700000000004,True
OIL,2023-04-10,171.95,170.82784000721685,169.99974392232744,6.773092384462462,0.16567912101086718,0.2879417505283782,0.16567912101086718,0.6526083121739688,1.1341995217636225,-1.7446932247746405,-1668.0,False
PFC,2023-04-11,135.35,126.11071435186288,124.92316401591881,4.003729286600266,2.3076699214053447,2.604280968490515,2.3076699214053447,6.826217693488816,7.703609888497362,-5.916112724935752,-6333.899731401625,False
RVNL,2023-03-31,68.6,65.6930975918123,65.58658398806107,2.668944016845553,1.089158255040277,1.1290667743194218,1.089158255040277,4.2374670673289945,4.392734711281238,27.91545189504374,34833.85000000001,True
HAL,2023-04-06,1383.9,1347.2842818947302,1341.015937733248,46.44521270881595,0.7883636648372968,0.9233257803255179,0.7883636648372968,2.64583554485656,3.098783312865969,2.5724402052171413,3524.399999999991,True
ITC,2023-02-13,308.6,301.8152668320508,296.2112017898165,7.488899049404182,0.9059720425112467,1.654288317742666,0.9059720425112467,2.1985525495622946,4.014516594356285,13.723266364225516,20793.849999999984,True
OIL,2023-04-27,171.25,171.50760165036436,171.23414295956385,5.532376728173536,-0.04656256488328646,0.00286622571369622,0.00286622571369622,-0.1504243213806507,0.009259585656143389,-0.7883211678832103,-1171.7999999999952,False
HDFCBANK,2023-04-05,826.9,797.8358457175591,797.3973806553937,13.56136042020903,2.1431591950855986,2.1754911329280584,2.1431591950855986,3.5148330248447066,3.5678581865529413,-1.3890641709803475,-1895.2183189230163,False
INDIANB,2023-04-20,292.41621212121214,284.07462021643187,278.93781445947656,10.857140172464717,0.7683047075265511,1.2414316705534258,0.7683047075265511,2.8526434441748814,4.609319559938944,8.37292423056175,8079.649999999986,True
BANKBARODA,2023-04-28,168.7,160.62743615137794,157.52455662843016,3.7370560406078743,2.1601398964595027,2.9904404028557234,2.1601398964595027,4.785159364921194,6.624447760266644,-4.430416171437901,-6659.433864363221,False
KPITTECH,2023-04-17,858.6,849.1943530378218,847.4596376408197,44.109764320897185,0.21323276392393437,0.2525600063998203,0.21323276392393437,1.0954631914952542,1.2975031864873465,2.8593058467272225,3166.9499999999944,True
ITC,2023-05-05,353.6,342.747361014834,337.0658256992931,5.549770211180786,1.95551141258099,2.979253855843711,1.95551141258099,3.069185233361436,4.675954270561912,0.6221719457013553,618.1999999999969,True
IRFC,2023-05-05,34.85,31.775412088599182,30.628134631977986,1.3815448641122745,2.2254709139514093,3.0559017500563166,2.2254709139514093,8.822346948065478,12.114391299919701,-7.928521458320081,-11085.515989636897,False
GLENMARK,2023-05-08,568.95,535.5862716609628,519.7429120746453,12.905696727696412,2.585193890961088,3.8128191730829446,2.585193890961088,5.864087940774631,8.6487543589691,7.733544248176472,8360.0,True
RVNL,2023-05-10,121.85,115.62311881370456,105.74796927312508,7.589985920319499,0.820407475279389,2.121483609576591,0.820407475279389,5.110284108572367,13.214633341711052,-1.1899876897825123,-1535.549999999988,False
ALKEM,2023-04-21,3409.0,3341.9719444470275,3311.8309091517476,74.3635532967775,0.9013562771196568,1.306676275412234,0.9013562771196568,1.9662087284532868,2.8503693413978404,0.1364036374303268,134.85000000000264,True
PFC,2023-04-24,128.65,128.02440511768205,127.10571443149995,4.025869173437784,0.15539374365306188,0.3835905991901263,0.15539374365306188,0.48627662830777696,1.2003774337349848,2.2153128643606745,3237.599999999993,True
AUROPHARMA,2023-05-08,618.95,599.7047367161986,583.0027811320468,14.82355940944801,1.298288943446014,2.4250058892766155,1.298288943446014,3.109340541853377,5.807774273843316,-4.789905294271923,-4802.83324866116,False
RVNL,2023-05-17,121.85,118.71229379992666,111.71141611857428,7.446070912256032,0.42139085660717507,1.3616018435626072,0.42139085660717507,2.5750563808562488,8.320544834982122,-4.636848584324982,-6926.89999999999,False
POLICYBZR,2023-04-28,600.1,589.3942327601103,587.6380374987597,21.137098945473667,0.5064917975502156,0.5895777151532413,0.5064917975502156,1.7839972071137682,2.076647642266347,3.7993667722046265,5699.999999999989,True
IRFC,2023-05-12,33.35,32.68705625042824,31.71369822725595,1.4507652823801815,0.45696141038342775,1.127888703029529,0.45696141038342775,1.9878373300502536,4.906452092186061,-4.047976011994003,-5853.600000000006,False
OIL,2023-05-12,170.7,171.32353297378222,171.23485141730697,4.603668658758136,-0.13544262630543744,-0.11617939016733246,0.11617939016733246,-0.36528000807395,-0.31332830539366235,1.7867603983596991,1775.1000000000067,True
CHOLAFIN,2023-05-24,1052.2,1013.2374001578504,978.9806020927831,23.616208575506146,1.6498245142770378,3.1003875017921962,1.6498245142770378,3.702965200736518,6.95869586649087,0.68903250332637,1029.5,True
ABCAPITAL,2023-03-29,153.1,149.89481334577917,149.50641093230723,5.440481834310479,0.5891365419156935,0.6605277210981092,0.5891365419156935,2.093524921110924,2.347216895945631,10.058785107772694,9501.800000000005,True
MAXHEALTH,2023-05-19,545.15,504.4868218667732,492.27255926583445,17.13783531339011,2.372713787339051,3.085421219612923,2.372713787339051,7.459080644451395,9.699613085236273,-6.44776666972392,-8892.949999999993,False
KPITTECH,2023-05-25,1020.3,941.3117739886093,924.5919136259197,31.05611500981447,2.543403319649883,3.0817791067502887,2.543403319649883,7.74166676579346,9.380386785659146,10.854650592962845,10742.75,True
VBL,2023-03-24,272.9084668192219,266.8825291753503,265.0767224122085,8.96478193309582,0.6721789429841329,0.8736123717745469,0.6721789429841329,2.208043493155256,2.869733027448098,20.736451983464853,24730.50000000002,True
PFC,2023-06-06,155.6,144.62039393193209,141.1784078668735,4.156665505191697,2.6414456622391973,3.469509902856954,2.6414456622391973,7.056302100300712,9.268375406893634,0.9961439588689114,1356.25000000001,True
RECLTD,2023-05-25,133.0,131.24438537690804,130.33444529427746,3.2259112973433095,0.5442228447315925,0.8262951023847904,0.5442228447315925,1.3200109948059835,2.0041764704680767,16.24060150375939,23241.599999999995,True
KPITTECH,2023-06-12,1142.25,1087.6559202246326,1048.943623014931,34.723995286351574,1.5722292128298336,2.687086443124344,1.5722292128298336,4.779521100929515,8.168647580220524,-6.079929137465811,-9375.478727314938,False
INDHOTEL,2023-05-19,372.35,361.4430033435498,355.50481148171923,9.718104556873504,1.1223378584392625,1.733382103443864,1.1223378584392625,2.9292323503290576,4.524020012966508,5.089297703773332,5078.599999999997,True
MAZDOCK,2023-06-13,519.0,473.56459572787776,449.69785062559066,21.75683417670343,2.0883279204643257,3.185304847734512,2.0883279204643257,8.754413154551493,13.353015293720489,14.412331406551049,22290.399999999987,True
HAL,2023-06-14,1857.8,1724.0437533283798,1664.786850167791,50.86721208888724,2.629517938547321,3.7944511190220256,2.629517938547321,7.199711845818718,10.389339532361337,3.47453977823231,3679.3499999999976,True
CHOLAFIN,2023-06-06,1057.25,1040.515000747546,1019.7104636196668,20.489708332952308,0.8167514627594806,1.8321166787894536,0.8167514627594806,1.5828800427953575,3.5506773592180823,7.093875620714107,7275.0,True
GLENMARK,2023-05-16,607.8904624277457,571.1099587808983,551.5158760689839,14.942221348900603,2.4615151113093066,3.7728383914557426,2.4615151113093066,6.050515005607466,9.273806687740644,5.915463359737871,6221.000000000005,True
PGEL,2023-06-05,164.29685099846387,157.89141798795595,154.14217071857652,5.2921588386427825,1.2103629550451374,1.918816231617794,1.2103629550451374,3.898694936379401,6.180690754676903,-2.280537317479625,-2439.1999999999703,False
RECLTD,2023-06-20,159.8,150.46769415798585,146.66991809594006,3.7297957438617315,2.5020956864387816,3.5203219708930793,2.5020956864387816,5.839991140184083,8.216571904918615,2.53441802252814,2693.2499999999886,True
HAL,2023-06-20,1924.35,1812.409643612487,1743.943060697897,52.02669055785894,2.1515947908126893,3.4675843757825073,2.1515947908126893,5.817047646608622,9.374954623748433,-5.407196254097125,-5931.042723595921,False
KPITTECH,2023-06-16,1084.4,1079.676290133746,1055.6798804828431,40.370177253578916,0.11700988669390208,0.7114192077175197,0.11700988669390208,0.4356058526608273,2.6484802210583682,-0.2074880118037581,-330.75,False
ITC,2023-05-25,363.8,352.0896247257188,348.4858026823379,6.409419654942423,1.8270570355384854,2.389326669514147,1.8270570355384854,3.2189046933153396,4.209509982864787,1.855415063221555,2754.0,True
MAXHEALTH,2023-06-07,559.85,533.8339952691153,525.4983051601372,20.610318782391673,1.2622805598286682,1.666723120712283,1.2622805598286682,4.646959851904023,6.135874759286028,7.761007412699827,9776.249999999984,True
BAJAJ-AUTO,2023-03-21,3809.0,3708.0341841489562,3701.505053763672,72.46238047340013,1.3933549407489703,1.4834586655042021,1.3933549407489703,2.6507171396966074,2.822130381631082,18.049356786558143,17187.5,True
PAYTM,2023-06-19,871.25,813.3884979287726,782.8962704925036,28.381070981052712,2.038735680899988,3.1131217552178208,2.038735680899988,6.641205402723374,10.14103064648452,-3.959827833572449,-4347.0,False
SHRIRAMFIN,2023-07-03,351.6,327.53763316949835,315.76837586562044,11.555007557197081,2.0824189609044725,3.1009606836701473,2.0824189609044725,6.843676572952694,10.19101937837872,2.5170648464163614,2840.849999999989,True
RVNL,2023-06-07,127.1,119.22581175453946,117.05838723406808,6.388280934886081,1.2325989300908768,1.5718802708088764,1.2325989300908768,6.195270059370992,7.900560791449187,-4.838709677419351,-7521.44999999999,False
MAZDOCK,2023-06-21,610.05,547.0120538914897,511.4380267885726,30.81344972859148,2.0457932060108805,3.20028994091909,2.0457932060108805,10.333242538891936,16.164572282833763,30.464716006884696,33081.3,True
RECLTD,2023-06-28,166.75,156.7342874876539,152.77518377630804,4.65543432087097,2.1514023874086803,3.001828671718315,2.1514023874086803,6.006424295260038,8.380699384522915,-3.868065967016488,-6237.149999999989,False
ABB,2023-06-16,4336.9,4181.056680540903,4091.3255344882127,94.1227570807175,1.655745372242437,2.6090870383364133,1.655745372242437,3.593426628677099,5.662442424584079,-4.12172159124794,-5183.89336703413,False
MAZDOCK,2023-07-14,819.4,728.6348067274515,677.8445750346375,40.34369411859065,2.2497987667104398,3.508737314665807,2.2497987667104398,11.077031153593905,17.275497310881434,11.032462777642182,17085.599999999995,True
KEI,2023-05-08,1986.9,1866.7451539646472,1826.7921166983892,63.49002791415246,1.8924994992571005,2.5217800111554443,1.8924994992571005,6.047352460383153,8.058175212723883,32.014696260506305,47707.49999999999,True
CGPOWER,2023-07-11,399.05,383.55574748714656,379.4562733633411,9.456235922495067,1.6385222026868835,2.0720429140360355,1.6385222026868835,3.8827847419755543,4.910093130349308,0.7016664578373577,859.6000000000035,True
ITC,2023-07-04,384.70485611510793,372.6567920648031,369.67255107392145,5.751547547121623,2.0947517084048672,2.613610496658318,2.0947517084048672,3.1317681227033773,3.9074903272571753,-1.3001534899573677,-1390.487504362865,False
PFC,2023-06-27,166.3,160.18467173453067,156.67720923019843,4.608049192610823,1.3270970013244432,2.0882569537738624,1.3270970013244432,3.6772869906610604,5.786404551895118,21.888153938665056,34871.199999999975,True
AUROPHARMA,2023-07-20,772.6,740.1005988503905,727.5659437978761,20.328358609086553,1.5987223452011836,2.2153316491570636,1.5987223452011836,4.206497689568926,5.82889673856121,8.147812580895675,9946.09999999999,True
RECLTD,2023-07-24,172.95,164.1446686955731,162.37744240308373,4.475676847383434,1.9673742329218096,2.362225414709548,1.9673742329218096,5.091258343120489,6.113071753059414,12.31569817866436,18360.60000000001,True
KEI,2023-07-27,2497.5,2487.925608281368,2437.970050687058,92.73954200649625,0.1032395838008475,0.6419047153453907,0.1032395838008475,0.38335902777304853,2.383581554071747,-7.907907907907907,-13825.0,False
BSE,2023-07-20,246.0,238.1643258498346,229.26478686191112,7.918984414591878,0.9894796781929557,2.1133029517335356,0.9894796781929557,3.18523339437618,6.80293216995483,14.02439024390243,23874.0,True
CHOLAFIN,2023-06-28,1127.5,1099.2986110969878,1085.2178237037838,24.8132535409676,1.1365453891989896,1.704015808584182,1.1365453891989896,2.5012318317527473,3.7500821548750527,-4.401464042743697,-5508.542286094806,False
HAL,2023-06-23,1820.3,1832.101408222441,1774.6366346340324,56.94607840948109,-0.20723829545523584,0.8018702365704078,0.20723829545523584,-0.6483221569214453,2.508562619676295,2.7248255782013957,2827.200000000008,True
BAJAJ-AUTO,2023-07-05,4769.0,4568.9979149743795,4552.364601786346,87.53378659050244,2.2848558575589037,2.474877491900477,2.2848558575589037,4.193795030941928,4.542574925847228,-1.1847347452296098,-1356.0,False
RECLTD,2023-08-01,200.0,180.59671703678453,174.5544900249462,5.88551374720062,3.296786618236077,4.323413565579839,3.296786618236077,9.701641481607737,12.722754987526896,6.025000000000014,10676.30000000001,True
PFC,2023-08-02,205.06719924812032,195.54803467743923,189.31806255258644,6.094098423937956,1.5620300015650026,2.5843259494579867,1.5620300015650026,4.6419732680717045,7.679988195712502,4.112213353865757,4486.249999999991,True
AUROPHARMA,2023-08-02,816.2,795.0695072099055,775.9115585189951,20.81687442566548,1.0150655837190616,1.9353741900528856,1.0150655837190616,2.588886644216434,4.936099176795509,7.724822347463855,8890.049999999994,True
KALYANKJIL,2023-07-27,175.7,170.8273951291177,164.24423025158617,6.712506596777089,0.7258994535993167,1.7066306875458614,0.7258994535993167,2.773252629984234,6.520073846564493,3.3010813887307977,5011.20000000001,True
PATANJALI,2023-08-07,455.7,440.55232822370374,431.2720178117061,12.641779113385796,1.1982231013874525,1.9323215481931815,1.1982231013874525,3.324044717203478,5.36054030903969,-5.548290152901392,-7079.3963034960525,False
ABB,2023-07-28,4516.2,4389.924513862333,4369.931548597902,118.79795216528288,1.0629432901501594,1.2312371445477033,1.0629432901501594,2.7960561121665792,3.238750529252414,-5.260969494941891,-8791.04846023093,False
BSE,2023-08-11,299.5,283.1383036914062,271.47765563332774,10.132106616302579,1.6148365713274098,2.7656977396570475,1.6148365713274098,5.463003775824314,9.356375414581722,-6.766014434926593,-8146.213719507262,False
GLENMARK,2023-08-02,780.65,766.9942662036846,744.1673583659388,22.99956487620991,0.593738788964678,1.5862318191853195,0.593738788964678,1.7492773709492624,4.6733672752272115,-1.8510215845769509,-2138.59999999999,False
AUROPHARMA,2023-08-16,873.75,849.4965187667423,828.0917705393001,24.218305701324994,1.0014524357057237,1.8852776087553436,1.0014524357057237,2.7757918435774225,5.225548436131604,-5.543532063250356,-6199.886259539198,False
RECLTD,2023-08-25,239.3,228.90222932643917,218.75352471866563,7.5356510313578635,1.379810533992741,2.726569369499064,1.379810533992741,4.3450775902886924,8.586074083298948,1.6506477225240346,1741.949999999995,True
PFC,2023-08-10,213.65,206.02705467883797,199.48740641873832,6.510825085310641,1.1708109527255612,2.175237914656092,1.1708109527255612,3.567959429516515,6.628876003398871,-6.094851472324492,-9557.891225236024,False
IRFC,2023-08-28,48.7,47.5530506378647,45.83756591839676,2.0065728093687234,0.5715961846887269,1.4265288895765385,0.5715961846887269,2.3551321604420994,5.8776880525733874,14.476386036960974,15545.249999999996,True
RBLBANK,2023-07-24,222.0,208.2990657307932,200.06402099541415,8.490315763898138,1.6137131586395008,2.58364701791897,1.6137131586395008,6.171592013156221,9.881071623687317,5.6531531531531565,9676.050000000008,True
DIXON,2023-08-07,4690.35,4318.534232149424,4281.268918171389,169.50726529709843,2.193509329519821,2.4133542660346037,2.193509329519821,7.92724994617836,8.721760248779125,6.56241005468674,11388.599999999971,True
MAZDOCK,2023-07-25,930.0116379310346,852.934960598361,792.3766992831527,44.83636162348978,1.7190662788367963,3.069716936527136,1.7190662788367963,8.287711055330812,14.799270571933237,22.15976162700965,23906.24999999998,True
ADANIPOWER,2023-09-06,69.5,65.50189027299349,63.28189681825641,3.3444307720484767,1.1954529782530527,1.8592411102398076,1.1954529782530527,5.752675866196414,8.94691105286847,14.676258992805757,27162.60000000001,True
ANGELONE,2023-09-04,192.2,180.26949813926916,176.27328339200943,6.098169276632134,1.9564071313087172,2.6117209748540278,1.9564071313087172,6.207337076342783,8.286533094688115,-6.345649611479853,-11476.754578621678,False
KAYNES,2023-09-11,2202.3,1980.0397812091828,1932.459234949967,96.95904459238545,2.292310322623293,2.78303861372026,2.292310322623293,10.09218629572798,12.25267970076889,-8.80525310742274,-17452.628026629383,False
SHRIRAMFIN,2023-07-11,352.15,341.63790226143976,331.2095445856057,10.914607715820328,0.9631219016074495,1.9185715107325223,0.9631219016074495,2.9851193351015803,5.946459013032586,8.788868379951742,14701.250000000022,True
SUPREMEIND,2023-08-14,4140.25,3775.87814345518,3662.7431688723786,172.16688319717102,2.1163875989294034,2.7735115038399414,2.1163875989294034,8.800721129033748,11.533284973796784,-0.4854779300766942,-763.8000000000138,False
KALYANKJIL,2023-08-18,214.6465290806754,196.6933875499199,187.8085237336991,9.840566768513389,1.8244011704894607,2.7272824806035754,1.8244011704894607,8.364049308250303,12.503349325946553,2.0980869984773776,2400.3500000000117,True
RVNL,2023-09-15,170.15,158.87048449421633,151.16581758502682,10.27604270417194,1.097651676866265,1.8474215183307732,1.097651676866265,6.6291598623471515,11.157321431074458,-6.670584778136934,-10441.999999999996,False
BSE,2023-09-12,432.5,388.9590166431927,362.5733961685343,23.4970956306418,1.8530368195815201,2.9759679634736074,1.8530368195815201,10.067279388857184,16.16800088588802,-10.865708962146504,-18421.722974423177,False
COFORGE,2023-09-11,1103.0,1085.4890746471096,1064.1645079479695,30.703232036661355,0.5703284049047782,1.264866578399916,0.5703284049047782,1.5875725614587808,3.520896831553085,-4.034451495920221,-5874.0,False
ETERNAL,2023-08-09,94.09670953101362,88.60232616415286,85.74706342114933,4.201243616379489,1.307799277680465,1.9874225044487581,1.307799277680465,5.8390812965142525,8.87347299547419,4.626400318017043,5755.050000000004,True
ADANIPOWER,2023-09-21,76.5,73.3559411772729,70.78372745111635,3.42159124620884,0.91888790813653,1.6706474086340217,0.91888790813653,4.1098808140223575,7.472251697887127,-8.945336591395659,-13070.478560517771,False
IRFC,2023-09-13,78.9,69.16839136807661,63.11881334823522,5.149814594873058,1.8897007751719412,3.06441840983477,1.8897007751719412,12.334104729940929,20.001503994632174,-9.822560202788344,-17755.25,False
RVNL,2023-09-22,166.85,161.06534689900224,155.11430406736343,9.750296899048701,0.5932796878792629,1.2036244695052893,0.5932796878792629,3.4669781845956,7.033680511019814,-0.9889121965837576,-1230.9000000000042,False
UNIONBANK,2023-09-20,90.1898148148148,83.92735148772691,82.69907382080687,3.148789640982254,1.9888477926821218,2.3789270951968744,1.9888477926821218,6.943648060422893,8.305528744446956,2.661259688927675,3110.6400000000112,True
MAHABANK,2023-09-25,46.15,44.38416240042671,42.965182357194834,2.3849678358124784,0.7404031086112013,1.3353713182132723,0.7404031086112013,3.8263003241024665,6.9010133105204,-0.8667388949079036,-1128.399999999996,False
BSE,2023-09-22,399.0,402.1761247233343,385.93104513145295,22.221831290514288,-0.14292812693119752,0.5881133151310408,0.14292812693119752,-0.7960212339183667,3.2754272853501387,32.70676691729324,54418.5,True
MAZDOCK,2023-09-14,1049.4,1013.0548882055115,986.7763581891228,57.65728580702378,0.6303645980862504,1.0861357924560597,0.6303645980862504,3.463418314702555,5.967566400884057,-6.860910999704773,-12455.72320534602,False
IRFC,2023-10-11,75.84533811475409,74.75570476079459,73.16278888226442,3.6326220116887886,0.2999578129663245,0.7384608758791721,0.2999578129663245,1.4366517192010966,3.5368676561649215,-9.902496745110623,-14660.656333633016,False
KAYNES,2023-10-19,2548.85,2526.198981736866,2439.961598543669,117.7382253657104,0.19238457342784876,0.9248347435007556,0.19238457342784876,0.888676001456897,4.272060005741057,-9.238537015964877,-11773.82253657104,False
NBCC,2023-10-20,45.67,42.618148112000426,41.38145375303911,2.277886156323809,1.3397736667072244,1.882686821312443,1.3397736667072244,6.6823995795918005,9.390291760369806,-9.9754156177964,-19721.938341451543,False
POLYCAB,2023-08-01,4630.2,4486.828234765606,4293.369911911434,150.41810190216705,0.9531549954515707,2.239292238294843,0.9531549954515707,3.096448646589649,7.274633667845134,8.486674441708786,14932.099999999991,True
PRESTIGE,2023-10-23,746.4,710.8834962225252,689.9954891251673,29.219521505623213,1.2155060024045818,1.9303707921424311,1.2155060024045818,4.758374032351926,7.556874447324851,5.084405144694548,8576.70000000001,True
KAYNES,2023-10-25,2311.85,2465.549941851787,2421.3534549539213,123.25739108180241,-1.246983572366714,-0.8884128894245951,0.8884128894245951,-6.648352698132973,-4.7366159116690705,-0.878084650820754,-1583.3999999999787,False
DIXON,2023-10-25,5445.6,5370.501455892235,5297.184935391152,127.20098590878234,0.5903927832888006,1.1667760556138997,0.5903927832888006,1.3790683140106785,2.7254125277076593,-4.671697734272895,-5851.245351803996,False
OIL,2023-10-26,200.45,206.87307372970534,204.29756283370423,7.371487576674804,-0.8713402366748243,-0.5219520203600259,0.5219520203600259,-3.2043271288128463,-1.919462625943749,-0.5986530306809623,-1115.9999999999895,False
ANGELONE,2023-10-18,216.113309352518,203.77624147134847,198.88219179236677,8.21490791318103,1.5017901614422715,2.0975423878463038,1.5017901614422715,5.708610875531803,7.973186663873771,21.69542023485549,26069.000000000007,True
MCX,2023-10-09,416.0,389.1201860073424,378.3098876182745,16.838017970817543,1.596376369192846,2.23839364271064,1.596376369192846,6.461493748235,9.060123168684015,22.35576923076923,27621.0,True
BSE,2023-11-01,598.0,566.6444924166872,534.9565144813503,31.72702090454876,0.9882903181375385,1.9870597276787205,0.9882903181375385,5.243395916941944,10.542388882717347,12.374581939799324,18056.0,True
KALYANKJIL,2023-10-09,251.25,233.47726817768324,229.96007826673275,12.338469836461558,1.4404324083847373,1.7254912493568004,1.4404324083847373,7.07372410838478,8.473600689857612,38.46766169154228,66301.89999999998,True
PFC,2023-09-01,205.9,212.9555782621452,210.62704121926194,6.711481387431079,-1.0512698843743375,-0.704321586604486,0.704321586604486,-3.4267014386329238,-2.295794666955772,49.34434191355026,61366.4,True
IRFC,2023-10-30,73.27687833252546,73.79901024333056,73.75364253288846,3.762126602295137,-0.1387863743039819,-0.12672731429935152,0.12672731429935152,-0.7125466077248839,-0.6506338850837559,0.3044912290914414,460.29999999998427,True
ETERNAL,2023-11-08,125.15,114.03964895125597,111.49599354003918,4.819790750356336,2.3051521578862375,2.8329044075100893,2.3051521578862375,8.877627685772302,10.910113032329864,-3.915301638034363,-8207.50000000001,False
KALYANKJIL,2023-11-13,337.2,321.2351594065221,308.34063515884975,15.016587188797121,1.0631470648263015,1.9218324695427662,1.0631470648263015,4.734531611351691,8.558530498561757,-8.906635343296044,-16518.245907676846,False
NBCC,2023-10-25,42.37,42.45802718432685,41.48938326697447,2.5039936756057335,-0.035154715119462165,0.35168488706845435,0.035154715119462165,-0.20775828257459175,2.0783968209240653,5.805994807646919,10878.120000000004,True
BSE,2023-11-15,767.5,670.6907023007814,630.235642836944,38.291888676382044,2.5281933340344582,3.584684953075166,2.5281933340344582,12.613589276771156,17.88460679648939,1.042345276872969,2168.0,True
MCX,2023-11-15,581.0,515.7043585522435,493.28788817474026,23.674673390818853,2.7580376873574273,3.7048921595376645,2.7580376873574273,11.238492503916774,15.096749023280505,2.06540447504302,3000.0,True
KPITTECH,2023-11-16,1479.95,1334.9162904272887,1292.642528569842,52.82433727849331,2.745585028508437,3.5458555862738237,2.745585028508437,9.799906049036206,12.65633781074753,3.831210513868722,5556.600000000004,True
KAYNES,2023-10-31,2383.4,2418.1928465805568,2402.163066015928,113.45611325196164,-0.3066634805591237,-0.1653773029775771,0.1653773029775771,-1.459798883131521,-0.7872394904727683,3.767726776873359,6914.5999999999785,True
MOTILALOFS,2023-11-16,309.0,270.36484586709264,261.3409782791161,14.071309595057208,2.745668686479518,3.386964191138611,2.745668686479518,12.503286127154487,15.423631624881526,-9.107643750846094,-19727.976052270216,False
BAJAJ-AUTO,2023-10-25,5215.0,5098.357266631884,5023.558251255007,102.1868006695584,1.1414657529528067,1.8734488944815704,1.1414657529528067,2.23667753342504,3.6709827180247894,10.814956855225311,13536.0,True
PRESTIGE,2023-11-03,780.15,746.2537146106681,727.6721300582209,37.72552668333858,0.8984973403778113,1.3910440636725652,0.8984973403778113,4.34484206746547,6.726638459498697,33.02570018586168,49726.45,True
PFC,2023-11-22,319.95,299.6030628045834,286.9075067758821,10.655402419960971,1.909541882463332,3.1010084764343344,1.909541882463332,6.359411531619507,10.327392787659912,14.127207376152516,27843.199999999997,True
RECLTD,2023-09-01,238.8,235.7059460488125,227.46903013248325,7.7606069613590245,0.39868710870079666,1.4600623281059057,0.39868710870079666,1.2956674837468611,4.744962256079043,63.23283082077052,92110.0,True
ADANIPOWER,2023-12-04,92.95,83.64534698130764,81.13251218897541,4.44795772994596,2.0918933100574697,2.656834558355429,2.0918933100574697,10.010385173418356,12.713811523426132,15.814954276492733,37602.600000000006,True
PRESTIGE,2023-12-05,1080.35,973.8185253514495,927.87679137678,47.45951303828631,2.2446811572341647,3.2127006549818033,2.2446811572341647,9.860829791137174,14.113315927543841,4.243995001619849,10270.40000000003,True
PHOENIXLTD,2023-11-23,1134.8307692307692,1083.806836155161,1051.806389456162,44.85583598565334,1.1375093553473787,1.8509158942252626,1.1375093553473787,4.496171099607584,7.316014160497632,-2.672712976519709,-3942.999999999995,False
RECLTD,2023-12-07,394.6,365.69989349984616,351.3429275049803,12.611440337928068,2.2915785767339134,3.429986689539889,2.2915785767339134,7.323899265117554,10.962258615058214,2.749619868220976,6694.449999999979,True
CDSL,2023-11-16,903.85025,836.7036744089503,797.557158365996,34.77932638919991,1.9306462362048744,3.0562147881912796,1.9306462362048744,7.428949163984816,11.760033438504221,4.61356845340255,8339.949999999999,True
ADANIPOWER,2023-12-08,106.75,95.62524768337141,90.19154237345495,6.0132176885929445,1.850049822365854,2.7536767308385315,1.850049822365854,10.421313645553711,15.511435715733068,-5.245901639344252,-12235.999999999987,False
360ONE,2023-12-08,647.55,596.649017712937,579.9566988604134,20.88726615935833,2.436938462827852,3.236100915451878,2.436938462827852,7.860548573401731,10.438313819718402,5.072967338429479,8146.800000000006,True
OBEROIRLTY,2023-12-01,1415.05,1363.237705011093,1323.9279681700377,37.93072069805873,1.3659718042625688,2.4023279851528314,1.3659718042625688,3.6615169067458284,6.439492020067293,2.1872018656584613,4116.350000000006,True
BHEL,2023-12-11,179.65,167.77385199877654,159.58383336626488,6.522036797331301,1.8209262490029148,3.076671790926698,1.8209262490029148,6.610714167115764,11.169588997347688,4.313943779571394,8176.25,True
RECLTD,2023-12-18,435.1,407.1970451898358,388.33746671847865,15.216776878406066,1.833696783039576,3.073090553616613,1.833696783039576,6.412998117711837,10.74753695277439,-6.994611297819375,-15947.18216856954,False
PRESTIGE,2023-12-13,1166.05,1075.7576729831726,1020.8112827764779,62.31485626323027,1.448969514354887,2.330723778130932,1.448969514354887,7.743435274373085,12.455616587926936,-10.688196263149996,-24302.793942659795,False
ADANIPOWER,2023-12-18,107.84599737532808,101.65689301154603,96.83928480219137,5.393100558687762,1.1475966925578651,2.040887695929564,1.1475966925578651,5.73883548245429,10.205953712710263,-9.99777345020897,-16432.07050288031,False
MCX,2023-11-17,574.0,533.4970797526687,508.86602328490926,24.051121444124423,1.6840345819810403,2.7081471800144548,1.6840345819810403,7.056257882810332,11.34738270297748,10.45296167247387,15720.0,True
NMDC,2023-10-26,46.4,47.21238034236093,46.43612498263249,1.613624758200576,-0.5034505935982618,-0.02238747419367697,0.02238747419367697,-1.750819703364077,-0.07785556601830526,46.98275862068966,79679.00000000001,True
OIL,2024-01-04,255.15,246.1720700671459,238.5352478400983,10.26146959766692,0.8749165845499699,1.6191396370437325,0.8749165845499699,3.5186870205189478,6.511758636057892,-4.683519498334321,-11687.100000000017,False
IRFC,2023-12-21,98.85,88.97521538489448,85.35095256854054,5.205844527223395,1.8968650645378295,2.593056200750458,1.8968650645378295,9.989665771477503,13.656092495153727,14.719271623672237,28168.80000000002,True
BSE,2023-11-21,716.5,710.91780515694,671.3245631015258,42.405862986415755,0.13163733620627519,1.0653111083471094,0.13163733620627519,0.7790920925415284,6.305015617372538,2.97362543979367,5667.402989448361,True
COALINDIA,2023-12-01,325.55,316.71450869561585,311.51696990443884,7.721168807535095,1.1443204422316995,1.8174748467960353,1.1443204422316995,2.714019752536988,4.310560619124919,10.950698817385952,25881.899999999983,True
ANGELONE,2023-11-07,253.7,249.4282983966644,238.1657127486966,12.72446576030202,0.3357077368750929,1.2208203899426173,0.3357077368750929,1.6837609788473002,6.123093122311154,30.91551749239889,50667.50344932752,True
KALYANKJIL,2023-11-16,313.5,321.1788926251999,310.58316955276837,16.17144507605466,-0.4748426989106985,0.18036918985988665,0.18036918985988665,-2.4494075359489385,0.930408436118543,17.352472089314187,37590.39999999999,True
NBCC,2024-01-10,61.67,56.959131783206885,55.39241151295886,2.6047869692686514,1.8085426072734814,2.4100199214386073,1.8085426072734814,7.638832847078185,10.179322988553825,-8.447501116486633,-20093.32668093838,False
HAL,2024-01-12,3001.95,2922.64153539665,2845.9696634848674,74.15030961796144,1.0695634989518503,2.1035695915334287,1.0695634989518503,2.6418982529139354,5.1959671718427165,-4.940142881657694,-10825.94520422238,False
ANGELONE,2024-01-18,329.5,353.526735031113,348.6939786627149,17.300813472263087,-1.388763312755958,-1.1094263685049832,1.1094263685049832,-7.291877095937176,-5.825183205679795,-1.487101669195745,-3772.999999999983,False
PRESTIGE,2024-01-01,1188.7,1133.6068774362066,1102.2949509743526,53.044127692737185,1.0386281188923547,1.6289277019721466,1.0386281188923547,4.634737323445233,7.26886927110688,-5.10288274386218,-8431.457437504272,False
BSE,2024-01-15,746.0,755.4691597757374,757.5083940607992,24.393243900186036,-0.3881878037412292,-0.4717861268427464,0.3881878037412292,-1.269324366720825,-1.5426801690079381,-5.630026809651478,-14868.0,False
OIL,2024-01-15,264.35,250.17305174874485,245.01254408610578,9.450627720753745,1.5001065188635396,2.0461557142314315,1.5001065188635396,5.3629461892397075,7.315095863020331,1.664459996217138,3233.999999999983,True
HEROMOTOCO,2024-01-18,4188.9,4036.7408815111057,3942.8690713366746,104.0982218557705,1.4616879690770552,2.3634498676087308,1.4616879690770552,3.632436164360427,5.873401815830531,4.645611019599416,7978.600000000015,True
NBCC,2024-01-20,67.83,60.49035284985256,58.765697473135646,3.0351339730580857,2.4182283929800588,2.9864587880881928,2.4182283929800588,10.820650376157209,13.363264819201465,24.82677281438892,62122.76000000001,True
TRENT,2024-01-16,2110.7,2074.2566077761408,2036.4930474122161,45.28609901385202,0.8047368401661587,1.638625410527973,0.8047368401661587,1.7266021805021587,3.5157508214233997,-4.2910976466434825,-9057.219802770396,False
MOTILALOFS,2024-01-25,433.0,386.64059801586336,369.5817534358105,22.861454044539666,2.0278413566266282,2.774025065975039,2.0278413566266282,10.706559349685136,14.646246319674244,4.41108545034643,8709.60000000001,True
NHPC,2024-01-29,86.95,76.70816839855775,73.72473079833324,4.326284936096543,2.367350221431117,3.0569575044216726,2.367350221431117,11.778989765891037,15.210200346942798,15.756181713628514,42620.70000000001,True
RVNL,2024-01-23,289.9944130127298,242.90622591335472,224.90451682619815,17.960908491868175,2.6217040814329815,3.6239757145915643,2.6217040814329815,16.237618721746916,22.445224206327875,-12.816188288025632,-26276.524607501564,False
OFSS,2024-01-29,6020.5,5382.9800386585,4994.552952306995,284.22092916592703,2.243043688627582,3.6096815625216006,2.243043688627582,10.589153082659243,17.04089440566406,13.99385433103564,30330.0,True
IRFC,2024-01-23,161.3,137.47930596714957,125.65504896866621,10.741367974063703,2.2176592488376072,3.318474063769413,2.2176592488376072,14.76794422371385,22.09854372680335,-13.318497178008316,-32159.655714346736,False
NHPC,2024-02-09,96.25,93.10863549539631,87.80195131970093,6.055467272398446,0.5187650041347605,1.3951109468969136,0.5187650041347605,3.2637553294583754,8.777193434076953,-12.58278913745131,-23095.55217692767,False
NBCC,2024-02-09,98.63,93.0204943272019,85.32430621767863,6.810906582132288,0.8236063151290393,1.9535862989557788,0.8236063151290393,5.687423373008308,13.490513821678366,-9.996958329108786,-24235.88,False
BSE,2024-02-01,831.0,752.3851640028251,751.775260103691,31.24833537415745,2.5158087640786704,2.535326728534419,2.5158087640786704,9.460269073065565,9.533663044080502,-7.520658333130559,-15499.174345582109,False
BAJAJ-AUTO,2023-12-13,6160.0,5928.418537861462,5807.403865380687,107.46514557600845,2.154944851163338,3.2810278414402436,2.154944851163338,3.7594393204308116,5.7239632243394905,27.9788961038961,44811.0,True
MOTILALOFS,2024-02-02,442.45,417.48578212479055,397.72275113834155,20.925304758730114,1.193015736833858,2.1374718015993563,1.193015736833858,5.642268702725605,10.1089951094267,1.7742117753418496,4921.950000000014,True
TRENT,2024-02-12,2534.7,2274.0390973994536,2208.4626919086745,101.00570159952022,2.580655334032989,3.2298900252664047,2.580655334032989,10.283698370637403,12.870844995120736,6.446522270880184,15523.00000000001,True
OFSS,2024-02-12,6554.5,6161.679056742816,5810.91729717061,305.5487072239438,1.2856246286431716,2.433597934631092,1.2856246286431716,5.993148878742603,11.344613667394764,8.589518651308259,14638.0,True
OIL,2024-02-19,396.15,338.73986564805085,320.31347392889063,22.177992326347994,2.588608270178924,3.419449558606516,2.588608270178924,14.49201927349467,19.143386613936478,1.7670074466742405,4529.0,True
COALINDIA,2024-02-14,437.95,409.8305787680529,397.6418693714152,16.229577169306012,1.7326034399175614,2.4836217362961874,1.7326034399175614,6.420692141099924,9.203820214313224,-7.411611905151727,-16326.954632321833,False
RECLTD,2023-12-20,404.45,410.22742095579775,393.6710468747757,16.767527002299108,-0.3445601104447653,0.6428469221338553,0.3445601104447653,-1.4284635816040958,2.6650891643526498,12.25120534058599,25964.200000000004,True
PFC,2023-12-21,388.9483132530121,388.9157417123538,373.2482935657107,15.599343238578573,0.0020880071782601387,1.0064538902172393,0.0020880071782601387,0.008374259393460317,4.036531115405166,6.029512392237191,9732.449999999972,True
BHEL,2024-01-16,203.0,196.02685646752929,191.41394438823113,7.064430393377861,0.9870779587562053,1.6400551731148125,0.9870779587562053,3.4350460751087266,5.7074165575216105,9.310344827586214,23965.200000000008,True
MAXHEALTH,2024-02-12,875.6814999999999,810.6041358266787,785.3076829819438,34.9943178178606,1.8596551735066744,2.582528326125295,1.8596551735066744,7.431624874263218,10.320398114846107,-2.7157705170201663,-4756.299999999987,False
CUMMINSIND,2024-02-21,2607.9,2534.4393195752505,2448.2380117185294,74.5359076711606,0.9855743724064555,2.1420814915929043,0.9855743724064555,2.816851889441682,6.1222435017244035,7.785958050538744,13401.29999999998,True
NBCC,2024-02-23,95.6,92.9990016884474,89.70229243091403,6.00637475739133,0.43303963149349983,0.9819080239421225,0.43303963149349983,2.720709530912763,6.1691501768681665,-2.5836820083682044,-4690.529999999998,False
IOC,2024-02-14,167.67,155.94123863733546,148.42255817053584,7.835572181762819,1.4968608661359857,2.456418163597841,1.4968608661359857,6.995146038447266,11.479359354365211,-9.346421162715824,-24932.790682369272,False
IRFC,2024-02-13,153.45,155.36278816851157,150.73384628039386,12.50009714825071,-0.15302186421641228,0.2172906088162867,0.15302186421641228,-1.2465221039502004,1.7700578166217833,-3.9426523297490967,-7641.149999999979,False
NHPC,2024-02-20,94.74745586708202,92.20878810947245,89.47315385065431,6.739353489141559,0.37669307029225774,0.7826124605165262,0.37669307029225774,2.6794046704230077,5.566695135146267,-7.06874480775258,-12899.299999999985,False
MAXHEALTH,2024-02-28,851.55,847.401620260846,833.543955612312,31.400787607992843,0.13211069069165635,0.5734265207763355,0.13211069069165635,0.4871563312963348,2.114502306110975,-7.374972135046176,-13188.330795357004,False
TRENT,2024-02-20,2683.9,2505.542836983476,2402.397660486246,90.26408598509634,1.9759482530623877,3.1186527447941303,1.9759482530623877,6.645447409237463,10.488555442220429,-6.726337492834777,-17872.289025049056,False
BEL,2024-02-28,205.65,195.3140991118876,191.88129952566734,6.112876279183569,1.6908408441554228,2.252409478860187,1.6908408441554228,5.02596687970455,6.695210539427503,-0.6807682956479488,-1150.8000000000047,False
NMDC,2024-01-30,67.0,64.99138018215672,64.19484556200325,2.2685226225751842,0.8854308076342369,1.2365556376124605,0.8854308076342369,2.9979400266317646,4.186797668651863,-1.6588535186248476,-3352.0784821556067,False
COALINDIA,2024-02-23,416.85,418.9691165464508,410.97441653096547,16.408763986832376,-0.1291454096208156,0.3580759326997184,0.1291454096208156,-0.5083642908602026,1.4095198438370042,-6.045340050377845,-10533.60000000002,False
BANKBARODA,2024-02-21,250.5,240.0935216579416,233.64337104266102,8.837001782015914,1.177602833942673,1.9075054382860628,1.177602833942673,4.154282771280796,6.729193196542509,-7.055490444723289,-14351.29089399385,False
OIL,2024-02-21,390.15,353.9711257822415,333.50824291643846,23.782299505881692,1.5212521484228625,2.381677056482836,1.5212521484228625,9.273067850252085,14.517943632849292,-12.191362043256026,-31725.587540846183,False
IOC,2024-03-14,155.14,157.1614715040014,156.8992047459781,6.519168518518598,-0.3100811857001635,-0.26985109235646326,0.26985109235646326,-1.3029982622156928,-1.1339465940299795,-8.404239420547377,-15932.847859259453,False
PHOENIXLTD,2024-03-15,1362.5,1363.0836057325675,1360.2576787583835,85.23548240561448,-0.006846981047051669,0.02630736846124584,0.006846981047051669,-0.04283344826183841,0.16457403608194768,-5.930275229357795,-9776.799999999994,False
CGPOWER,2024-03-20,502.25,469.3456780919583,463.0289489292814,19.342468949735327,1.7011438401968821,2.027716894499928,1.7011438401968821,6.551383157400041,7.809069401835461,2.389248382279741,3708.0,True
UNIONBANK,2024-02-29,134.34735362997657,132.17990389685605,130.99476656378698,6.1974281789141115,0.34973373963331544,0.540964246684826,0.34973373963331544,1.6133177725928076,2.49546193177975,7.1327392100452025,12275.370000000026,True
HEROMOTOCO,2024-03-13,4401.65,4472.426417505434,4454.8857435774,110.46393018372792,-0.6407197117440628,-0.4819287480434238,0.4819287480434238,-1.6079519613198332,-1.209449719477927,1.0791407767541727,1757.5,True
GODFRYPHLP,2024-04-02,1117.0,1036.7676415916003,1017.3171455831275,56.026562530277886,1.4320414243697446,1.779207038857718,1.4320414243697446,7.182843187860313,8.92415885558393,-6.714413607878244,-11775.0,False
OFSS,2024-03-06,7315.5,7065.289685039643,6886.83287957254,254.74417394478866,0.9822023054964386,1.682735717914263,0.9822023054964386,3.420276330535947,5.859710483595924,-1.4425802196200932,-3482.55454688815,False
ZYDUSLIFE,2024-03-13,968.65,950.7751686853046,924.7880855841463,25.6207248217314,0.6976707895294987,1.7119700836351892,0.6976707895294987,1.8453343637738473,4.52814890991108,-5.166625413029546,-10259.535997978695,False
ABB,2024-02-28,5428.6,5025.445574760624,4901.5033921363,197.5894853942873,2.040363759412028,2.6676349038102187,2.040363759412028,7.4264897992000884,9.709623252103677,15.915705706812066,39744.0,True
MOTILALOFS,2024-04-09,524.35,448.4308737323141,435.2680818755768,22.1394884992389,3.429127383421519,4.023666496517552,3.429127383421519,14.478711980106015,16.989018427467002,17.46924763993516,28670.800000000007,True
BSE,2024-04-02,919.0,794.484005347995,776.8741399942918,40.16644488435469,3.100000386155796,3.5384226912516206,3.100000386155796,13.549074499674104,15.465273123580872,-3.901527277212802,-6848.311814418858,False
TRENT,2024-03-12,2671.7174603174603,2610.6313461727777,2565.932141596986,90.27095729396657,0.6766973119134674,1.1718643724579678,0.6766973119134674,2.2863987323503956,3.959450065049336,15.947889176571527,26843.20000000001,True
BEL,2024-04-16,233.45,222.74540752815707,216.85276379225928,7.404173242291239,1.4457512164491648,2.241605600601081,1.4457512164491648,4.58538979303616,7.109546458659545,0.2784322124651961,662.3500000000058,True
RECLTD,2024-05-02,553.9,469.3480502415804,462.1174451194373,19.512161379303052,4.333294918732354,4.7038640720713945,4.333294918732354,15.264840180252682,16.57023919129133,-7.04537330900995,-13775.585933787956,False
360ONE,2024-04-25,838.75,767.8378215594122,749.7766920914277,42.63641115808114,1.6631835680932399,2.086791676219885,1.6631835680932399,8.454507116612556,10.607845950351397,-10.166655417724268,-19612.74913271733,False
BAJAJ-AUTO,2024-02-21,8029.0,7836.68183346911,7652.130843044336,180.70141029444463,1.064287025859492,2.0855905681177203,1.064287025859492,2.3952941403772607,4.693849258384158,5.411632830987667,13904.0,True
MOTILALOFS,2024-04-29,622.6854838709677,564.6559152440168,532.236350340417,29.02068698518127,1.9995932093744824,3.1167123499432132,1.9995932093744824,9.319242238666948,14.525653138445977,-9.174271654157906,-15938.393337731128,False
BLUESTARCO,2024-04-19,1422.45,1373.2741127013342,1349.873023911671,51.188045493382084,0.9606908571069325,1.4178501130251644,0.9606908571069325,3.457125895368265,5.102251473748043,-2.457028366550673,-6291.000000000008,False
JINDALSTEL,2024-04-19,927.25,893.4947164889122,876.4006899032552,28.94264464258075,1.166281932005157,1.756899230346585,1.166281932005157,3.640364897394207,5.483883536990545,5.521703963332447,12236.80000000001,True
CUMMINSIND,2024-02-26,2733.55,2620.5053732602164,2527.638663950811,89.41338890435128,1.2642919379860624,2.302913898828508,1.2642919379860624,4.135451216907822,7.532744454983052,34.74053885972452,60777.59999999998,True
HAL,2024-04-01,3403.35,3222.754632564814,3185.8415096694284,113.82726454678422,1.5865739034865343,1.9108645999410199,1.5865739034865343,5.3064000891823015,6.391011513084798,35.26966077541247,55216.1,True
KFINTECH,2024-05-06,780.4,713.0627133544997,688.0560890243004,30.571334515174204,2.2026283024078372,3.020604512042624,2.2026283024078372,8.628560564518233,11.832894794425885,-5.164018452075858,-9389.899999999989,False
ABB,2024-05-07,6888.45,6614.27717472511,6507.6622045764325,185.70313031349448,1.4764038969727942,2.0505189911486195,1.4764038969727942,3.9801816849202636,5.527916954083536,20.566310272993206,38250.9,True
OFSS,2024-05-07,7222.5,7079.298073591237,7155.937748008354,236.13668958047617,0.6064365798604936,0.28188017757808603,0.28188017757808603,1.982719645673424,0.9215957354329665,1.5714780200761558,3972.5,True
OIL,2024-03-15,370.45,391.6971414357381,383.27097917346447,23.36424609297256,-0.9093869903265903,-0.5487435426953811,0.5487435426953811,-5.735495056212206,-3.4609202789754296,19.48980969091645,46207.99999999999,True
360ONE,2024-05-16,764.6,760.6225069007004,758.41677633243,33.25424058254005,0.11960859817042391,0.18593790022727164,0.11960859817042391,0.5202057414726178,0.8086873747802796,4.087104368297156,9906.25,True
ZYDUSLIFE,2024-05-18,1103.95,1011.4627767740849,998.3509807304296,33.86216220548659,2.7312852222688164,3.1184960555312844,2.7312852222688164,8.37784530331221,9.56556177993301,-6.134727515827088,-15712.043263345777,False
COCHINSHIP,2024-05-28,1909.4,1644.46748613756,1524.420785224095,119.10312864593374,2.224395923721061,3.2323182367472474,2.224395923721061,13.875170936547612,20.162313542259618,5.690269194511366,14341.79999999998,True
BDL,2024-05-29,1540.8,1313.9400337688949,1218.4757260749666,89.76915526729964,2.5271482788893276,3.590590475818446,2.5271482788893276,14.723518057574319,20.91928049876904,0.4380841121495393,1005.75,True
CUMMINSIND,2024-05-21,3749.1,3590.8525768058207,3476.2009731340318,105.65709408457441,1.4977453673627277,2.582874621249029,1.4977453673627277,4.220944311812947,7.279054356137957,-5.636397753304767,-15637.249924517027,False
SUPREMEIND,2024-05-09,5400.75,4901.893991661864,4700.444807900993,254.65315163698057,1.9589626326293332,2.7500354407446084,1.9589626326293332,9.236791340797783,12.966813722149839,-2.280238855714478,-5295.449999999984,False
GODFRYPHLP,2024-05-09,1150.3202614379086,1092.5951575853096,1078.1825442283257,52.66468504758722,1.096087516719016,1.369755029283856,1.096087516719016,5.018176745008575,6.271098547756624,8.491525520031363,14944.999999999987,True
ADANIPOWER,2024-05-16,128.0444097222222,122.31696229530161,120.95173831860673,4.751673771442877,1.2053536716560884,1.4926680039024958,1.2053536716560884,4.473016384975846,5.539227693737062,36.59323384708919,67472.05000000002,True
TRENT,2024-05-03,3015.8,2866.366487173911,2805.394711554454,116.1174255678632,1.28691720553824,1.812004420667921,1.28691720553824,4.9550206521019,6.976765317512646,-7.058361013097891,-16816.418063207497,False
MOTILALOFS,2024-05-14,567.15,570.6793874313422,558.594989453279,28.513814242467678,-0.12377815894183873,0.3000303808523574,0.12377815894183873,-0.6223022888728255,1.508421149029525,-9.790107604629162,-22931.657850497228,False
RECLTD,2024-05-15,528.7,509.02592756893773,496.8834290712164,22.82409640340584,0.8619869143264977,1.3939903848301267,0.8619869143264977,3.721216650475187,6.017887446336981,-4.833416885255892,-11397.206682267151,False
OBEROIRLTY,2024-05-16,1711.5284403669727,1527.674702918046,1507.6147618746768,65.21974312986276,2.8189889844068388,3.1265636555217915,2.8189889844068388,10.742079016198307,11.914127377782536,-4.581281689030703,-8546.68335547826,False
HAL,2024-05-29,5051.75,4741.55380735095,4518.27882930486,185.56031735028475,1.6716731091997905,2.8749205558217463,1.6716731091997905,6.140371012996493,10.560126108677988,-7.346377684971928,-20411.6349085313,False
ABB,2024-05-31,8317.95,8163.810752867774,7916.508747646875,210.59253711118805,0.731931193985497,1.906246336455758,0.731931193985497,1.8530917729996808,4.826204201192907,-5.063568237635185,-10529.6268555594,False
SIEMENS,2024-06-03,5541.35,5352.521384482712,5208.512893114699,150.0291902095528,1.258612509029359,2.2184823261420794,1.258612509029359,3.4076283850918676,6.00642635612804,-5.41489673850426,-13502.62711885975,False
CUMMINSIND,2024-06-03,3712.25,3679.8014449492894,3614.4286028944316,125.23078468483568,0.25911005135337034,0.7811289959713371,0.25911005135337034,0.874094014430888,2.6350972349806288,-6.7468939152716345,-13024.001607222915,False
COCHINSHIP,2024-05-30,1957.15,1734.8812143051464,1604.555607623219,124.00728949572857,1.7923848396227526,2.843336015250347,1.7923848396227526,11.35675782105887,18.015706122513915,-12.672231509667489,-29265.72032099196,False
BDL,2024-06-04,1436.85,1412.6613218510988,1317.5059497814127,98.18856579522453,0.24634923580967025,1.2154577190533888,0.24634923580967025,1.6834518668546536,8.305950531968348,-9.158924035215922,-24082.799999999985,False
PHOENIXLTD,2024-06-04,1628.85,1576.5984796739112,1559.156253369763,86.36309175303856,0.6050214190513886,0.8069853130030507,0.6050214190513886,3.207877970720979,4.27870869817583,-1.5348251834116144,-2700.0,False
OBEROIRLTY,2024-06-04,1745.25,1767.0800508534885,1715.8186041878732,78.56088362077608,-0.27787430394577894,0.3746316799871557,0.27787430394577894,-1.250826578054061,1.6863713400445075,9.313851883684276,16417.549999999996,True
MOTILALOFS,2024-06-05,561.0253731343283,563.3816875072674,563.4792226133611,32.42311254283506,-0.07267391031092726,-0.0756821071940868,0.07267391031092726,-0.42000139134080033,-0.4373865419532904,0.751930744503615,1413.2049587961528,True
MAZDOCK,2024-06-14,1938.8,1611.4939205518624,1540.6469722806578,124.45895801557614,2.6298314293067993,3.1990708749908783,2.6298314293067993,16.881889800295934,20.536054658517752,44.04528574375903,84541.05,True
RVNL,2024-06-04,351.5,356.47006999089797,338.6526269009508,23.470065070900993,-0.21176208825513804,0.5473940127664081,0.21176208825513804,-1.4139601681075302,3.6550136839400302,39.70128022759602,104662.5,True
COCHINSHIP,2024-06-06,1853.0,1795.0819552827288,1698.5163970563478,136.55617458264703,0.42413347396618684,1.1312824441355087,0.42413347396618684,3.125636520090188,8.336945652652572,53.13545601726928,91567.8,True
ABB,2024-06-04,7666.75,8161.886471494692,7960.8687997081615,337.49075903974887,-1.4671111970694763,-0.8714869721026077,0.8714869721026077,-6.458231603935072,-3.836290471296984,7.076010043369085,18445.0,True
HAL,2024-07-05,5552.0,5341.460379028428,5221.966224675242,193.68318868905442,1.0870309519200414,1.7039877211780377,1.0870309519200414,3.79214014718249,5.94441237976869,-6.9770601112771775,-23241.982642686544,False
SIEMENS,2024-06-04,4854.3,5281.3469009851815,5176.311721013363,220.98067662315617,-1.9325078894270695,-1.457194022274163,1.457194022274163,-8.797291081828098,-6.633535649081495,11.755556928908373,25679.249999999985,True
TRENT,2024-06-04,3025.4,3071.246294751797,3041.5406263395216,108.39800610407383,-0.422944078028331,-0.14890150584527156,0.14890150584527156,-1.515379611019928,-0.5335038784795905,13.1546166305478,23082.82674935442,True
DIXON,2024-06-04,8851.4,9126.023403447376,8925.721350289366,354.2665870678732,-0.7751885542476007,-0.20978933097951952,0.20978933097951952,-3.102598497948081,-0.8396564417986627,28.33620655111713,47654.86874664605,True
CUMMINSIND,2024-06-05,3404.1,3587.2847350647844,3564.8509114830013,168.38802352927158,-1.0878727074846908,-0.954645752790473,0.954645752790473,-5.38129711420888,-4.722273478540623,6.616518069528432,17342.93265357093,True
COCHINSHIP,2024-07-12,2828.75,2597.539343284007,2445.8149072374267,152.4279124867759,1.5168524776330061,2.512237335768771,1.5168524776330061,8.173598116340894,13.537254715424595,-10.777050816563928,-29875.870847408096,False
NBCC,2024-07-04,124.45,108.83367573204427,105.98295548673018,5.595878796884935,2.790683078527164,3.300115171105904,2.790683078527164,12.54827181033004,14.83892688892714,-8.992975165745165,-25427.673253045134,False
BEL,2024-07-05,324.05,309.5261873698094,303.31941249309494,11.225254658527422,1.2938515046656325,1.846781043061396,1.2938515046656325,4.481966557688815,6.397342233268034,-6.928100391005976,-20721.82009964164,False
GVT&D,2024-05-31,1360.35,1288.0496435485402,1237.9821067263547,73.9612198711544,0.9775441316058873,1.6544872229908947,0.9775441316058873,5.314834891863103,8.99532423814792,6.854853530341454,19023.0,True
CAMS,2024-07-19,825.8,798.2093090309515,777.4996249942477,30.816872263041393,0.8953112026926193,1.5673354061852272,0.8953112026926193,3.341086336770212,5.8489192305343,-7.463519559951893,-15285.16864246852,False
NBCC,2024-07-22,123.33,120.32297757178232,117.29929566581758,6.468913023667152,0.46484199388926617,0.9322593010786346,0.46484199388926617,2.438192190235694,4.889892430213587,-10.490412752237331,-32331.62729228841,False
MAZDOCK,2024-07-18,2595.4,2583.130960926537,2427.441438324169,160.41849781652823,0.07648144846422293,1.0470024589553648,0.07648144846422293,0.4727224733552772,6.471394069346956,-6.440240425367961,-15544.950000000008,False
CDSL,2024-07-23,1161.6,1159.0741478062796,1143.2958986362928,44.837249408232786,0.056333790030762394,0.40823426069365887,0.056333790030762394,0.21744595331614253,1.5757663019720303,5.587121212121216,11097.900000000016,True
NBCC,2024-07-23,118.17,120.015409347242,117.37845060528872,7.751847807690927,-0.23806057510714934,0.10211105975609498,0.10211105975609498,-1.5616563825353278,0.6698395487105714,2.234069560802232,5966.4000000000015,True
OFSS,2024-07-02,9641.0,9079.000917410458,8750.092196838154,308.7769254869955,1.8200812178668166,2.8852797266399626,1.8200812178668166,5.8292613068098955,9.240823598815957,-3.9820950552851286,-7294.361901320744,False
CAMS,2024-07-31,906.8,840.9370471586672,817.7206035248184,40.52705599057896,1.6251600623702718,2.1980228836728033,1.6251600623702718,7.263228147478254,9.823488804056188,-8.938477280674672,-24397.28770632853,False
COCHINSHIP,2024-07-19,2543.2,2621.365051601864,2512.03112986642,147.68194003891102,-0.5292796910798244,0.21105404036111255,0.21105404036111255,-3.073492120236866,1.2255768375896403,-5.198175526895243,-15863.999999999978,False
GODFRYPHLP,2024-07-19,1403.0,1421.2648497339874,1405.984039341515,73.53736746102409,-0.2483750828266734,-0.0405785445487501,0.0405785445487501,-1.3018424614388722,-0.21268990317284192,-5.203136136849606,-11826.0,False
MAZDOCK,2024-07-30,2684.5,2573.7692512833637,2501.3630592889544,163.2385813376119,0.6783368723820363,1.1218974044639585,0.6783368723820363,4.124818354130612,6.822013064296724,-10.607189420748742,-22210.5,False
TRENT,2024-08-05,3564.6,3670.494532541102,3646.2062386000816,124.37319349487596,-0.8514256936360249,-0.6561400918232739,0.6561400918232739,-2.9707269410621757,-2.289351921676534,-2.3593110026370434,-5466.4999999999945,False
RVNL,2024-07-18,586.15,551.0380098454933,511.2258181859616,33.80542909180969,1.038649444713409,2.2163357728889426,1.038649444713409,5.990273847053938,12.78242460360631,-11.534736532222023,-36239.41998641998,False
ZYDUSLIFE,2024-07-22,1154.55,1152.8312028838322,1136.2178784514613,33.872190493639835,0.050743606808967515,0.5412145267658699,0.050743606808967515,0.14887160505545077,1.5878153002068927,1.8102290935862573,3908.300000000017,True
GODFRYPHLP,2024-08-06,1357.0,1394.910753864766,1397.9662086691533,64.69283662360218,-0.5860116180302866,-0.6332418055418425,0.5860116180302866,-2.793718044566403,-3.018880520939814,43.62564480471629,101232.0,True
GVT&D,2024-07-25,1534.7,1550.874755346384,1552.8590312887388,87.96602200592226,-0.1838750346729907,-0.20643233460660804,0.1838750346729907,-1.053935970963968,-1.1832300311942914,6.698377533068345,15111.599999999991,True
KAYNES,2024-08-05,4252.4,4272.875535185706,4190.625022760979,202.93265874480022,-0.10089817633274971,0.30441121513470326,0.10089817633274971,-0.48150538956134364,1.452708523163877,11.7909886181921,23064.400000000023,True
ETERNAL,2024-08-05,256.29,233.0456480575906,226.05820028413513,11.086463451973113,2.0966426347865252,2.726911052097898,2.0966426347865252,9.06955087690094,11.795934182318815,-4.619766670568504,-13580.480000000036,False
GODFRYPHLP,2024-08-22,1877.0,1637.1408875937498,1566.7040080445925,92.79485483777589,2.5848320235596285,3.3438922071473414,2.5848320235596285,12.778855216102835,16.531485985903437,18.59350026638253,44672.0,True
OIL,2024-08-05,575.65,574.4447774533222,559.8092041341739,31.612963285569794,0.03812431425015768,0.501085447850339,0.03812431425015768,0.2093672451450986,2.7518102780901708,13.767045948058708,27499.75,True
KALYANKJIL,2024-08-30,615.2,589.6952754589643,576.6049313847559,25.98152711811816,0.981648400614994,1.4854811435748887,0.981648400614994,4.145761466358222,6.2735807241944315,16.393042912873845,35902.59999999997,True
PNBHOUSING,2024-09-13,1137.05,1035.4812312738525,989.316757598258,56.71614147015716,1.7908264930115323,2.6047830224747575,1.7908264930115323,8.932656323481595,12.992677753989879,-9.97601538545484,-25408.8313786304,False
RVNL,2024-08-13,569.461862244898,565.1409589302007,559.6545540209638,35.73102216498024,0.12092862316522998,0.2744760051545996,0.12092862316522998,0.7587695684595579,1.722206327439111,-6.833093631854837,-15253.450000000052,False
360ONE,2024-07-19,967.2211267605634,960.2500590769074,937.1961460132104,43.067018276336775,0.161865575158386,0.6971687836548051,0.161865575158386,0.7207315360246126,3.1042519561078286,6.945554783778718,14309.10000000002,True
TRENT,2024-08-09,4183.6,3735.6639375981968,3693.5271488286876,161.19114117573804,2.7789124087994574,3.0403212459238853,2.7789124087994574,10.706952442915279,11.71414215439604,25.01912228702552,69082.19999999998,True
GODFRYPHLP,2024-09-05,2137.0,1995.8767616027133,1880.1814980143686,108.65716676652428,1.2987936516007592,2.363567076412612,1.2987936516007592,6.603801516017162,12.017711838354302,9.171736078614876,20776.0,True
KAYNES,2024-09-17,5559.25,5030.07013587695,4925.10410275325,260.5012171050035,2.0313911389893686,2.4343298825783863,2.0313911389893686,9.518907480740205,11.407040468529924,-9.371811561092002,-21882.10223682029,False
CDSL,2024-09-02,1416.4,1427.4006056322569,1385.0649530073135,63.16209700977384,-0.17416466762581578,0.496105235198852,0.17416466762581578,-0.7766595334832528,2.2123021034091046,-3.0076249646992514,-6901.200000000023,False
PGEL,2024-07-22,370.3,365.436256601167,355.83389814474293,20.83007038998643,0.233496253626256,0.6944816596592644,0.233496253626256,1.313460275137196,3.906589752972476,49.055604685716325,151135.21625380468,True
BLUESTARCO,2024-09-26,2134.8,1942.2384209850463,1885.2290182760105,73.87298402993328,2.6066576508798946,3.37837959304397,2.6066576508798946,9.020122681982098,11.690602479107628,-6.920834179307967,-23787.10085763851,False
MOTILALOFS,2024-09-02,751.95,704.1432491764249,679.7364315821394,32.10676387186435,1.4889931297457526,2.249169947680168,1.4889931297457526,6.357703414266262,9.60350667170166,-6.390052530088441,-21478.35000000003,False
KAYNES,2024-10-04,5048.5,5330.849831558782,5256.907110290412,241.4981302913837,-1.16915949294559,-0.8629760820050847,0.8629760820050847,-5.592746985417098,-4.128099639306957,-3.519857383381197,-7996.499999999992,False
MCX,2024-10-07,1154.0,1142.4140510825735,1118.8648720096696,38.403965535144856,0.30168626484220307,0.9148828122496087,0.30168626484220307,1.0039817086158187,3.044638474032095,11.09185441941074,36480.0,True
BAJAJ-AUTO,2024-10-07,11330.0,11662.134407848109,11482.24495056152,271.2174695550935,-1.2246055108210536,-0.5613390273541886,0.5613390273541886,-2.9314599103981362,-1.3437330146647877,-0.825242718446606,-2711.5,False
NAUKRI,2024-09-27,1634.0,1582.5580939062086,1559.6097746455875,42.68566935361013,1.2051329374185096,1.7427447309812636,1.2051329374185096,3.148219467184298,4.552645370527078,0.1529987760097828,377.5,True
INFY,2024-10-07,1893.3,1868.040235710546,1864.8781501855528,37.25146591873096,0.6780877924257106,0.7629726539206046,0.6780877924257106,1.3341659689142698,1.5011804687290506,-0.7341678550678687,-2404.699999999976,False
GODFRYPHLP,2024-10-16,2367.0,2320.4688887230345,2302.8709485034124,111.07996306083584,0.41889743203714874,0.5773233059275118,0.41889743203714874,1.9658264164328465,2.70929664117396,-2.070130967469374,-4851.0,False
LTM,2024-10-07,6254.95,6225.21054346042,6199.192776896778,157.89686138934022,0.18834735711591255,0.35312432820140927,0.18834735711591255,0.4754547444756522,0.8914095732695195,-4.208666735945132,-13689.0,False
KFINTECH,2024-08-20,1003.3,951.8056519111632,909.1051314317352,48.57574336883193,1.0600835832370923,1.939133856440451,1.0600835832370923,5.132497566912865,9.38850479101612,-2.741189555565915,-9130.781797249632,False
PGEL,2024-10-11,611.05,614.0163232932011,608.2335246769298,35.04279678962492,-0.08464858872449989,0.08037244686771058,0.08037244686771058,-0.4854469017594608,0.4609238725259976,-6.407004336797318,-22432.949999999983,False
DIXON,2024-08-05,11141.6,11615.150488242656,11630.125645357763,473.39445503640275,-1.0003296050568253,-1.0319631760794408,1.0003296050568253,-4.25029159404983,-4.384699193632532,23.012996979911797,43588.27321573551,True
TRENT,2024-10-04,4928.918181818181,4998.503128151628,4922.326473363586,131.7859498628469,-0.5280149090693284,0.05001829452574842,0.05001829452574842,-1.4117691502799026,0.13373540017180482,-1.232135349768948,-2672.1615042923186,False
KAYNES,2024-10-16,5731.25,5488.48415675293,5399.419295789714,250.47785714101568,0.969210795788611,1.3247905742960338,0.969210795788611,4.2358271449870415,5.789848710321239,-8.74077582171483,-29556.387142639847,False
CDSL,2024-10-17,1544.4352348993289,1500.2582614928726,1479.743877756729,63.53193825273768,0.6953506318462207,1.0182493863991657,0.6953506318462207,2.860396629667402,4.188674000746727,-8.190638787974148,-18848.36759931581,False
KALYANKJIL,2024-09-17,712.9421140939596,665.2732718968151,643.2891855315197,29.331799787555944,1.625159129081744,2.3746558024710867,1.625159129081744,6.686214947159392,9.769787362184115,-5.784777372335759,-12290.149999999952,False
BSE,2024-09-25,1279.3468208092486,1175.9475314730157,1106.638209566259,66.24989599275641,1.560746440228952,2.606926526524253,1.560746440228952,8.082193792518892,13.499749124615242,5.835257334170696,12914.999999999996,True
MOTILALOFS,2024-10-15,924.45,792.5821099353999,775.9666010152731,40.8615268073539,3.2271894950549846,3.6338191591510527,3.2271894950549846,14.26446969166533,16.061809614876623,-5.67364378819839,-18462.400000000016,False
NAM-INDIA,2024-10-25,681.55,683.7936214363483,681.1181808338944,32.57691274581279,-0.06887151811636073,0.013255374119546871,0.013255374119546871,-0.32919396028880477,0.06335839866562738,-1.5919595040715828,-3439.449999999971,False
TRENT,2024-10-25,4907.6,5096.980952256556,5090.775372981908,166.54739373334323,-1.1370994646711226,-1.0998393242657827,1.0998393242657827,-3.8589321105337686,-3.7324837595139675,-1.4793381693699592,-4719.000000000024,False
TECHM,2024-10-25,1642.9,1617.7784320744456,1600.7574491456348,41.85370074017829,0.6002233370354877,1.0069014235080453,0.6002233370354877,1.5290990276678114,2.565131831174463,-5.09510021792906,-11300.499199848136,False
MCX,2024-10-18,1312.0,1244.5363514824996,1208.654805888851,38.86896450435711,1.73566878813913,2.658810066822449,1.73566878813913,5.14204638090704,7.876920282861975,-5.925147028103217,-18423.88917506527,False
CDSL,2024-11-05,1541.55,1512.9300204853078,1502.157320982382,61.13720929061335,0.4681270186646604,0.6443323055582452,0.4681270186646604,1.856571600966054,2.5553941823241457,-6.895656968635466,-20196.999999999996,False
OBEROIRLTY,2024-10-22,1950.45,1929.636915774549,1904.8539171763898,70.5700026732745,0.2949282051442124,0.6461113943088723,0.2949282051442124,1.067091400725531,2.3377211835017677,-2.002102079007406,-6521.349999999992,False
AMBER,2024-10-22,5692.45,5381.336763071596,5194.94812498182,341.34562597405227,0.9114317373794435,1.4574725356404534,0.9114317373794435,5.465366176749979,8.739679312390619,5.266625091129473,17088.60000000001,True
COFORGE,2024-10-25,1548.0,1465.0437323261567,1445.0498439737771,49.85301092358513,1.6640172005056815,2.065073986885672,1.6640172005056815,5.358932020274114,6.650526875078998,13.242894056847554,28905.0,True
PGEL,2024-10-29,585.85,590.8574339960304,594.6781251984883,32.61842606934892,-0.15351550026921137,-0.27064841141381446,0.15351550026921137,-0.8547297082922909,-1.506891729706962,46.28317828795767,98427.45,True
HCLTECH,2024-11-13,1864.75,1837.1719896428397,1830.603217908923,38.59107587729646,0.7146214436945711,0.8848362300043044,0.7146214436945711,1.4789119376409887,1.83117211910857,2.4212360906287644,6591.900000000013,True
CDSL,2024-12-09,1904.95,1711.8220211128246,1657.9379655765047,64.86800947264868,2.9772453395322245,3.8079175919163504,2.9772453395322245,10.138217742574632,12.966851330664603,1.3333683298774268,4597.399999999975,True
PGEL,2024-12-11,848.4,776.5311277525168,742.807350108503,38.768124306854254,1.8538135009739605,2.7236976712032486,1.8538135009739605,8.471107054158791,12.44609263218965,8.032767562470532,28077.799999999992,True
KAYNES,2024-10-25,5301.6,5480.265926253746,5441.788370076761,262.6137812109595,-0.6803372063335182,-0.5338195483509146,0.5338195483509146,-3.3700378424201363,-2.6442653175788493,34.29436396559529,72725.99999999999,True
DIXON,2024-10-25,13937.2,14826.325779242576,14634.789954295993,629.2247556264521,-1.413049584098717,-1.1086498871162123,1.1086498871162123,-6.379515105204596,-5.0052374529747174,35.11896220187698,73418.99999999997,True
INDHOTEL,2024-11-18,737.2,710.883244845528,702.6054564982143,22.279142747186086,1.1812283557362602,1.5527771375384343,1.1812283557362602,3.5698257127607227,4.692694452222704,17.6953336950624,56484.84999999997,True
PERSISTENT,2024-10-25,5670.9,5497.228832591103,5444.466072121984,198.63796248154617,0.8743100525159226,1.1399327955704914,0.8743100525159226,3.0624974414801267,3.9929099063290714,17.692077095346413,55181.50000000001,True
KFINTECH,2024-12-04,1213.7,1129.7782093198575,1098.7628529553076,47.39311209994447,1.7707592298046377,2.4251867402653033,1.7707592298046377,6.914541540754924,9.469979982260233,17.74326439812144,43716.04999999998,True
KALYANKJIL,2024-12-09,775.3605678233439,721.8831415470233,713.2591564792602,28.929328380547,1.8485540200885024,2.146659283865111,1.8485540200885024,6.8971041984307755,8.009358990027035,-7.450627099416785,-18312.844193266814,False
CAMS,2024-12-16,1043.0,1022.1873444058351,1000.9513785519732,33.36609386020184,0.6237666201313916,1.26022007922783,0.6237666201313916,1.995460747283306,4.031507329628646,-6.398100452579447,-24490.712893388143,False
CDSL,2024-12-19,1956.45,1879.8454040067368,1812.406890550527,57.26779470334991,1.3376557695311821,2.515255043355935,1.3376557695311821,3.91548958538492,7.362473329217366,-5.854255892391813,-15805.911338124562,False
MOTILALOFS,2024-10-31,936.2237603305786,912.2598918729346,885.5613192076373,55.94890491437256,0.42831702415479983,0.9055126494518161,0.42831702415479983,2.5596304508638323,5.411360325340646,-2.2402508053387504,-5075.650000000011,False
KFINTECH,2024-12-23,1415.2,1307.4369719153233,1256.8747547935363,63.501673479302454,1.6970108373569197,2.4932452411363264,1.6970108373569197,7.6146854214723545,11.187481995934405,12.507066139061608,45135.0,True
NAUKRI,2024-12-16,1762.0,1697.7541754729848,1671.1804147384082,42.19825882681088,1.5224757208749164,2.1522116738117427,1.5224757208749164,3.646187544098479,5.154346496117582,-1.5039727582292883,-3842.5,False
OBEROIRLTY,2024-12-16,2253.5,2116.553623521869,2081.6006342314263,72.29419975231036,1.8942927226157489,2.3777753451525023,1.8942927226157489,6.077052428583571,7.628105869472986,1.275793210561349,3881.25,True
MOTILALOFS,2025-01-02,985.2,955.2622226656381,952.8028942308662,39.392218674142306,0.7599921594163367,0.8224239928481069,0.7599921594163367,3.038751251965281,3.2883785798958454,-6.085058871295168,-18764.350000000013,False
PAYTM,2024-11-28,926.65,853.6801860649977,825.3351387135384,42.52402130702925,1.7159669215700528,2.3825324645323263,1.7159669215700528,7.874581981870428,10.933455057083211,-2.654724005827447,-8806.800000000008,False
KAYNES,2024-12-20,7303.65,6793.535188674412,6550.206995654604,296.2635029997177,1.721828055634898,2.5431516090124466,1.721828055634898,6.9843819367793865,10.31597905629919,-8.112751925399431,-18368.3371859825,False
CDSL,2024-12-23,1818.6,1868.7578478416845,1816.9651988020883,62.24238420850069,-0.8058471486835218,0.026265079956374567,0.026265079956374567,-2.758047280418154,0.08989339040534787,-6.845087892719748,-17178.89804154618,False
360ONE,2024-12-13,1186.6,1153.1724452865988,1132.0663883961045,41.11956393952253,0.8129355350792493,1.3262205718937565,0.8129355350792493,2.8170870312996086,4.595787258039395,-1.68970166863307,-6335.799999999986,False
MOTILALOFS,2025-01-08,940.1,953.1846483026519,952.2557914287727,41.5952014148318,-0.3145711009344032,-0.292240234818005,0.292240234818005,-1.3918357943465467,-1.2930317443647121,-4.13785767471545,-13381.599999999991,False
KFINTECH,2024-12-31,1534.8428571428572,1434.0870437087856,1364.9941057761432,83.5733206423489,1.2055978230810638,2.0323322091457845,1.2055978230810638,6.564568676537393,11.06619811769467,-10.733313684908508,-27676.23573582924,False
OBEROIRLTY,2025-01-09,2246.4,2257.8232554477026,2234.9115143138783,71.24779924214894,-0.16033134453568865,0.1612468849329084,0.16033134453568865,-0.5085138643029985,0.5114176320388955,-5.25730056980056,-14762.499999999987,False
PGEL,2024-12-19,950.85,879.8141135617085,831.184272773279,51.461154640530694,1.3803787912357453,2.3253603239689573,1.3803787912357453,7.470777350611718,12.585131958428885,-10.82424244424056,-41786.457568110935,False
MANKIND,2024-12-26,2916.65,2793.081828623532,2741.7070232761844,112.85056661209751,1.0949716522134105,1.5502179738729105,1.0949716522134105,4.23664722803449,5.998079190983344,-9.036051634580778,-33470.85000000002,False
COFORGE,2024-12-26,1898.5,1855.1390105313103,1815.624819336302,41.66142042493548,1.0407947935144568,1.9892548026061794,1.0407947935144568,2.283960467141938,4.365297901695975,-4.388877579661365,-11248.583514732583,False
AMBER,2025-01-06,7664.8,7212.998239015913,6932.917435695572,340.8120199564248,1.3256626366694848,2.1474669948495495,1.3256626366694848,5.894501630624246,9.54861919821037,-8.892913577821338,-25220.08947677545,False
KAYNES,2025-01-09,6731.9,7125.784645348964,7014.796741979997,319.5685832820193,-1.2325512142141986,-0.8852457869124795,0.8852457869124795,-5.851017474248936,-4.202331317755721,-9.494157170546767,-33874.26982789402,False
PERSISTENT,2025-01-09,6179.35,6347.155148891114,6324.391384363975,185.63394929282518,-0.9039572208120824,-0.7813300579797573,0.7813300579797573,-2.715579290558283,-2.347194840298323,-2.847386861077628,-6862.050000000028,False
KFINTECH,2025-01-10,1377.7,1444.5104358686413,1412.3390395465551,78.90718887526938,-0.8466964394619377,-0.4389845848051929,0.4389845848051929,-4.849418296337461,-2.5142657724145363,-8.895260216302525,-23161.94999999999,False
HCLTECH,2025-01-10,1995.1,1939.1913316810706,1930.2782621320207,45.290160553317975,1.234455070061205,1.4312543182898994,1.234455070061205,2.802299048615576,3.249047058692758,-4.540139396854093,-10688.477890583035,False
BAJAJFINSV,2025-01-14,1713.5,1668.6667656622185,1656.745286853248,38.75731112331731,1.1567684402855485,1.4643614714697544,1.1567684402855485,2.6164712190126354,3.312209696338022,-2.4423694193171808,-5524.199999999988,False
AMBER,2025-01-13,7078.5,7438.35147894257,7206.934533592199,412.28289287142405,-0.8728266080513662,-0.3115204045884411,0.3115204045884411,-5.083725068059191,-1.8144314980885632,-3.7105318923500654,-12344.549999999985,False
DRREDDY,2025-01-13,1335.1,1350.1907847259945,1336.624239607202,30.37828918940501,-0.4967621656343232,-0.05017529452362211,0.05017529452362211,-1.1303111921200346,-0.11416669966310854,-2.4230394726986626,-5564.199999999984,False
PERSISTENT,2025-01-15,6111.25,6217.710296944142,6243.856197912694,210.81224036215056,-0.5050005481714718,-0.6290251348066533,0.5050005481714718,-1.7420379945860849,-2.1698702869739313,-0.6488034362855277,-1427.399999999987,False
INFY,2025-01-13,1920.6,1895.2094618412643,1890.1186550255504,42.28562563653659,0.6004531747260485,0.7208441288406124,0.6004531747260485,1.322010734079745,1.5870740900994214,-5.66489638654587,-19148.799999999992,False
PGEL,2025-01-16,900.85,910.7867932371644,910.3416251182258,54.590848935352305,-0.18202305754452955,-0.17386842856146048,0.17386842856146048,-1.1030463714452297,-1.053629918213441,-4.3680967974690565,-13339.650000000009,False
UNOMINDA,2025-01-17,1082.65,1066.0075517064552,1061.1071420447201,41.5358003983935,0.40067720217060315,0.51865758571281,0.40067720217060315,1.5371956120209604,1.9898266249739012,-4.073338567404072,-11025.000000000036,False
AMBER,2025-01-20,7049.55,7156.042044996576,7095.09301345052,395.54246322757945,-0.2692303732135693,-0.11514064274893261,0.11514064274893261,-1.5106218836177587,-0.6460414274743712,-7.58204424395883,-19242.0,False
360ONE,2025-01-21,1201.85,1194.3353459050297,1196.3923816352994,51.78210659486548,0.14512067177497387,0.10539583504008357,0.10539583504008357,0.6252572363414888,0.4541014573116833,-4.401547614094925,-10368.399999999972,False
PATANJALI,2025-01-17,618.6,610.5717544103891,608.3063020887463,16.734369792193856,0.47974591749226864,0.6151231291694934,0.47974591749226864,1.2978088570337774,1.664031346791744,-2.101519560297449,-7137.0,False
BIOCON,2025-01-16,392.65050335570464,373.24895427951446,368.4268796070969,13.441563503714194,1.4433997258450708,1.8021433103309912,1.4433997258450708,4.94117514440423,6.1692582949940595,-6.719367513259488,-15724.643696427316,False
BSE,2024-10-30,1447.0,1415.2639395365034,1386.0045706691415,88.63745025242373,0.3580434722921065,0.6881451255327673,0.3580434722921065,2.1932315455077154,4.215302648988151,18.797512093987567,59024.0,True
BAJAJFINSV,2025-01-28,1768.95,1716.1226177509543,1699.205094400302,42.1257091226396,1.2540413763777984,1.6556375442049263,1.2540413763777984,2.9863694422705978,3.942729053941495,-4.7627925178936215,-15586.51237537665,False
PATANJALI,2025-01-28,609.6,610.9173415870534,609.7715274570876,21.219232035866703,-0.06208243469069605,-0.008083584589566296,0.008083584589566296,-0.21609934170823816,-0.028137706215151503,-0.5249343832021025,-1385.6000000000197,False
SBICARD,2025-01-16,752.7111111111111,724.241484862581,718.122844852782,19.598831169446612,1.4526185772196702,1.7648127053744973,1.4526185772196702,3.7822779321677276,4.595158188547501,11.031973311289557,25409.9,True
ITC,2025-01-13,418.65,412.11631417508545,406.3593247583639,10.017860952460808,0.6522036845909286,1.2268762064038177,0.6522036845909286,1.5606558760096807,2.9357877085001918,-1.8750746446912656,-5487.149999999976,False
MAXHEALTH,2025-02-04,1174.3,1092.248466164962,1092.4041357416932,44.35424249967002,1.8499139926839756,1.8464043041410543,1.8464043041410543,6.9872718926201,6.9740155205915695,-7.554158647648812,-19249.74124485679,False
PERSISTENT,2025-02-07,6254.1,6133.775453276703,6134.959776375973,258.8641203086812,0.4648173975590627,0.4602423212686224,0.4602423212686224,1.923930649066969,1.9049939019847362,-4.160470731200339,-11969.200000000032,False
EICHERMOT,2025-01-13,4940.788043478262,5039.033785587017,4993.078035369129,123.45415957373298,-0.7958074677109398,-0.4235579592572318,0.4235579592572318,-1.988462999104709,-1.0583330317091562,0.837593044491225,1903.6500617804925,True
BSE,2025-02-01,1801.5,1825.0721288732004,1827.3623652930403,80.38887373980882,-0.29322626100591126,-0.32171573116881674,0.29322626100591126,-1.3084723215764877,-1.4356017370546923,-4.02442409103525,-13630.0,False
AMBER,2025-02-10,6928.9,6807.528373462638,6818.898175557987,389.8601465693857,0.31132093804761396,0.2821571412466365,0.2821571412466365,1.7516723655610762,1.5875799108373994,-7.1555369539176406,-15865.599999999977,False
MANAPPURAM,2025-02-01,197.8,193.15484038540288,190.38286313015186,8.039040703414624,0.5778251144597487,0.9226395466187505,0.5778251144597487,2.3484123430723627,3.749816415494515,-3.225480283114268,-7611.340000000028,False
M&M,2025-02-11,3085.95,3081.4868148808805,3053.0530593921385,95.26464932074875,0.04685038102740625,0.3453215945518243,0.04685038102740625,0.1446292104252926,1.0660231244142429,-3.199987038027185,-7011.25,False
BSE,2025-02-12,1785.0,1831.485912490213,1833.38102564691,90.37903715973363,-0.5143439668211439,-0.5353124703176764,0.5143439668211439,-2.604252800572155,-2.710421604868912,-1.848739495798324,-4125.0,False
BLUESTARCO,2025-02-12,1995.05,1955.160063416856,1953.7387567446522,114.04012763270282,0.3497885999533454,0.3622518153294414,0.3497885999533454,1.9994454566624364,2.070687113372988,-1.5764015939450204,-3459.500000000005,False
INDIGO,2025-02-13,4364.85,4329.926013479852,4312.5451067783515,127.449284899685,0.2740226165069233,0.41039769868318915,0.2740226165069233,0.8001188247052702,1.1983205201014662,-3.24295222058032,-7077.500000000009,False
BHARTIARTL,2025-02-14,1717.05,1676.5630832737381,1660.7626935529713,35.81940627299571,1.1303067509744003,1.5714193032134012,1.1303067509744003,2.357934639425866,3.278140208324082,-4.172203054424239,-9241.406818432892,False
WIPRO,2025-01-22,295.45,283.96598006097247,284.28482561288246,8.495914027215482,1.3517109403696945,1.3141816585421466,1.3141816585421466,3.8869588556532477,3.7790402393357696,-2.65696395329158,-5981.699999999974,False
BSE,2025-02-24,1870.0,1842.96469963025,1836.0195623510972,92.84849619497066,0.2911765023418279,0.365977253713921,0.2911765023418279,1.4457379876871699,1.8171357031498827,-7.967914438502676,-17433.0,False
MARUTI,2025-02-11,12724.35,12684.517058794898,12464.828816445632,272.7034870326595,0.1460668568580939,0.9516606713697355,0.1460668568580939,0.3130449980164216,2.0395633848044787,-4.286324834394839,-9271.91855911043,False
MUTHOOTFIN,2025-01-09,2135.1,2153.0550475370055,2121.5973925685807,61.71695266189464,-0.29092569808767377,0.2187827954725957,0.2187827954725957,-0.8409464445227676,0.6324110079817885,-0.1077232916490866,-259.8999999999692,False
BAJAJHLDNG,2025-01-24,11290.1,11063.006078139484,11072.169071169283,426.48802035319534,0.5324743275847439,0.510989566952522,0.510989566952522,2.0114429620686822,1.9302834238024258,0.5017670348358205,1642.8499999999894,True
BAJAJFINSV,2025-02-11,1744.85,1767.7397287975236,1751.063364859223,51.46454917308126,-0.4447669155818875,-0.12073096838615553,0.12073096838615553,-1.3118450753660047,-0.3560973641988148,-0.553522958206798,-1806.0731778827176,False
SHRIRAMFIN,2025-02-28,617.3,576.5732164085414,568.8479917076882,22.630713086893056,1.7996244057835784,2.1409846038114266,1.7996244057835784,6.597567405063757,7.849021268801523,3.2642151304066225,7576.400000000034,True
CHOLAFIN,2025-02-27,1438.708510638298,1374.131632664679,1355.9771983822127,49.61875777480069,1.3014609972040647,1.6673394491568914,1.3014609972040647,4.488531032944876,5.750387353959614,0.4685792369929942,950.5500000000072,True
BLUESTARCO,2025-03-04,2100.65,1959.3295234463799,1952.1899102971436,106.75103280832838,1.3238324055127533,1.3907133804449163,1.3238324055127533,6.727464192208135,7.067340570911694,-0.352271915835578,-1132.200000000014,False
SRF,2025-01-13,2516.0,2395.4701570465204,2357.1242274438214,83.0299164702877,1.4516435530392382,1.9134762421811227,1.4516435530392382,4.790534298627965,6.314617351199468,2.1542130365659773,4823.799999999984,True
SBICARD,2025-02-10,799.1,795.9526750261957,781.2437890413628,23.303020956337377,0.13506081377609416,0.7662616358666212,0.13506081377609416,0.3938587127774124,2.2345402275856885,-4.455011888374427,-12709.200000000008,False
KOTAKBANK,2025-02-14,390.490037593985,385.3161650900699,381.18348249973604,8.655513359912712,0.5977545512063404,1.0752169983760274,0.5977545512063404,1.3249691428221992,2.383301543770884,3.259434158512753,6771.171336933496,True
MUTHOOTFIN,2025-04-03,2370.25,2329.4594606578185,2304.447873062002,64.85058041073533,0.6289926641185327,1.014672906876636,0.6289926641185327,1.720938269894802,2.776168207488571,-9.29226874802236,-27751.5,False
MAZDOCK,2025-04-03,2737.55,2576.1075500293564,2503.4906406008076,120.49582973442706,1.3398177374807339,1.9424685477917338,1.3398177374807339,5.89733338096633,8.549957421752755,-18.86723530163833,-42353.0,False
MUTHOOTFIN,2025-04-07,2254.3,2321.029399666969,2303.5131182330597,72.65152086435855,-0.9184859294487921,-0.6773859328415315,0.6773859328415315,-2.9600940277234025,-2.183077595398106,-6.445594718037406,-20197.122800291705,False
MAXHEALTH,2025-04-07,1075.5,1098.0638694337763,1085.0586144860447,43.25641883676769,-0.5216305473396503,-0.22097563189673772,0.22097563189673772,-2.0979887897513985,-0.8887600637884416,-0.1301720130172046,-273.00000000001774,False
ICICIBANK,2025-04-07,1287.55,1315.839267061546,1303.7685397417604,26.20111789114379,-1.0796969495377178,-0.6190018230955876,0.6190018230955876,-2.197139300341429,-1.2596434889332784,5.347365150867933,11222.550000000025,True
KOTAKBANK,2025-04-07,407.6,419.730985343115,414.3025865622054,9.295867099216709,-1.3049869596497503,-0.7210286561401219,0.7210286561401219,-2.976198563080215,-1.6444029838580465,9.273797841020604,19429.19999999997,True
SBICARD,2025-04-09,846.55,848.5544264033208,847.3362176381544,26.04273067677913,-0.07696682917771315,-0.030189523821918297,0.030189523821918297,-0.2367759025835272,-0.09287314844420601,2.4806567834150477,7266.0,True
PGEL,2025-04-15,956.0009049773756,894.7898444994947,887.3541974977047,62.79232591382659,0.9748175368099,1.093234029487594,0.9748175368099,6.4028245328208655,7.180611139828939,-8.87560927354809,-18752.050000000017,False
LTF,2025-04-25,172.99,166.23512349548386,161.465517201153,5.7403002728895585,1.1767461950410951,2.007644591917105,1.1767461950410951,3.9047786025297113,6.661935833774786,-6.636568903277129,-14706.649299143042,False
PGEL,2025-04-28,884.8,913.937206498345,907.7333498119465,56.15654292313222,-0.5188568416369286,-0.40838250750830557,0.40838250750830557,-3.2930839170823916,-2.5919247074984773,-2.079566003616629,-4305.599999999995,False
BAJFINANCE,2025-01-13,715.0,718.2410270574826,711.5107051961228,16.305122013610298,-0.19877355439457797,0.21399991983896913,0.19877355439457797,-0.4532904975500136,0.4880132592835265,20.769230769230763,70389.0,True
INDIGO,2025-02-28,4477.3,4418.727390174109,4387.379475083252,120.21910984459615,0.48721546767070734,0.7479719741144795,0.48721546767070734,1.3082127582670593,2.0083649725671284,10.775241268512591,23157.114111125484,True
HDFCBANK,2025-04-07,878.8,890.7444308409371,883.7234731525758,17.83906280807944,-0.6695660511676318,-0.27599393564251534,0.27599393564251534,-1.359175107070678,-0.5602495621957062,9.387801547564866,21450.0,True
MUTHOOTFIN,2025-05-09,2229.6,2209.497094041178,2209.081923371546,82.26559769549993,0.24436588953296398,0.2494126002025781,0.24436588953296398,0.9016373322040633,0.9202581910860178,-5.628812343021172,-13303.0,False
BEL,2025-04-30,314.1,302.0255858422396,297.439440118258,9.444136481425142,1.2785090708407862,1.7641168056508116,1.2785090708407862,3.844130581903989,5.304221547832542,15.85482330468002,52190.39999999995,True
ICICIBANK,2025-04-25,1404.8,1375.6526718120294,1355.2373331466174,26.779936052165638,1.0884017098171312,1.8507388052323046,1.0884017098171312,2.0748382821733,3.5280941666701704,3.2033029612756225,8685.0,True
BAJAJFINSV,2025-03-05,1801.8,1841.3087581029108,1829.064014625541,51.99852528210408,-0.7598053577205636,-0.5243228433427175,0.5243228433427175,-2.1927382674498204,-1.5131543248718502,8.56365856365857,27619.699999999997,True
BEL,2025-06-04,390.6,377.8401339519401,365.7027983884928,9.215325026397165,1.3846354861613077,2.7017171440171186,1.3846354861613077,3.2667347793292127,6.374091554405332,0.7424475166410538,2604.19999999998,True
MANAPPURAM,2025-02-19,202.56908424908423,195.36027611807714,194.68210315074506,10.341127499010224,0.6971007882551552,0.7626809648265188,0.6971007882551552,3.5586911782367294,3.893477194496829,30.71096262370401,67934.31999999999,True
BSE,2025-04-01,1822.0,1586.1906682401354,1576.042774500899,97.82151675962191,2.4106080090673907,2.5143468803851703,2.4106080090673907,12.942334344668746,13.499298874813448,64.34687156970362,153584.40000000002,True
MAZDOCK,2025-04-16,2731.9,2539.5028065626425,2505.4177858811872,143.59068426441644,1.3399002478675146,1.577276515388387,1.3399002478675146,7.042614789610073,8.290282005886485,15.1616091364984,33550.19999999998,True
INDIGO,2025-05-15,5585.466666666666,5386.660108809748,5332.302540154853,196.58615039666032,1.011294831582886,1.2878024520089189,1.011294831582886,3.5593544769207917,4.532551022507459,-6.975942937504243,-17533.753535699405,False
NBCC,2025-06-05,127.04,118.49388111243253,113.98318017597765,4.384128747047862,1.9493311854315793,2.9782017311454223,1.9493311854315793,6.727108696133087,10.277723413115833,-7.115869017632248,-25158.320000000014,False
HDFCAMC,2025-06-09,2552.7,2354.3846230753848,2305.504941021801,68.11149408627307,2.9116286404379843,3.6292708344510882,2.9116286404379843,7.768847766075727,9.683670583233386,-5.484389078230889,-20020.0,False
HDFCAMC,2025-06-13,2431.3,2408.164836112328,2358.6767782404218,65.40456795600907,0.3537239769435195,1.1103692605755702,0.3537239769435195,0.9515552950138694,2.9870119590169217,-5.412742154403006,-12633.600000000037,False
PNBHOUSING,2025-04-29,1024.544927536232,980.5034837673418,956.5588921274555,40.624426677169566,1.0841123769911825,1.673526027801986,1.0841123769911825,4.298634699680636,6.635730028185841,3.577693030203566,10116.79999999996,True
BAJFINANCE,2025-05-16,917.0,901.5611914749812,898.2918138879924,23.913943839416028,0.6455985942214951,0.7823128730933947,0.6455985942214951,1.683621431299757,2.0401511572527413,-1.7993456924754625,-6286.5,False
GODFRYPHLP,2025-04-23,2640.0,2406.593662086995,2311.4439197060083,111.60242481202062,2.091409199272745,2.9439869326083246,2.091409199272745,8.841149163371394,12.445306071742111,1.064845361248845,2417.624908179376,True
HAL,2025-05-23,4961.6,4816.730242146196,4686.525280948364,170.47582469182345,0.8497964923512842,1.613570249910222,0.8497964923512842,2.9198193698364237,5.544072860602159,1.3423089326023652,3796.199999999969,True
MFSL,2025-06-16,1577.0,1512.0417795556114,1479.1351740974783,35.65270025267114,1.8219719680144537,2.744948495035508,1.8219719680144537,4.1191008525294,6.2057594104325755,2.62523779327839,5796.000000000013,True
MCX,2025-06-23,1658.0,1541.199269548648,1485.6349317933173,53.60099272758738,2.179077746655928,3.2157066396639666,2.179077746655928,7.044676143024844,10.395963100523687,7.901085645355854,22532.0,True
BSE,2025-06-13,2711.2,2754.677687753455,2658.0110208644583,106.29394657055583,-0.40903258516791824,0.5003951857242949,0.40903258516791824,-1.6036326259020004,1.9618242525649736,-7.841099628987591,-27423.838215203403,False
GODFRYPHLP,2025-06-30,2992.0,2815.3752203854547,2793.4852912554447,125.8334294426094,1.4036395606232845,1.5775991294514835,1.4036395606232845,5.903234612785606,6.634849891195029,-8.411325497500632,-25921.686465177558,False
BDL,2025-05-13,1746.7,1523.2041078654188,1474.2413406143487,88.50607894314827,2.5252038594788893,3.078417467354584,2.5252038594788893,12.795322158045527,15.598480528176065,3.165970115074135,7963.199999999993,True
BEL,2025-06-13,394.2,387.55185963328006,378.7931913813927,9.330664478997,0.7125044932956983,1.6512016537822638,0.7125044932956983,1.6864891848604588,3.9083735714376644,1.233762751074896,4250.692676380365,True
AUBANK,2025-06-19,790.1,763.5374414890596,746.0380176308662,20.416180905418845,1.301054229191819,2.1581892604330783,1.301054229191819,3.361923618648329,5.5767602036620465,-2.5439817744589366,-8723.40000000001,False
NAM-INDIA,2025-07-16,869.4,812.269558445244,798.4665385724844,25.77185345608151,2.2167765951375387,2.7523616626330405,2.2167765951375387,6.571249316167009,8.158898254832708,-5.928652738919138,-15411.56836673673,False
MCX,2025-07-08,1699.0,1718.6285098408753,1663.1635078212114,54.576797594248674,-0.35964935111809726,0.6566250450459752,0.35964935111809726,-1.1552978128825937,2.1092696985749617,-6.424578881018084,-16263.8856830861,False
MANAPPURAM,2025-06-17,269.92,259.6166802102198,252.17350238667078,8.043756373528836,1.2809089822371278,2.206245041400199,1.2809089822371278,3.817175381513127,6.574724960480601,-4.00859513930053,-11793.799999999992,False
GLENMARK,2025-07-21,2184.8,2066.101327787595,1968.1928697194226,69.33979873033519,1.7118404492927406,3.123850000242574,1.7118404492927406,5.432930804302691,9.914277292227096,-6.347473336720533,-21217.978411482552,False
ETERNAL,2025-07-28,307.3,286.7635625946113,278.34640801052933,9.131796944065293,2.2488933482840125,3.170634669914279,2.2488933482840125,6.682862806830039,9.421930357784145,-5.943245651848539,-17295.623412059653,False
LTF,2025-06-20,190.06865131578948,186.81900823073343,183.8288079446036,5.715824111936172,0.568534479266065,1.0916786886698315,0.568534479266065,1.709720704892535,3.2829418886224953,2.9891034870191517,6908.519999999991,True
MUTHOOTFIN,2025-06-13,2598.7,2404.747303695994,2336.547007058177,74.27769079097563,2.6111837112681218,3.5293637988766506,2.6111837112681218,7.463450814022616,10.0878513465126,-2.5204910147381354,-5895.0,False
FORTIS,2025-07-28,846.25,816.1742743936037,804.2782674669493,20.143850725722036,1.4930474821277386,2.0836002562040576,1.4930474821277386,3.554000071656875,4.959732057081326,10.091580502215658,22972.599999999995,True
RBLBANK,2025-07-18,263.14,258.547567617863,252.00199861596076,8.828768461301538,0.5201668162741631,1.2615577623152734,0.5201668162741631,1.7452429817348039,4.232728351462806,-2.4853690050923305,-8665.499999999953,False
NAM-INDIA,2025-07-25,809.7,829.5058905399328,818.6753741435759,26.02075053126439,-0.761157542943876,-0.344931408984219,0.344931408984219,-2.4460776262730346,-1.1084814306009498,-1.3832283561813097,-3382.4000000000137,False
ABCAPITAL,2025-08-05,282.0,265.3212274168786,264.74455621413637,9.07575686082854,1.8377280086807815,1.9012677455407678,1.8377280086807815,5.914458362808997,6.118951697114763,2.8191489361702127,8840.399999999987,True
LTF,2025-08-12,197.78,201.21662233307808,201.87890375078615,5.459820568535564,-0.6294386949056551,-0.7507396441574928,0.6294386949056551,-1.737598510000039,-2.0724561385307663,25.073313782991203,58367.43000000001,True
UNOMINDA,2025-08-28,1295.6,1213.5450299372699,1179.5631172719277,33.76142619179845,2.4304355389661643,3.436966260514808,2.4304355389661643,6.3333567507510065,8.956227441191125,1.8601420191417304,4482.600000000026,True
LTF,2025-09-19,246.7,236.37794261168543,230.97151066861585,4.935361148444332,2.0914492532260103,3.1868973431340266,2.0914492532260103,4.184052447634602,6.3755530325837615,0.5634373733279352,1383.0500000000147,True
DELHIVERY,2025-08-08,464.826843100189,443.7602867930471,433.79200105170605,13.594671787973578,1.5496186032073456,2.282868062761008,1.5496186032073456,4.532129893066702,6.676645832563011,-1.8989529609172109,-4669.399999999993,False
POLYCAB,2025-09-22,7657.0,7362.211446208178,7277.61423305314,135.94759861429776,2.168398388765792,2.790676487219388,2.168398388765792,3.8499223428473535,4.954757306345303,-3.5509363618727474,-8700.646311315068,False
LTF,2025-09-24,246.82,240.32733412281067,234.97432807559417,4.967765467613778,1.3069590179964794,2.384507079013894,1.3069590179964794,2.630526649861974,4.799316070174954,-4.025415661302789,-9707.013723717311,False
GODFRYPHLP,2025-07-08,2748.0,2850.178431455464,2831.310160505591,122.18719131357525,-0.8362450299167455,-0.6818240079828637,0.6818240079828637,-3.7182835318582184,-3.031665229461093,19.46870451237264,68480.0,True
HDFCAMC,2025-06-24,2477.3,2423.178925765796,2393.213932884573,65.82152217106163,0.8222397849376749,1.2774859095008244,0.8222397849376749,2.1846798625198445,3.3942625889245277,8.12144336260976,18308.518994395767,True
ADANIPOWER,2025-09-25,148.92745398773008,140.3432896376032,135.14678482527736,8.636492500207611,0.9939410414494693,1.5956326207799567,0.9939410414494693,5.7639905338300625,9.253276540662597,-2.872172909155135,-6972.250000000014,False
HYUNDAI,2025-09-16,2603.1,2515.136648782808,2468.3110697543416,80.36170055225206,1.0945929542642894,1.6772782223295173,1.0945929542642894,3.379176797556443,5.17801583672,-5.793683989099884,-18550.292714191877,False
GODFRYPHLP,2025-09-30,3384.0,3434.226905329316,3440.956660706523,186.956487357212,-0.2686555895401971,-0.3046519621311547,0.2686555895401971,-1.4842466113864123,-1.6831164511383883,-2.163120567375876,-5270.399999999987,False
KAYNES,2025-09-26,7341.0,7193.109962274924,7030.32764776355,207.47379994150106,0.7128130769609198,1.4974052257395711,0.7128130769609198,2.01457618478512,4.232016785675658,-5.652466964759595,-20747.379994150106,False
ETERNAL,2025-08-12,305.9,301.04671779341675,295.1452539749218,8.455605516896869,0.5739721651967914,1.2719072576868613,0.5739721651967914,1.5865584199356755,3.5157718290546556,10.526315789473696,25888.80000000004,True
GVT&D,2025-06-09,2302.8,2209.578687586896,2093.097018536587,98.92726954797092,0.9423216959192424,2.1197692246193665,0.9423216959192424,4.048172329907242,9.106434838605756,21.87019850300436,68996.88956442427,True
INDIANB,2025-10-21,796.35,759.1521103010108,742.8765926700015,19.13708859378058,1.9437590789582426,2.7942289689444713,1.9437590789582426,4.671047868272647,6.714812247127331,4.865950900985738,13213.75,True
NAM-INDIA,2025-09-18,838.95,825.8676097061734,822.8677719602134,22.41782459448223,0.5835709097771525,0.7173857557858222,0.5835709097771525,1.55937663672765,1.9169471410437604,2.1007131802057044,6115.5048291914845,True
FORTIS,2025-10-09,1068.375974025974,1007.0813388853385,988.9116586753714,24.90356695496841,2.461279352129392,3.1908808683628767,2.461279352129392,5.7371783558233975,7.437860573666432,-4.617579310587495,-11395.947933195444,False
HEROMOTOCO,2025-10-13,5559.0,5479.955168016022,5421.226787404236,116.56032379032017,0.6781452677342533,1.1819906475517625,0.6781452677342533,1.4219253819747784,2.478381230360922,-4.193571642033467,-14453.480149999696,False
LTF,2025-09-30,249.41653319283455,242.07091421206277,237.80960048876042,5.893538617256277,1.2463851444468028,1.9694335539075005,1.2463851444468028,2.9451211139610236,4.653634045622915,21.724087859594256,51420.11000000001,True
ADANIPOWER,2025-10-07,151.48,146.27703737144523,141.9378262464456,7.847872682323987,0.6629774512363784,1.2158930374911052,0.6629774512363784,3.4347521973559267,6.299296114044349,-2.8542681373319945,-8608.377940491122,False
MUTHOOTFIN,2025-08-20,2683.9,2661.7872326182983,2649.5627894758973,77.1222146683209,0.28672370829600885,0.4452311266186622,0.28672370829600885,0.8239042953054068,1.279377418089453,38.81292149483959,131254.19999999998,True
RBLBANK,2025-10-23,317.9,301.74942574913484,293.8794210972021,10.837420367220385,1.4902600160934314,2.216448018889456,1.4902600160934314,5.080394542581042,7.556017270461739,-1.2110726643598468,-4558.39999999996,False
ABCAPITAL,2025-11-03,333.4944676409185,313.9685874271787,308.59711974422396,8.549292168214777,2.2839177594531916,2.912211608495479,2.2839177594531916,5.8549337720240064,7.465595478334029,-1.6925221221348763,-5407.399999999916,False
GVT&D,2025-10-28,2968.2,2940.4085296073144,2946.8748226806133,107.23524390928569,0.25916358633170283,0.19886351298297303,0.19886351298297303,0.9363072027722315,0.7184548655544274,-2.2303079307324225,-6355.199999999983,False
POLYCAB,2025-09-26,7322.5,7403.148077586756,7334.964471725387,147.32657913429193,-0.5474102369080531,-0.08460436534011385,0.08460436534011385,-1.1013735416422779,-0.1702215326102674,1.4271082280641778,3971.0,True
SHRIRAMFIN,2025-11-14,809.3,788.0403276011191,762.4789208257781,20.13398561257004,1.0559097839827618,2.3254749494303066,1.0559097839827618,2.6269210921637054,5.785379855952284,5.84455702458917,22562.10000000003,True
RADICO,2025-11-20,3368.0,3255.678177579114,3219.0851315940777,100.93144599282982,1.1128526032299704,1.4754060733113965,1.1128526032299704,3.33497097449186,4.421462838655652,-5.993553800049279,-18773.248954666346,False
INDIANB,2025-11-04,854.2,818.8934120801658,796.633336010761,20.039923744194336,1.7618124884363746,2.8725989541709898,1.7618124884363746,4.13329289625781,6.739248886588507,-4.692091721890501,-15470.821130518008,False
SBIN,2025-11-26,983.9,969.1147732590118,957.0273163671847,13.245322816621226,1.1162602033703957,2.028843238089559,1.1162602033703957,1.5027164082719944,2.7312413490004395,-2.692412403012756,-10516.786316397263,False
BANKINDIA,2025-11-07,140.01,133.7712041598789,130.57074839304687,3.418641638215038,1.8249341406192365,2.7611117531118587,1.8249341406192365,4.455964459767945,6.7418410163224936,-2.9640739947146444,-8536.549999999954,False
CANBK,2025-11-21,141.11,139.3870378859065,136.02383731667572,3.2066371148152304,0.5373112243144477,1.5861360363557568,0.5373112243144477,1.2210063879905884,3.60439563696711,-2.00552760257956,-5648.680000000025,False
HEROMOTOCO,2025-12-03,6211.5,6050.361940352976,5928.547588310934,119.35956430348054,1.3500221837046837,2.3705885099382455,1.3500221837046837,2.594189159575375,4.555299230283605,-3.8431800467996657,-12652.113816168934,False
ABCAPITAL,2025-11-27,351.75,336.3205840142702,330.99377479667066,7.940379348629621,1.9431585454909868,2.614009267316872,1.9431585454909868,4.386472206319774,5.9008458289493495,-1.407249466950955,-4395.599999999989,False
GVT&D,2025-12-17,2970.3,2947.624563769781,2944.952706278179,118.30787340578979,0.19166464223765958,0.21424857866290353,0.19166464223765958,0.7634055896784506,0.8533580352766114,-3.6629296704036696,-11315.20000000002,False
SHRIRAMFIN,2025-12-03,828.1,833.6697016824565,817.1558978733868,18.895976574437224,-0.2947559582599878,0.5791763174293169,0.2947559582599878,-0.6725880548794259,1.321591852024295,15.662359618403563,60051.09999999997,True
NATIONALUM,2025-10-29,238.1,230.05839590408283,225.8945551941029,5.640221537557537,1.4257603256129425,2.164000957164988,1.4257603256129425,3.3774061721617663,5.126184294790881,28.874422511549792,86006.25000000003,True
LTM,2025-12-09,6245.5,6119.271685160312,6023.438433660915,119.23936154568196,1.0586128037202607,1.8623176395825558,1.0586128037202607,2.0211082353644736,3.5555450538641487,-3.818408823814978,-12162.414877659585,False
NAM-INDIA,2025-12-23,899.1,873.5581187287497,867.9386958649328,27.8149215071404,0.9182798256214175,1.1203089006405342,0.9182798256214175,2.8408276355522526,3.4658329590776566,-4.031809587365142,-15986.25,False
SHRIRAMFIN,2025-12-26,960.25,903.5815095240231,880.7297702963475,24.904971131426358,2.2753887236781307,3.192946070244981,2.2753887236781307,5.901430926943703,8.281200698115333,6.191096068732116,24433.95000000002,True
ASHOKLEY,2025-12-18,171.57,162.83936023175423,159.37615283405697,4.09978887684564,2.1295339907754185,2.9742622198938498,2.1295339907754185,5.088675041234345,7.107214061865727,10.03089118144198,30065.870000000014,True
NATIONALUM,2025-12-30,316.6,290.5247433028387,282.6292935317282,9.011788460936026,2.893460805276487,3.7695854286334853,2.893460805276487,8.236025488680134,10.729850432176825,4.327226784586236,17152.399999999987,True
CUMMINSIND,2025-08-07,3674.0,3583.711323344828,3551.6798647781725,84.30987362001373,1.07091462456823,1.4508399784007124,1.07091462456823,2.4575034473372868,3.3293449978722784,17.305389221556887,47049.20000000001,True
HINDZINC,2025-12-30,625.3,591.8019631704435,569.1689021824448,18.46447910269508,1.8141880224862157,3.0399502474652693,1.8141880224862157,5.357114477779697,8.976666850720488,-5.905798529568229,-19276.91618321365,False
NMDC,2026-01-01,81.19,78.20118666561378,76.95521392932929,1.8948816783708602,1.5773086881899026,2.234855146370722,1.5773086881899026,3.6812579558889302,5.215896133354734,-4.6677711008027085,-18785.856959368684,False
SHRIRAMFIN,2026-01-02,1010.35,953.5979275336948,924.0559722052936,24.26555759189007,2.3387911961797507,3.5562351068144094,2.3387911961797507,5.61707056626963,8.541003394339226,-4.80339636599002,-19558.039419063385,False
MANAPPURAM,2026-01-02,311.15,303.1088847665575,297.7195705101826,7.940911637528441,1.0126186514203857,1.6912956726965285,1.0126186514203857,2.5843211420351913,4.316384216557081,-5.104233737765352,-18009.98759391451,False
LTF,2025-11-11,295.05,281.3237513902614,274.75038326097933,8.445169275979026,1.6253372977118161,2.4036956602823567,1.6253372977118161,4.652177125822269,6.880059901379656,0.3728181664124586,1092.299999999966,True
POLYCAB,2026-01-09,7685.0,7665.202269335374,7601.143807625278,169.94551286438366,0.11649457717912672,0.4934298703234322,0.11649457717912672,0.2576152331115968,1.0911671096255304,-4.645413142485366,-14637.0,False
EICHERMOT,2025-12-08,7142.0,7094.881635665073,7056.703909620706,134.56061249766876,0.35016460954161555,0.6338860146075168,0.35016460954161555,0.6597362690412603,1.1942885799397043,0.4410529263511709,1197.0,True
NMDC,2026-01-09,78.11,79.6672285788309,78.6132531362619,2.2465606245983234,-0.6931611645732144,-0.22401048551800543,0.22401048551800543,-1.9936353588924614,-0.6442877176570272,-2.048393291511963,-8108.799999999971,False
ASHOKLEY,2026-01-05,187.76,178.11675142711812,173.22427898388176,4.383745005037304,2.199774065736247,3.3158226583470123,2.199774065736247,5.13594406310283,7.741649454685892,-4.669519604854388,-14904.733017126811,False
MANAPPURAM,2026-01-14,309.0,304.1555071018179,301.4851613286703,10.765547683346128,0.4499996693783041,0.6980451800845073,0.4499996693783041,1.5677970544278723,2.4319866250257927,-4.611650485436892,-13865.25,False
AUBANK,2025-12-03,948.7,934.7755559517337,918.073736152239,18.295786547432634,0.7610738140263373,1.6739517466691634,0.7610738140263373,1.4677394379958162,3.2282348316391944,-0.4143357240159906,-1080.970828778419,False
NATIONALUM,2026-01-08,333.5,319.7896115214671,307.5303041584271,10.70616976683982,1.280606302451696,2.4256756998201863,1.280606302451696,4.1110610130533365,7.787015244849445,28.59070464767617,87722.00000000001,True
MUTHOOTFIN,2025-11-18,3695.9,3440.7339322146527,3360.2700753258905,94.61945670562365,2.696761075041998,3.5471554832354224,2.696761075041998,6.904030622726465,9.081141932252214,-0.3328356788179887,-1230.127385343394,False
MCX,2025-11-24,1973.0,1925.1426856979792,1895.028400831618,50.17218684685831,0.9538614381728411,1.5540801401855666,0.9538614381728411,2.4256114699453,3.951931027287481,16.208063176138786,45729.26736452621,True
HINDZINC,2026-01-12,628.25,612.4500785663331,598.2338582655158,20.73758035300045,0.761898021115123,1.447427386587138,0.761898021115123,2.514909897917532,4.777738437641738,-8.475925189017108,-24921.0,False
BANKINDIA,2026-01-20,154.7,147.24412728399804,144.84370147723732,4.202325553656167,1.774225395154139,2.3454390662778026,1.774225395154139,4.819568659341919,6.371233692800693,-5.432870786885802,-21465.478928075696,False
SBIN,2026-01-20,1036.4,1016.9105736383407,1005.8473021180365,14.395257379421937,1.3538782842132162,2.1224141449279506,1.3538782842132162,1.8804927018197037,2.9479639021578135,-2.7779346544619665,-7370.371778264031,False
COALINDIA,2026-01-29,455.75,428.7102650750031,422.6540060575917,11.25475381403268,2.4025167828445193,2.940623534665279,2.4025167828445193,5.93301918266525,7.261874699376482,-4.939003319378033,-19493.233605904607,False
INDIANB,2026-01-23,858.15,834.5554775790778,825.5710954400921,25.755589504933866,0.9160932781756878,1.2649256020199768,0.9160932781756878,2.749463662637325,3.7964114152430075,-6.002584514346876,-17204.73378929583,False
NATIONALUM,2026-02-02,369.7,372.3909429404004,360.81651110409786,20.090854238112076,-0.13393870208344535,0.4421658128926283,0.13393870208344535,-0.7278720423046846,2.4028912350289784,-1.5823640789829452,-4258.799999999976,False
COALINDIA,2026-02-01,419.55,428.8759090346962,423.8673603781749,12.60869078863022,-0.7396413466738138,-0.342411472416156,0.342411472416156,-2.2228361422228975,-1.0290454959301385,2.895959957096883,8504.999999999984,True
APLAPOLLO,2026-02-01,2048.9,1998.152035023617,1965.757489145289,54.40335757461364,0.9328094301309043,1.5282606545135031,0.9328094301309043,2.476839522494176,4.057909651750266,11.318268339108783,43829.10000000002,True
AUBANK,2026-02-01,979.6,984.8977081824585,985.6784500137057,29.090527936567835,-0.18211110482457218,-0.20894945691462993,0.18211110482457218,-0.5408032035992701,-0.6205032680385585,1.0871784401796702,2800.949999999994,True
MUTHOOTFIN,2026-02-11,3933.2,3787.0352111630577,3795.060751309721,143.3572980376738,1.019583870773921,0.9636010902910307,0.9636010902910307,3.716179925682449,3.512133852595309,-7.289601242635713,-30105.03258791152,False
NATIONALUM,2026-02-09,365.2,368.4017773727943,362.5182135498058,19.315425013817432,-0.1657627192000122,0.1388417002616171,0.1388417002616171,-0.8767188863073141,0.7343336391550331,-4.353778751369108,-13149.29999999998,False
SBIN,2026-02-01,1018.2,1039.8133073374324,1028.8522855999777,23.087495762806636,-0.936147755455179,-0.46138765803860765,0.46138765803860765,-2.1226976367543102,-1.0461879394988833,19.711255156157925,76266.00000000001,True
FEDERALBNK,2026-01-27,284.97524377031414,271.3527254917999,267.87668259734215,7.76875301144366,1.753501270853606,2.200940247139428,1.753501270853606,4.7802462060507205,6.000016333612885,3.938853102177831,10360.45000000004,True
BHARATFORG,2026-02-13,1738.8,1593.8291834752608,1550.9168488952928,59.30182780091785,2.4446264457719686,3.168252279431414,2.4446264457719686,8.33740605732339,10.805334202019045,9.385783298826777,25459.200000000008,True
NAM-INDIA,2026-02-18,978.55,926.7968487396158,912.8690589653821,37.35692386180461,1.3853697229417454,1.7581999330992284,1.3853697229417454,5.288759006732832,6.712067961230171,-7.92499105819835,-32648.54999999998,False
SHRIRAMFIN,2026-01-09,975.4,974.208894181116,950.0988048539241,23.439951034103423,0.050815200814670614,1.0794047781612037,0.050815200814670614,0.12211460107484227,2.5939301974652333,1.3852089163814971,5472.08774700594,True
APLAPOLLO,2026-02-13,2245.9,2177.599831835165,2121.2100114665036,52.466740000810056,1.3017802928823232,2.3765530035136804,1.3017802928823232,3.041104597926676,5.551894052873969,-4.672224052790419,-18678.159440288357,False
SBIN,2026-02-23,1227.3853333333334,1177.8591497452376,1146.049277481138,25.147790869481028,1.9694049407814995,3.2343221030561207,1.9694049407814995,4.03509657831682,6.626774301702214,-4.504317579157435,-12439.200000000032,False
NMDC,2026-02-01,78.0408872403561,78.44842683965713,78.364067472439,2.7744585254437752,-0.14688977887526566,-0.11648407396222005,0.11648407396222005,-0.5222129241635365,-0.41411655288791155,-1.705371744758799,-4485.090000000075,False
BANKINDIA,2026-02-01,145.68,153.4473462227473,150.9355675965846,5.795302731422795,-1.34028308489078,-0.906866791977632,0.906866791977632,-5.3317862594366465,-3.6076109257170494,6.074958813838549,23540.999999999985,True
ASHOKLEY,2026-01-21,181.24,183.42476380899402,180.8074944422951,4.91062866499166,-0.4449051146077071,0.08807539466143578,0.08807539466143578,-1.205453436875969,0.2386369221501324,5.081659677775319,15472.799999999968,True
SHRIRAMFIN,2026-03-04,1010.0,1057.6150653752088,1049.6936409568596,32.48035831709768,-1.4659649044002145,-1.2220813751295594,1.2220813751295594,-4.714362908436516,-3.9300634610752034,-6.431754122197564,-24100.42587128648,False
SBIN,2026-03-04,1173.5536480686694,1188.9208152259164,1168.4913508375594,24.600394698813968,-0.6246715691105496,0.20578113859913452,0.20578113859913452,-1.3094558721313585,0.4313647901347442,-4.989430876469248,-13642.999999999976,False
INDIANB,2026-03-06,919.8,929.9917210147015,916.3571872400257,28.024763616671706,-0.3636684024923794,0.12284894913176465,0.12284894913176465,-1.108036639997995,0.3743001478554285,-6.093664626369144,-24605.742455437747,False
POLYCAB,2026-03-04,8284.0,8137.5924972231805,7963.856677787047,213.1128366015785,0.6869952327204631,1.5022244897029415,0.6869952327204631,1.7673527616709255,3.864598288422895,-5.145167469859457,-13639.221542501036,False
BHARATFORG,2026-03-02,1879.3,1806.3445013766295,1741.2895262954105,53.08042926404753,1.37443309398375,2.6000255766218303,1.37443309398375,3.8820570756861827,7.343717006576355,-5.64895751227027,-21338.33256414712,False
INDIANB,2026-03-09,880.15,922.8714751554585,913.0656247636597,30.26942335833801,-1.411373935000663,-1.087421599479951,1.087421599479951,-4.853885718963643,-3.7397744434084763,-3.1812759188774686,-8540.0,False
SHRIRAMFIN,2026-03-10,1062.9,1042.8582360375972,1041.8631452474965,40.08697193603256,0.4999570432604359,0.5247803397590729,0.4999570432604359,1.8855738039705436,1.9791941624333038,-5.579076112522352,-13994.800000000016,False
GVT&D,2026-02-25,3815.5,3627.6362372863737,3520.65640251632,157.36435887286387,1.1938139236814302,1.8736364421748553,1.1938139236814302,4.923699717301175,7.727521883991082,-8.248688710410901,-24234.111266421045,False
BEL,2026-03-09,457.3066724436742,449.99440867289235,445.2269199965922,13.362506291306723,0.5472224754377849,0.9040034993241316,0.5472224754377849,1.5989847101307013,2.641499277177034,-5.83452781996614,-15395.332260167945,False
BHARATFORG,2026-03-12,1779.6,1827.3468777433222,1790.5963908026515,61.776481853239446,-0.772897327768732,-0.17800286569855828,0.17800286569855828,-2.6830117859812503,-0.6179136211874356,-6.942737902139751,-24710.5927412958,False
CUMMINSIND,2026-03-09,4691.3,4728.831767447309,4651.777174426822,148.6844084997523,-0.25242571044274303,0.26581688000758985,0.25242571044274303,-0.8000291485794767,0.8424706493547232,-3.956259458998579,-15404.80000000003,False
MCX,2026-02-05,2398.837121212121,2413.8052752430394,2374.4915615539553,143.10541471559162,-0.1045953017268158,0.1701232598818863,0.1045953017268158,-0.6239754211972123,1.0148900666446254,-5.057150097807684,-16013.288784454598,False
TORNTPHARM,2026-03-09,4373.7,4310.84022437429,4255.930632857071,101.99164281399439,0.616322807353432,1.1546962466102126,0.616322807353432,1.4372219316759156,2.6926713570416076,-4.663860933031283,-18154.512420891027,False
NATIONALUM,2026-03-04,373.5,357.20536349412833,356.5830406290017,14.433992247026163,1.1289071122529424,1.172022201583468,1.1289071122529424,4.362687150166443,4.529306391164207,-6.358768406961179,-25293.75,False
BHARATFORG,2026-03-16,1697.0,1790.083420382849,1772.5424717377284,65.60880323059934,-1.4187641871119478,-1.1514075553583045,1.1514075553583045,-5.485175037292221,-4.451530450072387,-2.8520919269298783,-9922.000000000018,False
BSE,2026-03-16,2862.6,2802.507841174083,2800.944772436723,104.44233432893571,0.5753620810184109,0.5903279351177383,0.5753620810184109,2.0992160562396793,2.1538191700998075,-5.177111716621252,-12893.399999999983,False
GVT&D,2026-03-16,3522.3,3707.1242083934853,3668.768810356112,165.8515843422099,-1.114395193308061,-0.8831318129219411,0.8831318129219411,-5.247259131632318,-4.158328659004402,-1.7403401186724676,-4352.300000000013,False
COALINDIA,2026-03-13,466.9020952380953,445.0874779405711,439.51177828430343,12.924467089803906,1.6878542957282714,2.119260837872382,1.6878542957282714,4.67220377034288,5.866394096994627,-5.515295322153446,-13519.290444294116,False
TATAPOWER,2026-03-23,386.95,390.82200435928536,386.8211251744849,12.909019838697898,-0.2999456509996293,0.009983316094127474,0.009983316094127474,-1.0006472048805712,0.03330529151442914,0.969117457035784,2332.5,True
TORNTPHARM,2026-03-23,4213.9,4296.472050008869,4285.663714771124,101.9557770915797,-0.8098810323881941,-0.7038709999401456,0.7038709999401456,-1.9595161254151536,-1.7030236780921428,-2.43479911720732,-8720.999999999953,False
SUNPHARMA,2026-03-23,1758.4,1775.9317528276226,1767.92650185929,34.333098757966674,-0.5106370663252312,-0.2774728237159027,0.2774728237159027,-0.997028709487178,-0.5417710338540699,-1.7004094631483224,-5142.800000000016,False
LUPIN,2026-03-23,2296.7,2300.8820207287936,2290.242441260679,50.09658847962876,-0.08347915208825714,0.12890216550268543,0.08347915208825714,-0.18208824525596548,0.28116683673623155,-4.3624843017920245,-15730.328782603425,False
ONGC,2026-03-23,265.4552197802198,267.88183992803175,268.02179482850187,7.855290106933574,-0.3089154079325546,-0.3267320510564773,0.3089154079325546,-0.9141354047665871,-0.9668580073155177,7.927808026229033,19150.74999999997,True
COALINDIA,2026-03-24,442.127566539924,451.921398427006,447.5270008890994,13.996467170852242,-0.6997359953430085,-0.38577122950138265,0.38577122950138265,-2.215159747610457,-1.221239017379352,-1.815667501293228,-4222.500000000029,False
ADANIPOWER,2026-03-23,147.85,147.9732503537707,146.4768004726303,5.756026849008846,-0.021412400776403183,0.23856725539877627,0.021412400776403183,-0.08336175432581305,0.928778848406971,24.06493067297939,86850.78000000003,True
AUROPHARMA,2026-03-13,1296.5,1249.8854615060097,1229.8089533306002,38.60877338374719,1.207356111282551,1.7273547130475324,1.207356111282551,3.5954136902422116,5.143929554138051,5.499421519475511,13974.799999999992,True
ABB,2026-02-11,5825.5,5585.9521916306685,5449.706318809225,169.51382357089759,1.4131461571872506,2.2168910669022965,1.4131461571872506,4.112055761210738,6.450839948343916,30.23774783280404,82790.5,True
MCX,2026-04-10,2669.4,2540.9616634659887,2517.6349672093324,105.47729333692574,1.2176870724558813,1.4388407968138237,1.2176870724558813,4.811505826553208,5.685361234384792,4.263130291451245,11266.199999999972,True
NAM-INDIA,2026-04-22,1060.1,963.339262008503,935.5805389018122,41.317494157373126,2.3418830198885585,3.0137224833604073,2.3418830198885585,9.127510422742843,11.74601085729532,-7.79501823551988,-27434.81612049575,False
SHRIRAMFIN,2026-04-10,1026.351893939394,963.8940095406865,969.1291867873804,46.01801499795325,1.3572485558424312,1.2434849081291017,1.2434849081291017,6.0854259409001035,5.575349691457044,-5.037443224365202,-13649.299999999996,False
ANGELONE,2026-04-15,297.76,261.6494523553631,253.36840007087775,12.000286198780286,3.0091405360238137,3.699211768268845,3.0091405360238137,12.127400471734578,14.90851690258001,5.151800107469118,20755.020000000044,True
SONACOMS,2026-04-20,576.5754817987153,551.0945339803854,538.4845778636563,21.68059437939037,1.1752882495948573,1.7569123460594895,1.1752882495948573,4.419360278525563,6.606403695181163,-0.1952011201038384,-525.6000000000048,False
BHARATFORG,2026-04-22,1903.2,1820.7203224110842,1795.5996679893738,60.47360277572363,1.3638955478608636,1.7792942221365566,1.3638955478608636,4.333736737542866,5.653653426367502,-1.5447667087011396,-4321.800000000014,False
BSE,2026-04-01,2867.6,2816.0139010551416,2816.7924057378086,114.40901999909508,0.45089188724163853,0.4440873128936263,0.4440873128936263,1.7989293815336291,1.7717810804223495,38.22011438136421,106312.0,True
ABB,2026-04-24,7328.5,7035.660402738366,6819.993560899978,237.86474967243848,1.2311180940635402,2.1377965411028,1.2311180940635402,3.995900897340978,6.93875198335297,-9.094630551954696,-29326.0,False
COALINDIA,2026-04-29,479.9,454.11891598613136,451.21831642116945,12.669209656809434,2.0349401985002142,2.263888936703698,2.0349401985002142,5.372178373383751,5.976595869729221,-5.279937343950591,-22120.44006078929,False
NATIONALUM,2026-03-25,367.3483383685801,372.2451571286445,372.12606158925763,17.236697438066017,-0.2840926330382849,-0.27718321551124386,0.27718321551124386,-1.3330178058818918,-1.300597477014804,6.9965367872801165,17014.5,True
ADANIENSOL,2026-05-04,1398.4,1325.194809133857,1261.7061791826125,63.37702801843561,1.1550745302359173,2.15683545112947,1.1550745302359173,5.234924976125792,9.77501579071708,-9.064220254352918,-24336.778759079258,False
OFSS,2026-05-11,9239.5,9014.796674984236,8618.592552878668,254.68969643844474,0.8822631153045946,2.4378977862239397,0.8822631153045946,2.4319857677987313,6.720141210253061,-5.513062318057149,-14772.002393429811,False
MCX,2026-05-07,3042.6,2891.2525838270412,2825.8405446890615,93.21859063651438,1.6235754599970837,2.325281403965275,1.6235754599970837,4.974279109082977,7.124152215570183,11.450732925787154,43898.40000000001,True
BSE,2026-05-11,3918.0,3709.7552450135863,3576.7216992395674,109.21706905326519,1.906705213677293,3.1247707315235775,1.906705213677293,5.315077973109078,8.710523245544476,12.386421643695764,49015.30000000002,True
NAM-INDIA,2026-05-06,1094.2521739130436,1017.1965396596654,990.706734452326,44.42887115305583,1.7343594886290132,2.3305890240606693,1.7343594886290132,7.041853431081378,9.462667009418798,-0.4891170463846683,-1354.1000000000165,False
MCX,2026-05-26,3307.3,3258.558680894072,3169.2832629291283,104.04905482938975,0.46844557296411543,1.3264583450294598,0.46844557296411543,1.4737495572197303,4.173093976079334,-6.2920844694699385,-27260.85236530009,False
PNBHOUSING,2026-04-27,1047.796887159533,943.9251195721469,907.8702566866602,36.48676281115651,2.846834292343016,3.83499712476788,2.846834292343016,9.913349510797998,13.354365926033546,-1.6507862708413978,-4445.299999999999,False
BSE,2026-05-27,4248.4,4126.836251342745,3988.382868037854,125.2087005496318,0.9708889887333991,2.076669838603401,0.9708889887333991,2.8614007310341547,6.120354297197661,-5.89439320919084,-16026.71367035288,False
NATIONALUM,2026-05-14,416.6785714285714,410.0239628010739,410.6221843939722,14.432833146153136,0.4610743129993988,0.41962565306960814,0.41962565306960814,1.5970604403011082,1.4534913599792367,-5.03471329390589,-12922.800000000016,False
ABB,2026-05-29,7253.0,6824.617033772931,6802.622816580127,228.84524891192322,1.8719329689555537,1.968042533376833,1.8719329689555537,5.9062865879921285,6.209529621120547,-6.310361199832437,-23799.90588684001,False
COALINDIA,2026-06-05,472.3,467.66353180145364,465.09783679347646,14.078740188842662,0.3293240827201817,0.5115630454087954,0.3293240827201817,0.9816786361520998,1.5249128110361105,-4.509845437222104,-10990.800000000008,False
BHEL,2026-05-12,393.2688385269122,371.6229720677883,352.30510345197064,15.094485488274525,1.4340247950775487,2.7138212234370225,1.4340247950775487,5.504088892525523,10.416216862841605,-5.617952710928065,-15598.122106932133,False
OFSS,2026-05-15,9015.0,8991.876089454216,8728.30991932154,256.930209287235,0.09000074615567302,1.1158286192728495,0.09000074615567302,0.25650483134536195,3.180145099040041,0.4331231669024937,1757.072407331716,True
ZYDUSLIFE,2026-06-10,1098.3,1073.9934362071094,1051.0474993224773,28.25811443970607,0.8601622675409958,1.672174581157729,0.8601622675409958,2.213107875160751,4.302330936676926,-3.359737776563765,-9409.499999999964,False
ADANIENSOL,2026-05-29,1513.3,1407.384676158164,1372.5494417912412,67.64688458307829,1.5657088200678269,2.0806657849246646,1.5657088200678269,6.998964107700785,9.300902544687688,-0.3898764289962275,-1144.5999999999735,False
ATHERENERG,2026-03-19,754.3,717.5006002569011,710.4578248320156,31.627557479010978,1.1635232903305956,1.386201738691942,1.1635232903305956,4.878615901246041,5.812299505234568,27.349860798090965,102118.50000000004,True
PREMIERENE,2026-06-11,1058.0,1058.6578166627928,1044.4243732579705,33.172400504344296,-0.01983023998238122,0.40924462913835913,0.01983023998238122,-0.062175487976636225,1.2831405238213138,0.4536862003780673,1271.999999999988,True
POLYCAB,2026-06-19,10083.0,9686.60483054504,9534.869525844753,224.51416905906996,1.7655686102852046,2.4414070454993553,1.7655686102852046,3.9313217242384173,5.436184410941651,-4.453320818388773,-13021.821805426054,False
ANGELONE,2026-06-17,348.5537531806616,338.73508677409984,334.16378560313717,12.659687526199624,0.7755852098435858,1.1366763632786305,0.7755852098435858,2.816973369806915,4.128478734258775,-5.681692708784858,-15565.750000000018,False
GVT&D,2026-04-01,3798.7,3694.529720620873,3680.449446936468,220.59554462259038,0.4722229524505963,0.536051411490847,0.4722229524505963,2.742261283574036,3.112921606431982,20.60968225972044,75941.30000000005,True
ADANIPOWER,2026-05-11,222.01556701030927,218.63981177378858,209.18159780057442,7.937606181787768,0.4252863091477254,1.6168563816105428,0.4252863091477254,1.5205038466351941,5.7806618619400245,-0.6432899534133507,-1800.9650392022677,False
BSE,2026-06-02,3931.9,4093.634199096306,4001.5618091944807,132.79832912082404,-1.2178933286815314,-0.5245684163021369,0.5245684163021369,-4.113385363216407,-1.7717085682362372,-2.9324245275820893,-7494.500000000012,False
CUMMINSIND,2026-04-02,4646.5,4625.263883950091,4625.979354676972,172.16304364626274,0.12334886512311928,0.11919309097015388,0.11919309097015388,0.45703467233204687,0.4416366151517823,16.75147146110043,57598.42698656235,True
MAHABANK,2026-06-22,89.47,86.49937046484808,84.63167505678322,2.5615316211706207,1.159708320834367,1.8888406074041202,1.159708320834367,3.320252079078925,5.4077623149846605,-5.726012341948417,-24539.47293081457,False
ANGELONE,2026-07-03,352.25,341.92536223301266,339.73692949090787,11.647402482940654,0.8864326429956635,1.0743228395704,0.8864326429956635,2.9310540147586477,3.552326617201457,-4.669978708303757,-12896.799999999992,False
POLYCAB,2026-06-25,9531.0,9719.8641650922,9609.823868482175,220.3556378200775,-0.8570879645312701,-0.3577120570272671,0.3577120570272671,-1.981577642348127,-0.8270262142710668,-3.116147308781869,-8613.0,False
SONACOMS,2026-07-03,660.1,625.765562162445,617.301113981149,17.608690384216928,1.9498575469490769,2.430554747967665,1.9498575469490769,5.201399460317378,6.483697321443875,8.24875018936524,23195.69999999997,True
NAM-INDIA,2026-06-22,1188.4,1133.046537791523,1114.9139955275218,37.42899762576714,1.4788924555748806,1.9633441752094507,1.4788924555748806,4.657814053220897,6.183608589067508,-3.4079434533827,-11178.0,False
OFSS,2026-06-11,9265.5,9703.506433093988,9596.27426007555,349.8798494682525,-1.2518767049879265,-0.9453938561430757,0.9453938561430757,-4.727283288478632,-3.5699558585672664,12.118709408220774,47160.0788491852,True
CGPOWER,2026-06-10,908.1,901.0345571554566,884.7205951526082,29.367124677982183,0.24059021514764473,0.7961080665455945,0.24059021514764473,0.7780467838942232,2.5745407826662055,-2.675916749256701,-8164.800000000023,False
PHOENIXLTD,2026-07-07,2075.1,1970.8783064185388,1923.4273573782323,58.12209620850317,1.7931509766541007,2.6095521757795472,1.7931509766541007,5.022490173074121,7.309172696340786,-5.60185978589014,-15460.47759146185,False
LAURUSLABS,2026-06-29,1502.5921348314607,1429.617675684903,1405.518300064346,41.25881644772157,1.7686997696364524,2.352802215984928,1.7686997696364524,4.856571351263132,6.4604247897253275,20.87112383319612,55822.2,True
SONACOMS,2026-07-22,726.5,688.1422466768754,671.1016509812112,18.37013362540504,2.08804977172717,3.015674798476997,2.08804977172717,5.279800870354383,7.6253749509688715,5.905024088093591,18704.39999999999,True
ADANIENSOL,2026-07-07,1651.0,1550.5662730214724,1527.2782978988664,56.82382205681128,1.7674581424339257,2.1772858217358064,1.7674581424339257,6.083205752787862,7.49374331321221,-0.3028467595396766,-1235.0,False
BHEL,2026-07-20,417.5,408.3372480697085,404.37889471535334,16.265359245087406,0.5633292073188555,0.8066901620146878,0.5633292073188555,2.1946711210279055,3.142779708897404,-1.2215568862275483,-3717.900000000017,False
LODHA,2026-07-29,1314.5268472906405,1194.658071583566,1153.006102393075,49.59937691323313,2.4167395472884157,3.256507540006449,2.4167395472884157,9.118777296495312,12.287367521665642,-7.407654040524658,-19767.24702677262,False
NYKAA,2026-07-08,317.9820710059171,306.158009083849,298.9661735911731,8.52161589019359,1.387537536827359,2.2314896211910775,1.387537536827359,3.718468115093216,5.9801791197183904,4.392678162607155,11802.90000000006,True
BAJFINANCE,2026-07-31,1141.2,1055.7228938589562,1040.0330830633811,29.964650597842493,2.8525981259797604,3.3762087966379664,2.8525981259797604,7.490107443133877,8.864959423117675,-5.251428425839899,-19836.59869577172,False
