symbol,entry_date,exit_date,entry_price,exit_price,qty,reason,pnl,ret_pct,holding_days
OBEROIRLTY,2021-01-01,2021-01-15,590.1,559.6,169,failed a technical gate (trend/near-high/RSI) -- not in the top 20 at all,-5154.5,-5.168615488900185,14
GODREJPROP,2021-01-01,2021-01-15,1427.25,1382.3,70,failed a technical gate (trend/near-high/RSI) -- not in the top 20 at all,-3146.500000000003,-3.149413207216678,14
TATASTEEL,2021-01-01,2021-01-18,59.32,61.61,1685,failed a technical gate (trend/near-high/RSI) -- not in the top 20 at all,3858.6499999999987,3.8604180714767455,17
DIXON,2021-01-01,2021-01-22,2724.4,2765.3903905608463,36,stop,1475.6540601904635,1.5045657965367054,21
VEDL,2021-01-15,2021-01-22,74.2,69.3,1448,failed a technical gate (trend/near-high/RSI) -- not in the top 20 at all,-7095.200000000008,-6.60377358490567,7
PERSISTENT,2021-01-01,2021-01-25,748.8,747.9022559601084,133,stop,-119.39995730557791,-0.11989103096842202,24
ASHOKLEY,2021-01-22,2021-01-27,58.65,53.76149030897642,1827,stop,-8931.30720550008,-8.335054886655724,5
DLF,2021-01-01,2021-01-27,238.35,258.75,419,failed a technical gate (trend/near-high/RSI) -- not in the top 20 at all,8547.600000000002,8.558842039018245,26
MPHASIS,2021-01-25,2021-01-27,1466.7,1461.6,71,failed a technical gate (trend/near-high/RSI) -- not in the top 20 at all,-362.1000000000097,-0.3477193700143322,2
KPITTECH,2021-01-01,2021-01-28,143.9,132.95,694,failed a technical gate (trend/near-high/RSI) -- not in the top 20 at all,-7599.300000000012,-7.609451007644208,27
HAVELLS,2021-01-27,2021-01-29,1116.05,1065.4701982461006,93,stop,-4703.921563112639,-4.532037252264621,2
WIPRO,2021-01-27,2021-01-29,213.35,199.5060124441677,489,stop,-6769.709914801988,-6.488862224435099,2
APLAPOLLO,2021-01-01,2021-01-29,429.9,453.3,232,failed a technical gate (trend/near-high/RSI) -- not in the top 20 at all,5428.800000000008,5.443126308443835,28
ADANIENT,2021-01-01,2021-01-29,476.2,491.2,209,failed a technical gate (trend/near-high/RSI) -- not in the top 20 at all,3135.0,3.1499370012599837,28
IDFCFIRSTB,2021-01-22,2021-02-01,49.5,44.40836761775664,2165,stop,-11023.384107556876,-10.286126024734067,10
CROMPTON,2021-01-29,2021-02-01,427.75,416.45,239,dropped out of top 20 rank (now #33 of 44),-2700.7000000000025,-2.641729982466401,3
RVNL,2021-01-28,2021-02-02,30.15,29.65,3444,failed a technical gate (trend/near-high/RSI) -- not in the top 20 at all,-1722.0,-1.6583747927031545,5
KPITTECH,2021-01-29,2021-02-02,142.8,134.95,717,dropped out of top 20 rank (now #28 of 54),-5628.450000000016,-5.497198879551835,4
NATIONALUM,2021-02-01,2021-02-09,48.27,48.12,2154,dropped out of top 20 rank (now #30 of 100),-323.10000000001224,-0.3107520198881386,8
ASHOKLEY,2021-02-02,2021-02-12,63.7,61.65,1679,dropped out of top 20 rank (now #21 of 99),-3441.950000000007,-3.2182103610675084,10
VOLTAS,2021-02-12,2021-02-16,1079.2,1037.65,106,dropped out of top 20 rank (now #23 of 94),-4404.299999999996,-3.8500741289844265,4
SHRIRAMFIN,2021-01-29,2021-02-18,258.25,287.75,396,dropped out of top 20 rank (now #23 of 99),11682.0,11.423039690222648,20
TATAELXSI,2021-01-01,2021-02-22,1867.95,2666.8,53,failed a technical gate (trend/near-high/RSI) -- not in the top 20 at all,42339.05000000001,42.76613399716267,52
TMPV,2021-01-18,2021-02-22,169.35,209.65,626,failed a technical gate (trend/near-high/RSI) -- not in the top 20 at all,25227.800000000007,23.796870386772962,35
DLF,2021-02-01,2021-02-22,281.65,294.1,369,failed a technical gate (trend/near-high/RSI) -- not in the top 20 at all,4594.050000000017,4.420379904136351,21
UNOMINDA,2021-01-27,2021-02-23,237.95,271.7,439,dropped out of top 20 rank (now #21 of 78),14816.25,14.183652027736926,27
SBIN,2021-02-22,2021-03-05,389.5,383.65,290,failed a technical gate (trend/near-high/RSI) -- not in the top 20 at all,-1696.5000000000066,-1.5019255455712477,11
DIXON,2021-02-09,2021-03-08,3547.55,3801.2,32,dropped out of top 20 rank (now #22 of 88),8116.799999999988,7.1500049329819015,27
MAHABANK,2021-02-22,2021-03-16,21.75,21.061171981031173,5202,stop,-3583.28335467584,-3.167025374569321,22
IDFCFIRSTB,2021-02-02,2021-03-17,47.7,60.9,2243,failed a technical gate (trend/near-high/RSI) -- not in the top 20 at all,29607.59999999999,27.67295597484276,43
ADANIPORTS,2021-02-22,2021-03-17,673.8,688.25,167,failed a technical gate (trend/near-high/RSI) -- not in the top 20 at all,2413.150000000008,2.144553279905015,23
PGEL,2021-01-29,2021-03-18,17.35,40.75,5902,stop,138106.8,134.87031700288182,48
NBCC,2021-03-05,2021-03-18,33.9,29.70212447667669,3698,stop,-15523.743685249594,-12.383113638121856,13
ASTRAL,2021-03-17,2021-03-18,1388.15,1288.8786177392099,89,stop,-8835.153021210332,-7.151344037805007,1
ABCAPITAL,2021-03-08,2021-03-19,131.25,117.67786839035264,973,stop,-13205.68405618688,-10.340671702588466,11
PGEL,2021-03-18,2021-03-19,40.75,38.7,3014,failed a technical gate (trend/near-high/RSI) -- not in the top 20 at all,-6178.699999999992,-5.03067484662576,1
NATIONALUM,2021-03-18,2021-03-19,55.61,54.63,2208,failed a technical gate (trend/near-high/RSI) -- not in the top 20 at all,-2163.839999999993,-1.7622729724869557,1
NMDC,2021-03-19,2021-03-22,16.05,15.45,7635,failed a technical gate (trend/near-high/RSI) -- not in the top 20 at all,-4581.000000000011,-3.7383177570093573,3
DIXON,2021-03-19,2021-03-23,4267.25,3883.765813958087,28,stop,-10737.55720917356,-8.986681962432785,4
HINDALCO,2021-03-17,2021-03-24,326.4,317.75,381,failed a technical gate (trend/near-high/RSI) -- not in the top 20 at all,-3295.6499999999915,-2.6501225490195957,7
PGEL,2021-03-22,2021-03-24,40.65,38.75,3036,failed a technical gate (trend/near-high/RSI) -- not in the top 20 at all,-5768.399999999996,-4.674046740467396,2
AUBANK,2021-03-24,2021-03-25,612.8,575.25,199,failed a technical gate (trend/near-high/RSI) -- not in the top 20 at all,-7472.449999999991,-6.127610966057439,1
ADANIPOWER,2021-03-25,2021-03-31,19.85,17.25,6025,stop,-15665.00000000001,-13.09823677581865,6
PGEL,2021-03-31,2021-04-01,40.7,39.05,3020,failed a technical gate (trend/near-high/RSI) -- not in the top 20 at all,-4983.000000000017,-4.054054054054069,1
APLAPOLLO,2021-03-18,2021-04-05,609.8,617.75,201,failed a technical gate (trend/near-high/RSI) -- not in the top 20 at all,1597.9500000000091,1.303706133158422,18
NBCC,2021-03-23,2021-04-05,31.93,30.3,3913,failed a technical gate (trend/near-high/RSI) -- not in the top 20 at all,-6378.189999999996,-5.104917005950515,13
VEDL,2021-02-22,2021-04-12,88.0,95.66412762657708,1285,stop,9848.404000151553,8.709235939292137,49
ADANIENSOL,2021-02-23,2021-04-12,734.5,939.3695646157512,155,stop,31754.782515441435,27.892384563070284,48
ADANIENT,2021-03-16,2021-04-12,870.4,1029.546745958861,147,stop,23394.571655952575,18.28432283534709,27
IEX,2021-02-18,2021-04-12,99.3,112.6,1171,failed a technical gate (trend/near-high/RSI) -- not in the top 20 at all,15574.299999999997,13.393756294058413,53
COFORGE,2021-04-12,2021-04-13,623.5,572.5568299025961,200,stop,-10188.634019480787,-8.170516455076815,1
CGPOWER,2021-04-12,2021-04-15,74.65,67.66481706930249,1674,stop,-11693.196225987647,-9.35724438137645,3
ADANIPOWER,2021-04-01,2021-04-19,17.85,17.5,7069,failed a technical gate (trend/near-high/RSI) -- not in the top 20 at all,-2474.15000000001,-1.9607843137254943,18
JSWSTEEL,2021-03-19,2021-05-14,440.55,679.5473609180804,278,stop,66441.26633522633,54.24976981456824,56
SAIL,2021-04-05,2021-05-14,89.65,124.89891524802613,1419,stop,50018.21073694907,39.318366143922056,39
JINDALSTEL,2021-04-12,2021-05-14,389.0,431.9144246745226,321,stop,13775.530320521751,11.031985777512233,32
HINDALCO,2021-04-13,2021-05-14,348.7,374.0346290232858,361,stop,9145.801077406173,7.265451397558298,31
SAIL,2021-05-14,2021-05-20,127.15,121.45,1161,failed a technical gate (trend/near-high/RSI) -- not in the top 20 at all,-6617.7000000000035,-4.482894219425882,6
NMDC,2021-04-19,2021-05-21,16.7,21.447626431807073,7595,stop,36058.22274957473,28.42890078926392,32
TATASTEEL,2021-04-05,2021-05-24,81.26,103.22740288094701,1565,stop,34378.98550868206,27.033476348691863,49
JSWSTEEL,2021-05-14,2021-05-24,707.1,681.45,208,failed a technical gate (trend/near-high/RSI) -- not in the top 20 at all,-5335.199999999995,-3.6274925753075893,10
SAIL,2021-05-24,2021-05-25,124.75,123.95,1228,failed a technical gate (trend/near-high/RSI) -- not in the top 20 at all,-982.3999999999965,-0.6412825651302634,1
TATASTEEL,2021-05-24,2021-05-26,103.19,102.22,1485,failed a technical gate (trend/near-high/RSI) -- not in the top 20 at all,-1440.4499999999982,-0.9400135672061216,2
JSWSTEEL,2021-05-25,2021-05-26,700.8,682.2,216,failed a technical gate (trend/near-high/RSI) -- not in the top 20 at all,-4017.5999999999804,-2.654109589041087,1
VEDL,2021-05-14,2021-05-27,120.9,118.65,1221,failed a technical gate (trend/near-high/RSI) -- not in the top 20 at all,-2747.25,-1.8610421836228297,13
NMDC,2021-05-21,2021-06-08,21.4,21.6,7132,failed a technical gate (trend/near-high/RSI) -- not in the top 20 at all,1426.4000000000203,0.9345794392523477,18
NATIONALUM,2021-05-14,2021-06-09,69.86,68.98,2114,failed a technical gate (trend/near-high/RSI) -- not in the top 20 at all,-1860.3199999999904,-1.2596621815058606,26
TATASTEEL,2021-05-27,2021-06-09,103.63,104.07,1452,failed a technical gate (trend/near-high/RSI) -- not in the top 20 at all,638.8799999999967,0.4245874746694911,13
JSWSTEEL,2021-06-08,2021-06-09,707.5,697.85,222,failed a technical gate (trend/near-high/RSI) -- not in the top 20 at all,-2142.2999999999947,-1.3639575971731377,1
ADANIENT,2021-04-12,2021-06-14,1041.6,1397.5,120,stop,42708.000000000015,34.168586789554546,63
BHEL,2021-05-26,2021-06-14,72.5,66.77889559704344,2048,stop,-11716.821817255026,-7.891178486836625,19
ADANIENSOL,2021-04-15,2021-06-15,944.15,1446.4,134,failed a technical gate (trend/near-high/RSI) -- not in the top 20 at all,67301.50000000001,53.19599639887731,61
PNBHOUSING,2021-06-09,2021-06-15,671.45,609.8,231,failed a technical gate (trend/near-high/RSI) -- not in the top 20 at all,-14241.150000000021,-9.181621863132039,6
ADANIENT,2021-06-14,2021-06-16,1455.6,1404.1,104,failed a technical gate (trend/near-high/RSI) -- not in the top 20 at all,-5356.0,-3.5380599065677365,2
ADANIPOWER,2021-06-14,2021-06-16,28.2,25.45,5410,failed a technical gate (trend/near-high/RSI) -- not in the top 20 at all,-14877.5,-9.751773049645395,2
JSWSTEEL,2021-06-15,2021-06-16,725.1,705.4,207,failed a technical gate (trend/near-high/RSI) -- not in the top 20 at all,-4077.9000000000096,-2.71686663908427,1
TATASTEEL,2021-06-15,2021-06-17,111.26,103.90716173259997,1354,stop,-9955.743014059643,-6.60869878428908,2
OFSS,2021-06-16,2021-06-17,3260.0,3148.0,45,failed a technical gate (trend/near-high/RSI) -- not in the top 20 at all,-5040.0,-3.435582822085892,1
SAIL,2021-06-09,2021-06-18,124.45,119.89760307815376,1249,stop,-5685.943755385952,-3.6580127937695717,9
BSE,2021-06-16,2021-06-18,103.0,95.44723503324762,1429,stop,-10792.901137489147,-7.3327815211188145,2
HINDZINC,2021-05-20,2021-06-18,344.6,328.9,440,failed a technical gate (trend/near-high/RSI) -- not in the top 20 at all,-6908.00000000002,-4.556006964596648,29
TATAELXSI,2021-06-16,2021-06-18,3775.45,3639.95,38,failed a technical gate (trend/near-high/RSI) -- not in the top 20 at all,-5149.0,-3.5889761485385807,2
PNBHOUSING,2021-06-17,2021-06-18,620.95,611.1,234,failed a technical gate (trend/near-high/RSI) -- not in the top 20 at all,-2304.900000000005,-1.5862790884934364,1
BSE,2021-06-18,2021-06-24,99.5,98.0,1431,failed a technical gate (trend/near-high/RSI) -- not in the top 20 at all,-2146.5,-1.5075376884422065,6
ADANIENT,2021-06-18,2021-07-01,1442.1,1444.8,98,failed a technical gate (trend/near-high/RSI) -- not in the top 20 at all,264.60000000000446,0.18722696068234068,13
APLAPOLLO,2021-06-18,2021-07-09,774.95,771.85,183,failed a technical gate (trend/near-high/RSI) -- not in the top 20 at all,-567.3000000000042,-0.4000258081166552,21
KPITTECH,2021-03-24,2021-07-13,171.95,246.95,712,failed a technical gate (trend/near-high/RSI) -- not in the top 20 at all,53400.0,43.6173306193661,111
SUZLON,2021-07-01,2021-07-14,7.7,7.244112793237431,19966,stop,-9102.243970221461,-5.920613074838565,13
KEI,2021-06-18,2021-07-16,702.1,710.95,202,dropped out of top 20 rank (now #24 of 81),1787.7000000000046,1.2605042016806678,28
TATAELXSI,2021-06-24,2021-07-27,3740.15,4175.75,38,failed a technical gate (trend/near-high/RSI) -- not in the top 20 at all,16552.799999999996,11.646591714236054,33
MOTILALOFS,2021-07-27,2021-07-30,259.4,235.8,642,failed a technical gate (trend/near-high/RSI) -- not in the top 20 at all,-15151.199999999979,-9.097918272937534,3
COFORGE,2021-06-09,2021-08-04,769.5,940.0373492923135,202,stop,34448.544557047324,22.162098673465035,56
NATIONALUM,2021-07-09,2021-08-09,83.57,83.17420124376115,1810,stop,-716.3957487923126,-0.4736134453019569,31
BSE,2021-07-30,2021-08-10,139.0,123.8666681088108,1215,stop,-18386.99824779488,-10.88728913035194,11
PRESTIGE,2021-08-04,2021-08-11,368.2,332.90245710636316,455,stop,-16060.382016604757,-9.58651355068898,7
COFORGE,2021-08-10,2021-08-11,962.5,938.0,169,failed a technical gate (trend/near-high/RSI) -- not in the top 20 at all,-4140.5,-2.5454545454545507,1
PRESTIGE,2021-08-11,2021-08-13,360.95,338.8,445,failed a technical gate (trend/near-high/RSI) -- not in the top 20 at all,-9856.749999999989,-6.136584014406421,2
VEDL,2021-08-11,2021-08-17,146.05,135.2320899522785,1101,stop,-11910.518962541384,-7.406990789264989,6
TATASTEEL,2021-07-14,2021-08-20,118.1,131.36693810821885,1293,stop,17154.150973926975,11.2336478477721,37
INOXWIND,2021-08-09,2021-08-20,33.02,29.28,5026,failed a technical gate (trend/near-high/RSI) -- not in the top 20 at all,-18797.24000000001,-11.326468806783774,11
JSWENERGY,2021-06-17,2021-08-23,161.05,225.1,904,failed a technical gate (trend/near-high/RSI) -- not in the top 20 at all,57901.19999999998,39.77025768394906,67
KPITTECH,2021-07-16,2021-08-24,266.45,308.8275440615503,582,stop,24663.7306438223,15.904501430493646,39
KPITTECH,2021-08-24,2021-09-16,315.1,325.2,511,failed a technical gate (trend/near-high/RSI) -- not in the top 20 at all,5161.099999999982,3.205331640748965,23
OFSS,2021-07-13,2021-09-20,3551.5,4196.5,42,failed a technical gate (trend/near-high/RSI) -- not in the top 20 at all,27090.0,18.161340278755446,69
ADANIENSOL,2021-09-20,2021-09-21,1729.35,1642.9,101,failed a technical gate (trend/near-high/RSI) -- not in the top 20 at all,-8731.449999999983,-4.998988059097343,1
APOLLOHOSP,2021-08-23,2021-09-24,4743.25,4731.8,34,failed a technical gate (trend/near-high/RSI) -- not in the top 20 at all,-389.2999999999938,-0.24139566752753305,32
COFORGE,2021-08-13,2021-09-28,962.5,1035.6279281148863,171,stop,12504.875707645566,7.597706817131056,46
PERSISTENT,2021-05-26,2021-09-28,1257.5,1755.7,118,failed a technical gate (trend/near-high/RSI) -- not in the top 20 at all,58787.600000000006,39.61829025844932,125
TECHM,2021-08-20,2021-09-28,1312.5,1326.7,123,failed a technical gate (trend/near-high/RSI) -- not in the top 20 at all,1746.6000000000056,1.0819047619047728,39
MPHASIS,2021-06-18,2021-10-01,1888.5,2836.9,75,failed a technical gate (trend/near-high/RSI) -- not in the top 20 at all,71130.0,50.21975112523167,105
PRESTIGE,2021-09-24,2021-10-14,459.1,453.55,400,failed a technical gate (trend/near-high/RSI) -- not in the top 20 at all,-2220.0000000000045,-1.2088869527336121,20
SRF,2021-08-20,2021-10-18,1777.8,2333.3,90,dropped out of top 20 rank (now #25 of 95),49995.00000000002,31.246484418944775,59
OBEROIRLTY,2021-09-28,2021-10-20,886.6,882.2,201,failed a technical gate (trend/near-high/RSI) -- not in the top 20 at all,-884.3999999999954,-0.4962779156327479,22
TATAELXSI,2021-08-17,2021-10-21,4715.25,5911.1,35,failed a technical gate (trend/near-high/RSI) -- not in the top 20 at all,41854.750000000015,25.361327607231864,65
DLF,2021-09-28,2021-10-21,410.05,407.1,436,failed a technical gate (trend/near-high/RSI) -- not in the top 20 at all,-1286.199999999995,-0.7194244604316502,23
PERSISTENT,2021-10-18,2021-10-22,2064.25,1912.0879787627155,91,stop,-13846.743932592894,-7.371298110077973,4
GMRAIRPORT,2021-10-14,2021-10-25,43.4,39.297167450466176,4392,stop,-18019.640557552546,-9.453531220124011,11
INDUSTOWER,2021-09-21,2021-10-25,261.05,278.1,673,failed a technical gate (trend/near-high/RSI) -- not in the top 20 at all,11474.650000000007,6.531315839877427,34
TATAELXSI,2021-10-22,2021-10-25,6032.3,5809.2,29,failed a technical gate (trend/near-high/RSI) -- not in the top 20 at all,-6469.900000000011,-3.6984234868955523,3
JSWENERGY,2021-09-16,2021-10-27,311.35,366.55,563,failed a technical gate (trend/near-high/RSI) -- not in the top 20 at all,31077.599999999995,17.72924361650874,41
INDHOTEL,2021-09-28,2021-10-28,181.65,191.77994989474877,985,stop,9978.000646327531,5.576630825625517,30
GODREJPROP,2021-10-01,2021-10-28,2233.3,2270.45,80,failed a technical gate (trend/near-high/RSI) -- not in the top 20 at all,2971.999999999971,1.6634576635472076,27
GMRAIRPORT,2021-10-25,2021-10-28,40.8,39.75,4342,failed a technical gate (trend/near-high/RSI) -- not in the top 20 at all,-4559.099999999988,-2.5735294117646967,3
OBEROIRLTY,2021-10-27,2021-10-28,931.05,891.75,193,failed a technical gate (trend/near-high/RSI) -- not in the top 20 at all,-7584.899999999991,-4.221040760431771,1
INDIANB,2021-10-21,2021-10-29,166.3,155.77172356438453,1084,stop,-11412.651656207181,-6.33089382779043,8
MPHASIS,2021-10-28,2021-10-29,3070.6,3037.1,56,failed a technical gate (trend/near-high/RSI) -- not in the top 20 at all,-1876.0,-1.0909919885364383,1
GODFRYPHLP,2021-10-28,2021-11-01,457.0,423.0,378,dropped out of top 20 rank (now #25 of 44),-12852.0,-7.4398249452954035,4
LTM,2021-10-28,2021-11-09,6689.35,6839.65,25,dropped out of top 20 rank (now #21 of 68),3757.499999999982,2.2468550756052474,12
GODREJPROP,2021-11-01,2021-11-11,2345.3,2292.8,73,failed a technical gate (trend/near-high/RSI) -- not in the top 20 at all,-3832.5,-2.2385195923762424,10
GMRAIRPORT,2021-10-29,2021-11-15,40.55,40.5,4205,failed a technical gate (trend/near-high/RSI) -- not in the top 20 at all,-210.24999999998806,-0.12330456226880004,17
BANKBARODA,2021-10-21,2021-11-16,82.25,83.5,2192,failed a technical gate (trend/near-high/RSI) -- not in the top 20 at all,2740.0,1.5197568389057725,26
PRESTIGE,2021-11-09,2021-11-17,514.85,462.8487465163775,349,stop,-18148.43746578426,-10.100272600489957,8
ADANIENSOL,2021-10-25,2021-11-17,1869.9,1857.5,94,dropped out of top 20 rank (now #25 of 65),-1165.6000000000085,-0.6631370661532743,23
OBEROIRLTY,2021-10-29,2021-11-18,905.3,921.5,188,failed a technical gate (trend/near-high/RSI) -- not in the top 20 at all,3045.6000000000085,1.7894620567767694,20
TATAELXSI,2021-11-11,2021-11-22,6591.8,6107.125195533096,26,stop,-12601.5449161395,-7.352692807228733,11
INDIGO,2021-11-16,2021-11-22,2364.4,2158.343911438115,74,stop,-15248.150553579504,-8.714941996357862,6
TMPV,2021-10-20,2021-11-22,335.25,334.7,546,failed a technical gate (trend/near-high/RSI) -- not in the top 20 at all,-300.3000000000062,-0.16405667412379143,33
PGEL,2021-10-28,2021-11-22,49.3,49.4,3510,failed a technical gate (trend/near-high/RSI) -- not in the top 20 at all,351.000000000005,0.20283975659229903,25
INDHOTEL,2021-11-15,2021-11-22,216.25,201.95,811,failed a technical gate (trend/near-high/RSI) -- not in the top 20 at all,-11597.300000000008,-6.612716763005788,7
PHOENIXLTD,2021-11-17,2021-11-22,542.3,503.0,320,failed a technical gate (trend/near-high/RSI) -- not in the top 20 at all,-12575.999999999985,-7.246911303706427,5
TECHM,2021-11-22,2021-11-24,1448.5,1445.4,112,failed a technical gate (trend/near-high/RSI) -- not in the top 20 at all,-347.1999999999898,-0.21401449775629855,2
COFORGE,2021-11-22,2021-11-24,1085.5,1075.5,150,failed a technical gate (trend/near-high/RSI) -- not in the top 20 at all,-1500.0,-0.9212344541685846,2
PERSISTENT,2021-10-25,2021-11-25,1979.85,2032.15,89,failed a technical gate (trend/near-high/RSI) -- not in the top 20 at all,4654.700000000016,2.6416142637068596,31
BLUESTARCO,2021-11-22,2021-11-25,522.3,492.7,312,failed a technical gate (trend/near-high/RSI) -- not in the top 20 at all,-9235.19999999999,-5.66724104920543,3
INDHOTEL,2021-11-24,2021-11-25,206.15,205.55,801,failed a technical gate (trend/near-high/RSI) -- not in the top 20 at all,-480.5999999999955,-0.2910502061605591,1
TIINDIA,2021-11-22,2021-11-26,1719.35,1568.1324051195572,94,stop,-14214.453918761612,-8.795044341201185,4
IEX,2021-11-17,2021-11-26,272.2,250.95,639,failed a technical gate (trend/near-high/RSI) -- not in the top 20 at all,-13578.75,-7.806759735488611,9
TVSMOTOR,2021-11-22,2021-11-26,709.85,676.8,229,failed a technical gate (trend/near-high/RSI) -- not in the top 20 at all,-7568.450000000015,-4.6559132211030585,4
PHOENIXLTD,2021-11-24,2021-11-26,517.7,484.2,318,closed below 200 EMA,-10653.000000000018,-6.4709291095229045,2
INDUSTOWER,2021-11-25,2021-11-26,286.05,268.6,575,closed below 200 EMA,-10033.749999999993,-6.100332109771012,1
PGEL,2021-11-25,2021-11-29,59.25,51.917021265564244,2777,stop,-20363.681945528093,-12.376335416769212,4
KEI,2021-11-22,2021-11-29,1032.6,1000.35,157,failed a technical gate (trend/near-high/RSI) -- not in the top 20 at all,-5063.249999999982,-3.123184195235318,7
ADANIGREEN,2021-11-25,2021-11-30,1405.05,1287.916494204423,117,stop,-13704.620178082494,-8.336607650658468,5
ADANIENSOL,2021-11-26,2021-11-30,1993.85,1800.4066656589641,79,stop,-15282.023412941826,-9.70200036818396,4
BHARTIARTL,2021-11-26,2021-11-30,738.75,728.25,213,failed a technical gate (trend/near-high/RSI) -- not in the top 20 at all,-2236.5,-1.4213197969543123,4
VEDL,2021-11-26,2021-12-03,160.25,152.25,985,dropped out of top 20 rank (now #27 of 30),-7880.0,-4.99219968798752,7
TORNTPHARM,2021-11-29,2021-12-06,1518.65,1468.45,100,closed below 200 EMA,-5020.000000000005,-3.30556744477003,7
APOLLOHOSP,2021-11-26,2021-12-09,5687.6,5232.8,27,failed a technical gate (trend/near-high/RSI) -- not in the top 20 at all,-12279.600000000006,-7.996342921443144,13
KEI,2021-11-30,2021-12-13,1104.9,1088.7,139,failed a technical gate (trend/near-high/RSI) -- not in the top 20 at all,-2251.8000000000065,-1.4661960358403503,13
BAJAJHLDNG,2021-11-30,2021-12-14,5037.8,5487.9,30,dropped out of top 20 rank (now #21 of 50),13502.999999999984,8.93445551629679,14
PRESTIGE,2021-12-13,2021-12-15,460.6,450.1,355,failed a technical gate (trend/near-high/RSI) -- not in the top 20 at all,-3727.5,-2.2796352583586588,2
INDHOTEL,2021-12-09,2021-12-16,203.9,195.05,797,failed a technical gate (trend/near-high/RSI) -- not in the top 20 at all,-7053.449999999995,-4.340362923001473,7
PHOENIXLTD,2021-12-15,2021-12-16,513.9,506.3,320,failed a technical gate (trend/near-high/RSI) -- not in the top 20 at all,-2431.999999999989,-1.4788869429850138,1
BSE,2021-11-29,2021-12-17,170.0,216.244085734321,901,stop,41665.92124662323,27.202403373130004,18
GMRAIRPORT,2021-12-06,2021-12-17,41.85,41.45,3775,failed a technical gate (trend/near-high/RSI) -- not in the top 20 at all,-1509.9999999999945,-0.9557945041815952,11
PRESTIGE,2021-12-16,2021-12-17,455.3,450.85,358,failed a technical gate (trend/near-high/RSI) -- not in the top 20 at all,-1593.0999999999958,-0.9773775532615825,1
DLF,2021-12-16,2021-12-17,405.15,390.2,402,closed below 200 EMA,-6009.899999999995,-3.689991361224232,1
MPHASIS,2021-12-17,2021-12-20,3063.2,2834.274671099007,52,stop,-11904.117102851636,-7.473404573680886,3
KPITTECH,2021-11-18,2021-12-20,449.45,456.75,376,failed a technical gate (trend/near-high/RSI) -- not in the top 20 at all,2744.8000000000043,1.6242073645566846,32
TECHM,2021-12-14,2021-12-20,1545.5,1502.8,108,failed a technical gate (trend/near-high/RSI) -- not in the top 20 at all,-4611.600000000005,-2.76285991588483,6
BSE,2021-12-17,2021-12-20,217.5,212.5,733,failed a technical gate (trend/near-high/RSI) -- not in the top 20 at all,-3665.0,-2.298850574712641,3
PHOENIXLTD,2021-12-17,2021-12-20,510.35,505.9,312,failed a technical gate (trend/near-high/RSI) -- not in the top 20 at all,-1388.4000000000142,-0.8719506221220863,3
BLUESTARCO,2021-12-20,2021-12-21,503.4,489.4,307,failed a technical gate (trend/near-high/RSI) -- not in the top 20 at all,-4298.0,-2.7810885975367516,1
POWERGRID,2021-11-26,2021-12-22,147.95,147.6,1067,failed a technical gate (trend/near-high/RSI) -- not in the top 20 at all,-373.4499999999939,-0.2365664075701157,26
TORNTPHARM,2021-12-20,2021-12-24,1533.9,1523.1,101,failed a technical gate (trend/near-high/RSI) -- not in the top 20 at all,-1090.8000000000184,-0.7040876197926926,4
APLAPOLLO,2021-12-20,2021-12-27,1017.15,991.2,152,dropped out of top 20 rank (now #23 of 32),-3944.3999999999896,-2.5512461288895394,7
SIEMENS,2021-12-20,2021-12-30,1794.2,1793.75,86,failed a technical gate (trend/near-high/RSI) -- not in the top 20 at all,-38.70000000000391,-0.025080815962552627,10
PERSISTENT,2021-12-03,2022-01-06,2168.1,2267.1,74,failed a technical gate (trend/near-high/RSI) -- not in the top 20 at all,7326.0,4.566210045662111,34
INFY,2021-12-20,2022-01-06,1760.8,1779.3,87,failed a technical gate (trend/near-high/RSI) -- not in the top 20 at all,1609.5,1.0506587914584253,17
TECHM,2021-12-22,2022-01-06,1561.9,1592.8,101,failed a technical gate (trend/near-high/RSI) -- not in the top 20 at all,3120.899999999986,1.9783596901209899,15
TATAELXSI,2022-01-06,2022-01-07,5873.55,5799.55,28,closed below 200 EMA,-2072.0,-1.2598854185288277,1
COFORGE,2021-12-30,2022-01-10,1172.0,1115.7168973923717,142,stop,-7992.200570283216,-4.802312509183304,11
LTM,2021-12-24,2022-01-10,7166.55,7103.55,22,failed a technical gate (trend/near-high/RSI) -- not in the top 20 at all,-1386.0,-0.8790840781129017,17
GMRAIRPORT,2021-12-27,2022-01-11,46.15,44.85,3525,failed a technical gate (trend/near-high/RSI) -- not in the top 20 at all,-4582.49999999999,-2.8169014084507005,15
PRESTIGE,2022-01-10,2022-01-11,464.75,461.7,366,failed a technical gate (trend/near-high/RSI) -- not in the top 20 at all,-1116.3000000000043,-0.6562668101129709,1
WIPRO,2021-12-17,2022-01-12,320.55,330.4,497,failed a technical gate (trend/near-high/RSI) -- not in the top 20 at all,4895.449999999983,3.0728435501481632,26
LTM,2022-01-11,2022-01-13,7174.15,7132.6,23,failed a technical gate (trend/near-high/RSI) -- not in the top 20 at all,-955.6499999999833,-0.5791626882627132,2
HCLTECH,2022-01-07,2022-01-17,1290.55,1262.6224842035824,130,stop,-3630.57705353428,-2.1640010690339384,10
TECHM,2022-01-10,2022-01-18,1615.7,1562.9,105,failed a technical gate (trend/near-high/RSI) -- not in the top 20 at all,-5543.999999999995,-3.2679334034783625,8
INFY,2022-01-11,2022-01-20,1816.3,1791.7441157716448,93,stop,-2283.697233237027,-1.3519729245364265,9
TCS,2022-01-06,2022-01-20,3807.45,3826.55,43,failed a technical gate (trend/near-high/RSI) -- not in the top 20 at all,821.3000000000156,0.5016480846760984,14
NBCC,2022-01-17,2022-01-21,35.07,32.22720008475363,4939,stop,-14040.588781401806,-8.10607332548151,4
SRF,2022-01-18,2022-01-21,2615.15,2469.8005425373512,65,stop,-9447.714735072175,-5.557977839230976,3
PGEL,2021-11-30,2022-01-21,53.55,75.35,2874,failed a technical gate (trend/near-high/RSI) -- not in the top 20 at all,62653.19999999999,40.709617180205406,52
KPITTECH,2021-12-21,2022-01-24,481.5,629.1021241577938,322,stop,47527.88397880961,30.654646761743255,34
PRESTIGE,2022-01-12,2022-01-24,471.15,458.9879693325548,360,stop,-4378.3310402802545,-2.581350030233509,12
HAL,2022-01-20,2022-01-24,715.55,672.7654064061953,236,stop,-10097.164088137892,-5.979259813263171,4
KEI,2022-01-21,2022-01-24,1165.8,1108.95,141,failed a technical gate (trend/near-high/RSI) -- not in the top 20 at all,-8015.849999999988,-4.876479670612444,3
INDIGO,2022-01-21,2022-01-24,2084.35,1992.2,78,closed below 200 EMA,-7187.69999999999,-4.421042531244746,3
SUZLON,2022-01-06,2022-01-25,9.3,9.8,17886,stop,8943.0,5.376344086021501,19
PIDILITIND,2022-01-24,2022-01-25,1320.2,1294.9,119,failed a technical gate (trend/near-high/RSI) -- not in the top 20 at all,-3010.6999999999944,-1.9163763066202044,1
KPITTECH,2022-01-25,2022-01-27,648.4,633.05,244,failed a technical gate (trend/near-high/RSI) -- not in the top 20 at all,-3745.4000000000055,-2.3673658235657036,2
POWERGRID,2022-01-21,2022-02-04,157.75,153.7,1042,failed a technical gate (trend/near-high/RSI) -- not in the top 20 at all,-4220.100000000012,-2.5673534072900184,14
SUZLON,2022-01-25,2022-02-07,10.1,10.2,15706,failed a technical gate (trend/near-high/RSI) -- not in the top 20 at all,1570.5999999999945,0.990099009900991,13
HAL,2022-01-24,2022-02-08,680.45,689.0,230,failed a technical gate (trend/near-high/RSI) -- not in the top 20 at all,1966.4999999999895,1.2565214196487595,15
ADANIENSOL,2022-01-24,2022-02-08,2035.9,1968.3,77,failed a technical gate (trend/near-high/RSI) -- not in the top 20 at all,-5205.200000000011,-3.3203988408075147,15
POWERGRID,2022-02-07,2022-02-08,156.7,154.0,1034,failed a technical gate (trend/near-high/RSI) -- not in the top 20 at all,-2791.7999999999884,-1.723037651563486,1
BSE,2022-02-04,2022-02-09,246.5,225.35625957519036,654,stop,-13828.006237825502,-8.577582322437982,5
ONGC,2022-01-24,2022-02-09,149.8,148.2,1049,failed a technical gate (trend/near-high/RSI) -- not in the top 20 at all,-1678.4000000000237,-1.0680907877169687,16
BDL,2022-01-21,2022-02-11,229.55,226.1,716,failed a technical gate (trend/near-high/RSI) -- not in the top 20 at all,-2470.200000000012,-1.5029405358309766,21
INDHOTEL,2022-02-08,2022-02-11,210.85,206.6,757,failed a technical gate (trend/near-high/RSI) -- not in the top 20 at all,-3217.25,-2.015650936684843,3
HAL,2022-02-09,2022-02-11,707.25,690.0,226,failed a technical gate (trend/near-high/RSI) -- not in the top 20 at all,-3898.5,-2.4390243902439046,2
TATAELXSI,2022-01-13,2022-02-14,6401.75,6911.35,26,failed a technical gate (trend/near-high/RSI) -- not in the top 20 at all,13249.60000000001,7.960323349084231,32
MARUTI,2022-02-08,2022-02-14,8599.45,8366.4,18,failed a technical gate (trend/near-high/RSI) -- not in the top 20 at all,-4194.90000000002,-2.7100570385315437,6
ADANIENSOL,2022-02-11,2022-02-14,2016.05,1915.25,77,closed below 200 EMA,-7761.599999999997,-4.999875995139003,3
ADANIGREEN,2022-01-24,2022-02-15,1837.85,1792.8244345417575,85,stop,-3827.1730639506086,-2.4499042608614685,22
BANKBARODA,2022-01-27,2022-02-15,89.8,90.97337127661508,1771,stop,2078.040530885317,1.306649528524595,19
ONGC,2022-02-11,2022-02-15,151.95,142.84724655233154,1034,stop,-9412.247064889176,-5.9906241840529395,4
OIL,2022-02-14,2022-02-15,150.5,149.8,997,failed a technical gate (trend/near-high/RSI) -- not in the top 20 at all,-697.8999999999887,-0.46511627906975495,1
BDL,2022-02-14,2022-02-16,231.9,230.65,647,failed a technical gate (trend/near-high/RSI) -- not in the top 20 at all,-808.75,-0.5390254420008622,2
NATIONALUM,2022-02-11,2022-02-18,119.94,112.74,1310,failed a technical gate (trend/near-high/RSI) -- not in the top 20 at all,-9432.000000000004,-6.003001500750383,7
BANKBARODA,2022-02-15,2022-02-18,96.0,91.55,1569,failed a technical gate (trend/near-high/RSI) -- not in the top 20 at all,-6982.050000000005,-4.63541666666667,3
INDIGO,2022-02-08,2022-02-21,2182.6,2086.55,73,failed a technical gate (trend/near-high/RSI) -- not in the top 20 at all,-7011.64999999998,-4.400714743883427,13
ONGC,2022-02-16,2022-02-21,152.35,147.65,991,failed a technical gate (trend/near-high/RSI) -- not in the top 20 at all,-4657.699999999989,-3.085001640958307,5
BDL,2022-02-18,2022-02-21,236.35,229.85,635,failed a technical gate (trend/near-high/RSI) -- not in the top 20 at all,-4127.5,-2.750158662999791,3
ADANIPOWER,2022-02-18,2022-02-21,26.3,24.05,5709,failed a technical gate (trend/near-high/RSI) -- not in the top 20 at all,-12845.25,-8.55513307984791,3
BSE,2022-02-09,2022-02-22,248.5,229.5,643,failed a technical gate (trend/near-high/RSI) -- not in the top 20 at all,-12217.0,-7.6458752515090485,13
JSWENERGY,2022-02-21,2022-02-22,339.35,327.65,431,failed a technical gate (trend/near-high/RSI) -- not in the top 20 at all,-5042.70000000002,-3.4477677913658633,1
TVSMOTOR,2022-02-22,2022-02-23,663.5,651.45,219,failed a technical gate (trend/near-high/RSI) -- not in the top 20 at all,-2638.94999999999,-1.816126601356438,1
BLUESTARCO,2022-02-14,2022-02-24,501.9,507.8,299,failed a technical gate (trend/near-high/RSI) -- not in the top 20 at all,1764.1000000000101,1.1755329746961696,10
ADANIGREEN,2022-02-15,2022-02-24,1889.5,1849.75,79,failed a technical gate (trend/near-high/RSI) -- not in the top 20 at all,-3140.25,-2.103731145805765,9
MARUTI,2022-02-15,2022-02-24,8622.7,8210.15,17,closed below 200 EMA,-7013.350000000019,-4.784464262933897,9
SIEMENS,2022-02-15,2022-02-24,1844.55,1741.25,81,closed below 200 EMA,-8367.299999999996,-5.600281911577342,9
CHOLAFIN,2022-02-21,2022-02-24,674.15,647.85,217,failed a technical gate (trend/near-high/RSI) -- not in the top 20 at all,-5707.09999999999,-3.9012089297634,3
EICHERMOT,2022-02-21,2022-02-24,2699.0,2617.15,54,closed below 200 EMA,-4419.899999999995,-3.0326046683956998,3
VOLTAS,2022-02-21,2022-02-24,1243.65,1196.9,117,closed below 200 EMA,-5469.75,-3.759096208740398,3
CUMMINSIND,2022-02-22,2022-02-24,950.25,927.7,153,closed below 200 EMA,-3450.1499999999933,-2.373059721126014,2
ADANIENSOL,2022-02-23,2022-02-24,2060.15,1957.3,70,failed a technical gate (trend/near-high/RSI) -- not in the top 20 at all,-7199.500000000009,-4.992354925612219,1
ADANIGREEN,2022-02-25,2022-02-28,1923.5,1843.4,72,failed a technical gate (trend/near-high/RSI) -- not in the top 20 at all,-5767.199999999993,-4.164283857551332,3
VOLTAS,2022-02-25,2022-03-03,1252.3,1197.15,111,closed below 200 EMA,-6121.649999999985,-4.403896829833098,6
CUMMINSIND,2022-02-25,2022-03-03,959.6,951.0,145,failed a technical gate (trend/near-high/RSI) -- not in the top 20 at all,-1247.0000000000032,-0.8962067528136775,6
BLUESTARCO,2022-02-25,2022-03-04,528.5,513.95,263,failed a technical gate (trend/near-high/RSI) -- not in the top 20 at all,-3826.649999999988,-2.7530747398296973,7
CHOLAFIN,2022-02-25,2022-03-04,683.8,658.5,203,failed a technical gate (trend/near-high/RSI) -- not in the top 20 at all,-5135.8999999999905,-3.6999122550453234,7
TITAN,2022-02-28,2022-03-04,2546.55,2441.0,55,closed below 200 EMA,-5805.25000000001,-4.144823388506024,4
HAL,2022-03-04,2022-03-07,686.05,662.5,202,closed below 200 EMA,-4757.099999999991,-3.432694410028414,3
ONGC,2022-03-07,2022-03-10,168.9,152.05,834,stop,-14052.899999999996,-9.976317347542917,3
NATIONALUM,2022-02-28,2022-03-14,118.77,115.29,1186,failed a technical gate (trend/near-high/RSI) -- not in the top 20 at all,-4127.279999999988,-2.9300328365748807,14
OIL,2022-03-04,2022-03-14,163.1,154.05,853,failed a technical gate (trend/near-high/RSI) -- not in the top 20 at all,-7719.649999999985,-5.548743102391162,10
HINDALCO,2022-02-25,2022-03-15,533.9,559.75,260,failed a technical gate (trend/near-high/RSI) -- not in the top 20 at all,6721.0000000000055,4.841730661172505,18
VEDL,2022-02-28,2022-03-15,173.0,162.1,814,closed below 200 EMA,-8872.600000000004,-6.300578034682081,15
POWERGRID,2022-03-03,2022-03-21,159.85,150.03979775921403,897,stop,-8799.751409985014,-6.1371299598285685,18
GAIL,2022-03-04,2022-03-21,91.71,84.89103613995715,1518,stop,-10351.187139545034,-7.435354770518854,17
BSE,2022-03-15,2022-03-28,326.5,294.5,412,dropped out of top 20 rank (now #23 of 47),-13184.0,-9.800918836140893,13
HINDALCO,2022-03-21,2022-03-31,589.95,572.5605906471086,233,stop,-4051.7323792237075,-2.947607314669287,10
COALINDIA,2022-03-28,2022-04-12,178.05,173.15,804,failed a technical gate (trend/near-high/RSI) -- not in the top 20 at all,-3939.6000000000045,-2.7520359449592857,15
TATAELXSI,2022-03-14,2022-04-18,7169.65,7934.491467371794,19,stop,14531.987880064093,10.66776575386239,35
BANKBARODA,2022-03-15,2022-04-18,92.05,99.55,1461,failed a technical gate (trend/near-high/RSI) -- not in the top 20 at all,10957.5,8.147745790331351,34
VEDL,2022-03-21,2022-04-25,182.55,181.4883794448132,755,stop,-801.5235191660388,-0.5815505643313124,35
JINDALSTEL,2022-03-03,2022-04-25,445.1,526.2,322,failed a technical gate (trend/near-high/RSI) -- not in the top 20 at all,26114.200000000008,18.22062457874636,53
COALINDIA,2022-04-18,2022-04-25,176.35,175.45,890,failed a technical gate (trend/near-high/RSI) -- not in the top 20 at all,-801.000000000005,-0.5103487383045113,7
MAZDOCK,2022-04-18,2022-04-29,165.65,150.39563603843553,948,stop,-14461.137035563126,-9.208792008188638,11
HAL,2022-03-14,2022-04-29,690.6,797.55,199,failed a technical gate (trend/near-high/RSI) -- not in the top 20 at all,21283.049999999985,15.486533449174612,46
BDL,2022-03-10,2022-05-02,237.7,357.7938926765821,575,stop,69053.98828903472,50.52330360815402,53
BEL,2022-04-25,2022-05-02,81.95,79.4,1867,failed a technical gate (trend/near-high/RSI) -- not in the top 20 at all,-4760.849999999995,-3.1116534472239166,7
MAZDOCK,2022-04-29,2022-05-02,150.1,146.7,1020,failed a technical gate (trend/near-high/RSI) -- not in the top 20 at all,-3468.000000000006,-2.2651565622918146,3
JINDALSTEL,2022-04-29,2022-05-02,540.05,532.85,283,failed a technical gate (trend/near-high/RSI) -- not in the top 20 at all,-2037.5999999999808,-1.333209887973319,3
ADANIPORTS,2022-04-25,2022-05-04,859.55,821.8033332559509,178,stop,-6718.9066804407385,-4.391445145023454,9
ADANIENT,2022-03-31,2022-05-04,1953.3,2185.0,72,failed a technical gate (trend/near-high/RSI) -- not in the top 20 at all,16682.4,11.86197716684585,34
APLAPOLLO,2022-05-02,2022-05-04,1029.0,977.75,147,failed a technical gate (trend/near-high/RSI) -- not in the top 20 at all,-7533.75,-4.980563654033043,2
ADANIPOWER,2022-04-12,2022-05-05,46.15,51.151169504948186,3349,stop,16748.91667207148,10.836770324914813,23
RELIANCE,2022-05-04,2022-05-05,1283.8,1258.65,115,failed a technical gate (trend/near-high/RSI) -- not in the top 20 at all,-2892.2499999999845,-1.959027885963538,1
KEI,2022-05-04,2022-05-05,1240.6,1204.3,119,failed a technical gate (trend/near-high/RSI) -- not in the top 20 at all,-4319.699999999994,-2.9260035466709633,1
MARICO,2022-05-05,2022-05-06,519.75,503.65,283,closed below 200 EMA,-4556.300000000007,-3.097643097643099,1
ADANIGREEN,2022-04-25,2022-05-10,2824.0,2489.340403762168,54,stop,-18071.618196842923,-11.850552274710758,15
ADANIENSOL,2022-02-25,2022-05-10,2032.85,2482.55,68,closed below 200 EMA,30579.60000000002,22.121651868067005,74
NHPC,2022-05-04,2022-05-10,32.45,31.95,4560,failed a technical gate (trend/near-high/RSI) -- not in the top 20 at all,-2280.0000000000164,-1.5408320493066396,6
ITC,2022-05-05,2022-05-10,216.1,214.2,682,failed a technical gate (trend/near-high/RSI) -- not in the top 20 at all,-1295.8000000000038,-0.8792225821379063,5
TIINDIA,2022-05-06,2022-05-11,1822.45,1696.6680135467677,81,stop,-10188.340902711818,-6.901807262379345,5
NTPC,2022-05-02,2022-05-11,157.5,152.55,962,failed a technical gate (trend/near-high/RSI) -- not in the top 20 at all,-4761.899999999989,-3.142857142857136,9
ADANIPOWER,2022-05-05,2022-05-11,55.65,51.05,2649,failed a technical gate (trend/near-high/RSI) -- not in the top 20 at all,-12185.400000000003,-8.265947888589398,6
COLPAL,2022-05-10,2022-05-11,1589.9,1576.0,89,failed a technical gate (trend/near-high/RSI) -- not in the top 20 at all,-1237.100000000008,-0.8742688219384953,1
PHOENIXLTD,2022-05-11,2022-05-12,527.55,516.5,264,closed below 200 EMA,-2917.199999999988,-2.0945881906928143,1
POWERGRID,2022-05-02,2022-05-18,170.1,167.35,891,failed a technical gate (trend/near-high/RSI) -- not in the top 20 at all,-2450.25,-1.6166960611405101,16
VBL,2022-05-02,2022-05-19,147.3,141.5,1029,failed a technical gate (trend/near-high/RSI) -- not in the top 20 at all,-5968.200000000012,-3.9375424304141315,17
POLYCAB,2022-05-17,2022-05-23,2603.1,2543.2,54,dropped out of top 20 rank (now #22 of 23),-3234.600000000005,-2.3011025315969436,6
PATANJALI,2022-05-18,2022-05-24,396.0,366.4,356,failed a technical gate (trend/near-high/RSI) -- not in the top 20 at all,-10537.600000000008,-7.4747474747474785,6
BDL,2022-05-23,2022-05-25,386.4,353.75,373,failed a technical gate (trend/near-high/RSI) -- not in the top 20 at all,-12178.449999999992,-8.449792960662517,2
VBL,2022-05-24,2022-05-25,147.9,141.8,954,failed a technical gate (trend/near-high/RSI) -- not in the top 20 at all,-5819.399999999994,-4.1244083840432655,1
BAJAJ-AUTO,2022-05-17,2022-06-01,3650.5,3628.0,38,failed a technical gate (trend/near-high/RSI) -- not in the top 20 at all,-855.0,-0.6163539241199834,15
ADANIPOWER,2022-05-13,2022-06-02,50.95,59.05,2736,failed a technical gate (trend/near-high/RSI) -- not in the top 20 at all,22161.599999999984,15.897939156035324,20
SIEMENS,2022-05-25,2022-06-03,1787.6,1789.2,77,failed a technical gate (trend/near-high/RSI) -- not in the top 20 at all,123.2000000000105,0.08950548221078325,9
EICHERMOT,2022-05-17,2022-06-06,2706.7,2653.1,52,failed a technical gate (trend/near-high/RSI) -- not in the top 20 at all,-2787.1999999999953,-1.9802711789263627,20
BRITANNIA,2022-05-25,2022-06-06,3516.5,3491.95,39,failed a technical gate (trend/near-high/RSI) -- not in the top 20 at all,-957.4500000000071,-0.6981373524811652,12
ADANIPOWER,2022-06-06,2022-06-07,59.65,58.3,2334,failed a technical gate (trend/near-high/RSI) -- not in the top 20 at all,-3150.9000000000033,-2.2632020117351215,1
ITC,2022-05-18,2022-06-08,220.0,220.95,641,failed a technical gate (trend/near-high/RSI) -- not in the top 20 at all,608.9499999999928,0.43181818181816656,21
PETRONET,2022-05-18,2022-06-10,206.05,203.9,684,failed a technical gate (trend/near-high/RSI) -- not in the top 20 at all,-1470.600000000004,-1.0434360592089353,23
ASHOKLEY,2022-06-02,2022-06-13,69.3,63.99487579215013,2037,stop,-10806.538011390174,-7.655301887229237,11
BEL,2022-06-03,2022-06-13,80.75,78.5,1724,failed a technical gate (trend/near-high/RSI) -- not in the top 20 at all,-3879.0,-2.786377708978327,10
BAJAJ-AUTO,2022-06-13,2022-06-14,3785.5,3571.064950225659,36,stop,-7719.661791876284,-5.66464270966428,1
KEI,2022-06-13,2022-06-14,1265.3,1247.2,107,failed a technical gate (trend/near-high/RSI) -- not in the top 20 at all,-1936.6999999999903,-1.4304907926973809,1
TATAELXSI,2022-05-19,2022-06-15,8261.5,8159.65,16,failed a technical gate (trend/near-high/RSI) -- not in the top 20 at all,-1629.6000000000058,-1.2328269684682036,27
COALINDIA,2022-06-07,2022-06-15,183.9,176.9,761,failed a technical gate (trend/near-high/RSI) -- not in the top 20 at all,-5327.0,-3.8064165307232223,8
OIL,2022-06-06,2022-06-16,185.95,171.7701437904799,748,stop,-10606.532444721031,-7.625628507405269,10
HAL,2022-05-18,2022-06-16,840.5,898.55,167,failed a technical gate (trend/near-high/RSI) -- not in the top 20 at all,9694.349999999993,6.906603212373574,29
EICHERMOT,2022-06-10,2022-06-16,2712.85,2652.5,51,failed a technical gate (trend/near-high/RSI) -- not in the top 20 at all,-3077.8499999999954,-2.224597747756052,6
BEL,2022-06-14,2022-06-16,80.45,77.45,1681,closed below 200 EMA,-5043.0,-3.7290242386575523,2
SIEMENS,2022-06-14,2022-06-16,1828.75,1783.85,73,closed below 200 EMA,-3277.7000000000066,-2.455228981544777,2
KEI,2022-06-15,2022-06-16,1258.65,1237.9,107,failed a technical gate (trend/near-high/RSI) -- not in the top 20 at all,-2220.25,-1.6485917451237397,1
OIL,2022-06-16,2022-06-17,176.6,169.75,748,failed a technical gate (trend/near-high/RSI) -- not in the top 20 at all,-5123.799999999996,-3.878822197055487,1
BDL,2022-06-01,2022-06-20,406.65,357.5940482537787,348,stop,-17071.471207685012,-12.06343335699528,19
HAL,2022-06-17,2022-06-20,949.35,875.3126504867234,138,stop,-10217.154232832168,-7.798741192739933,3
VBL,2022-06-08,2022-06-21,148.95,147.75,929,failed a technical gate (trend/near-high/RSI) -- not in the top 20 at all,-1114.7999999999895,-0.80563947633433,13
BAJAJ-AUTO,2022-06-27,2022-06-30,3766.0,3615.0,34,closed below 200 EMA,-5134.0,-4.009559214020175,3
TORNTPHARM,2022-06-21,2022-07-07,1411.8,1474.25,91,dropped out of top 20 rank (now #23 of 27),5682.950000000004,4.42343108088965,16
ASHOKLEY,2022-06-23,2022-07-14,67.35,68.4,1914,failed a technical gate (trend/near-high/RSI) -- not in the top 20 at all,2009.7000000000216,1.5590200445434466,21
PHOENIXLTD,2022-06-23,2022-07-20,569.7,601.8,226,dropped out of top 20 rank (now #22 of 43),7254.599999999979,5.634544497103722,27
HEROMOTOCO,2022-06-28,2022-07-25,2601.45,2671.8,50,dropped out of top 20 rank (now #21 of 50),3517.500000000018,2.7042610851640614,27
TIINDIA,2022-06-30,2022-08-02,1841.3,1992.507739065883,70,stop,10584.541734611814,8.212009942208386,33
BRITANNIA,2022-07-20,2022-08-03,3828.3,3770.0,36,failed a technical gate (trend/near-high/RSI) -- not in the top 20 at all,-2098.8000000000065,-1.5228691586343879,14
VBL,2022-06-22,2022-08-22,149.7,187.17200238682832,859,stop,32188.45005028554,25.03139771999221,61
BDL,2022-08-02,2022-08-22,421.6,399.15,340,failed a technical gate (trend/near-high/RSI) -- not in the top 20 at all,-7633.0000000000155,-5.324952561669837,20
HINDUNILVR,2022-07-07,2022-08-23,2472.95,2592.75,55,failed a technical gate (trend/near-high/RSI) -- not in the top 20 at all,6589.00000000001,4.844416587476497,47
BDL,2022-08-23,2022-08-24,405.6,402.7,365,failed a technical gate (trend/near-high/RSI) -- not in the top 20 at all,-1058.5000000000125,-0.7149901380670731,1
CGPOWER,2022-06-24,2022-08-26,186.2,227.1,695,failed a technical gate (trend/near-high/RSI) -- not in the top 20 at all,28425.500000000004,21.965628356605805,63
PIIND,2022-08-22,2022-09-06,3379.0,3265.15,43,failed a technical gate (trend/near-high/RSI) -- not in the top 20 at all,-4895.549999999996,-3.369340041432378,15
ADANIENSOL,2022-07-14,2022-09-21,2889.15,3865.75,46,failed a technical gate (trend/near-high/RSI) -- not in the top 20 at all,44923.6,33.80232940484225,69
BEL,2022-07-25,2022-09-23,90.0,106.65,1561,failed a technical gate (trend/near-high/RSI) -- not in the top 20 at all,25990.65000000001,18.500000000000007,60
BANKBARODA,2022-08-26,2022-09-23,113.0,116.95,1337,failed a technical gate (trend/near-high/RSI) -- not in the top 20 at all,5281.150000000004,3.4955752212389335,28
HAL,2022-08-03,2022-09-26,1012.45,1196.2,143,stop,26276.25,18.149044397254176,54
BDL,2022-09-21,2022-09-26,460.5,423.2213738386928,361,stop,-13457.584044231904,-8.095249980739894,5
EICHERMOT,2022-06-23,2022-09-26,2819.05,3515.55,45,failed a technical gate (trend/near-high/RSI) -- not in the top 20 at all,31342.5,24.70690480835742,95
VBL,2022-08-24,2022-09-27,206.2,209.56746304482184,721,stop,2427.9408553165513,1.6331052593704376,34
TIINDIA,2022-09-23,2022-09-27,2772.35,2555.6880014283797,59,stop,-12783.05791572559,-7.8151026591743555,4
AMBUJACEM,2022-09-23,2022-09-27,539.35,490.3819763321896,306,stop,-14984.21524234999,-9.079081054567617,4
ITC,2022-06-27,2022-09-28,222.65,271.8126895211766,582,stop,28612.685301324775,22.080704927543948,93
CGPOWER,2022-09-26,2022-09-28,246.7,233.6,640,failed a technical gate (trend/near-high/RSI) -- not in the top 20 at all,-8383.999999999996,-5.310093230644508,2
BAJAJHLDNG,2022-09-26,2022-09-29,6760.85,6266.525929743939,23,stop,-11369.453615889415,-7.311566892566191,3
HINDUNILVR,2022-09-26,2022-10-03,2660.55,2622.5,59,failed a technical gate (trend/near-high/RSI) -- not in the top 20 at all,-2244.9500000000107,-1.4301554189923182,7
EICHERMOT,2022-09-27,2022-10-03,3570.55,3463.35,43,failed a technical gate (trend/near-high/RSI) -- not in the top 20 at all,-4609.600000000011,-3.0023385752895315,6
AMBUJACEM,2022-09-27,2022-10-03,504.35,488.65,311,failed a technical gate (trend/near-high/RSI) -- not in the top 20 at all,-4882.700000000014,-3.112917616734423,6
MARICO,2022-09-28,2022-10-03,547.4,529.5,285,failed a technical gate (trend/near-high/RSI) -- not in the top 20 at all,-5101.499999999994,-3.270003653635367,5
ITC,2022-09-29,2022-10-03,274.65,267.5,572,failed a technical gate (trend/near-high/RSI) -- not in the top 20 at all,-4089.799999999987,-2.6033133078463444,4
NESTLEIND,2022-10-03,2022-10-07,949.6,966.0,168,dropped out of top 20 rank (now #21 of 36),2755.199999999996,1.7270429654591357,4
CIPLA,2022-10-03,2022-10-07,1130.75,1130.5,141,dropped out of top 20 rank (now #25 of 36),-35.25,-0.022109219544552694,4
360ONE,2022-10-03,2022-10-10,468.65,445.6,340,failed a technical gate (trend/near-high/RSI) -- not in the top 20 at all,-7836.9999999999845,-4.9183825882854855,7
BRITANNIA,2022-09-28,2022-10-11,3853.2,3727.9,40,failed a technical gate (trend/near-high/RSI) -- not in the top 20 at all,-5011.999999999989,-3.251842624312251,13
HAL,2022-10-07,2022-10-11,1229.85,1184.4,136,failed a technical gate (trend/near-high/RSI) -- not in the top 20 at all,-6181.199999999975,-3.695572630808619,4
AMBUJACEM,2022-10-10,2022-10-11,522.65,500.2,320,failed a technical gate (trend/near-high/RSI) -- not in the top 20 at all,-7183.999999999996,-4.295417583468863,1
BDL,2022-10-07,2022-10-12,458.8,441.1,366,failed a technical gate (trend/near-high/RSI) -- not in the top 20 at all,-6478.199999999996,-3.857890148212728,5
UNOMINDA,2022-10-03,2022-10-13,556.4,554.25,287,failed a technical gate (trend/near-high/RSI) -- not in the top 20 at all,-617.0499999999935,-0.3864126527677869,10
AMBUJACEM,2022-10-12,2022-10-13,505.45,496.85,324,failed a technical gate (trend/near-high/RSI) -- not in the top 20 at all,-2786.3999999999887,-1.7014541497675228,1
TIINDIA,2022-09-27,2022-10-14,2577.7,2643.9,60,failed a technical gate (trend/near-high/RSI) -- not in the top 20 at all,3972.0000000000164,2.56818093649378,17
MAXHEALTH,2022-10-13,2022-10-18,429.15,407.45,384,failed a technical gate (trend/near-high/RSI) -- not in the top 20 at all,-8332.799999999996,-5.056507048817426,5
BAJAJHLDNG,2022-10-03,2022-10-20,6507.25,6467.45,24,failed a technical gate (trend/near-high/RSI) -- not in the top 20 at all,-955.2000000000044,-0.6116254946405997,17
CGPOWER,2022-10-11,2022-10-24,251.5,255.95,643,dropped out of top 20 rank (now #27 of 47),2861.3499999999926,1.7693836978131205,13
AMBUJACEM,2022-10-14,2022-10-25,501.85,513.1,326,dropped out of top 20 rank (now #24 of 46),3667.5,2.241705688950879,11
IDFCFIRSTB,2022-10-13,2022-10-31,54.45,56.1,3028,dropped out of top 20 rank (now #27 of 55),4996.199999999995,3.0303030303030276,18
HAL,2022-10-25,2022-11-10,1251.9,1215.55,135,failed a technical gate (trend/near-high/RSI) -- not in the top 20 at all,-4907.250000000018,-2.9035865484463685,16
EICHERMOT,2022-10-31,2022-11-11,3850.45,3622.6549292103505,43,stop,-9795.188043954922,-5.9160635974924825,11
BDL,2022-10-20,2022-11-14,460.8,473.7,362,failed a technical gate (trend/near-high/RSI) -- not in the top 20 at all,4669.799999999992,2.799479166666652,25
BEL,2022-10-24,2022-11-14,104.8,106.6,1602,failed a technical gate (trend/near-high/RSI) -- not in the top 20 at all,2883.5999999999954,1.717557251908386,21
MAZDOCK,2022-08-22,2022-11-22,152.05,377.9707646003949,966,stop,218239.45860398145,148.58320591936524,92
COCHINSHIP,2022-09-06,2022-12-07,186.6,312.7,843,failed a technical gate (trend/near-high/RSI) -- not in the top 20 at all,106302.29999999999,67.57770632368702,92
RVNL,2022-11-14,2022-12-09,54.55,67.5728739777905,3422,stop,44564.27475199908,23.873279519322633,25
INDIANB,2022-11-11,2022-12-09,249.0,260.3,738,failed a technical gate (trend/near-high/RSI) -- not in the top 20 at all,8339.400000000009,4.53815261044177,28
MAZDOCK,2022-11-22,2022-12-16,433.4,416.2,442,failed a technical gate (trend/near-high/RSI) -- not in the top 20 at all,-7602.399999999995,-3.9686202122750314,24
BANKINDIA,2022-11-10,2022-12-20,68.87,82.26791000969959,2619,stop,35089.12631540322,19.45391318382399,40
BANKBARODA,2022-10-18,2022-12-21,124.6,158.7039060406972,1323,stop,45119.46769184241,27.370711108103695,64
UNIONBANK,2022-11-14,2022-12-21,57.45,72.9844251122851,3249,stop,50471.34718981427,27.039904460026264,37
PNB,2022-12-07,2022-12-21,52.37,50.393064472983255,3887,stop,-7684.3483935140775,-3.774938947902884,14
NMDC,2022-11-22,2022-12-21,32.9,33.5,5826,failed a technical gate (trend/near-high/RSI) -- not in the top 20 at all,3495.600000000008,1.823708206686936,29
BANKINDIA,2022-12-20,2022-12-21,82.7,80.93,2484,failed a technical gate (trend/near-high/RSI) -- not in the top 20 at all,-4396.67999999999,-2.1402660217654135,1
MAHABANK,2022-12-09,2022-12-22,28.65,28.590711806744064,7165,stop,-424.7999046787698,-0.20693959251635308,13
GODFRYPHLP,2022-10-11,2022-12-22,437.0,606.0,370,failed a technical gate (trend/near-high/RSI) -- not in the top 20 at all,62530.0,38.672768878718536,72
INDIANB,2022-12-16,2022-12-22,280.8,267.75,729,failed a technical gate (trend/near-high/RSI) -- not in the top 20 at all,-9513.450000000008,-4.647435897435903,6
RVNL,2022-12-21,2022-12-22,69.9,66.45,2831,failed a technical gate (trend/near-high/RSI) -- not in the top 20 at all,-9766.950000000008,-4.935622317596566,1
JINDALSTEL,2022-12-21,2022-12-22,547.6,539.85,361,failed a technical gate (trend/near-high/RSI) -- not in the top 20 at all,-2797.75,-1.415266617969324,1
IRFC,2022-12-21,2022-12-22,32.3,31.25,6126,failed a technical gate (trend/near-high/RSI) -- not in the top 20 at all,-6432.299999999983,-3.2507739938080427,1
ABCAPITAL,2022-12-21,2022-12-22,148.6,147.85,1331,failed a technical gate (trend/near-high/RSI) -- not in the top 20 at all,-998.25,-0.5047106325706596,1
VBL,2022-12-09,2022-12-23,282.05,256.2060445770762,727,stop,-18788.555592465593,-9.162898572211942,14
HINDZINC,2022-12-21,2022-12-23,323.35,310.15466326346336,612,stop,-8075.546082760437,-4.080821628741815,2
JSWSTEEL,2022-12-22,2022-12-23,737.55,727.85,261,failed a technical gate (trend/near-high/RSI) -- not in the top 20 at all,-2531.699999999982,-1.3151650735543252,1
CUMMINSIND,2022-12-22,2022-12-23,1450.15,1388.05,133,failed a technical gate (trend/near-high/RSI) -- not in the top 20 at all,-8259.300000000017,-4.282315622521815,1
PIIND,2022-12-22,2022-12-23,3520.9,3459.6,54,failed a technical gate (trend/near-high/RSI) -- not in the top 20 at all,-3310.20000000001,-1.7410321224686887,1
RECLTD,2022-12-22,2022-12-23,112.5,108.75,1715,failed a technical gate (trend/near-high/RSI) -- not in the top 20 at all,-6431.25,-3.3333333333333326,1
BRITANNIA,2022-12-22,2022-12-23,4391.45,4331.9,43,failed a technical gate (trend/near-high/RSI) -- not in the top 20 at all,-2560.650000000008,-1.3560441312095106,1
AXISBANK,2022-12-22,2022-12-23,919.55,906.6,209,failed a technical gate (trend/near-high/RSI) -- not in the top 20 at all,-2706.5499999999856,-1.4082975368386652,1
TIINDIA,2022-12-22,2022-12-23,2925.75,2778.5,65,failed a technical gate (trend/near-high/RSI) -- not in the top 20 at all,-9571.25,-5.0328975476373605,1
GODREJCP,2022-12-22,2022-12-23,891.35,873.4,216,failed a technical gate (trend/near-high/RSI) -- not in the top 20 at all,-3877.20000000001,-2.0137992932069415,1
NESTLEIND,2022-12-23,2022-12-26,1006.6,994.9,185,failed a technical gate (trend/near-high/RSI) -- not in the top 20 at all,-2164.500000000008,-1.16232863103517,3
CIPLA,2022-12-23,2022-12-26,1119.15,1096.5,167,closed below 200 EMA,-3782.550000000015,-2.023857391770545,3
APOLLOHOSP,2022-12-23,2022-12-27,4700.15,4643.8,39,failed a technical gate (trend/near-high/RSI) -- not in the top 20 at all,-2197.6499999999787,-1.1988979075135742,4
VBL,2022-12-26,2022-12-27,270.55,263.8,689,failed a technical gate (trend/near-high/RSI) -- not in the top 20 at all,-4650.75,-2.494917760118276,1
INDIANB,2022-12-26,2022-12-28,276.1,266.75,675,failed a technical gate (trend/near-high/RSI) -- not in the top 20 at all,-6311.2500000000155,-3.3864541832669404,2
PIIND,2022-12-26,2022-12-28,3482.95,3452.7,53,failed a technical gate (trend/near-high/RSI) -- not in the top 20 at all,-1603.25,-0.8685166310168135,2
MARICO,2022-12-23,2022-12-29,515.55,515.4,362,failed a technical gate (trend/near-high/RSI) -- not in the top 20 at all,-54.29999999999177,-0.029095141111434852,6
BRITANNIA,2022-12-26,2022-12-29,4375.35,4348.3,42,failed a technical gate (trend/near-high/RSI) -- not in the top 20 at all,-1136.1000000000076,-0.6182362553852849,3
ZYDUSLIFE,2022-12-23,2022-12-30,420.3,419.95,444,dropped out of top 20 rank (now #26 of 26),-155.4000000000101,-0.08327385201047921,7
VBL,2022-12-29,2022-12-30,271.45,264.5,683,failed a technical gate (trend/near-high/RSI) -- not in the top 20 at all,-4746.849999999992,-2.5603241849327607,1
HDFCBANK,2022-12-26,2023-01-04,814.7,805.0,228,failed a technical gate (trend/near-high/RSI) -- not in the top 20 at all,-2211.6000000000104,-1.1906223149625639,9
JSWSTEEL,2022-12-27,2023-01-04,764.95,736.3,242,failed a technical gate (trend/near-high/RSI) -- not in the top 20 at all,-6933.300000000022,-3.7453428328649063,8
AXISBANK,2022-12-26,2023-01-05,928.7,949.55,200,dropped out of top 20 rank (now #21 of 37),4169.999999999982,2.245073759017968,10
BANKBARODA,2022-12-29,2023-01-10,166.45,162.1,1114,failed a technical gate (trend/near-high/RSI) -- not in the top 20 at all,-4845.899999999993,-2.6133974166416274,12
PNB,2022-12-30,2023-01-10,53.31,52.04,3468,failed a technical gate (trend/near-high/RSI) -- not in the top 20 at all,-4404.360000000011,-2.3822922528606294,11
MAHABANK,2023-01-05,2023-01-10,31.1,29.7,6042,failed a technical gate (trend/near-high/RSI) -- not in the top 20 at all,-8458.800000000012,-4.501607717041811,5
INDIANB,2023-01-04,2023-01-11,282.1,274.85,662,failed a technical gate (trend/near-high/RSI) -- not in the top 20 at all,-4799.5,-2.570010634526765,7
GODFRYPHLP,2023-01-10,2023-01-16,701.0,649.0,265,failed a technical gate (trend/near-high/RSI) -- not in the top 20 at all,-13780.0,-7.4179743223965815,6
BANKBARODA,2023-01-16,2023-01-17,166.85,163.1,1118,failed a technical gate (trend/near-high/RSI) -- not in the top 20 at all,-4192.5,-2.2475277195085352,1
BANKINDIA,2022-12-30,2023-01-18,82.47,83.49,2241,failed a technical gate (trend/near-high/RSI) -- not in the top 20 at all,2285.819999999991,1.2368133866860642,19
HINDZINC,2022-12-28,2023-01-20,324.25,345.0,569,stop,11806.75,6.3993831919815,23
MAHABANK,2023-01-17,2023-01-23,32.0,30.9,5766,failed a technical gate (trend/near-high/RSI) -- not in the top 20 at all,-6342.600000000009,-3.4375000000000044,6
NMDC,2023-01-04,2023-01-24,34.25,35.05,5457,failed a technical gate (trend/near-high/RSI) -- not in the top 20 at all,4365.599999999985,2.335766423357666,20
PNB,2023-01-11,2023-01-24,53.26,52.42,3493,failed a technical gate (trend/near-high/RSI) -- not in the top 20 at all,-2934.119999999987,-1.5771686068343893,13
UNIONBANK,2023-01-18,2023-01-24,72.96,72.39,2546,failed a technical gate (trend/near-high/RSI) -- not in the top 20 at all,-1451.2199999999825,-0.7812499999999889,6
PFC,2023-01-10,2023-01-25,124.1,116.09987382764498,1498,stop,-11984.189006187806,-6.446515852018542,15
RECLTD,2022-12-26,2023-01-25,114.0,120.5,1635,failed a technical gate (trend/near-high/RSI) -- not in the top 20 at all,10627.5,5.701754385964919,30
HDFCBANK,2023-01-24,2023-01-27,847.8,816.0,214,stop,-6805.19999999999,-3.7508846426043796,3
JINDALSTEL,2022-12-27,2023-01-27,575.95,588.15,322,failed a technical gate (trend/near-high/RSI) -- not in the top 20 at all,3928.399999999978,2.118239430506108,31
RVNL,2023-01-23,2023-01-27,76.15,72.9,2410,failed a technical gate (trend/near-high/RSI) -- not in the top 20 at all,-7832.5,-4.267892317793831,4
INDIANB,2023-01-25,2023-01-27,278.9,269.55,648,failed a technical gate (trend/near-high/RSI) -- not in the top 20 at all,-6058.799999999977,-3.352456077447097,2
HINDZINC,2023-01-20,2023-01-30,353.0,329.6993061519467,522,stop,-12162.962188683823,-6.6007631297601455,10
TCS,2023-01-27,2023-01-31,3411.05,3358.7,52,failed a technical gate (trend/near-high/RSI) -- not in the top 20 at all,-2722.200000000019,-1.5347180486946943,4
BAJAJ-AUTO,2023-01-27,2023-02-01,3839.5,3688.3707915516648,46,stop,-6951.943588623421,-3.9361689920129006,5
INDIANB,2023-01-30,2023-02-01,283.4,263.1152268578317,627,stop,-12718.5527601395,-7.157647544872359,2
RVNL,2023-01-31,2023-02-01,76.1,72.65,2340,failed a technical gate (trend/near-high/RSI) -- not in the top 20 at all,-8072.999999999974,-4.533508541392894,1
NHPC,2023-01-25,2023-02-02,43.7,41.12076727060269,4137,stop,-10670.285801516678,-5.902134392213531,8
JINDALSTEL,2023-02-01,2023-02-02,608.25,571.2942802082587,287,stop,-10606.291580229761,-6.075745136332323,1
TATASTEEL,2023-01-10,2023-02-06,112.62,111.26,1650,failed a technical gate (trend/near-high/RSI) -- not in the top 20 at all,-2243.999999999999,-1.2076007813887402,27
INDIANB,2023-02-01,2023-02-07,279.5,274.45,626,failed a technical gate (trend/near-high/RSI) -- not in the top 20 at all,-3161.300000000007,-1.806797853309483,6
HCLTECH,2023-01-24,2023-02-10,1137.85,1115.65,160,failed a technical gate (trend/near-high/RSI) -- not in the top 20 at all,-3551.999999999971,-1.9510480291778154,17
COFORGE,2023-01-27,2023-02-13,859.0,808.253436265341,207,stop,-10504.538693074423,-5.9076325651523875,17
GODREJCP,2023-02-02,2023-02-13,939.7,923.85,186,failed a technical gate (trend/near-high/RSI) -- not in the top 20 at all,-2948.100000000004,-1.686708523997027,11
HDFCBANK,2023-02-06,2023-02-20,825.9,820.2,211,failed a technical gate (trend/near-high/RSI) -- not in the top 20 at all,-1202.6999999999857,-0.6901561932437295,14
BRITANNIA,2023-02-07,2023-02-20,4606.85,4453.8,37,failed a technical gate (trend/near-high/RSI) -- not in the top 20 at all,-5662.850000000007,-3.322226684176832,13
CGPOWER,2023-01-24,2023-02-21,299.35,319.9,608,dropped out of top 20 rank (now #22 of 31),12494.399999999972,6.864873893435752,28
TCS,2023-02-02,2023-02-21,3460.4,3451.0,50,failed a technical gate (trend/near-high/RSI) -- not in the top 20 at all,-470.00000000000455,-0.27164489654375457,19
OIL,2023-02-20,2023-02-21,172.75,169.85,1003,failed a technical gate (trend/near-high/RSI) -- not in the top 20 at all,-2908.7000000000057,-1.6787264833574511,1
BAJAJ-AUTO,2023-02-13,2023-02-27,3787.5,3631.8712858884815,45,stop,-7003.292135018335,-4.10900895343943,14
ALKEM,2023-02-27,2023-02-28,3272.6,3175.0,51,failed a technical gate (trend/near-high/RSI) -- not in the top 20 at all,-4977.599999999995,-2.9823382020411904,1
COFORGE,2023-02-28,2023-03-02,859.5,850.0,197,failed a technical gate (trend/near-high/RSI) -- not in the top 20 at all,-1871.5,-1.105293775450844,2
PERSISTENT,2023-01-27,2023-03-09,2288.5,2408.8,77,failed a technical gate (trend/near-high/RSI) -- not in the top 20 at all,9263.100000000013,5.2567183744811175,41
BDL,2023-02-21,2023-03-10,466.25,460.0,368,failed a technical gate (trend/near-high/RSI) -- not in the top 20 at all,-2300.0,-1.3404825737265424,17
BANKBARODA,2023-03-09,2023-03-10,153.5,150.0,1135,closed below 200 EMA,-3972.5,-2.28013029315961,1
KPITTECH,2023-02-10,2023-03-13,855.45,792.5425389708114,205,stop,-12896.029510983673,-7.3537273983504186,31
SUPREMEIND,2023-02-21,2023-03-13,2756.65,2666.5,62,failed a technical gate (trend/near-high/RSI) -- not in the top 20 at all,-5589.300000000006,-3.2702737017757055,20
INDIANB,2023-03-10,2023-03-13,275.95,269.6,625,failed a technical gate (trend/near-high/RSI) -- not in the top 20 at all,-3968.7499999999786,-2.301141511143312,3
HCLTECH,2023-03-10,2023-03-13,1116.3,1098.6,154,closed below 200 EMA,-2725.800000000007,-1.585595270088691,3
ITC,2023-02-01,2023-03-14,298.05,313.1,587,failed a technical gate (trend/near-high/RSI) -- not in the top 20 at all,8834.350000000006,5.049488340882413,41
OIL,2023-03-02,2023-03-14,171.7,166.45,998,failed a technical gate (trend/near-high/RSI) -- not in the top 20 at all,-5239.5,-3.057658707047173,12
VBL,2023-02-21,2023-03-16,264.9,261.25,649,failed a technical gate (trend/near-high/RSI) -- not in the top 20 at all,-2368.8499999999854,-1.3778784446961012,23
NMDC,2023-03-14,2023-03-16,33.8,32.9,4997,closed below 200 EMA,-4497.299999999993,-2.6627218934911157,2
PFC,2023-03-13,2023-03-17,130.75,122.77823485484001,1297,stop,-10339.37939327251,-6.096952309873805,4
ITC,2023-03-16,2023-03-17,314.6,309.7,532,failed a technical gate (trend/near-high/RSI) -- not in the top 20 at all,-2606.8000000000184,-1.5575333757152032,1
HAL,2023-02-20,2023-03-20,1293.6,1322.4,133,failed a technical gate (trend/near-high/RSI) -- not in the top 20 at all,3830.400000000024,2.2263450834879572,28
VBL,2023-03-17,2023-03-20,263.25,260.6,633,failed a technical gate (trend/near-high/RSI) -- not in the top 20 at all,-1677.4499999999857,-1.0066476733143315,3
GAIL,2023-03-13,2023-03-21,97.84,93.07,1734,failed a technical gate (trend/near-high/RSI) -- not in the top 20 at all,-8271.180000000018,-4.875306623058062,8
CUMMINSIND,2023-02-13,2023-03-22,1595.25,1612.6,108,failed a technical gate (trend/near-high/RSI) -- not in the top 20 at all,1873.7999999999902,1.0876038238520458,37
NTPC,2023-03-13,2023-03-22,179.7,174.35,944,failed a technical gate (trend/near-high/RSI) -- not in the top 20 at all,-5050.399999999994,-2.977184195882021,9
PETRONET,2023-03-16,2023-03-24,219.25,208.55389054820802,764,stop,-8171.827621169075,-4.8784991798367034,8
ABCAPITAL,2023-03-20,2023-03-24,149.85,144.05,1106,closed below 200 EMA,-6414.799999999981,-3.8705372038705277,4
LT,2023-03-22,2023-03-24,2213.95,2166.15,74,failed a technical gate (trend/near-high/RSI) -- not in the top 20 at all,-3537.19999999998,-2.1590370152894,2
BAJAJ-AUTO,2023-03-22,2023-03-27,3827.0,3713.5,43,failed a technical gate (trend/near-high/RSI) -- not in the top 20 at all,-4880.5,-2.9657695322707123,5
MAXHEALTH,2023-03-13,2023-03-28,462.7,449.95,366,failed a technical gate (trend/near-high/RSI) -- not in the top 20 at all,-4666.5,-2.755565161011453,15
HINDZINC,2023-03-24,2023-03-29,323.1,299.0,502,stop,-12098.200000000012,-7.458991024450645,5
OIL,2023-03-28,2023-03-31,171.65,167.75,947,failed a technical gate (trend/near-high/RSI) -- not in the top 20 at all,-3693.300000000005,-2.272065249053312,3
KPITTECH,2023-03-17,2023-04-03,869.2,826.6324703087798,191,stop,-8130.398171023061,-4.897322790062153,17
KEI,2023-03-24,2023-04-03,1662.3,1696.7,97,dropped out of top 20 rank (now #21 of 29),3336.800000000009,2.0694218853396062,10
ZYDUSLIFE,2023-03-14,2023-04-05,470.55,493.1,358,dropped out of top 20 rank (now #23 of 37),8072.900000000004,4.792264371480193,22
ULTRACEMCO,2023-03-24,2023-04-05,7258.0,7538.0,22,dropped out of top 20 rank (now #21 of 37),6160.0,3.857812069440625,12
BDL,2023-03-31,2023-04-19,494.35,485.7,331,dropped out of top 20 rank (now #23 of 62),-2863.1500000000115,-1.7497724284413985,19
VBL,2023-03-21,2023-04-20,268.7,276.35,613,failed a technical gate (trend/near-high/RSI) -- not in the top 20 at all,4689.450000000021,2.847041310011167,30
GODREJCP,2023-03-20,2023-04-25,960.0,963.2,172,failed a technical gate (trend/near-high/RSI) -- not in the top 20 at all,550.4000000000078,0.33333333333334103,36
VBL,2023-04-25,2023-05-02,287.45,283.0,582,failed a technical gate (trend/near-high/RSI) -- not in the top 20 at all,-2589.8999999999933,-1.548095320925369,7
HDFCBANK,2023-04-05,2023-05-04,826.9,863.9,196,dropped out of top 20 rank (now #22 of 75),7252.0,4.474543475631876,29
PNB,2023-05-04,2023-05-08,50.38,47.86131986289363,3405,stop,-8576.105866847198,-4.999365099456876,4
KPITTECH,2023-05-02,2023-05-08,935.3,883.15,183,dropped out of top 20 rank (now #26 of 71),-9543.449999999995,-5.575751095905057,6
INDIANB,2023-03-29,2023-05-09,277.95,290.1987638561156,586,stop,7177.775619683743,4.406822758091611,41
BANKBARODA,2023-04-03,2023-05-09,151.35,159.4,1072,failed a technical gate (trend/near-high/RSI) -- not in the top 20 at all,8629.600000000013,5.318797489263294,36
SBIN,2023-04-20,2023-05-10,544.8,572.2,303,dropped out of top 20 rank (now #33 of 80),8302.200000000028,5.029368575624105,20
ALKEM,2023-03-27,2023-05-11,3227.95,3497.65,50,dropped out of top 20 rank (now #22 of 74),13485.000000000015,8.355148004151246,45
ABCAPITAL,2023-04-03,2023-05-11,153.8,163.95,1055,failed a technical gate (trend/near-high/RSI) -- not in the top 20 at all,10708.249999999976,6.599479843953171,38
RVNL,2023-05-09,2023-05-12,128.25,120.4,1314,failed a technical gate (trend/near-high/RSI) -- not in the top 20 at all,-10314.899999999992,-6.12085769980506,3
COLPAL,2023-05-11,2023-05-12,1626.15,1627.7,102,dropped out of top 20 rank (now #28 of 69),158.09999999999536,0.09531716016357716,1
NESTLEIND,2023-05-12,2023-05-17,1089.7,1086.6,153,dropped out of top 20 rank (now #21 of 73),-474.3000000000209,-0.28448196751400534,5
PRESTIGE,2023-05-08,2023-05-18,491.75,479.2,345,failed a technical gate (trend/near-high/RSI) -- not in the top 20 at all,-4329.750000000004,-2.552109811896286,10
ITC,2023-04-05,2023-05-19,318.65,339.5149258402821,510,stop,10641.112178543885,6.5479133344679585,44
RVNL,2023-05-17,2023-05-19,121.85,116.2,1371,failed a technical gate (trend/near-high/RSI) -- not in the top 20 at all,-7746.149999999989,-4.636848584324982,2
GLENMARK,2023-05-11,2023-05-26,580.15,591.4,288,dropped out of top 20 rank (now #23 of 77),3240.0,1.939153667155047,15
VBL,2023-05-10,2023-06-08,321.3,316.35,521,failed a technical gate (trend/near-high/RSI) -- not in the top 20 at all,-2578.949999999994,-1.540616246498594,29
INDHOTEL,2023-05-19,2023-06-08,372.35,380.8,447,dropped out of top 20 rank (now #24 of 91),3777.149999999995,2.269370216194444,20
KPITTECH,2023-05-26,2023-06-14,1006.8,1049.0280141409453,167,stop,7052.0783615378705,4.194280308000131,19
SONACOMS,2023-05-12,2023-06-14,534.0,509.85,312,failed a technical gate (trend/near-high/RSI) -- not in the top 20 at all,-7534.799999999993,-4.522471910112358,33
RVNL,2023-06-08,2023-06-15,125.35,122.9,1369,dropped out of top 20 rank (now #21 of 97),-3354.0499999999843,-1.954527323494204,7
BAJAJ-AUTO,2023-04-19,2023-06-16,4160.5,4527.0,39,failed a technical gate (trend/near-high/RSI) -- not in the top 20 at all,14293.5,8.809037375315466,58
CHOLAFIN,2023-05-09,2023-06-20,983.55,1121.9,171,dropped out of top 20 rank (now #21 of 97),23657.850000000024,14.066392150882034,42
SBICARD,2023-05-18,2023-06-20,886.6,893.8,186,failed a technical gate (trend/near-high/RSI) -- not in the top 20 at all,1339.1999999999873,0.8120911346717774,33
HAL,2023-06-14,2023-06-26,1857.8,1790.6199283264232,92,stop,-6180.566593969063,-3.616108928494821,12
ITC,2023-05-19,2023-06-26,346.25,367.6,481,dropped out of top 20 rank (now #22 of 77),10269.350000000011,6.166064981949471,38
BEL,2023-06-20,2023-06-27,125.15,118.4,1410,failed a technical gate (trend/near-high/RSI) -- not in the top 20 at all,-9517.5,-5.393527766679984,7
MAXHEALTH,2023-06-16,2023-06-28,594.4,603.3,293,dropped out of top 20 rank (now #35 of 85),2607.6999999999935,1.4973082099596136,12
ASTRAL,2023-06-14,2023-07-04,1968.65,1924.4,86,failed a technical gate (trend/near-high/RSI) -- not in the top 20 at all,-3805.5,-2.2477332181952137,20
DIXON,2023-06-20,2023-07-05,4538.55,4180.864984054349,38,stop,-13592.03060593473,-7.8810416530753375,15
ANGELONE,2023-06-15,2023-07-10,156.3,165.17566074597195,1103,stop,9789.853802807052,5.678605723590491,25
RECLTD,2023-07-05,2023-07-14,166.5,160.3,1064,failed a technical gate (trend/near-high/RSI) -- not in the top 20 at all,-6596.799999999988,-3.7237237237237153,9
COFORGE,2023-07-14,2023-07-21,985.0,931.7580656920993,188,stop,-10009.48364988533,-5.4052725185685935,7
KEI,2023-05-08,2023-07-28,1986.9,2437.6,85,failed a technical gate (trend/near-high/RSI) -- not in the top 20 at all,38309.499999999985,22.68357743218077,81
HAL,2023-06-26,2023-08-02,1850.5,1859.3551621014797,94,stop,832.3852375390884,0.478528078977547,37
BEL,2023-06-28,2023-08-02,120.75,125.35,1450,failed a technical gate (trend/near-high/RSI) -- not in the top 20 at all,6669.999999999992,3.809523809523796,35
GODREJPROP,2023-06-27,2023-08-03,1563.3,1628.6842301309114,111,stop,7257.6495445311675,4.182449314329384,37
SHRIRAMFIN,2023-06-26,2023-08-03,340.65,363.7,514,dropped out of top 20 rank (now #25 of 69),11847.700000000006,6.766475854983134,38
RBLBANK,2023-07-28,2023-08-04,234.1,213.67512710679432,836,stop,-17075.193738719943,-8.724849591288198,7
KALYANKJIL,2023-07-21,2023-08-10,174.05,181.5,1085,dropped out of top 20 rank (now #27 of 83),8083.249999999987,4.280379201378914,20
MAZDOCK,2023-06-08,2023-08-11,503.55,858.207995141839,340,stop,120583.71834822524,70.43153512895223,64
BSE,2023-07-10,2023-08-16,232.0,278.97823260126677,765,stop,35938.34793996908,20.24923819020119,37
ETERNAL,2023-08-04,2023-08-16,95.4,91.9,1997,dropped out of top 20 rank (now #21 of 68),-6989.5,-3.6687631027253698,12
RBLBANK,2023-08-10,2023-08-18,224.25,215.8,873,failed a technical gate (trend/near-high/RSI) -- not in the top 20 at all,-7376.84999999999,-3.7681159420289823,8
BEL,2023-08-16,2023-08-18,131.3,127.15,1471,failed a technical gate (trend/near-high/RSI) -- not in the top 20 at all,-6104.650000000009,-3.160700685453166,2
AUROPHARMA,2023-08-03,2023-08-24,840.35,833.65,227,failed a technical gate (trend/near-high/RSI) -- not in the top 20 at all,-1520.9000000000103,-0.7972868447670645,21
MOTILALOFS,2023-08-11,2023-08-28,228.8,216.35,851,failed a technical gate (trend/near-high/RSI) -- not in the top 20 at all,-10594.950000000015,-5.441433566433574,17
MAZDOCK,2023-08-16,2023-08-29,967.85,909.2,199,failed a technical gate (trend/near-high/RSI) -- not in the top 20 at all,-11671.349999999995,-6.059823319729296,13
PFC,2023-07-04,2023-08-31,177.0,208.15,999,failed a technical gate (trend/near-high/RSI) -- not in the top 20 at all,31118.850000000006,17.598870056497184,58
GODFRYPHLP,2023-08-03,2023-09-05,676.0,700.0,282,failed a technical gate (trend/near-high/RSI) -- not in the top 20 at all,6768.0,3.5502958579881616,33
POLYCAB,2023-08-02,2023-09-11,4588.05,5147.95,41,dropped out of top 20 rank (now #23 of 119),22955.899999999987,12.203441549242044,40
BEL,2023-08-28,2023-09-12,134.9,134.75222372885122,1439,stop,-212.6500541831024,-0.10954504903541995,15
HAL,2023-09-11,2023-09-12,2041.35,1970.4,111,failed a technical gate (trend/near-high/RSI) -- not in the top 20 at all,-7875.44999999998,-3.4756411198471504,1
RECLTD,2023-08-02,2023-09-13,196.3,241.963149986777,967,stop,44156.26603721336,23.261920523065214,42
KALYANKJIL,2023-08-18,2023-09-13,214.6,219.09692085294807,899,stop,4042.7318468003236,2.0954896798453415,26
SUPREMEIND,2023-08-18,2023-09-14,4352.55,4294.9,44,failed a technical gate (trend/near-high/RSI) -- not in the top 20 at all,-2536.600000000024,-1.3245109188866455,27
HAL,2023-09-13,2023-09-15,1985.15,1973.8,107,failed a technical gate (trend/near-high/RSI) -- not in the top 20 at all,-1214.4500000000146,-0.5717452081706709,2
ADANIPOWER,2023-09-12,2023-09-18,77.25,75.0,2819,dropped out of top 20 rank (now #22 of 110),-6342.75,-2.9126213592232997,6
BSE,2023-08-29,2023-09-20,303.5,392.1247679625419,642,stop,56897.101031951905,29.20091201401711,22
COFORGE,2023-09-05,2023-09-21,1122.5,1067.5,189,failed a technical gate (trend/near-high/RSI) -- not in the top 20 at all,-10395.0,-4.899777282850781,16
IRFC,2023-08-24,2023-09-22,48.6,72.50567466399197,4008,stop,95813.9440532798,49.18863099586823,29
PHOENIXLTD,2023-09-12,2023-09-25,934.2,883.9696194534349,233,stop,-11703.678667349675,-5.376833712969931,13
UNIONBANK,2023-09-18,2023-10-09,89.54,90.66934377488883,2387,stop,2695.7435906596224,1.2612729225919495,21
MAZDOCK,2023-08-31,2023-10-09,924.5,1036.7,215,failed a technical gate (trend/near-high/RSI) -- not in the top 20 at all,24123.00000000001,12.1362898864251,39
MAHABANK,2023-09-15,2023-10-09,45.1,45.3,4770,failed a technical gate (trend/near-high/RSI) -- not in the top 20 at all,953.9999999999797,0.44345898004434225,24
BANKINDIA,2023-09-21,2023-10-09,100.26,97.47,2073,failed a technical gate (trend/near-high/RSI) -- not in the top 20 at all,-5783.670000000013,-2.782764811490135,18
IRFC,2023-09-22,2023-10-09,75.1,71.15,2811,failed a technical gate (trend/near-high/RSI) -- not in the top 20 at all,-11103.449999999968,-5.259653794940067,17
INDIANB,2023-09-25,2023-10-09,411.4,385.0,509,failed a technical gate (trend/near-high/RSI) -- not in the top 20 at all,-13437.599999999988,-6.4171122994652325,14
BANKBARODA,2023-10-09,2023-10-11,191.15,186.9,1091,failed a technical gate (trend/near-high/RSI) -- not in the top 20 at all,-4636.75,-2.223384776353654,2
RBLBANK,2023-10-09,2023-10-11,243.85,245.9,855,dropped out of top 20 rank (now #22 of 71),1752.7500000000098,0.8406807463604782,2
MAZDOCK,2023-10-11,2023-10-19,1077.15,1064.9,200,failed a technical gate (trend/near-high/RSI) -- not in the top 20 at all,-2450.0,-1.1372603629949407,8
MOTILALOFS,2023-10-19,2023-10-23,250.05,232.78394319609924,883,stop,-15245.928157844377,-6.905041713217663,4
RECLTD,2023-09-13,2023-10-23,244.4,278.3,869,failed a technical gate (trend/near-high/RSI) -- not in the top 20 at all,29459.100000000006,13.87070376432078,40
NMDC,2023-09-14,2023-10-23,45.8,46.1,4658,failed a technical gate (trend/near-high/RSI) -- not in the top 20 at all,1397.4000000000199,0.6550218340611424,39
IRFC,2023-10-11,2023-10-23,75.6,72.2,2855,failed a technical gate (trend/near-high/RSI) -- not in the top 20 at all,-9706.999999999976,-4.497354497354489,12
PFC,2023-10-09,2023-10-25,240.25,237.2,868,failed a technical gate (trend/near-high/RSI) -- not in the top 20 at all,-2647.4000000000096,-1.2695109261186333,16
ETERNAL,2023-10-23,2023-10-26,108.9,101.33554484580556,2004,stop,-15159.168129005673,-6.946239811014188,3
360ONE,2023-10-23,2023-10-26,532.8,521.4,409,failed a technical gate (trend/near-high/RSI) -- not in the top 20 at all,-4662.59999999999,-2.1396396396396344,3
MOTILALOFS,2023-10-25,2023-10-26,237.45,231.7,927,failed a technical gate (trend/near-high/RSI) -- not in the top 20 at all,-5330.25,-2.421562434196678,1
NBCC,2023-10-26,2023-11-09,42.53,44.67,5155,dropped out of top 20 rank (now #21 of 91),11031.700000000003,5.031742299553255,14
PERSISTENT,2023-10-26,2023-11-13,2933.3,3118.05,74,dropped out of top 20 rank (now #21 of 91),13671.5,6.298367026898033,18
KALYANKJIL,2023-10-23,2023-11-16,287.35,313.5,759,dropped out of top 20 rank (now #27 of 111),19847.849999999984,9.100400208804583,24
BSE,2023-09-20,2023-11-24,400.5,690.9133287809914,529,stop,153628.65092514444,72.512691331084,65
TATAELXSI,2023-10-26,2023-12-05,7463.5,8392.1,29,dropped out of top 20 rank (now #22 of 121),26929.40000000001,12.441883834662026,40
BAJAJ-AUTO,2023-10-23,2023-12-08,5272.0,5925.5,41,dropped out of top 20 rank (now #22 of 124),26793.5,12.395675265553873,46
PHOENIXLTD,2023-11-13,2023-12-08,1055.1,1104.5,237,failed a technical gate (trend/near-high/RSI) -- not in the top 20 at all,11707.800000000021,4.68202066154868,25
CDSL,2023-11-16,2023-12-15,892.15,945.3,291,dropped out of top 20 rank (now #23 of 116),15466.649999999994,5.957518354536795,29
OBEROIRLTY,2023-12-05,2023-12-20,1439.25,1370.003993719077,187,stop,-12949.003174532598,-4.8112562988308465,15
BSE,2023-11-24,2023-12-20,723.5,770.5,355,failed a technical gate (trend/near-high/RSI) -- not in the top 20 at all,16685.0,6.496199032480998,26
RECLTD,2023-12-15,2023-12-21,431.85,389.78183583872595,640,stop,-26923.625063215404,-9.7413833880454,6
MCX,2023-10-09,2023-12-27,416.0,638.0,501,dropped out of top 20 rank (now #22 of 118),111222.0,53.36538461538463,79
MOTILALOFS,2023-11-09,2023-12-27,258.0,302.7,926,failed a technical gate (trend/near-high/RSI) -- not in the top 20 at all,41392.19999999999,17.325581395348834,48
MANAPPURAM,2023-12-08,2023-12-28,163.85,172.5,1655,dropped out of top 20 rank (now #22 of 119),14315.75000000001,5.279218797680807,20
PFC,2023-12-21,2023-12-28,388.85,384.9,699,dropped out of top 20 rank (now #26 of 119),-2761.050000000032,-1.0158158673010287,7
360ONE,2023-12-28,2024-01-03,708.8,655.25,395,dropped out of top 20 rank (now #37 of 113),-21152.24999999998,-7.5550225733634235,6
BANKBARODA,2023-12-27,2024-01-05,210.1,212.6,1334,dropped out of top 20 rank (now #21 of 124),3335.0,1.1899095668729265,9
ANGELONE,2023-10-09,2024-01-16,204.0,345.99950090866196,1022,stop,145123.48992865253,69.60759848463822,99
PHOENIXLTD,2024-01-05,2024-01-17,1244.4,1168.997970498565,235,stop,-17719.47693283722,-6.0593080602246,12
MOTILALOFS,2023-12-28,2024-01-18,304.1,345.3708156967986,922,stop,38051.692072448306,13.571461919368154,21
PRESTIGE,2023-10-09,2024-01-23,670.5,1191.1690246177827,311,stop,161928.06665613042,77.65384408915477,106
OBEROIRLTY,2024-01-03,2024-01-23,1459.0,1441.769813887543,193,stop,-3325.4259197041965,-1.1809586094898572,20
HAL,2023-12-20,2024-01-23,2665.9,2890.5,100,failed a technical gate (trend/near-high/RSI) -- not in the top 20 at all,22459.999999999993,8.424922165122473,34
BDL,2023-12-20,2024-01-23,739.5,834.8,363,failed a technical gate (trend/near-high/RSI) -- not in the top 20 at all,34593.89999999999,12.887085868830294,34
PHOENIXLTD,2024-01-17,2024-01-23,1209.2,1198.1,243,failed a technical gate (trend/near-high/RSI) -- not in the top 20 at all,-2697.300000000033,-0.9179622891167805,6
MAZDOCK,2023-12-27,2024-01-30,1171.2,1143.2,239,failed a technical gate (trend/near-high/RSI) -- not in the top 20 at all,-6692.0,-2.390710382513661,34
BEL,2023-12-08,2024-02-01,158.75,183.4,1709,failed a technical gate (trend/near-high/RSI) -- not in the top 20 at all,42126.85000000001,15.527559055118111,55
GODREJPROP,2024-01-16,2024-02-08,2304.15,2226.5007128696634,128,stop,-9939.108752683096,-3.369975354483723,23
RVNL,2024-01-23,2024-02-09,288.75,255.947401282547,979,stop,-32113.744144386495,-11.360207348035678,17
NBCC,2024-01-23,2024-02-09,65.73,94.24342450602046,4301,stop,122636.23880039399,43.37962042601622,17
IRFC,2024-01-23,2024-02-12,161.3,144.78648169121539,1752,stop,-28931.684076990663,-10.237767085421346,20
NHPC,2024-01-30,2024-02-12,87.6,86.4651678089221,3437,stop,-3900.4182407347103,-1.295470537760146,13
BHEL,2024-01-23,2024-02-12,202.95,216.7,1393,failed a technical gate (trend/near-high/RSI) -- not in the top 20 at all,19153.75,6.77506775067751,20
NBCC,2024-02-09,2024-02-12,98.63,88.77,3117,failed a technical gate (trend/near-high/RSI) -- not in the top 20 at all,-30733.62,-9.996958329108786,3
PHOENIXLTD,2024-02-08,2024-02-13,1403.35,1252.870001318542,224,stop,-33707.51970464655,-10.722912935579709,5
MAXHEALTH,2024-02-12,2024-02-16,875.9,865.45,332,dropped out of top 20 rank (now #22 of 90),-3469.3999999999774,-1.193058568329708,4
COALINDIA,2024-02-16,2024-02-21,450.75,406.6110490672853,685,stop,-30235.181388909565,-9.792335204151904,5
MOTILALOFS,2024-01-18,2024-02-21,380.9,420.1,764,failed a technical gate (trend/near-high/RSI) -- not in the top 20 at all,29948.800000000036,10.291415069572075,34
IOC,2024-02-09,2024-02-27,166.67,157.89,1844,failed a technical gate (trend/near-high/RSI) -- not in the top 20 at all,-16190.320000000002,-5.267894642107162,18
UNIONBANK,2024-02-21,2024-02-28,132.94,128.94,2284,failed a technical gate (trend/near-high/RSI) -- not in the top 20 at all,-9136.0,-3.008876184745002,7
OFSS,2024-01-23,2024-03-02,5887.0,7083.0,48,dropped out of top 20 rank (now #25 of 96),57408.0,20.315950399184636,39
PHOENIXLTD,2024-02-13,2024-03-04,1282.35,1350.9,226,failed a technical gate (trend/near-high/RSI) -- not in the top 20 at all,15492.300000000041,5.345654462510252,20
GODFRYPHLP,2024-02-12,2024-03-12,861.0,1064.6926498564899,338,stop,68848.11565149357,23.657682910161437,29
PETRONET,2024-02-21,2024-03-12,268.15,263.3,1132,failed a technical gate (trend/near-high/RSI) -- not in the top 20 at all,-5490.199999999962,-1.808689166511268,20
UNIONBANK,2024-03-02,2024-03-13,134.67,127.78244709700448,2260,stop,-15565.86956076985,-5.114392888539032,11
BHEL,2024-03-04,2024-03-13,264.55,241.69848153832376,1169,stop,-26713.425081699537,-8.637882616396242,9
GODFRYPHLP,2024-03-12,2024-03-13,1082.0,968.2383070540176,282,stop,-32080.79741076704,-10.51401968077471,1
PHOENIXLTD,2024-03-12,2024-03-13,1402.8,1267.8327139544776,218,stop,-29422.868357923864,-9.621277876070877,1
BANKBARODA,2024-02-01,2024-03-13,232.55,237.2,1322,failed a technical gate (trend/near-high/RSI) -- not in the top 20 at all,6147.29999999997,1.9995699849494564,41
OIL,2024-02-12,2024-03-13,312.6,382.55,932,failed a technical gate (trend/near-high/RSI) -- not in the top 20 at all,65193.39999999999,22.37683941138835,30
BPCL,2024-02-12,2024-03-13,272.4,275.8,1069,failed a technical gate (trend/near-high/RSI) -- not in the top 20 at all,3634.6000000000363,1.2481644640235157,30
CUMMINSIND,2024-02-28,2024-03-13,2714.6,2675.95,109,failed a technical gate (trend/near-high/RSI) -- not in the top 20 at all,-4212.8500000000095,-1.4237825093936562,14
MARUTI,2024-03-13,2024-03-14,11390.15,11404.6,25,dropped out of top 20 rank (now #23 of 39),361.2500000000182,0.12686400091308503,1
SUNPHARMA,2024-03-13,2024-03-15,1558.6,1548.2,186,failed a technical gate (trend/near-high/RSI) -- not in the top 20 at all,-1934.3999999999746,-0.6672654946746959,2
DRREDDY,2024-03-13,2024-03-15,1260.75,1257.0,230,failed a technical gate (trend/near-high/RSI) -- not in the top 20 at all,-862.5,-0.2974419988102328,2
HEROMOTOCO,2024-03-15,2024-03-18,4473.05,4442.75,65,failed a technical gate (trend/near-high/RSI) -- not in the top 20 at all,-1969.5000000000118,-0.6773901476621158,3
GODFRYPHLP,2024-03-18,2024-03-19,1043.0,1022.0,284,failed a technical gate (trend/near-high/RSI) -- not in the top 20 at all,-5964.0,-2.0134228187919434,1
TRENT,2024-03-13,2024-03-22,2629.4,2632.4,110,dropped out of top 20 rank (now #25 of 44),330.0,0.11409447022134867,9
BHARTIARTL,2024-03-19,2024-03-26,1228.35,1213.1,238,dropped out of top 20 rank (now #22 of 46),-3629.5,-1.2415028289982533,7
GODFRYPHLP,2024-03-22,2024-03-26,1043.0,1021.0,292,failed a technical gate (trend/near-high/RSI) -- not in the top 20 at all,-6424.0,-2.1093000958772756,4
ZYDUSLIFE,2024-03-13,2024-04-03,968.65,987.7,300,dropped out of top 20 rank (now #22 of 113),5715.00000000002,1.9666546224126336,21
OFSS,2024-03-13,2024-04-09,7340.5,7677.0,39,failed a technical gate (trend/near-high/RSI) -- not in the top 20 at all,13123.5,4.584156392616312,27
CGPOWER,2024-03-13,2024-04-12,461.45,492.42525828571684,629,stop,19483.437461715897,6.712592542142559,30
OIL,2024-03-26,2024-04-18,407.65,402.1,753,failed a technical gate (trend/near-high/RSI) -- not in the top 20 at all,-4179.149999999966,-1.3614620385134169,23
GODREJPROP,2024-04-09,2024-04-19,2704.5,2509.99910400842,115,stop,-22367.60303903169,-7.191750637514504,10
ABB,2024-02-27,2024-04-19,5450.5,6292.6,55,failed a technical gate (trend/near-high/RSI) -- not in the top 20 at all,46315.50000000002,15.449958719383549,52
BAJAJ-AUTO,2024-03-13,2024-04-19,8177.5,8587.0,35,failed a technical gate (trend/near-high/RSI) -- not in the top 20 at all,14332.5,5.007642922653632,37
HINDZINC,2024-04-18,2024-04-19,404.95,398.7,773,failed a technical gate (trend/near-high/RSI) -- not in the top 20 at all,-4831.25,-1.543400419804919,1
PETRONET,2024-04-19,2024-04-23,286.7,282.2,1085,dropped out of top 20 rank (now #21 of 76),-4882.5,-1.5695849319846578,4
BSE,2024-04-23,2024-04-29,1066.5,909.5,294,stop,-46158.0,-14.721050164088133,6
HAL,2024-03-26,2024-05-07,3300.8,3714.5047835331807,93,stop,38474.544868585785,12.533470174902472,42
MAZDOCK,2024-04-29,2024-05-07,1188.45,1083.1046289716028,267,stop,-28127.21406458207,-8.864097860944698,8
BEL,2024-04-03,2024-05-07,221.5,227.4,1428,failed a technical gate (trend/near-high/RSI) -- not in the top 20 at all,8425.200000000008,2.6636568848758424,34
PHOENIXLTD,2024-04-12,2024-05-07,1498.35,1487.5,210,failed a technical gate (trend/near-high/RSI) -- not in the top 20 at all,-2278.499999999981,-0.7241298761971438,25
MOTILALOFS,2024-04-19,2024-05-09,558.0,569.3673903639258,557,stop,6331.6364327066585,2.037166731886342,20
NAM-INDIA,2024-05-07,2024-05-13,574.6,563.05,541,failed a technical gate (trend/near-high/RSI) -- not in the top 20 at all,-6248.550000000037,-2.01009397841978,6
MOTILALOFS,2024-05-13,2024-05-15,567.1,571.3,566,failed a technical gate (trend/near-high/RSI) -- not in the top 20 at all,2377.1999999999616,0.7406101216716587,2
JINDALSTEL,2024-04-19,2024-05-16,927.25,1005.25,335,dropped out of top 20 rank (now #24 of 82),26130.0,8.411970881639252,27
GODREJPROP,2024-05-07,2024-05-23,2781.0,2814.75,111,dropped out of top 20 rank (now #26 of 99),3746.25,1.2135922330097193,16
CUMMINSIND,2024-03-15,2024-05-30,2707.65,3596.8,108,failed a technical gate (trend/near-high/RSI) -- not in the top 20 at all,96028.20000000001,32.83843923697671,76
SUPREMEIND,2024-05-07,2024-05-31,5247.35,5277.6,59,failed a technical gate (trend/near-high/RSI) -- not in the top 20 at all,1784.75,0.576481462071321,24
SIEMENS,2024-03-13,2024-06-04,3542.45,5197.305693169137,82,stop,135698.16683986926,46.71500495897296,83
CGPOWER,2024-04-19,2024-06-04,533.9,608.2986054357098,582,stop,43299.98836358309,13.934932653251497,46
ABB,2024-05-07,2024-06-04,6888.45,8045.552932333119,45,stop,52069.63195499038,16.797725647034078,28
HAL,2024-05-09,2024-06-04,3846.65,4665.954117472403,81,stop,66363.6335152646,21.29915946271177,26
MAZDOCK,2024-05-15,2024-06-04,1196.05,1406.3432804007691,280,stop,58882.11851221537,17.58231515411306,20
OBEROIRLTY,2024-05-16,2024-06-04,1711.15,1695.8263759944157,199,stop,-3049.401177111297,-0.8955161152198521,19
BEL,2024-05-31,2024-06-04,295.95,284.530983215078,1194,stop,-13634.306041196876,-3.858427702288225,4
COCHINSHIP,2024-05-30,2024-06-05,1957.15,1637.890837886049,181,stop,-57785.90834262515,-16.31245239833181,6
GVT&D,2024-05-23,2024-06-05,1362.85,1280.4,262,dropped out of top 20 rank (now #21 of 49),-21601.89999999995,-6.049822064056931,13
BDL,2024-06-04,2024-06-05,1436.85,1305.25,233,failed a technical gate (trend/near-high/RSI) -- not in the top 20 at all,-30662.799999999977,-9.158924035215922,1
POLYCAB,2024-06-04,2024-06-07,6456.2,6846.45,51,dropped out of top 20 rank (now #23 of 94),19902.75,6.044577305535759,3
CROMPTON,2024-06-05,2024-06-07,402.25,397.35,833,dropped out of top 20 rank (now #22 of 94),-4081.699999999981,-1.2181479179614652,2
HEROMOTOCO,2024-06-04,2024-06-13,5180.7,5673.65,64,dropped out of top 20 rank (now #23 of 139),31548.79999999999,9.515123438917517,9
SUPREMEIND,2024-06-05,2024-06-21,5527.1,5864.55,60,dropped out of top 20 rank (now #26 of 123),20246.99999999999,6.105371713918695,16
OBEROIRLTY,2024-06-04,2024-06-25,1745.25,1829.3,191,failed a technical gate (trend/near-high/RSI) -- not in the top 20 at all,16053.549999999992,4.815928950007153,21
M&M,2024-06-04,2024-07-05,2572.9,2880.6,130,dropped out of top 20 rank (now #23 of 122),40000.99999999998,11.959267752341706,31
UNOMINDA,2024-06-04,2024-07-10,844.75,1060.25,396,failed a technical gate (trend/near-high/RSI) -- not in the top 20 at all,85338.0,25.5105060668837,36
PHOENIXLTD,2024-06-04,2024-07-12,1628.85,1951.4,205,dropped out of top 20 rank (now #28 of 115),66122.75000000004,19.802314516376597,38
HAL,2024-06-13,2024-07-16,5099.7,5329.4,70,failed a technical gate (trend/near-high/RSI) -- not in the top 20 at all,16078.999999999987,4.504186520775733,33
BEL,2024-06-21,2024-07-18,304.95,313.55,1216,failed a technical gate (trend/near-high/RSI) -- not in the top 20 at all,10457.600000000028,2.820134448270206,27
BDL,2024-06-25,2024-07-18,1545.35,1546.45,242,failed a technical gate (trend/near-high/RSI) -- not in the top 20 at all,266.200000000033,0.07118128579286509,23
NBCC,2024-07-12,2024-07-19,126.53,114.33790271811878,3419,stop,-41684.78060675188,-9.635736411824247,7
PGEL,2024-07-05,2024-07-19,368.8,350.3,1151,failed a technical gate (trend/near-high/RSI) -- not in the top 20 at all,-21293.5,-5.016268980477223,14
MOTHERSON,2024-07-10,2024-07-19,133.67,128.13,3220,failed a technical gate (trend/near-high/RSI) -- not in the top 20 at all,-17838.799999999974,-4.144535049001263,9
KAYNES,2024-07-18,2024-07-19,4076.6,3901.85,100,failed a technical gate (trend/near-high/RSI) -- not in the top 20 at all,-17475.0,-4.286660452337731,1
OIL,2024-07-19,2024-07-22,571.1,555.25,703,dropped out of top 20 rank (now #22 of 88),-11142.550000000016,-2.7753458238487183,3
OFSS,2024-07-16,2024-07-23,10448.5,9779.395777853806,40,stop,-26764.168885847757,-6.403830426819102,7
PETRONET,2024-07-19,2024-07-23,327.55,318.6,1226,failed a technical gate (trend/near-high/RSI) -- not in the top 20 at all,-10972.699999999986,-2.73240726606625,4
COCHINSHIP,2024-06-07,2024-07-25,1912.75,2461.75,180,failed a technical gate (trend/near-high/RSI) -- not in the top 20 at all,98820.0,28.7021304404653,48
MAZDOCK,2024-06-07,2024-07-25,1576.6,2428.25,218,failed a technical gate (trend/near-high/RSI) -- not in the top 20 at all,185659.7,54.018140301915516,48
SONACOMS,2024-07-19,2024-07-29,693.5,685.05,579,failed a technical gate (trend/near-high/RSI) -- not in the top 20 at all,-4892.550000000027,-1.2184571016582657,10
OFSS,2024-07-23,2024-07-31,10352.5,10404.0,38,dropped out of top 20 rank (now #25 of 113),1957.0,0.49746438058440035,8
PERSISTENT,2024-07-18,2024-08-02,4896.15,4636.35,83,failed a technical gate (trend/near-high/RSI) -- not in the top 20 at all,-21563.39999999994,-5.306209981311838,15
COCHINSHIP,2024-07-31,2024-08-02,2620.15,2537.9,157,failed a technical gate (trend/near-high/RSI) -- not in the top 20 at all,-12913.25,-3.1391332557296314,2
CAMS,2024-08-02,2024-08-05,873.7,797.3951789550221,459,stop,-35023.91285964489,-8.733526501657085,3
RVNL,2024-06-04,2024-08-05,351.5,550.8,953,failed a technical gate (trend/near-high/RSI) -- not in the top 20 at all,189932.89999999997,56.699857752489315,62
MAZDOCK,2024-07-29,2024-08-05,2670.2,2399.75,155,failed a technical gate (trend/near-high/RSI) -- not in the top 20 at all,-41919.74999999997,-10.128454797393449,7
360ONE,2024-07-25,2024-08-06,998.7,998.4138281095038,404,stop,-115.61344376047873,-0.02865443982139615,12
NAUKRI,2024-08-02,2024-08-06,1444.0,1361.0,277,failed a technical gate (trend/near-high/RSI) -- not in the top 20 at all,-22991.0,-5.747922437673125,4
KALYANKJIL,2024-07-19,2024-08-08,528.95,536.55,759,failed a technical gate (trend/near-high/RSI) -- not in the top 20 at all,5768.3999999999305,1.4368087720956435,20
ZYDUSLIFE,2024-08-05,2024-08-13,1227.55,1194.3538895480233,312,stop,-10357.18646101672,-2.7042572972161394,8
PETRONET,2024-07-25,2024-08-13,348.95,351.6,1156,dropped out of top 20 rank (now #21 of 57),3063.4000000000397,0.7594211205043777,19
SUNPHARMA,2024-08-05,2024-08-16,1720.35,1742.75,222,dropped out of top 20 rank (now #24 of 77),4972.80000000002,1.302060627197954,11
TORNTPHARM,2024-08-06,2024-08-19,3220.55,3349.35,118,dropped out of top 20 rank (now #22 of 79),15198.399999999969,3.9993168868671436,13
LUPIN,2024-08-08,2024-08-19,2050.8,2068.8,190,dropped out of top 20 rank (now #25 of 79),3420.0,0.8777062609713226,11
PIIND,2024-08-06,2024-08-20,4264.75,4327.25,89,dropped out of top 20 rank (now #21 of 85),5562.5,1.4655020810129482,14
KALYANKJIL,2024-08-16,2024-08-20,572.95,541.9,704,failed a technical gate (trend/near-high/RSI) -- not in the top 20 at all,-21859.200000000048,-5.4193210576839235,4
KAYNES,2024-07-25,2024-08-28,4175.15,4881.6,96,dropped out of top 20 rank (now #23 of 114),67819.20000000007,16.920350167059883,34
ETERNAL,2024-08-05,2024-08-29,256.29,252.34,1495,failed a technical gate (trend/near-high/RSI) -- not in the top 20 at all,-5905.2500000000255,-1.5412228335089262,24
NAM-INDIA,2024-08-19,2024-08-29,715.15,676.8,568,failed a technical gate (trend/near-high/RSI) -- not in the top 20 at all,-21782.800000000014,-5.362511361252887,10
KFINTECH,2024-08-13,2024-09-06,1016.35,997.5383765505933,385,stop,-7242.475028021594,-1.850900127850319,24
CDSL,2024-08-20,2024-09-09,1443.05,1400.0,281,stop,-12097.049999999987,-2.983264613145764,20
NYKAA,2024-08-29,2024-09-12,209.55,207.69,1926,failed a technical gate (trend/near-high/RSI) -- not in the top 20 at all,-3582.360000000026,-0.8876163206871901,14
LUPIN,2024-09-06,2024-09-19,2256.5,2147.372314219977,188,stop,-20516.004926644335,-4.83614827299016,13
PNBHOUSING,2024-09-12,2024-09-24,1109.0,995.7,386,failed a technical gate (trend/near-high/RSI) -- not in the top 20 at all,-43733.79999999998,-10.216411181244355,12
GODFRYPHLP,2024-08-29,2024-09-27,2043.0,2341.704273721826,197,stop,58844.74192319976,14.620865086726686,29
ETERNAL,2024-09-09,2024-09-30,263.2,273.3,1599,failed a technical gate (trend/near-high/RSI) -- not in the top 20 at all,16149.900000000036,3.837386018237088,21
KAYNES,2024-09-24,2024-09-30,5632.8,5425.75,78,dropped out of top 20 rank (now #23 of 89),-16149.900000000014,-3.675791790938787,6
MOTILALOFS,2024-08-20,2024-10-01,677.45,742.8,600,failed a technical gate (trend/near-high/RSI) -- not in the top 20 at all,39209.99999999994,9.646468374049721,42
BAJAJ-AUTO,2024-09-30,2024-10-03,12041.0,11442.0,35,stop,-20965.0,-4.9746698779171155,3
TRENT,2024-08-13,2024-10-04,4254.5,4852.763733770615,92,stop,55040.26350689655,14.061904660256541,52
BAJAJFINSV,2024-09-30,2024-10-04,1973.4,1878.273836717072,218,stop,-20737.503595678307,-4.820419746778559,4
KFINTECH,2024-10-01,2024-10-04,1137.35,1030.7628536573397,380,stop,-40503.115610210865,-9.371534386306779,3
PGEL,2024-07-22,2024-10-04,370.3,609.85,1101,failed a technical gate (trend/near-high/RSI) -- not in the top 20 at all,263744.55,64.69079125033757,74
KALYANKJIL,2024-08-28,2024-10-07,611.2,680.3500873602461,673,stop,46538.0087934456,11.313823193757532,40
BLUESTARCO,2024-09-27,2024-10-07,2119.5,1967.5615037014684,205,stop,-31147.391741198982,-7.168600910522837,10
LUPIN,2024-10-04,2024-10-07,2198.25,2174.9,190,failed a technical gate (trend/near-high/RSI) -- not in the top 20 at all,-4436.499999999983,-1.0622085750028432,3
INFY,2024-10-07,2024-10-15,1893.3,1917.8,216,dropped out of top 20 rank (now #25 of 61),5292.0,1.2940368668462376,8
NAUKRI,2024-08-19,2024-10-17,1478.5,1596.0,275,failed a technical gate (trend/near-high/RSI) -- not in the top 20 at all,32312.5,7.947243828204265,59
TRENT,2024-10-07,2024-10-17,4966.3,5146.4,82,failed a technical gate (trend/near-high/RSI) -- not in the top 20 at all,14768.199999999955,3.626442220566606,10
LTM,2024-10-07,2024-10-18,6254.95,6022.070962982503,65,stop,-15137.137406137277,-3.723115884499417,11
TRENT,2024-10-18,2024-10-21,5178.7,5071.0,83,failed a technical gate (trend/near-high/RSI) -- not in the top 20 at all,-8939.099999999984,-2.079672504682639,3
BSE,2024-09-19,2024-10-22,1237.0,1363.5,350,failed a technical gate (trend/near-high/RSI) -- not in the top 20 at all,44275.0,10.226354082457556,33
SUNPHARMA,2024-10-04,2024-10-22,1910.05,1887.55,218,failed a technical gate (trend/near-high/RSI) -- not in the top 20 at all,-4905.0,-1.1779796340409932,18
NAM-INDIA,2024-10-17,2024-10-22,707.6,659.8,604,closed below 200 EMA,-28871.20000000004,-6.755228942905611,5
BLUESTARCO,2024-10-21,2024-10-22,2017.85,1910.05,216,failed a technical gate (trend/near-high/RSI) -- not in the top 20 at all,-23284.79999999999,-5.342319795822281,1
DIVISLAB,2024-10-22,2024-10-23,5817.95,5727.6,71,failed a technical gate (trend/near-high/RSI) -- not in the top 20 at all,-6414.849999999961,-1.5529525004511768,1
MOTILALOFS,2024-10-15,2024-10-25,924.45,868.2492444652808,471,stop,-26470.555856852785,-6.079372116904025,10
DIXON,2024-10-17,2024-10-25,15130.85,14281.433035756927,28,stop,-23783.674998806055,-5.613808637605111,8
BSE,2024-10-23,2024-10-25,1424.5,1354.0,300,failed a technical gate (trend/near-high/RSI) -- not in the top 20 at all,-21150.0,-4.949104949104955,2
NAM-INDIA,2024-10-25,2024-10-28,681.55,677.8,609,failed a technical gate (trend/near-high/RSI) -- not in the top 20 at all,-2283.75,-0.5502164184579272,3
OBEROIRLTY,2024-10-22,2024-10-30,1950.45,1927.75,214,failed a technical gate (trend/near-high/RSI) -- not in the top 20 at all,-4857.80000000001,-1.1638339870286396,8
HCLTECH,2024-10-04,2024-10-31,1776.6,1759.5912395806506,235,stop,-3997.0586985470854,-0.9573770358746625,27
TECHM,2024-10-22,2024-10-31,1623.9,1540.4901087541853,257,stop,-21436.34205017441,-5.136393327533395,9
PERSISTENT,2024-10-25,2024-10-31,5670.9,5372.5,73,failed a technical gate (trend/near-high/RSI) -- not in the top 20 at all,-21783.199999999975,-5.261951365744411,6
WIPRO,2024-10-22,2024-11-04,260.65,258.5,1602,failed a technical gate (trend/near-high/RSI) -- not in the top 20 at all,-3444.299999999964,-0.8248609246115368,13
LUPIN,2024-10-31,2024-11-06,2186.95,2166.05,187,failed a technical gate (trend/near-high/RSI) -- not in the top 20 at all,-3908.299999999932,-0.9556688538832403,6
MCX,2024-10-04,2024-11-12,1161.0,1221.9647890186618,360,stop,21947.324046718248,5.251058485672844,39
NAM-INDIA,2024-10-31,2024-11-12,708.2,692.0,577,failed a technical gate (trend/near-high/RSI) -- not in the top 20 at all,-9347.400000000027,-2.2874894097712595,12
CDSL,2024-10-31,2024-11-12,1545.8,1521.9,264,failed a technical gate (trend/near-high/RSI) -- not in the top 20 at all,-6309.599999999964,-1.5461249838271351,12
MOTILALOFS,2024-10-28,2024-11-13,918.55,898.8,455,failed a technical gate (trend/near-high/RSI) -- not in the top 20 at all,-8986.25,-2.1501279190027756,16
PGEL,2024-11-04,2024-11-18,625.6,624.3,648,failed a technical gate (trend/near-high/RSI) -- not in the top 20 at all,-842.4000000000442,-0.20780051150895984,14
WIPRO,2024-11-06,2024-11-18,269.5,264.2,1550,failed a technical gate (trend/near-high/RSI) -- not in the top 20 at all,-8215.000000000018,-1.9666048237476863,12
TECHM,2024-11-12,2024-11-18,1614.7,1589.7,255,failed a technical gate (trend/near-high/RSI) -- not in the top 20 at all,-6375.0,-1.5482752214033613,6
INFY,2024-11-13,2024-11-18,1828.8,1773.1,221,closed below 200 EMA,-12309.70000000001,-3.045713035870523,5
HCLTECH,2024-11-12,2024-11-19,1872.85,1820.55,220,failed a technical gate (trend/near-high/RSI) -- not in the top 20 at all,-11505.999999999989,-2.7925354406385994,7
BAJAJHLDNG,2024-11-18,2024-11-21,10684.75,10420.95,37,failed a technical gate (trend/near-high/RSI) -- not in the top 20 at all,-9760.599999999973,-2.4689393762137524,3
KAYNES,2024-11-18,2024-11-25,5622.65,5895.85,71,dropped out of top 20 rank (now #25 of 39),19397.20000000005,4.858918837203108,7
BSE,2024-10-30,2024-11-26,1447.0,1477.0,285,failed a technical gate (trend/near-high/RSI) -- not in the top 20 at all,8550.0,2.0732550103662817,27
AMBER,2024-10-03,2024-11-28,5163.85,5992.25,82,failed a technical gate (trend/near-high/RSI) -- not in the top 20 at all,67928.79999999997,16.042294024807056,56
HCLTECH,2024-11-25,2024-11-28,1891.7,1840.9,221,failed a technical gate (trend/near-high/RSI) -- not in the top 20 at all,-11226.79999999999,-2.6854152349738314,3
BSE,2024-11-28,2024-12-03,1524.5,1504.5,270,failed a technical gate (trend/near-high/RSI) -- not in the top 20 at all,-5400.0,-1.3119055428009174,5
MOTILALOFS,2024-12-03,2024-12-18,954.8,953.75,438,failed a technical gate (trend/near-high/RSI) -- not in the top 20 at all,-459.8999999999801,-0.10997067448680342,15
ETERNAL,2024-11-18,2024-12-20,270.79,274.20063660953247,1490,stop,5081.848548203345,1.2595135010644576,32
NAM-INDIA,2024-12-18,2024-12-27,754.95,731.25,600,failed a technical gate (trend/near-high/RSI) -- not in the top 20 at all,-14220.000000000027,-3.1392807470693507,9
BSE,2024-12-20,2024-12-27,1847.5,1759.5,238,failed a technical gate (trend/near-high/RSI) -- not in the top 20 at all,-20944.0,-4.76319350473613,7
WIPRO,2024-11-19,2024-12-31,268.6,288.5,1510,failed a technical gate (trend/near-high/RSI) -- not in the top 20 at all,30048.999999999967,7.408786299329839,42
COFORGE,2024-10-25,2025-01-02,1548.0,1939.5,268,dropped out of top 20 rank (now #23 of 56),104922.0,25.290697674418606,69
PERSISTENT,2024-11-12,2025-01-03,5680.15,6405.95,72,dropped out of top 20 rank (now #21 of 53),52257.60000000001,12.777831571349353,52
PAYTM,2024-11-21,2025-01-03,845.4,982.8,484,dropped out of top 20 rank (now #26 of 53),66501.59999999999,16.252661462029817,43
INDHOTEL,2024-11-18,2025-01-06,737.2,844.25,547,failed a technical gate (trend/near-high/RSI) -- not in the top 20 at all,58556.34999999998,14.521161150298422,49
MOTILALOFS,2025-01-02,2025-01-06,985.2,925.25,457,closed below 200 EMA,-27397.15000000002,-6.085058871295168,4
NAM-INDIA,2025-01-03,2025-01-06,758.25,729.95,593,failed a technical gate (trend/near-high/RSI) -- not in the top 20 at all,-16781.899999999972,-3.732278272337608,3
NAUKRI,2024-11-26,2025-01-07,1649.5,1687.5,253,failed a technical gate (trend/near-high/RSI) -- not in the top 20 at all,9614.0,2.3037284025462235,42
360ONE,2024-12-27,2025-01-07,1250.9,1217.3,356,failed a technical gate (trend/near-high/RSI) -- not in the top 20 at all,-11961.60000000005,-2.6860660324566465,11
POLICYBZR,2025-01-06,2025-01-07,2120.0,2079.55,206,failed a technical gate (trend/near-high/RSI) -- not in the top 20 at all,-8332.699999999963,-1.9080188679245214,1
LUPIN,2025-01-07,2025-01-08,2357.65,2242.525001430299,185,stop,-21298.124735394664,-4.88304025490216,1
KAYNES,2024-12-31,2025-01-08,7417.3,6970.65,60,failed a technical gate (trend/near-high/RSI) -- not in the top 20 at all,-26799.000000000033,-6.021732975611083,8
MOTILALOFS,2025-01-07,2025-01-08,970.0,940.1,451,failed a technical gate (trend/near-high/RSI) -- not in the top 20 at all,-13484.89999999999,-3.0824742268041216,1
PGEL,2024-11-28,2025-01-09,700.35,922.2,588,failed a technical gate (trend/near-high/RSI) -- not in the top 20 at all,130447.80000000002,31.677018633540378,42
MANKIND,2025-01-03,2025-01-09,2937.55,2828.05,153,failed a technical gate (trend/near-high/RSI) -- not in the top 20 at all,-16753.5,-3.7275961260233914,6
BSE,2025-01-08,2025-01-09,1800.0,1735.0,237,failed a technical gate (trend/near-high/RSI) -- not in the top 20 at all,-15405.0,-3.6111111111111094,1
KFINTECH,2024-12-27,2025-01-10,1511.45,1377.7,295,failed a technical gate (trend/near-high/RSI) -- not in the top 20 at all,-39456.25,-8.849118396242018,14
MAXHEALTH,2025-01-06,2025-01-10,1153.2,1149.9,378,failed a technical gate (trend/near-high/RSI) -- not in the top 20 at all,-1247.3999999999828,-0.286160249739853,4
LUPIN,2025-01-08,2025-01-10,2252.15,2191.1,189,failed a technical gate (trend/near-high/RSI) -- not in the top 20 at all,-11538.450000000033,-2.7107430677352884,2
BIOCON,2025-01-09,2025-01-10,370.7,360.95,1139,failed a technical gate (trend/near-high/RSI) -- not in the top 20 at all,-11105.25,-2.6301591583490658,1
AMBER,2025-01-06,2025-01-13,7664.8,6990.470087264245,56,stop,-37762.47511320228,-8.797749618199491,7
MUTHOOTFIN,2025-01-07,2025-01-13,2209.15,2094.4325713404573,198,stop,-22714.050874589462,-5.192831118735386,6
COFORGE,2025-01-10,2025-01-13,1881.0,1784.5703187180081,221,stop,-21310.9595633202,-5.126511498245179,3
DRREDDY,2025-01-08,2025-01-13,1370.75,1335.1,311,failed a technical gate (trend/near-high/RSI) -- not in the top 20 at all,-11087.150000000029,-2.6007660040124114,5
JUBLFOOD,2025-01-10,2025-01-13,737.0,706.6,566,failed a technical gate (trend/near-high/RSI) -- not in the top 20 at all,-17206.399999999987,-4.124830393487111,3
HCLTECH,2025-01-09,2025-01-14,1934.8,1859.229518340046,218,stop,-16474.365001869948,-3.9058549545148757,5
INFY,2025-01-10,2025-01-16,1925.3,1887.6,216,failed a technical gate (trend/near-high/RSI) -- not in the top 20 at all,-8143.20000000001,-1.9581363943281582,6
TCS,2025-01-14,2025-01-16,4233.05,4206.3,95,closed below 200 EMA,-2541.25,-0.6319320584448618,2
DRREDDY,2025-01-14,2025-01-16,1337.55,1302.75,302,closed below 200 EMA,-10509.599999999986,-2.6017718963777026,2
EICHERMOT,2025-01-16,2025-01-21,5047.8,4969.95,80,failed a technical gate (trend/near-high/RSI) -- not in the top 20 at all,-6228.000000000029,-1.5422560323309242,5
360ONE,2025-01-21,2025-01-22,1201.85,1148.95,335,closed below 200 EMA,-17721.499999999953,-4.401547614094925,1
BSE,2025-01-16,2025-01-27,1998.0,1822.7666978766513,202,stop,-35397.12702891644,-8.770435541709142,11
BIOCON,2025-01-13,2025-01-27,365.2,370.25,1108,failed a technical gate (trend/near-high/RSI) -- not in the top 20 at all,5595.400000000012,1.382803943044908,14
MUTHOOTFIN,2025-01-14,2025-01-27,2123.85,2139.0,190,failed a technical gate (trend/near-high/RSI) -- not in the top 20 at all,2878.5000000000173,0.71332721237376,13
MANAPPURAM,2025-01-22,2025-01-27,195.35,184.46,2055,failed a technical gate (trend/near-high/RSI) -- not in the top 20 at all,-22378.94999999997,-5.5746096749423995,5
BAJAJHLDNG,2025-01-27,2025-01-28,11193.2,11029.3,35,failed a technical gate (trend/near-high/RSI) -- not in the top 20 at all,-5736.500000000051,-1.4642818854304518,1
ITC,2025-01-13,2025-01-29,418.65,413.2,967,failed a technical gate (trend/near-high/RSI) -- not in the top 20 at all,-5270.149999999989,-1.3018034157410652,16
BAJAJFINSV,2025-01-27,2025-02-01,1711.6,1664.9712388726468,230,stop,-10724.615059291207,-2.7242791030236635,5
MARICO,2025-01-13,2025-02-04,668.4,677.05,605,dropped out of top 20 rank (now #23 of 26),5233.249999999986,1.2941352483542667,22
EICHERMOT,2025-01-27,2025-02-11,5144.5,5107.941305355118,76,stop,-2778.460793011036,-0.7106364981024793,15
MUTHOOTFIN,2025-02-01,2025-02-11,2182.45,2188.2,187,failed a technical gate (trend/near-high/RSI) -- not in the top 20 at all,1075.25,0.2634653714861823,10
BAJAJFINSV,2025-02-04,2025-02-11,1813.25,1744.85,230,failed a technical gate (trend/near-high/RSI) -- not in the top 20 at all,-15732.000000000022,-3.7722321797876823,7
MANAPPURAM,2025-01-29,2025-02-12,199.41,185.93977366261308,2018,stop,-27182.9167488468,-6.755040538281387,14
SRF,2025-01-10,2025-02-14,2601.1,2752.25,160,failed a technical gate (trend/near-high/RSI) -- not in the top 20 at all,24184.000000000015,5.8110030371765875,35
WIPRO,2025-01-27,2025-02-14,294.35,300.35,1338,failed a technical gate (trend/near-high/RSI) -- not in the top 20 at all,8028.0,2.038389672158991,18
INDIGO,2025-02-11,2025-02-14,4316.85,4223.3,93,closed below 200 EMA,-8700.150000000016,-2.1670894286343056,3
GODFRYPHLP,2025-02-17,2025-02-18,2346.0,2281.0,173,failed a technical gate (trend/near-high/RSI) -- not in the top 20 at all,-11245.0,-2.770673486786024,1
BHARTIARTL,2025-02-14,2025-02-19,1717.05,1645.4111874540085,237,stop,-16978.398573399965,-4.172203054424239,5
MARUTI,2025-02-11,2025-02-20,12724.35,12440.65,31,failed a technical gate (trend/near-high/RSI) -- not in the top 20 at all,-8794.700000000023,-2.22958343648203,9
HDFCBANK,2025-02-19,2025-02-20,863.6,843.6,469,closed below 200 EMA,-9380.0,-2.315886984715143,1
MUTHOOTFIN,2025-02-14,2025-02-21,2254.9,2212.1,180,failed a technical gate (trend/near-high/RSI) -- not in the top 20 at all,-7704.000000000033,-1.8980886070335767,7
WIPRO,2025-02-18,2025-02-21,304.35,298.65,1338,failed a technical gate (trend/near-high/RSI) -- not in the top 20 at all,-7626.60000000006,-1.8728437654016883,3
BAJAJHLDNG,2025-02-11,2025-02-25,11513.6,11642.05,35,failed a technical gate (trend/near-high/RSI) -- not in the top 20 at all,4495.749999999962,1.1156371595330672,14
BSE,2025-02-21,2025-02-25,1919.5,1834.0,209,failed a technical gate (trend/near-high/RSI) -- not in the top 20 at all,-17869.5,-4.454284970044286,4
ASHOKLEY,2025-02-25,2025-02-28,113.6,105.96533300659954,3509,stop,-26790.046479842207,-6.7206575646130755,3
KOTAKBANK,2025-01-28,2025-02-28,377.6,380.6,1052,failed a technical gate (trend/near-high/RSI) -- not in the top 20 at all,3156.0,0.7944915254237239,31
BAJAJHLDNG,2025-02-27,2025-02-28,12068.65,11574.35,33,failed a technical gate (trend/near-high/RSI) -- not in the top 20 at all,-16311.899999999976,-4.095735645660447,1
BAJAJFINSV,2025-02-12,2025-03-04,1788.7,1790.3,226,failed a technical gate (trend/near-high/RSI) -- not in the top 20 at all,361.59999999997945,0.08945043886621207,20
MANAPPURAM,2025-02-21,2025-03-04,201.32,197.58,1994,failed a technical gate (trend/near-high/RSI) -- not in the top 20 at all,-7457.559999999961,-1.857738923107477,11
BAJFINANCE,2025-01-09,2025-03-05,728.0,830.0,580,failed a technical gate (trend/near-high/RSI) -- not in the top 20 at all,59160.0,14.010989010989006,55
BAJFINANCE,2025-03-06,2025-03-10,841.0,834.0,473,failed a technical gate (trend/near-high/RSI) -- not in the top 20 at all,-3311.0,-0.8323424494649179,4
PGEL,2025-03-10,2025-03-12,899.05,854.5,439,failed a technical gate (trend/near-high/RSI) -- not in the top 20 at all,-19557.44999999998,-4.9552305211056025,2
SBICARD,2025-01-16,2025-03-13,752.75,829.85,537,failed a technical gate (trend/near-high/RSI) -- not in the top 20 at all,41402.70000000001,10.24244437064099,56
BLUESTARCO,2025-03-04,2025-03-21,2100.65,2152.7,188,dropped out of top 20 rank (now #26 of 37),9785.399999999949,2.477804489086699,17
SRF,2025-02-20,2025-03-25,2795.9,2945.65,145,dropped out of top 20 rank (now #21 of 41),21713.75,5.356057083586685,33
HINDALCO,2025-03-05,2025-03-27,657.35,693.35,600,dropped out of top 20 rank (now #21 of 40),21600.0,5.4765345706244695,22
SHRIRAMFIN,2025-02-28,2025-04-01,617.3,637.45,636,failed a technical gate (trend/near-high/RSI) -- not in the top 20 at all,12815.400000000058,3.2642151304066225,32
CHOLAFIN,2025-02-28,2025-04-01,1400.75,1468.25,280,failed a technical gate (trend/near-high/RSI) -- not in the top 20 at all,18900.0,4.818847046225239,32
BAJFINANCE,2025-03-12,2025-04-02,848.5,867.0,466,failed a technical gate (trend/near-high/RSI) -- not in the top 20 at all,8621.0,2.1803182086034267,21
SBICARD,2025-03-25,2025-04-03,859.2,850.3,486,failed a technical gate (trend/near-high/RSI) -- not in the top 20 at all,-4325.400000000044,-1.0358472998137858,9
GODFRYPHLP,2025-04-01,2025-04-04,2369.0,2226.0,172,failed a technical gate (trend/near-high/RSI) -- not in the top 20 at all,-24596.0,-6.036302237230895,3
INDIGO,2025-02-20,2025-04-07,4501.45,4748.465848614266,90,stop,22231.426375283972,5.487472894606538,46
MUTHOOTFIN,2025-03-13,2025-04-07,2196.35,2150.0,178,stop,-8250.299999999985,-2.110319393539273,25
BAJAJFINSV,2025-03-21,2025-04-07,1847.25,1835.0,225,stop,-2756.25,-0.6631479225876258,17
MAZDOCK,2025-03-27,2025-04-07,2695.35,2221.05,155,stop,-73516.49999999996,-17.59697256385997,11
INDHOTEL,2025-04-02,2025-04-07,830.15,744.0,496,stop,-42730.39999999999,-10.3776425947118,5
SHRIRAMFIN,2025-04-03,2025-04-07,654.15,596.0,630,stop,-36634.499999999985,-8.88939845601161,4
HDFCBANK,2025-04-04,2025-04-07,908.6,876.2543262595212,445,stop,-14393.82481451306,-3.5599464825532445,3
TORNTPHARM,2025-04-07,2025-04-09,3233.55,3126.8,117,closed below 200 EMA,-12489.75,-3.301325168931979,2
FEDERALBNK,2025-04-07,2025-04-11,190.81,190.44,1989,dropped out of top 20 rank (now #24 of 30),-735.930000000009,-0.1939101724228287,4
APOLLOHOSP,2025-04-07,2025-04-11,6683.3,6780.95,56,dropped out of top 20 rank (now #21 of 30),5468.39999999998,1.461104544162306,4
MARICO,2025-04-07,2025-04-16,662.65,720.45,573,dropped out of top 20 rank (now #23 of 43),33119.40000000004,8.722553384139452,9
HDFCLIFE,2025-04-07,2025-04-17,665.95,720.05,570,failed a technical gate (trend/near-high/RSI) -- not in the top 20 at all,30836.99999999995,8.123733012988943,10
MFSL,2025-04-07,2025-04-17,1128.45,1218.0,336,dropped out of top 20 rank (now #22 of 47),30088.799999999985,7.935663963844197,10
SHRIRAMFIN,2025-04-17,2025-04-25,691.75,640.6948737187944,583,stop,-29765.138621942875,-7.380574814774931,8
MANAPPURAM,2025-03-05,2025-04-25,203.68,226.93,1939,failed a technical gate (trend/near-high/RSI) -- not in the top 20 at all,45081.75,11.414964650432058,51
LTF,2025-04-25,2025-04-28,172.99,161.5093994542209,2335,stop,-26807.202274394225,-6.636568903277129,3
BAJFINANCE,2025-04-09,2025-04-30,873.5,861.7556844695237,443,stop,-5202.73178000102,-1.3445123675416504,21
BAJAJFINSV,2025-04-17,2025-04-30,2035.3,1939.7321172983345,198,stop,-18922.440774929757,-4.6955182381794085,13
GMRAIRPORT,2025-04-28,2025-05-06,88.17,86.42,4595,failed a technical gate (trend/near-high/RSI) -- not in the top 20 at all,-8041.25,-1.984802086877624,8
BDL,2025-05-06,2025-05-07,1527.7,1447.9,262,failed a technical gate (trend/near-high/RSI) -- not in the top 20 at all,-20907.599999999988,-5.223538652876869,1
INDIGO,2025-04-07,2025-05-08,4988.7,5109.429907986336,76,stop,9175.473006961536,2.4200675123045245,31
HDFCBANK,2025-04-11,2025-05-09,903.4,944.8,431,failed a technical gate (trend/near-high/RSI) -- not in the top 20 at all,17843.39999999999,4.582687624529558,28
HDFCAMC,2025-04-25,2025-05-09,2105.0,2051.6,191,failed a technical gate (trend/near-high/RSI) -- not in the top 20 at all,-10199.400000000018,-2.5368171021377672,14
ICICIBANK,2025-05-08,2025-05-09,1435.5,1388.9,274,failed a technical gate (trend/near-high/RSI) -- not in the top 20 at all,-12768.399999999976,-3.246255660048758,1
MUTHOOTFIN,2025-05-09,2025-05-13,2229.6,2216.5,176,dropped out of top 20 rank (now #21 of 51),-2305.599999999984,-0.5875493362037965,4
GODFRYPHLP,2025-04-16,2025-05-21,2448.0,2851.0,163,dropped out of top 20 rank (now #25 of 59),65689.0,16.462418300653603,35
INDIGO,2025-05-13,2025-05-23,5521.0,5521.0,75,dropped out of top 20 rank (now #22 of 60),0.0,0.0,10
MAZDOCK,2025-04-30,2025-06-11,3057.6,3322.8157328919056,130,stop,34478.045275947734,8.673983938118312,42
BDL,2025-05-09,2025-06-12,1531.8,1871.0,256,failed a technical gate (trend/near-high/RSI) -- not in the top 20 at all,86835.20000000001,22.143883013448228,34
CDSL,2025-06-11,2025-06-12,1739.4,1644.2,260,failed a technical gate (trend/near-high/RSI) -- not in the top 20 at all,-24752.00000000001,-5.47315166149247,1
BSE,2025-04-01,2025-06-13,1822.0,2653.0,224,stop,186144.0,45.60922063666302,73
ANGELONE,2025-05-23,2025-06-13,308.0,294.06146264227834,1408,stop,-19625.460599672093,-4.525499142117417,21
PNBHOUSING,2025-04-11,2025-06-13,979.4,1055.6,397,failed a technical gate (trend/near-high/RSI) -- not in the top 20 at all,30251.399999999972,7.780273636920554,63
HDFCAMC,2025-06-12,2025-06-16,2461.7,2299.7,179,stop,-28998.0,-6.580818133809974,4
BSE,2025-06-13,2025-06-18,2711.2,2633.2,161,failed a technical gate (trend/near-high/RSI) -- not in the top 20 at all,-12558.0,-2.8769548539392176,5
HAL,2025-05-21,2025-06-19,5001.1,4902.3,85,failed a technical gate (trend/near-high/RSI) -- not in the top 20 at all,-8398.000000000015,-1.9755653756173719,29
CDSL,2025-06-16,2025-06-19,1682.6,1637.8,261,failed a technical gate (trend/near-high/RSI) -- not in the top 20 at all,-11692.799999999988,-2.662546059669557,3
BDL,2025-06-13,2025-06-24,1900.0,1851.7,230,failed a technical gate (trend/near-high/RSI) -- not in the top 20 at all,-11108.999999999989,-2.54210526315789,11
BSE,2025-06-24,2025-07-04,2785.6,2635.2,161,failed a technical gate (trend/near-high/RSI) -- not in the top 20 at all,-24214.400000000016,-5.399195864445727,10
MFSL,2025-05-09,2025-07-07,1268.2,1568.5,310,failed a technical gate (trend/near-high/RSI) -- not in the top 20 at all,93092.99999999999,23.679230405298846,59
HDFCAMC,2025-06-18,2025-07-07,2418.6,2446.0,182,failed a technical gate (trend/near-high/RSI) -- not in the top 20 at all,4986.800000000017,1.132886794013066,19
BDL,2025-07-07,2025-07-10,1943.3,1892.8,233,failed a technical gate (trend/near-high/RSI) -- not in the top 20 at all,-11766.5,-2.5986723614470186,3
MCX,2025-06-13,2025-07-11,1512.0,1656.6749616185812,290,stop,41955.73886938854,9.568449842498762,28
BEL,2025-04-30,2025-07-11,314.1,409.3,1269,failed a technical gate (trend/near-high/RSI) -- not in the top 20 at all,120808.79999999999,30.308818847500785,72
GVT&D,2025-06-12,2025-07-11,2308.6,2332.9,191,failed a technical gate (trend/near-high/RSI) -- not in the top 20 at all,4641.300000000035,1.0525859828467654,29
CDSL,2025-07-04,2025-07-11,1762.5,1688.7,258,failed a technical gate (trend/near-high/RSI) -- not in the top 20 at all,-19040.399999999987,-4.1872340425531895,7
AUBANK,2025-05-07,2025-07-16,687.6,797.75,581,failed a technical gate (trend/near-high/RSI) -- not in the top 20 at all,63997.14999999999,16.019488074461897,70
LTF,2025-07-07,2025-07-17,207.77,199.78,2182,failed a technical gate (trend/near-high/RSI) -- not in the top 20 at all,-17434.18000000002,-3.8455984983395197,10
ABCAPITAL,2025-06-19,2025-07-18,255.68,264.35,1709,failed a technical gate (trend/near-high/RSI) -- not in the top 20 at all,14817.030000000028,3.390957446808507,29
360ONE,2025-06-19,2025-07-22,1114.4,1131.0625094890302,392,stop,6531.703719699788,1.4952000618296823,33
MOTILALOFS,2025-07-11,2025-07-24,934.4,904.9,473,failed a technical gate (trend/near-high/RSI) -- not in the top 20 at all,-13953.5,-3.1571061643835607,13
GODFRYPHLP,2025-07-16,2025-07-24,3106.0,2935.0,144,failed a technical gate (trend/near-high/RSI) -- not in the top 20 at all,-24624.0,-5.505473277527361,8
NAM-INDIA,2025-07-11,2025-07-25,804.85,809.7,549,failed a technical gate (trend/near-high/RSI) -- not in the top 20 at all,2662.6500000000124,0.6025967571597235,14
MANAPPURAM,2025-07-17,2025-07-25,270.7,265.65,1648,failed a technical gate (trend/near-high/RSI) -- not in the top 20 at all,-8322.40000000002,-1.865533801256003,8
RBLBANK,2025-07-11,2025-07-28,264.16,253.26,1673,failed a technical gate (trend/near-high/RSI) -- not in the top 20 at all,-18235.700000000055,-4.126287098728055,17
LTF,2025-07-24,2025-07-28,210.1,201.99,2093,failed a technical gate (trend/near-high/RSI) -- not in the top 20 at all,-16974.22999999997,-3.8600666349357327,4
MUTHOOTFIN,2025-07-10,2025-07-29,2644.8,2617.1,168,failed a technical gate (trend/near-high/RSI) -- not in the top 20 at all,-4653.600000000046,-1.0473381730187636,19
DELHIVERY,2025-07-28,2025-07-30,428.85,409.15,1009,failed a technical gate (trend/near-high/RSI) -- not in the top 20 at all,-19877.300000000047,-4.593680774163467,2
POLYCAB,2025-07-28,2025-08-01,6837.5,6698.0,63,failed a technical gate (trend/near-high/RSI) -- not in the top 20 at all,-8788.5,-2.0402193784277878,4
GLENMARK,2025-07-22,2025-08-05,2157.9,2052.6,206,failed a technical gate (trend/near-high/RSI) -- not in the top 20 at all,-21691.80000000004,-4.879744195745872,14
MOTILALOFS,2025-07-29,2025-08-05,937.4,910.75,462,failed a technical gate (trend/near-high/RSI) -- not in the top 20 at all,-12312.29999999999,-2.842969916791127,7
ETERNAL,2025-07-24,2025-08-07,313.15,291.55,1404,stop,-30326.39999999995,-6.897652882005422,14
MOTILALOFS,2025-08-07,2025-08-08,917.8,905.6,475,failed a technical gate (trend/near-high/RSI) -- not in the top 20 at all,-5794.999999999967,-1.3292656352146381,1
HDFCAMC,2025-07-11,2025-08-11,2503.2,2691.6,176,failed a technical gate (trend/near-high/RSI) -- not in the top 20 at all,33158.400000000016,7.526366251198469,31
RBLBANK,2025-07-30,2025-08-11,261.75,258.5,1661,failed a technical gate (trend/near-high/RSI) -- not in the top 20 at all,-5398.25,-1.241642788920727,12
MOTILALOFS,2025-08-11,2025-08-12,918.55,911.3,478,failed a technical gate (trend/near-high/RSI) -- not in the top 20 at all,-3465.5,-0.7892874639377268,1
SBIN,2025-08-12,2025-08-19,820.6,830.4,532,dropped out of top 20 rank (now #22 of 51),5213.599999999976,1.1942481111381964,7
INDIANB,2025-08-11,2025-08-25,659.95,654.1,666,dropped out of top 20 rank (now #22 of 49),-3896.100000000015,-0.8864307902113788,14
GVT&D,2025-07-18,2025-08-26,2358.2,2690.1,188,failed a technical gate (trend/near-high/RSI) -- not in the top 20 at all,62397.20000000002,14.074293953015026,39
NAM-INDIA,2025-08-19,2025-08-26,861.7,825.7,518,failed a technical gate (trend/near-high/RSI) -- not in the top 20 at all,-18648.0,-4.177788093303936,7
HDFCAMC,2025-08-25,2025-08-28,2882.9,2754.8716429832884,156,stop,-19972.423694607016,-4.440957265833423,3
DELHIVERY,2025-08-05,2025-09-01,458.05,473.75,949,dropped out of top 20 rank (now #21 of 42),14899.299999999988,3.427573409016471,27
GODFRYPHLP,2025-08-05,2025-09-02,3292.0,3353.0,132,failed a technical gate (trend/near-high/RSI) -- not in the top 20 at all,8052.0,1.8529769137302532,28
FORTIS,2025-08-01,2025-09-12,859.25,970.0,506,dropped out of top 20 rank (now #21 of 66),56039.5,12.88914751236543,42
PAYTM,2025-07-25,2025-09-17,1067.75,1222.1,406,dropped out of top 20 rank (now #21 of 79),62666.09999999996,14.455630999765855,54
GODFRYPHLP,2025-09-17,2025-09-19,3571.0,3525.0,129,dropped out of top 20 rank (now #23 of 86),-5934.0,-1.2881545785494275,2
CUMMINSIND,2025-07-25,2025-09-23,3535.1,4005.2,122,dropped out of top 20 rank (now #21 of 64),57352.19999999999,13.298067947158486,60
ADANIPOWER,2025-09-23,2025-09-24,162.35,147.19789905277287,2852,stop,-43213.791901491764,-9.332984876641282,1
MANAPPURAM,2025-09-02,2025-09-25,281.0,281.2,1590,failed a technical gate (trend/near-high/RSI) -- not in the top 20 at all,317.9999999999819,0.0711743772241924,23
ETERNAL,2025-08-08,2025-09-26,300.9,322.27622414754416,1449,stop,30974.148789791514,7.104095761895701,49
UNOMINDA,2025-08-26,2025-09-26,1276.8,1268.9,348,failed a technical gate (trend/near-high/RSI) -- not in the top 20 at all,-2749.1999999999525,-0.618734335839588,31
HAL,2025-09-19,2025-09-29,4916.2,4703.649379394646,94,stop,-19979.758336903295,-4.323473833557512,10
ADANIPOWER,2025-09-25,2025-09-30,149.0,144.65,3056,failed a technical gate (trend/near-high/RSI) -- not in the top 20 at all,-13293.599999999982,-2.9194630872483196,5
ASHOKLEY,2025-09-26,2025-10-06,141.93,137.78,3166,failed a technical gate (trend/near-high/RSI) -- not in the top 20 at all,-13138.900000000018,-2.92397660818714,10
MUTHOOTFIN,2025-09-24,2025-10-23,3088.3,3136.072669039739,147,stop,7022.582348841626,1.5468921102139932,29
EICHERMOT,2025-08-28,2025-10-23,6133.0,6884.5,72,failed a technical gate (trend/near-high/RSI) -- not in the top 20 at all,54108.0,12.253383336050883,56
MARUTI,2025-09-29,2025-10-28,15984.0,16311.0,28,dropped out of top 20 rank (now #24 of 77),9156.0,2.0457957957958017,29
NAM-INDIA,2025-09-12,2025-10-29,827.75,870.0,551,stop,23279.75,5.104198127453952,47
360ONE,2025-10-23,2025-10-29,1178.9,1114.6589272192105,403,stop,-25889.152330658224,-5.449238508846355,6
HEROMOTOCO,2025-09-01,2025-10-30,5244.0,5515.0,85,failed a technical gate (trend/near-high/RSI) -- not in the top 20 at all,23035.0,5.167810831426389,59
BAJFINANCE,2025-09-26,2025-10-31,985.1,1042.8,456,failed a technical gate (trend/near-high/RSI) -- not in the top 20 at all,26311.199999999968,5.8572733732615845,35
ADANIPOWER,2025-10-06,2025-11-03,151.99,156.73,3017,failed a technical gate (trend/near-high/RSI) -- not in the top 20 at all,14300.579999999942,3.1186262254095487,28
MCX,2025-11-03,2025-11-07,1905.0,1794.3459095778176,249,stop,-27552.868515123428,-5.808613670455776,4
INDIANB,2025-09-30,2025-11-21,735.05,834.05,618,failed a technical gate (trend/near-high/RSI) -- not in the top 20 at all,61182.0,13.468471532548797,52
BANKBARODA,2025-10-31,2025-11-24,269.7,273.05,1737,failed a technical gate (trend/near-high/RSI) -- not in the top 20 at all,5818.95000000004,1.2421208750463597,24
BANKINDIA,2025-10-23,2025-12-03,131.24,135.04261241598502,3624,stop,13780.667395529676,2.897449265456431,41
SBIN,2025-10-29,2025-12-03,939.75,951.05,500,failed a technical gate (trend/near-high/RSI) -- not in the top 20 at all,5649.999999999977,1.2024474594307,35
BSE,2025-11-24,2025-12-03,2802.2,2751.1,173,failed a technical gate (trend/near-high/RSI) -- not in the top 20 at all,-8840.299999999985,-1.8235671972021916,9
CANBK,2025-10-30,2025-12-08,128.65,137.74350071247605,3641,stop,33109.436094125274,7.068403196638973,39
BHARATFORG,2025-12-03,2025-12-08,1406.7,1373.6,348,failed a technical gate (trend/near-high/RSI) -- not in the top 20 at all,-11518.800000000047,-2.353024809838644,5
BSE,2025-12-08,2025-12-09,2798.8,2634.114493698545,173,stop,-28490.592590151715,-5.88414700233868,1
HEROMOTOCO,2025-12-08,2025-12-09,6167.0,6001.0,78,failed a technical gate (trend/near-high/RSI) -- not in the top 20 at all,-12948.0,-2.6917463920869134,1
BANKBARODA,2025-12-09,2025-12-10,280.75,277.15,1729,failed a technical gate (trend/near-high/RSI) -- not in the top 20 at all,-6224.40000000004,-1.2822796081923493,1
CANBK,2025-12-09,2025-12-10,141.52,140.91,3431,failed a technical gate (trend/near-high/RSI) -- not in the top 20 at all,-2092.9100000000467,-0.4310344827586299,1
EICHERMOT,2025-12-10,2025-12-16,7228.5,7061.5,66,failed a technical gate (trend/near-high/RSI) -- not in the top 20 at all,-11022.0,-2.310299508888425,6
LTF,2025-08-26,2025-12-18,220.0,299.85,2024,failed a technical gate (trend/near-high/RSI) -- not in the top 20 at all,161616.40000000005,36.295454545454554,114
SBIN,2025-12-18,2025-12-26,977.55,966.3,504,failed a technical gate (trend/near-high/RSI) -- not in the top 20 at all,-5670.0,-1.150836274359368,8
MUTHOOTFIN,2025-12-03,2025-12-29,3763.4,3736.5,130,failed a technical gate (trend/near-high/RSI) -- not in the top 20 at all,-3497.000000000012,-0.7147791890312005,26
MOTHERSON,2025-12-10,2025-12-30,116.28,119.75,4157,dropped out of top 20 rank (now #21 of 57),14424.789999999995,2.984176126590987,20
FEDERALBNK,2025-11-07,2026-01-05,237.26,263.75,2025,dropped out of top 20 rank (now #23 of 76),53642.25000000002,11.1649667031948,59
CANBK,2025-12-16,2026-01-07,142.47,148.08,3443,dropped out of top 20 rank (now #21 of 79),19315.230000000047,3.937671088650241,22
HINDZINC,2025-12-29,2026-01-08,618.55,588.9347918307274,812,stop,-24047.549033449344,-4.787843855674168,10
NMDC,2025-12-26,2026-01-09,80.17,77.92451096293601,6291,stop,-14126.371532169562,-2.8009093639316363,14
MANAPPURAM,2026-01-07,2026-01-09,319.9,301.3110221714369,1645,stop,-30578.86852798628,-5.810871468759949,2
AUBANK,2025-10-29,2026-01-13,882.45,962.3143977396953,533,stop,42567.723995257584,9.050302877182315,76
EICHERMOT,2026-01-09,2026-01-14,7507.0,7266.614916663225,68,stop,-16346.185666900707,-3.2021457751002402,5
BAJAJ-AUTO,2026-01-08,2026-01-16,9760.5,9489.0,52,dropped out of top 20 rank (now #21 of 51),-14118.0,-2.7816197940679244,8
NMDC,2026-01-13,2026-01-19,79.7,78.99,6453,failed a technical gate (trend/near-high/RSI) -- not in the top 20 at all,-4581.630000000051,-0.8908406524466894,6
MANAPPURAM,2026-01-16,2026-01-20,314.0,301.85,1652,failed a technical gate (trend/near-high/RSI) -- not in the top 20 at all,-20071.799999999963,-3.869426751592353,4
BANKBARODA,2026-01-05,2026-01-21,297.25,289.7,1756,failed a technical gate (trend/near-high/RSI) -- not in the top 20 at all,-13257.80000000002,-2.5399495374264114,16
NATIONALUM,2025-10-28,2026-01-30,236.76,386.7146736057631,2007,stop,300959.0299267665,63.33615205514575,94
HINDZINC,2026-01-09,2026-01-30,606.45,647.2246923040271,844,stop,34413.840304598874,6.7235043786012305,21
SBIN,2025-12-30,2026-02-01,973.45,1024.551936766317,526,stop,26879.618739082776,5.2495697535895,33
BANKINDIA,2026-01-14,2026-02-01,148.03,147.07184702545635,3522,stop,-3374.61477634274,-0.6472694552074887,18
MCX,2026-01-19,2026-02-01,2429.0,2300.0,216,stop,-27864.0,-5.310827501029225,13
NATIONALUM,2026-01-30,2026-02-01,385.45,352.40908366071045,1392,stop,-45992.955544291035,-8.572036928081339,2
UNIONBANK,2026-01-20,2026-02-01,170.69,164.51,3021,failed a technical gate (trend/near-high/RSI) -- not in the top 20 at all,-18669.78000000002,-3.620598746265158,12
INDIANB,2026-01-21,2026-02-01,832.8,825.55,617,failed a technical gate (trend/near-high/RSI) -- not in the top 20 at all,-4473.25,-0.8705571565802095,11
SHRIRAMFIN,2025-11-21,2026-02-02,823.3,951.4016966590506,587,stop,75195.69593886271,15.559540466300327,73
INFY,2026-02-01,2026-02-02,1619.5,1594.9,314,failed a technical gate (trend/near-high/RSI) -- not in the top 20 at all,-7724.399999999971,-1.518987341772149,1
OIL,2026-02-01,2026-02-03,501.8,488.9,1015,dropped out of top 20 rank (now #27 of 43),-13093.500000000035,-2.570745316859313,2
BEL,2026-02-01,2026-02-03,425.35,438.95,1197,dropped out of top 20 rank (now #22 of 43),16279.199999999959,3.1973668743387806,2
TECHM,2026-02-01,2026-02-04,1673.8,1600.3000691168083,304,stop,-22343.97898849025,-4.391201510526443,3
NATIONALUM,2026-02-02,2026-02-05,369.7,363.85,1373,failed a technical gate (trend/near-high/RSI) -- not in the top 20 at all,-8032.049999999953,-1.5823640789829452,3
BAJAJ-AUTO,2026-02-01,2026-02-09,9499.5,9590.0,53,dropped out of top 20 rank (now #23 of 78),4796.5,0.9526817200905313,8
MCX,2026-02-04,2026-02-11,2543.3,2372.8,203,failed a technical gate (trend/near-high/RSI) -- not in the top 20 at all,-34611.5,-6.703888648606138,7
NMDC,2026-02-02,2026-02-13,79.04,79.43,6422,failed a technical gate (trend/near-high/RSI) -- not in the top 20 at all,2504.5800000000036,0.49342105263157077,11
NATIONALUM,2026-02-09,2026-02-13,365.2,349.3,1427,failed a technical gate (trend/near-high/RSI) -- not in the top 20 at all,-22689.299999999967,-4.353778751369108,4
BSE,2026-02-11,2026-02-16,3177.1,2810.0,165,stop,-60571.499999999985,-11.554562336722164,5
NMDC,2026-02-16,2026-02-17,80.46,79.03,6385,failed a technical gate (trend/near-high/RSI) -- not in the top 20 at all,-9130.549999999952,-1.7772806363410276,1
FEDERALBNK,2026-02-01,2026-02-19,285.1,288.3,1786,dropped out of top 20 rank (now #23 of 63),5715.19999999998,1.1224131883549537,18
SHRIRAMFIN,2026-02-13,2026-03-02,1065.8,1052.5,482,failed a technical gate (trend/near-high/RSI) -- not in the top 20 at all,-6410.5999999999785,-1.2478889097391588,17
APLAPOLLO,2026-01-30,2026-03-04,2045.7,2131.603593202479,262,stop,22506.741419049435,4.19922731595439,33
BANKINDIA,2026-02-03,2026-03-04,153.01,157.94769555088027,3350,stop,16541.280095448932,3.2270410763219903,29
BANKBARODA,2026-02-19,2026-03-04,294.9,293.1645718101938,1744,stop,-3026.586763021938,-0.5884802271299283,13
ASHOKLEY,2025-12-03,2026-03-04,162.71,200.46,3010,failed a technical gate (trend/near-high/RSI) -- not in the top 20 at all,113627.5,23.20078667568066,91
SBIN,2026-02-03,2026-03-05,1064.2,1155.7756478961394,481,stop,44047.886638043026,8.605116321757134,30
UNIONBANK,2026-02-05,2026-03-06,172.82,183.24,2969,failed a technical gate (trend/near-high/RSI) -- not in the top 20 at all,30936.980000000047,6.029394745978478,29
SBIN,2026-03-05,2026-03-06,1169.5,1143.0,444,failed a technical gate (trend/near-high/RSI) -- not in the top 20 at all,-11766.0,-2.26592560923472,1
INDIANB,2026-02-17,2026-03-09,900.9,891.708604135213,574,stop,-5275.861226387712,-1.0202459612373094,20
POLYCAB,2026-03-04,2026-03-10,8284.0,7918.111182872448,61,stop,-22319.21784478068,-4.416813340506421,6
CUMMINSIND,2026-03-06,2026-03-11,4800.7,4630.7,108,failed a technical gate (trend/near-high/RSI) -- not in the top 20 at all,-18360.0,-3.5411502489220315,5
BHARATFORG,2026-02-13,2026-03-12,1738.8,1758.347843916154,295,stop,5766.613955265453,1.1242146259577979,27
BEL,2026-03-06,2026-03-13,468.45,442.746140295647,1107,stop,-28454.172692718734,-5.487001751382847,7
ASTRAL,2026-03-11,2026-03-13,1746.3,1632.3750662170326,290,stop,-33038.23079706055,-6.523789370839339,2
GVT&D,2026-03-02,2026-03-13,3772.4,3604.3,139,failed a technical gate (trend/near-high/RSI) -- not in the top 20 at all,-23365.899999999987,-4.4560491994486195,11
CGPOWER,2026-03-10,2026-03-16,728.2,680.4669792593064,701,stop,-33460.84753922623,-6.554932812509429,6
NATIONALUM,2026-03-04,2026-03-16,373.5,372.25,1365,failed a technical gate (trend/near-high/RSI) -- not in the top 20 at all,-1706.25,-0.33467202141901353,12
TORNTPHARM,2026-03-04,2026-03-16,4341.0,4266.6,117,failed a technical gate (trend/near-high/RSI) -- not in the top 20 at all,-8704.799999999957,-1.7138908085694404,12
SUNPHARMA,2026-03-13,2026-03-19,1801.6,1744.4,275,failed a technical gate (trend/near-high/RSI) -- not in the top 20 at all,-15729.999999999949,-3.1749555950266295,6
LUPIN,2026-03-16,2026-03-19,2290.4,2251.5,213,failed a technical gate (trend/near-high/RSI) -- not in the top 20 at all,-8285.700000000019,-1.698393293747824,3
MCX,2026-03-09,2026-03-20,2577.1,2414.5,197,failed a technical gate (trend/near-high/RSI) -- not in the top 20 at all,-32032.199999999983,-6.309417562376307,11
BSE,2026-03-13,2026-03-20,2797.0,2806.1,177,failed a technical gate (trend/near-high/RSI) -- not in the top 20 at all,1610.699999999984,0.32534858777260034,7
ASTRAL,2026-03-19,2026-03-20,1640.4,1631.8,296,failed a technical gate (trend/near-high/RSI) -- not in the top 20 at all,-2545.6000000000404,-0.5242623750304931,1
ABB,2026-03-04,2026-03-23,5830.5,6041.5,87,failed a technical gate (trend/near-high/RSI) -- not in the top 20 at all,18357.0,3.6189006088671594,19
PFC,2026-03-19,2026-03-23,411.85,398.0,1179,closed below 200 EMA,-16329.150000000027,-3.362874833070295,4
SUNPHARMA,2026-03-20,2026-03-23,1777.1,1758.4,273,failed a technical gate (trend/near-high/RSI) -- not in the top 20 at all,-5105.09999999995,-1.052276180293732,3
GLENMARK,2026-03-20,2026-03-23,2180.1,2089.0,223,failed a technical gate (trend/near-high/RSI) -- not in the top 20 at all,-20315.29999999998,-4.1787073987431755,3
COALINDIA,2026-03-12,2026-03-24,470.1,441.43539093066624,1080,stop,-30957.77779488048,-6.0975556412111835,12
TATAPOWER,2026-03-16,2026-03-24,390.55,384.75,1253,failed a technical gate (trend/near-high/RSI) -- not in the top 20 at all,-7267.400000000014,-1.485085136346176,8
ABB,2026-03-24,2026-03-27,6162.0,6105.0,76,failed a technical gate (trend/near-high/RSI) -- not in the top 20 at all,-4332.0,-0.9250243427458615,3
TATAPOWER,2026-03-25,2026-03-27,390.7,385.7,1220,failed a technical gate (trend/near-high/RSI) -- not in the top 20 at all,-6100.0,-1.2797542871768597,2
DELHIVERY,2026-03-25,2026-03-30,430.35,416.7,1108,closed below 200 EMA,-15124.200000000037,-3.171836876960621,5
SUNPHARMA,2026-03-27,2026-03-30,1793.6,1757.2,265,failed a technical gate (trend/near-high/RSI) -- not in the top 20 at all,-9645.999999999964,-2.029438001784112,3
GLENMARK,2026-03-27,2026-03-30,2170.5,2131.7,219,failed a technical gate (trend/near-high/RSI) -- not in the top 20 at all,-8497.20000000004,-1.7876065422713694,3
LUPIN,2026-03-20,2026-04-01,2322.5,2274.9,209,failed a technical gate (trend/near-high/RSI) -- not in the top 20 at all,-9948.399999999981,-2.0495156081808408,12
OIL,2026-04-02,2026-04-06,480.15,472.2,990,failed a technical gate (trend/near-high/RSI) -- not in the top 20 at all,-7870.499999999989,-1.6557325835676373,4
GVT&D,2026-04-01,2026-04-07,3798.7,3673.2,124,failed a technical gate (trend/near-high/RSI) -- not in the top 20 at all,-15562.0,-3.303761813251904,6
DELHIVERY,2026-04-01,2026-04-08,431.4,459.85,1098,dropped out of top 20 rank (now #24 of 30),31238.10000000005,6.5948076031525416,7
COALINDIA,2026-04-02,2026-04-08,449.35,449.25,1058,failed a technical gate (trend/near-high/RSI) -- not in the top 20 at all,-105.80000000002406,-0.022254367419616283,6
ONGC,2026-03-27,2026-04-09,281.95,288.6,1685,dropped out of top 20 rank (now #23 of 42),11205.250000000058,2.358574215286402,13
AUROPHARMA,2026-03-13,2026-04-15,1296.5,1373.9,382,dropped out of top 20 rank (now #21 of 65),29566.800000000036,5.969919012726588,33
DMART,2026-04-01,2026-04-16,4271.1,4428.3,110,dropped out of top 20 rank (now #23 of 70),17291.999999999978,3.680550677811323,15
INDIANB,2026-04-08,2026-04-17,936.55,919.85,515,dropped out of top 20 rank (now #25 of 78),-8600.499999999965,-1.7831402487854309,9
NATIONALUM,2026-04-01,2026-04-30,399.45,399.79447966096217,1186,stop,408.55287790114426,0.0862384931686444,29
ABB,2026-04-08,2026-05-08,6565.0,7012.5,73,failed a technical gate (trend/near-high/RSI) -- not in the top 20 at all,32667.5,6.816450875856805,30
NMDC,2026-04-07,2026-05-11,81.74,86.79,5856,failed a technical gate (trend/near-high/RSI) -- not in the top 20 at all,29572.80000000007,6.178125764619535,34
GVT&D,2026-04-15,2026-05-12,4134.5,4233.513680237785,121,stop,11980.655308771948,2.3948163076015216,27
ADANIENSOL,2026-04-17,2026-05-12,1259.8,1262.6814054743188,413,stop,1190.0204608936865,0.2287192787997272,25
ANGELONE,2026-04-09,2026-05-12,281.8,299.1,1733,failed a technical gate (trend/near-high/RSI) -- not in the top 20 at all,29980.90000000002,6.139105748757978,33
CAMS,2026-05-08,2026-05-13,836.3,778.7580112260272,655,stop,-37690.00264695217,-6.880543916533877,5
OFSS,2026-05-11,2026-05-14,9239.5,8730.12060712311,58,stop,-29544.004786859623,-5.513062318057149,3
CGPOWER,2026-05-12,2026-05-18,833.7,808.75,621,failed a technical gate (trend/near-high/RSI) -- not in the top 20 at all,-15493.950000000028,-2.992683219383474,6
NMDC,2026-05-13,2026-05-20,91.11,88.48,5763,failed a technical gate (trend/near-high/RSI) -- not in the top 20 at all,-15156.689999999973,-2.8866205685435187,7
ADANIGREEN,2026-05-12,2026-05-22,1308.0,1362.3,395,dropped out of top 20 rank (now #21 of 53),21448.49999999998,4.1513761467889765,10
PNBHOUSING,2026-04-30,2026-05-29,1045.65,1030.5,509,failed a technical gate (trend/near-high/RSI) -- not in the top 20 at all,-7711.350000000046,-1.4488595610385957,29
BSE,2026-04-06,2026-06-01,2982.3,4047.402659762728,160,stop,170416.42556203646,35.714135390897226,56
BSE,2026-06-01,2026-06-02,4066.6,3931.9,132,failed a technical gate (trend/near-high/RSI) -- not in the top 20 at all,-17780.399999999976,-3.312349382776758,1
BHEL,2026-05-12,2026-06-04,391.75,389.2,1322,failed a technical gate (trend/near-high/RSI) -- not in the top 20 at all,-3371.100000000015,-0.6509253350351019,23
SAIL,2026-05-22,2026-06-05,201.21,190.56,2637,failed a technical gate (trend/near-high/RSI) -- not in the top 20 at all,-28084.050000000014,-5.292977486208439,14
BSE,2026-06-04,2026-06-05,4033.4,3880.0,133,failed a technical gate (trend/near-high/RSI) -- not in the top 20 at all,-20402.20000000001,-3.8032429216045993,1
NMDC,2026-06-02,2026-06-08,95.31,89.31408644924116,5671,stop,-34002.825746353396,-6.290959553833641,6
ADANIPOWER,2026-03-16,2026-06-08,154.06,225.85,3177,failed a technical gate (trend/near-high/RSI) -- not in the top 20 at all,228076.83,46.59872776840193,84
NAM-INDIA,2026-04-16,2026-06-08,964.85,1055.2,524,failed a technical gate (trend/near-high/RSI) -- not in the top 20 at all,47343.40000000001,9.364149867855097,53
GVT&D,2026-05-20,2026-06-08,4679.4,4744.0,113,failed a technical gate (trend/near-high/RSI) -- not in the top 20 at all,7299.800000000041,1.3805188699405946,19
COALINDIA,2026-06-05,2026-06-08,472.3,464.9,1132,failed a technical gate (trend/near-high/RSI) -- not in the top 20 at all,-8376.80000000004,-1.566800762227405,3
OFSS,2026-05-18,2026-06-09,9408.5,9639.5,55,failed a technical gate (trend/near-high/RSI) -- not in the top 20 at all,12705.0,2.4552266567465564,22
GVT&D,2026-06-09,2026-06-11,4931.0,4735.0,105,failed a technical gate (trend/near-high/RSI) -- not in the top 20 at all,-20580.0,-3.974852970999798,2
PREMIERENE,2026-06-08,2026-06-12,1090.5,1034.6,474,failed a technical gate (trend/near-high/RSI) -- not in the top 20 at all,-26496.600000000042,-5.126088950022933,4
ZYDUSLIFE,2026-06-08,2026-06-17,1087.6,1061.4,475,failed a technical gate (trend/near-high/RSI) -- not in the top 20 at all,-12444.999999999913,-2.4089738874586097,9
ADANIENSOL,2026-06-08,2026-06-17,1570.4,1491.0,329,dropped out of top 20 rank (now #24 of 65),-26122.60000000003,-5.0560366785532445,9
CGPOWER,2026-05-29,2026-06-24,917.45,919.45,598,failed a technical gate (trend/near-high/RSI) -- not in the top 20 at all,1196.0,0.21799553109160819,26
CUMMINSIND,2026-06-08,2026-06-24,5610.5,5555.5,92,failed a technical gate (trend/near-high/RSI) -- not in the top 20 at all,-5060.0,-0.9803047856697278,16
POLYCAB,2026-06-11,2026-06-25,9372.0,9531.0,54,failed a technical gate (trend/near-high/RSI) -- not in the top 20 at all,8586.0,1.696542893725983,14
SUZLON,2026-06-17,2026-06-25,59.27,57.14,8711,failed a technical gate (trend/near-high/RSI) -- not in the top 20 at all,-18554.430000000022,-3.5937236375906956,8
GVT&D,2026-06-12,2026-06-29,4942.5,4826.673115213523,103,stop,-11930.169133007174,-2.3434878054927166,17
FEDERALBNK,2026-06-25,2026-06-29,324.05,324.05,1589,dropped out of top 20 rank (now #25 of 62),0.0,0.0,4
ADANIGREEN,2026-06-05,2026-06-30,1525.7,1492.2,350,dropped out of top 20 rank (now #22 of 66),-11725.0,-2.1957134430097613,25
CGPOWER,2026-06-25,2026-07-03,942.1,897.0961271009405,546,stop,-24572.11460288649,-4.776974089699559,8
BHEL,2026-06-29,2026-07-03,413.75,385.6890708066307,1242,stop,-34851.67405816467,-6.7820976902403185,4
SUZLON,2026-06-30,2026-07-03,58.9,56.87,8746,failed a technical gate (trend/near-high/RSI) -- not in the top 20 at all,-17754.38000000001,-3.446519524617997,3
MOTILALOFS,2026-06-24,2026-07-08,935.15,909.6,551,failed a technical gate (trend/near-high/RSI) -- not in the top 20 at all,-14078.049999999976,-2.732182002887229,14
ABCAPITAL,2026-07-03,2026-07-08,401.25,385.75,1288,dropped out of top 20 rank (now #21 of 49),-19964.0,-3.8629283489096555,5
ADANIENT,2026-05-14,2026-07-09,2712.9,3083.6,197,dropped out of top 20 rank (now #26 of 51),73027.89999999997,13.664344428471376,56
NAM-INDIA,2026-06-17,2026-07-16,1153.7,1151.5,447,failed a technical gate (trend/near-high/RSI) -- not in the top 20 at all,-983.4000000000203,-0.1906908208373137,29
LTF,2026-07-03,2026-07-17,327.0,308.4489612739548,1580,stop,-29310.641187151403,-5.673100527842568,14
AUROPHARMA,2026-07-09,2026-07-17,1587.4,1533.4,321,failed a technical gate (trend/near-high/RSI) -- not in the top 20 at all,-17334.0,-3.401789089076479,8
NAM-INDIA,2026-07-17,2026-07-21,1186.5,1166.9,423,failed a technical gate (trend/near-high/RSI) -- not in the top 20 at all,-8290.799999999961,-1.651917404129788,4
OFSS,2026-06-24,2026-07-22,10468.5,10851.0,49,failed a technical gate (trend/near-high/RSI) -- not in the top 20 at all,18742.5,3.6538185986531024,28
LICI,2026-06-29,2026-07-22,431.25,423.3,1192,failed a technical gate (trend/near-high/RSI) -- not in the top 20 at all,-9476.399999999987,-1.8434782608695577,23
ZYDUSLIFE,2026-07-08,2026-07-22,1148.0,1126.3,434,failed a technical gate (trend/near-high/RSI) -- not in the top 20 at all,-9417.80000000002,-1.890243902439026,14
LUPIN,2026-07-08,2026-07-22,2459.0,2406.9,203,failed a technical gate (trend/near-high/RSI) -- not in the top 20 at all,-10576.299999999981,-2.1187474583163834,14
GODREJPROP,2026-07-21,2026-07-23,2164.3,2041.0,233,failed a technical gate (trend/near-high/RSI) -- not in the top 20 at all,-28728.90000000004,-5.69699209906206,2
PIDILITIND,2026-07-22,2026-07-23,1608.6,1564.2,306,failed a technical gate (trend/near-high/RSI) -- not in the top 20 at all,-13586.399999999958,-2.7601641178664593,1
PHOENIXLTD,2026-07-03,2026-07-24,2047.6,1988.7837052880766,252,stop,-14821.706267404676,-2.8724504157024433,21
BAJFINANCE,2026-07-17,2026-07-24,1056.3,1003.6392182557823,475,stop,-25013.871328503366,-4.985400146191199,7
BHEL,2026-07-16,2026-07-28,435.4,405.75,1166,failed a technical gate (trend/near-high/RSI) -- not in the top 20 at all,-34571.89999999997,-6.809830041341291,12
ABB,2026-07-24,2026-07-28,7375.5,7243.5,65,dropped out of top 20 rank (now #29 of 49),-8580.0,-1.7897091722595126,4
TORNTPHARM,2026-07-22,2026-07-29,5033.4,4878.5,98,failed a technical gate (trend/near-high/RSI) -- not in the top 20 at all,-15180.199999999964,-3.077442682878362,7
BIOCON,2026-07-22,2026-07-30,437.95,425.35,1126,failed a technical gate (trend/near-high/RSI) -- not in the top 20 at all,-14187.599999999962,-2.8770407580773982,8
MANKIND,2026-07-28,2026-07-31,2617.9,2484.1865065838256,187,stop,-25004.423268824634,-5.107662378859946,3
ALKEM,2026-07-24,2026-08-04,5633.5,5608.0,85,failed a technical gate (trend/near-high/RSI) -- not in the top 20 at all,-2167.5,-0.45264932990147777,11
GODREJPROP,2026-07-30,2026-08-04,2110.9,2033.6,237,failed a technical gate (trend/near-high/RSI) -- not in the top 20 at all,-18320.100000000042,-3.6619451418826166,5
LODHA,2026-07-28,2026-08-07,1301.4,1205.2705728022672,377,stop,-36240.79405354529,-7.386616505127774,10
BAJFINANCE,2026-07-31,2026-08-07,1141.2,1081.270698804315,435,stop,-26069.246020122955,-5.251428425839899,7
OFSS,2026-08-04,2026-08-13,11600.0,11420.0,42,failed a technical gate (trend/near-high/RSI) -- not in the top 20 at all,-7560.0,-1.551724137931032,9
LODHA,2026-08-07,2026-08-21,1218.7,1242.0,407,dropped out of top 20 rank (now #21 of 60),9483.099999999982,1.91187330762288,14
