symbol,entry_date,exit_date,entry_price,exit_price,qty,reason,pnl,ret_pct,holding_days
HINDALCO,2021-01-04,2021-01-12,254.3,264.35,393,dropped out of top 20 rank (now #21 of 113),3949.6500000000046,3.9520251671254503,8
SAIL,2021-01-12,2021-01-14,75.9,68.85505903831358,1372,stop,-9665.65899943377,-9.281872149784476,2
OBEROIRLTY,2021-01-04,2021-01-15,590.1,559.6,169,failed a technical gate (trend/near-high/RSI) -- not in the top 20 at all,-5154.5,-5.168615488900185,11
TATASTEEL,2021-01-04,2021-01-18,64.2,61.61,1557,failed a technical gate (trend/near-high/RSI) -- not in the top 20 at all,-4032.630000000005,-4.034267912772593,14
DIXON,2021-01-04,2021-01-22,2754.6,2765.3903905608463,36,stop,388.45406019047005,0.3917225935107238,18
JINDALSTEL,2021-01-04,2021-01-22,287.7,281.65,347,failed a technical gate (trend/near-high/RSI) -- not in the top 20 at all,-2099.350000000004,-2.102884949600281,18
VEDL,2021-01-15,2021-01-22,74.2,69.3,1403,failed a technical gate (trend/near-high/RSI) -- not in the top 20 at all,-6874.700000000008,-6.60377358490567,7
KPITTECH,2021-01-04,2021-01-25,145.45,129.1335667925739,687,stop,-11209.389613501722,-11.217898389430104,21
PERSISTENT,2021-01-04,2021-01-25,759.9,747.9022559601084,131,stop,-1571.7044692257978,-1.5788582760746905,21
ASHOKLEY,2021-01-22,2021-01-27,58.65,53.76149030897642,1732,stop,-8466.898784852838,-8.335054886655724,5
DLF,2021-01-18,2021-01-27,277.15,258.75,369,failed a technical gate (trend/near-high/RSI) -- not in the top 20 at all,-6789.599999999991,-6.63900414937758,9
MPHASIS,2021-01-25,2021-01-27,1466.7,1461.6,67,failed a technical gate (trend/near-high/RSI) -- not in the top 20 at all,-341.70000000000914,-0.3477193700143322,2
KPITTECH,2021-01-25,2021-01-28,133.65,132.95,743,failed a technical gate (trend/near-high/RSI) -- not in the top 20 at all,-520.1000000000126,-0.5237560793116436,3
WIPRO,2021-01-22,2021-01-29,212.55,199.04750555654957,478,stop,-6454.192343969313,-6.352620298024203,7
APLAPOLLO,2021-01-04,2021-01-29,445.5,453.3,224,failed a technical gate (trend/near-high/RSI) -- not in the top 20 at all,1747.2000000000025,1.7508417508417473,25
ADANIENT,2021-01-04,2021-01-29,479.4,491.2,208,failed a technical gate (trend/near-high/RSI) -- not in the top 20 at all,2454.4000000000024,2.461410095953287,25
ASHOKLEY,2021-01-27,2021-01-29,55.1,52.9,1809,failed a technical gate (trend/near-high/RSI) -- not in the top 20 at all,-3979.800000000005,-3.9927404718693382,2
IDFCFIRSTB,2021-01-22,2021-02-01,49.5,44.40836761775664,2052,stop,-10448.029648363377,-10.286126024734067,10
CROMPTON,2021-01-27,2021-02-01,428.05,416.45,232,dropped out of top 20 rank (now #33 of 44),-2691.2000000000053,-2.709963789276959,5
ASTRAL,2021-01-29,2021-02-01,970.55,974.15,101,dropped out of top 20 rank (now #23 of 44),363.6000000000023,0.3709237030549817,3
RVNL,2021-01-29,2021-02-02,31.3,29.65,3139,failed a technical gate (trend/near-high/RSI) -- not in the top 20 at all,-5179.350000000007,-5.271565495207675,4
IEX,2021-01-29,2021-02-03,82.1,84.1,1197,dropped out of top 20 rank (now #23 of 62),2394.0,2.436053593179044,5
CUMMINSIND,2021-02-01,2021-02-12,730.0,753.75,136,dropped out of top 20 rank (now #22 of 99),3230.0,3.253424657534243,11
ASHOKLEY,2021-02-03,2021-02-12,64.75,61.65,1612,dropped out of top 20 rank (now #21 of 99),-4997.200000000003,-4.787644787644785,9
VOLTAS,2021-02-12,2021-02-16,1079.2,1037.65,102,dropped out of top 20 rank (now #23 of 94),-4238.099999999995,-3.8500741289844265,4
SHRIRAMFIN,2021-02-01,2021-02-18,266.4,287.75,375,dropped out of top 20 rank (now #23 of 99),8006.250000000008,8.01426426426428,17
TATAELXSI,2021-01-04,2021-02-22,1881.1,2666.8,53,failed a technical gate (trend/near-high/RSI) -- not in the top 20 at all,41642.10000000001,41.76811440114827,49
TMPV,2021-01-27,2021-02-22,184.15,209.65,541,failed a technical gate (trend/near-high/RSI) -- not in the top 20 at all,13795.5,13.847407005158828,26
DLF,2021-02-02,2021-02-22,294.5,294.1,349,failed a technical gate (trend/near-high/RSI) -- not in the top 20 at all,-139.59999999999206,-0.13582342954159277,20
UNOMINDA,2021-01-29,2021-02-23,228.25,271.7,430,dropped out of top 20 rank (now #21 of 78),18683.499999999996,19.03614457831324,25
SBIN,2021-02-22,2021-03-05,389.5,383.65,281,failed a technical gate (trend/near-high/RSI) -- not in the top 20 at all,-1643.8500000000063,-1.5019255455712477,11
DIXON,2021-02-16,2021-03-08,3724.1,3801.2,29,dropped out of top 20 rank (now #22 of 88),2235.8999999999974,2.0702988641550846,20
MAHABANK,2021-02-22,2021-03-16,21.75,21.061171981031173,5045,stop,-3475.137355697734,-3.167025374569321,22
IDFCFIRSTB,2021-02-01,2021-03-17,46.6,60.9,2144,failed a technical gate (trend/near-high/RSI) -- not in the top 20 at all,30659.199999999993,30.686695278969943,44
ADANIPORTS,2021-02-12,2021-03-17,616.6,688.25,178,failed a technical gate (trend/near-high/RSI) -- not in the top 20 at all,12753.699999999995,11.6201751540707,33
PGEL,2021-01-28,2021-03-18,16.5,40.75,5955,stop,144408.75,146.96969696969697,49
ASTRAL,2021-03-17,2021-03-18,1388.15,1288.8786177392099,88,stop,-8735.88163894954,-7.151344037805007,1
TATAELXSI,2021-03-17,2021-03-18,2756.95,2674.7,44,failed a technical gate (trend/near-high/RSI) -- not in the top 20 at all,-3619.0,-2.9833693030341557,1
ABCAPITAL,2021-02-23,2021-03-19,112.8,120.8,980,failed a technical gate (trend/near-high/RSI) -- not in the top 20 at all,7840.0,7.092198581560294,24
PGEL,2021-03-18,2021-03-19,40.75,38.7,2978,failed a technical gate (trend/near-high/RSI) -- not in the top 20 at all,-6104.899999999991,-5.03067484662576,1
NMDC,2021-03-18,2021-03-22,15.9,15.45,7632,failed a technical gate (trend/near-high/RSI) -- not in the top 20 at all,-3434.4000000000083,-2.8301886792452935,4
DIXON,2021-03-18,2021-03-23,4240.3,3860.2401073394785,28,stop,-10641.676994494606,-8.963042536153608,5
HINDALCO,2021-03-05,2021-03-24,337.85,317.75,360,failed a technical gate (trend/near-high/RSI) -- not in the top 20 at all,-7236.000000000008,-5.9493858221104094,19
PGEL,2021-03-23,2021-03-24,40.8,38.75,3037,failed a technical gate (trend/near-high/RSI) -- not in the top 20 at all,-6225.849999999991,-5.024509803921562,1
AUBANK,2021-03-22,2021-03-25,611.45,575.25,199,failed a technical gate (trend/near-high/RSI) -- not in the top 20 at all,-7203.800000000009,-5.920353258647482,3
APLAPOLLO,2021-03-19,2021-04-05,627.3,617.75,193,failed a technical gate (trend/near-high/RSI) -- not in the top 20 at all,-1843.1499999999912,-1.522397576916934,17
VEDL,2021-02-22,2021-04-12,88.0,95.66412762657708,1247,stop,9557.167150341624,8.709235939292137,49
ADANIENSOL,2021-03-08,2021-04-12,793.9,939.3695646157512,157,stop,22838.72164467294,18.323411590345295,35
ADANIENT,2021-03-17,2021-04-12,847.2,1029.546745958861,145,stop,26440.278164034844,21.52345915472864,26
IEX,2021-02-22,2021-04-12,98.4,112.6,1115,failed a technical gate (trend/near-high/RSI) -- not in the top 20 at all,15832.999999999987,14.430894308943088,49
CGPOWER,2021-03-24,2021-04-15,68.0,68.16624295810401,1787,stop,297.07616613186093,0.24447493838823942,22
ADANIPOWER,2021-04-05,2021-04-19,18.75,17.5,6842,failed a technical gate (trend/near-high/RSI) -- not in the top 20 at all,-8552.5,-6.666666666666665,14
JSWSTEEL,2021-03-19,2021-05-14,440.55,679.5473609180804,275,stop,65724.2742524721,54.24976981456824,56
JINDALSTEL,2021-04-12,2021-05-14,389.0,431.9144246745226,332,stop,14247.5889919415,11.031985777512233,32
SAIL,2021-04-12,2021-05-14,84.7,124.89891524802613,1527,stop,61383.74358373589,47.46034858090451,32
HINDALCO,2021-04-15,2021-05-14,353.55,374.0346290232858,374,stop,7661.251254708881,5.793983601551633,29
SAIL,2021-05-14,2021-05-20,127.15,121.45,1189,failed a technical gate (trend/near-high/RSI) -- not in the top 20 at all,-6777.300000000004,-4.482894219425882,6
TATASTEEL,2021-04-12,2021-05-24,79.69,103.22740288094701,1623,stop,38201.204875777,29.536206400987595,42
JSWSTEEL,2021-05-14,2021-05-24,707.1,681.45,213,failed a technical gate (trend/near-high/RSI) -- not in the top 20 at all,-5463.449999999995,-3.6274925753075893,10
TATASTEEL,2021-05-24,2021-05-26,103.19,102.22,1534,failed a technical gate (trend/near-high/RSI) -- not in the top 20 at all,-1487.9799999999982,-0.9400135672061216,2
VEDL,2021-05-14,2021-05-27,120.9,118.65,1251,failed a technical gate (trend/near-high/RSI) -- not in the top 20 at all,-2814.75,-1.8610421836228297,13
NMDC,2021-05-20,2021-06-08,21.65,21.6,7217,failed a technical gate (trend/near-high/RSI) -- not in the top 20 at all,-360.8499999999795,-0.2309468822170757,19
NATIONALUM,2021-05-14,2021-06-09,69.86,68.98,2165,failed a technical gate (trend/near-high/RSI) -- not in the top 20 at all,-1905.1999999999903,-1.2596621815058606,26
JSWSTEEL,2021-06-08,2021-06-09,707.5,697.85,236,failed a technical gate (trend/near-high/RSI) -- not in the top 20 at all,-2277.3999999999946,-1.3639575971731377,1
ADANIENT,2021-04-12,2021-06-14,1041.6,1397.5,124,stop,44131.60000000001,34.168586789554546,63
BHEL,2021-05-26,2021-06-14,72.5,66.77889559704344,2131,stop,-12191.67348270042,-7.891178486836625,19
ADANIENSOL,2021-04-19,2021-06-15,1012.6,1446.4,130,failed a technical gate (trend/near-high/RSI) -- not in the top 20 at all,56394.00000000001,42.84021331226546,57
ADANIENT,2021-06-14,2021-06-16,1455.6,1404.1,112,failed a technical gate (trend/near-high/RSI) -- not in the top 20 at all,-5768.0,-3.5380599065677365,2
TATASTEEL,2021-06-15,2021-06-17,111.26,103.90716173259997,1470,stop,-10808.672253078046,-6.60869878428908,2
OFSS,2021-06-16,2021-06-17,3260.0,3148.0,49,failed a technical gate (trend/near-high/RSI) -- not in the top 20 at all,-5488.0,-3.435582822085892,1
SAIL,2021-06-14,2021-06-18,137.3,125.29058682534118,1194,stop,-14339.239330542645,-8.7468413508076,4
TATAELXSI,2021-05-27,2021-06-18,3604.25,3639.95,43,failed a technical gate (trend/near-high/RSI) -- not in the top 20 at all,1535.0999999999922,0.9904973295415065,22
CDSL,2021-06-18,2021-06-22,492.45,461.7918215170093,321,stop,-9841.275293040017,-6.22564290445542,4
BSE,2021-06-09,2021-06-24,101.5,98.0,1632,failed a technical gate (trend/near-high/RSI) -- not in the top 20 at all,-5712.0,-3.4482758620689613,15
ADANIENT,2021-06-22,2021-07-01,1494.6,1444.8,106,failed a technical gate (trend/near-high/RSI) -- not in the top 20 at all,-5278.799999999996,-3.3319951826575656,9
APLAPOLLO,2021-06-17,2021-07-09,782.2,771.85,205,failed a technical gate (trend/near-high/RSI) -- not in the top 20 at all,-2121.7500000000045,-1.323190999744317,22
KPITTECH,2021-03-24,2021-07-13,171.95,246.95,707,failed a technical gate (trend/near-high/RSI) -- not in the top 20 at all,53025.0,43.6173306193661,111
SUZLON,2021-07-01,2021-07-14,7.7,7.244112793237431,21913,stop,-9989.856361788185,-5.920613074838565,13
KEI,2021-06-18,2021-07-16,702.1,710.95,225,dropped out of top 20 rank (now #24 of 81),1991.250000000005,1.2605042016806678,28
LAURUSLABS,2021-06-24,2021-07-22,625.8,653.6,252,failed a technical gate (trend/near-high/RSI) -- not in the top 20 at all,7005.600000000017,4.442313838286993,28
TATAELXSI,2021-07-13,2021-07-27,4307.65,4175.75,38,failed a technical gate (trend/near-high/RSI) -- not in the top 20 at all,-5012.199999999986,-3.0619943588731546,14
MOTILALOFS,2021-07-22,2021-07-30,269.95,241.82358423492022,639,stop,-17972.779673885972,-10.41912049086119,8
COFORGE,2021-06-09,2021-08-04,769.5,940.0373492923135,215,stop,36665.5300978474,22.162098673465035,56
NATIONALUM,2021-07-09,2021-08-09,83.57,83.17420124376115,1986,stop,-786.0563298903496,-0.4736134453019569,31
BSE,2021-07-30,2021-08-10,139.0,123.8666681088108,1338,stop,-20248.39807041115,-10.88728913035194,11
PRESTIGE,2021-08-04,2021-08-11,368.2,339.84086198105996,497,stop,-14094.491595413194,-7.702101580374809,7
VEDL,2021-08-11,2021-08-17,146.05,135.30272194518668,1202,stop,-12918.228221885629,-7.358629274093353,6
TATASTEEL,2021-07-16,2021-08-20,121.42,131.36693810821885,1400,stop,13925.713351506383,8.192174360252725,35
INOXWIND,2021-08-09,2021-08-20,33.02,29.28,5490,failed a technical gate (trend/near-high/RSI) -- not in the top 20 at all,-20532.60000000001,-11.326468806783774,11
JSWENERGY,2021-03-25,2021-08-23,83.65,225.1,1420,failed a technical gate (trend/near-high/RSI) -- not in the top 20 at all,200858.99999999997,169.09742976688582,151
KPITTECH,2021-08-10,2021-08-24,303.2,308.8275440615503,585,stop,3292.113276006948,1.8560501522263628,14
KPITTECH,2021-08-24,2021-09-16,315.1,325.2,557,failed a technical gate (trend/near-high/RSI) -- not in the top 20 at all,5625.699999999981,3.205331640748965,23
OFSS,2021-07-14,2021-09-20,3684.0,4196.5,45,failed a technical gate (trend/near-high/RSI) -- not in the top 20 at all,23062.5,13.911509229098806,68
ADANIENSOL,2021-09-20,2021-09-21,1729.35,1642.9,111,failed a technical gate (trend/near-high/RSI) -- not in the top 20 at all,-9595.949999999979,-4.998988059097343,1
APOLLOHOSP,2021-08-20,2021-09-24,4746.5,4731.8,37,failed a technical gate (trend/near-high/RSI) -- not in the top 20 at all,-543.8999999999933,-0.3097018855999112,35
HAL,2021-09-21,2021-09-24,679.6,670.7,283,failed a technical gate (trend/near-high/RSI) -- not in the top 20 at all,-2518.6999999999935,-1.3095938787522021,3
WIPRO,2021-08-23,2021-09-27,300.5,312.55,586,failed a technical gate (trend/near-high/RSI) -- not in the top 20 at all,7061.300000000007,4.009983361064906,35
COFORGE,2021-08-20,2021-09-28,981.5,1035.6279281148863,180,stop,9743.027060679542,5.514816924593613,39
PERSISTENT,2021-05-24,2021-09-28,1214.6,1755.7,130,failed a technical gate (trend/near-high/RSI) -- not in the top 20 at all,70343.00000000001,44.54964597398321,127
MPHASIS,2021-06-17,2021-10-01,1894.9,2836.9,84,failed a technical gate (trend/near-high/RSI) -- not in the top 20 at all,79128.0,49.71238587788274,106
PRESTIGE,2021-09-24,2021-10-14,459.1,453.55,429,failed a technical gate (trend/near-high/RSI) -- not in the top 20 at all,-2380.950000000005,-1.2088869527336121,20
SRF,2021-08-23,2021-10-18,1794.2,2333.3,98,dropped out of top 20 rank (now #25 of 95),52831.80000000001,30.0468175231301,56
OIL,2021-09-28,2021-10-18,155.5,157.05,1229,dropped out of top 20 rank (now #21 of 95),1904.950000000014,0.9967845659164087,20
GODREJPROP,2021-10-14,2021-10-20,2502.75,2277.75101350859,80,stop,-17999.918919312804,-8.990070382235938,6
OBEROIRLTY,2021-09-24,2021-10-20,932.0,882.2,211,failed a technical gate (trend/near-high/RSI) -- not in the top 20 at all,-10507.79999999999,-5.343347639484975,26
TATAELXSI,2021-08-17,2021-10-21,4715.25,5911.1,39,failed a technical gate (trend/near-high/RSI) -- not in the top 20 at all,46638.150000000016,25.361327607231864,65
DLF,2021-09-27,2021-10-21,420.0,407.1,465,failed a technical gate (trend/near-high/RSI) -- not in the top 20 at all,-5998.499999999989,-3.0714285714285694,24
PERSISTENT,2021-10-18,2021-10-22,2064.25,1912.0879787627155,97,stop,-14759.716060016599,-7.371298110077973,4
GMRAIRPORT,2021-10-18,2021-10-25,43.0,38.94022691829002,4679,stop,-18995.678249320983,-9.441332748162734,7
INDUSTOWER,2021-10-01,2021-10-25,304.15,278.1,639,failed a technical gate (trend/near-high/RSI) -- not in the top 20 at all,-16645.94999999997,-8.56485286865032,24
MPHASIS,2021-10-21,2021-10-25,3190.5,3006.4,59,failed a technical gate (trend/near-high/RSI) -- not in the top 20 at all,-10861.899999999994,-5.770255445854877,4
JSWENERGY,2021-09-16,2021-10-27,311.35,366.55,617,failed a technical gate (trend/near-high/RSI) -- not in the top 20 at all,34058.399999999994,17.72924361650874,41
INDHOTEL,2021-09-28,2021-10-28,181.65,191.77994989474877,1052,stop,10656.707289275697,5.576630825625517,30
ONGC,2021-10-25,2021-10-28,145.85,135.55,1286,stop,-13245.799999999977,-7.062050051422686,3
GODREJPROP,2021-10-20,2021-10-28,2309.7,2270.45,84,failed a technical gate (trend/near-high/RSI) -- not in the top 20 at all,-3297.0,-1.6993548945750558,8
GMRAIRPORT,2021-10-25,2021-10-28,40.8,39.75,4599,failed a technical gate (trend/near-high/RSI) -- not in the top 20 at all,-4828.949999999987,-2.5735294117646967,3
OBEROIRLTY,2021-10-25,2021-10-28,908.0,891.75,206,failed a technical gate (trend/near-high/RSI) -- not in the top 20 at all,-3347.5,-1.7896475770925124,3
INDIANB,2021-10-21,2021-10-29,166.3,155.77172356438453,1148,stop,-12086.461348086572,-6.33089382779043,8
BANKBARODA,2021-10-27,2021-10-29,88.95,81.63437804367906,2123,stop,-15531.065413269354,-8.224420411827927,2
MPHASIS,2021-10-28,2021-10-29,3070.6,3037.1,58,failed a technical gate (trend/near-high/RSI) -- not in the top 20 at all,-1943.0,-1.0909919885364383,1
GODFRYPHLP,2021-10-28,2021-11-01,457.0,423.0,396,dropped out of top 20 rank (now #25 of 44),-13464.0,-7.4398249452954035,4
LTM,2021-10-28,2021-11-09,6689.35,6839.65,27,dropped out of top 20 rank (now #21 of 68),4058.0999999999804,2.2468550756052474,12
INDIANB,2021-10-29,2021-11-12,164.3,161.3,1082,failed a technical gate (trend/near-high/RSI) -- not in the top 20 at all,-3246.0,-1.8259281801582428,14
GMRAIRPORT,2021-11-01,2021-11-15,42.25,40.5,4235,failed a technical gate (trend/near-high/RSI) -- not in the top 20 at all,-7411.25,-4.142011834319526,14
BANKBARODA,2021-10-29,2021-11-16,84.2,83.5,2111,failed a technical gate (trend/near-high/RSI) -- not in the top 20 at all,-1477.700000000006,-0.8313539192399078,18
PRESTIGE,2021-11-09,2021-11-17,514.85,468.4813071685027,363,stop,-16831.83549783352,-9.006252856462527,8
ADANIENSOL,2021-10-22,2021-11-17,1809.0,1857.5,104,dropped out of top 20 rank (now #25 of 65),5044.0,2.6810392482034207,26
OBEROIRLTY,2021-11-17,2021-11-18,957.35,921.5,190,failed a technical gate (trend/near-high/RSI) -- not in the top 20 at all,-6811.500000000005,-3.744711965320935,1
TATAELXSI,2021-11-12,2021-11-22,6552.75,6130.137057669176,28,stop,-11833.16238526307,-6.449398227169112,10
INDIGO,2021-11-16,2021-11-22,2364.4,2192.483314270936,77,stop,-13237.58480113795,-7.271049134201668,6
TMPV,2021-10-20,2021-11-22,335.25,334.7,579,failed a technical gate (trend/near-high/RSI) -- not in the top 20 at all,-318.4500000000066,-0.16405667412379143,33
PGEL,2021-10-28,2021-11-22,49.3,49.4,3671,failed a technical gate (trend/near-high/RSI) -- not in the top 20 at all,367.1000000000052,0.20283975659229903,25
PHOENIXLTD,2021-10-29,2021-11-22,482.0,503.0,368,failed a technical gate (trend/near-high/RSI) -- not in the top 20 at all,7728.0,4.356846473029052,24
INDHOTEL,2021-11-15,2021-11-22,216.25,201.95,851,failed a technical gate (trend/near-high/RSI) -- not in the top 20 at all,-12169.30000000001,-6.612716763005788,7
MAZDOCK,2021-11-18,2021-11-22,144.7,136.2,1227,closed below 200 EMA,-10429.5,-5.874222529371109,4
TECHM,2021-11-22,2021-11-24,1448.5,1445.4,117,failed a technical gate (trend/near-high/RSI) -- not in the top 20 at all,-362.69999999998936,-0.21401449775629855,2
COFORGE,2021-11-22,2021-11-24,1085.5,1075.5,157,failed a technical gate (trend/near-high/RSI) -- not in the top 20 at all,-1570.0,-0.9212344541685846,2
PERSISTENT,2021-10-28,2021-11-25,1994.25,2032.15,90,failed a technical gate (trend/near-high/RSI) -- not in the top 20 at all,3411.000000000008,1.900463833521382,28
BLUESTARCO,2021-11-22,2021-11-25,522.3,492.7,327,failed a technical gate (trend/near-high/RSI) -- not in the top 20 at all,-9679.199999999988,-5.66724104920543,3
INDHOTEL,2021-11-24,2021-11-25,206.15,205.55,839,failed a technical gate (trend/near-high/RSI) -- not in the top 20 at all,-503.3999999999952,-0.2910502061605591,1
TIINDIA,2021-11-22,2021-11-26,1719.35,1568.1324051195572,99,stop,-14970.541893163825,-8.795044341201185,4
IEX,2021-11-17,2021-11-26,272.2,250.95,669,failed a technical gate (trend/near-high/RSI) -- not in the top 20 at all,-14216.25,-7.806759735488611,9
TVSMOTOR,2021-11-22,2021-11-26,709.85,676.8,240,failed a technical gate (trend/near-high/RSI) -- not in the top 20 at all,-7932.000000000016,-4.6559132211030585,4
PHOENIXLTD,2021-11-24,2021-11-26,517.7,484.2,334,closed below 200 EMA,-11189.000000000018,-6.4709291095229045,2
PGEL,2021-11-25,2021-11-29,59.25,52.19022805141276,2909,stop,-20536.87659844028,-11.91522691744682,4
KEI,2021-11-22,2021-11-29,1032.6,1000.35,165,failed a technical gate (trend/near-high/RSI) -- not in the top 20 at all,-5321.249999999981,-3.123184195235318,7
ADANIGREEN,2021-11-25,2021-11-30,1405.05,1302.7252601426108,122,stop,-12483.618262601483,-7.282640465278045,5
ADANIENSOL,2021-11-26,2021-11-30,1993.85,1800.4066656589641,83,stop,-16055.79675030597,-9.70200036818396,4
BHARTIARTL,2021-11-26,2021-11-30,738.75,728.25,224,failed a technical gate (trend/near-high/RSI) -- not in the top 20 at all,-2352.0,-1.4213197969543123,4
CIPLA,2021-11-30,2021-12-02,971.3,918.8912422288835,166,stop,-8699.853790005336,-5.395733323495988,2
VEDL,2021-11-25,2021-12-03,166.9,152.25,1032,dropped out of top 20 rank (now #27 of 30),-15118.800000000007,-8.777711204313965,8
APLAPOLLO,2021-11-30,2021-12-03,924.0,925.35,175,dropped out of top 20 rank (now #21 of 30),236.25000000000398,0.14610389610389962,3
TORNTPHARM,2021-11-29,2021-12-06,1518.65,1468.45,106,closed below 200 EMA,-5321.200000000004,-3.30556744477003,7
APOLLOHOSP,2021-11-26,2021-12-09,5687.6,5215.024152646725,29,stop,-13704.699573244978,-8.308879797335877,13
KEI,2021-12-03,2021-12-13,1179.7,1088.7,138,failed a technical gate (trend/near-high/RSI) -- not in the top 20 at all,-12558.0,-7.713825548868359,10
BAJAJHLDNG,2021-11-30,2021-12-14,5037.8,5487.9,32,dropped out of top 20 rank (now #21 of 50),14403.199999999983,8.93445551629679,14
INOXWIND,2021-12-06,2021-12-15,34.01,31.59,4735,failed a technical gate (trend/near-high/RSI) -- not in the top 20 at all,-11458.699999999992,-7.1155542487503665,9
PRESTIGE,2021-12-13,2021-12-15,460.6,450.1,359,failed a technical gate (trend/near-high/RSI) -- not in the top 20 at all,-3769.5,-2.2796352583586588,2
PHOENIXLTD,2021-12-15,2021-12-16,513.9,506.3,323,failed a technical gate (trend/near-high/RSI) -- not in the top 20 at all,-2454.799999999989,-1.4788869429850138,1
INDHOTEL,2021-12-15,2021-12-16,199.75,195.05,831,failed a technical gate (trend/near-high/RSI) -- not in the top 20 at all,-3905.6999999999907,-2.35294117647058,1
BSE,2021-11-29,2021-12-17,170.0,216.244085734321,947,stop,43793.14919040199,27.202403373130004,18
GMRAIRPORT,2021-12-09,2021-12-17,43.85,41.45,3742,failed a technical gate (trend/near-high/RSI) -- not in the top 20 at all,-8980.799999999994,-5.473204104903074,8
DLF,2021-12-16,2021-12-17,405.15,390.2,406,closed below 200 EMA,-6069.699999999995,-3.689991361224232,1
MPHASIS,2021-12-17,2021-12-20,3063.2,2834.274671099007,52,stop,-11904.117102851636,-7.473404573680886,3
KPITTECH,2021-11-22,2021-12-20,431.1,456.75,396,failed a technical gate (trend/near-high/RSI) -- not in the top 20 at all,10157.39999999999,5.949895615866385,28
TECHM,2021-12-14,2021-12-20,1545.5,1502.8,109,failed a technical gate (trend/near-high/RSI) -- not in the top 20 at all,-4654.300000000005,-2.76285991588483,6
KEI,2021-12-16,2021-12-20,1119.3,1064.95,146,failed a technical gate (trend/near-high/RSI) -- not in the top 20 at all,-7935.099999999987,-4.855713392298755,4
BSE,2021-12-17,2021-12-20,217.5,212.5,739,failed a technical gate (trend/near-high/RSI) -- not in the top 20 at all,-3695.0,-2.298850574712641,3
BLUESTARCO,2021-12-20,2021-12-21,503.4,489.4,309,failed a technical gate (trend/near-high/RSI) -- not in the top 20 at all,-4326.0,-2.7810885975367516,1
POWERGRID,2021-11-26,2021-12-22,147.95,147.6,1120,failed a technical gate (trend/near-high/RSI) -- not in the top 20 at all,-391.99999999999363,-0.2365664075701157,26
TORNTPHARM,2021-12-20,2021-12-24,1533.9,1523.1,101,failed a technical gate (trend/near-high/RSI) -- not in the top 20 at all,-1090.8000000000184,-0.7040876197926926,4
PIDILITIND,2021-12-21,2021-12-24,1205.0,1205.1,129,dropped out of top 20 rank (now #22 of 26),12.899999999988268,0.00829875518670864,3
APLAPOLLO,2021-12-20,2021-12-27,1017.15,991.2,153,dropped out of top 20 rank (now #23 of 32),-3970.3499999999894,-2.5512461288895394,7
SIEMENS,2021-12-20,2021-12-30,1794.2,1793.75,86,failed a technical gate (trend/near-high/RSI) -- not in the top 20 at all,-38.70000000000391,-0.025080815962552627,10
PERSISTENT,2021-12-03,2022-01-06,2168.1,2267.1,75,failed a technical gate (trend/near-high/RSI) -- not in the top 20 at all,7425.0,4.566210045662111,34
INFY,2021-12-17,2022-01-06,1782.3,1779.3,90,failed a technical gate (trend/near-high/RSI) -- not in the top 20 at all,-270.0,-0.16832183134152245,20
TECHM,2021-12-24,2022-01-06,1623.2,1592.8,97,failed a technical gate (trend/near-high/RSI) -- not in the top 20 at all,-2948.800000000009,-1.8728437654016772,13
TATAELXSI,2022-01-06,2022-01-07,5873.55,5799.55,28,closed below 200 EMA,-2072.0,-1.2598854185288277,1
COFORGE,2021-12-30,2022-01-10,1172.0,1115.7168973923717,141,stop,-7935.917467675587,-4.802312509183304,11
LTM,2021-12-24,2022-01-10,7166.55,7103.55,22,failed a technical gate (trend/near-high/RSI) -- not in the top 20 at all,-1386.0,-0.8790840781129017,17
GMRAIRPORT,2021-12-27,2022-01-11,46.15,44.85,3503,failed a technical gate (trend/near-high/RSI) -- not in the top 20 at all,-4553.89999999999,-2.8169014084507005,15
WIPRO,2021-12-20,2022-01-12,318.3,330.4,489,failed a technical gate (trend/near-high/RSI) -- not in the top 20 at all,5916.899999999983,3.8014451775054914,23
HCLTECH,2022-01-07,2022-01-17,1290.55,1262.6224842035824,129,stop,-3602.6495377378624,-2.1640010690339384,10
TECHM,2022-01-11,2022-01-18,1636.0,1562.9,103,failed a technical gate (trend/near-high/RSI) -- not in the top 20 at all,-7529.29999999999,-4.468215158924204,7
TCS,2022-01-06,2022-01-20,3807.45,3826.55,43,failed a technical gate (trend/near-high/RSI) -- not in the top 20 at all,821.3000000000156,0.5016480846760984,14
TITAN,2022-01-10,2022-01-21,2657.5,2524.2353680704514,63,stop,-8395.671811561562,-5.014661596596371,11
NBCC,2022-01-10,2022-01-21,33.87,32.131225003673265,4985,stop,-8667.793356688762,-5.133672855998617,11
PGEL,2021-12-02,2022-01-21,64.55,75.35,2565,failed a technical gate (trend/near-high/RSI) -- not in the top 20 at all,27701.999999999993,16.731216111541446,50
KPITTECH,2021-12-22,2022-01-24,501.7,629.1021241577938,315,stop,40131.66910970506,25.394084942753416,33
PRESTIGE,2022-01-17,2022-01-24,512.45,469.49181179182403,335,stop,-14390.993049738963,-8.382903348263437,7
HAL,2022-01-20,2022-01-24,715.55,675.6888541350477,238,stop,-9486.952715858642,-5.570700281594898,4
KEI,2022-01-21,2022-01-24,1165.8,1108.95,142,failed a technical gate (trend/near-high/RSI) -- not in the top 20 at all,-8072.699999999987,-4.876479670612444,3
SUZLON,2022-01-06,2022-01-25,9.3,9.8,17753,stop,8876.5,5.376344086021501,19
ADANIGREEN,2022-01-12,2022-01-25,1647.55,1766.0969622391997,102,stop,12091.790148398373,7.195348380273714,13
PIDILITIND,2022-01-24,2022-01-25,1320.2,1294.9,120,failed a technical gate (trend/near-high/RSI) -- not in the top 20 at all,-3035.9999999999945,-1.9163763066202044,1
POWERGRID,2022-01-21,2022-02-04,157.75,153.7,1051,failed a technical gate (trend/near-high/RSI) -- not in the top 20 at all,-4256.550000000012,-2.5673534072900184,14
SUZLON,2022-01-25,2022-02-07,10.1,10.2,15726,failed a technical gate (trend/near-high/RSI) -- not in the top 20 at all,1572.5999999999945,0.990099009900991,13
HAL,2022-01-24,2022-02-08,680.45,689.0,233,failed a technical gate (trend/near-high/RSI) -- not in the top 20 at all,1992.1499999999894,1.2565214196487595,15
ADANIENSOL,2022-01-24,2022-02-08,2035.9,1968.3,78,failed a technical gate (trend/near-high/RSI) -- not in the top 20 at all,-5272.80000000001,-3.3203988408075147,15
ONGC,2022-01-24,2022-02-09,149.8,148.2,1060,failed a technical gate (trend/near-high/RSI) -- not in the top 20 at all,-1696.000000000024,-1.0680907877169687,16
BDL,2022-01-21,2022-02-11,229.55,226.1,722,failed a technical gate (trend/near-high/RSI) -- not in the top 20 at all,-2490.9000000000124,-1.5029405358309766,21
INDHOTEL,2022-02-07,2022-02-11,211.8,206.6,767,failed a technical gate (trend/near-high/RSI) -- not in the top 20 at all,-3988.4000000000133,-2.455146364494809,4
TATAELXSI,2022-01-18,2022-02-14,6376.3,6911.35,26,failed a technical gate (trend/near-high/RSI) -- not in the top 20 at all,13911.300000000005,8.391230023681452,27
MARUTI,2022-01-25,2022-02-14,8602.6,8366.4,18,failed a technical gate (trend/near-high/RSI) -- not in the top 20 at all,-4251.600000000013,-2.7456815381396438,20
ADANIENSOL,2022-02-11,2022-02-14,2016.05,1915.25,79,closed below 200 EMA,-7963.199999999996,-4.999875995139003,3
ADANIGREEN,2022-01-25,2022-02-15,1929.0,1792.8244345417575,82,stop,-11166.39636757589,-7.059386493428854,21
BANKBARODA,2022-02-04,2022-02-15,92.65,90.97337127661508,1740,stop,-2917.3339786897654,-1.809637046287016,11
NATIONALUM,2022-02-09,2022-02-15,122.09,112.82511691443466,1333,stop,-12350.089153058603,-7.588568339393353,6
ONGC,2022-02-11,2022-02-15,151.95,142.84724655233154,1054,stop,-9594.302133842544,-5.9906241840529395,4
OIL,2022-02-14,2022-02-15,150.5,149.8,1016,failed a technical gate (trend/near-high/RSI) -- not in the top 20 at all,-711.1999999999884,-0.46511627906975495,1
BDL,2022-02-15,2022-02-16,233.2,230.65,655,failed a technical gate (trend/near-high/RSI) -- not in the top 20 at all,-1670.2499999999889,-1.0934819897084003,1
BANKBARODA,2022-02-15,2022-02-18,96.0,91.55,1592,failed a technical gate (trend/near-high/RSI) -- not in the top 20 at all,-7084.400000000004,-4.63541666666667,3
NATIONALUM,2022-02-15,2022-02-18,119.79,112.74,1275,failed a technical gate (trend/near-high/RSI) -- not in the top 20 at all,-8988.750000000015,-5.885299273729039,3
INDIGO,2022-02-08,2022-02-21,2182.6,2086.55,73,failed a technical gate (trend/near-high/RSI) -- not in the top 20 at all,-7011.64999999998,-4.400714743883427,13
HINDALCO,2022-02-15,2022-02-21,533.85,512.0,286,failed a technical gate (trend/near-high/RSI) -- not in the top 20 at all,-6249.100000000007,-4.092909993443861,6
BDL,2022-02-18,2022-02-21,236.35,229.85,644,failed a technical gate (trend/near-high/RSI) -- not in the top 20 at all,-4186.0,-2.750158662999791,3
ADANIPOWER,2022-02-18,2022-02-21,26.3,24.05,5788,failed a technical gate (trend/near-high/RSI) -- not in the top 20 at all,-13023.0,-8.55513307984791,3
BSE,2022-02-08,2022-02-22,231.0,229.5,696,failed a technical gate (trend/near-high/RSI) -- not in the top 20 at all,-1044.0,-0.649350649350644,14
JSWENERGY,2022-02-21,2022-02-22,339.35,327.65,437,failed a technical gate (trend/near-high/RSI) -- not in the top 20 at all,-5112.90000000002,-3.4477677913658633,1
TVSMOTOR,2022-02-21,2022-02-23,658.4,651.45,225,failed a technical gate (trend/near-high/RSI) -- not in the top 20 at all,-1563.7499999999845,-1.0555893074118972,2
BLUESTARCO,2022-02-14,2022-02-24,501.9,507.8,304,failed a technical gate (trend/near-high/RSI) -- not in the top 20 at all,1793.6000000000104,1.1755329746961696,10
CHOLAFIN,2022-02-14,2022-02-24,660.0,647.85,231,failed a technical gate (trend/near-high/RSI) -- not in the top 20 at all,-2806.6499999999946,-1.840909090909082,10
ADANIGREEN,2022-02-15,2022-02-24,1889.5,1849.75,80,failed a technical gate (trend/near-high/RSI) -- not in the top 20 at all,-3180.0,-2.103731145805765,9
MARUTI,2022-02-16,2022-02-24,8582.95,8210.15,17,closed below 200 EMA,-6337.600000000019,-4.343494952201765,8
SIEMENS,2022-02-21,2022-02-24,1840.2,1741.25,80,closed below 200 EMA,-7916.000000000004,-5.377132920334748,3
EICHERMOT,2022-02-21,2022-02-24,2699.0,2617.15,55,closed below 200 EMA,-4501.7499999999945,-3.0326046683956998,3
VOLTAS,2022-02-22,2022-02-24,1239.15,1196.9,119,closed below 200 EMA,-5027.75,-3.40959528709196,2
CUMMINSIND,2022-02-22,2022-02-24,950.25,927.7,155,closed below 200 EMA,-3495.2499999999927,-2.373059721126014,2
VOLTAS,2022-02-28,2022-03-03,1263.15,1197.15,112,closed below 200 EMA,-7392.0,-5.225032656454099,3
CUMMINSIND,2022-02-28,2022-03-03,957.25,951.0,148,failed a technical gate (trend/near-high/RSI) -- not in the top 20 at all,-925.0,-0.6529119874640887,3
JSWENERGY,2022-03-02,2022-03-03,339.15,337.35,421,failed a technical gate (trend/near-high/RSI) -- not in the top 20 at all,-757.7999999999809,-0.5307386112339496,1
TITAN,2022-03-02,2022-03-04,2592.65,2438.7207538858306,55,stop,-8466.10853627932,-5.937139456315721,2
BLUESTARCO,2022-02-28,2022-03-04,535.05,513.95,265,failed a technical gate (trend/near-high/RSI) -- not in the top 20 at all,-5591.499999999976,-3.9435566769460584,4
CHOLAFIN,2022-02-28,2022-03-04,690.95,658.5,205,failed a technical gate (trend/near-high/RSI) -- not in the top 20 at all,-6652.250000000009,-4.696432448078736,4
GAIL,2022-03-03,2022-03-10,93.91,86.94299349682373,1529,stop,-10652.552943356508,-7.418812163961519,7
NATIONALUM,2022-03-02,2022-03-14,123.32,115.29,1158,failed a technical gate (trend/near-high/RSI) -- not in the top 20 at all,-9298.739999999985,-6.511514758352243,12
OIL,2022-03-04,2022-03-14,163.1,154.05,855,failed a technical gate (trend/near-high/RSI) -- not in the top 20 at all,-7737.749999999985,-5.548743102391162,10
VEDL,2022-03-02,2022-03-15,176.4,161.9134712408912,809,stop,-11719.601766119025,-8.212317890651255,13
HINDALCO,2022-02-28,2022-03-15,573.75,559.75,247,failed a technical gate (trend/near-high/RSI) -- not in the top 20 at all,-3458.0,-2.440087145969494,15
BEL,2022-03-03,2022-03-15,71.7,68.5,2003,closed below 200 EMA,-6409.600000000006,-4.463040446304046,12
TATASTEEL,2022-03-14,2022-03-15,123.23,117.02,1127,failed a technical gate (trend/near-high/RSI) -- not in the top 20 at all,-6998.670000000009,-5.039357299358926,1
CUMMINSIND,2022-03-15,2022-03-17,1030.95,1023.3,131,dropped out of top 20 rank (now #24 of 49),-1002.1500000000119,-0.7420340462680142,2
POWERGRID,2022-03-04,2022-03-21,157.75,150.1,884,closed below 200 EMA,-6762.600000000005,-4.849445324881141,17
GAIL,2022-03-15,2022-03-21,87.33,84.76,1550,closed below 200 EMA,-3983.4999999999895,-2.9428604145196324,6
CIPLA,2022-03-15,2022-03-23,1068.05,1012.128616222702,126,stop,-7046.09435593954,-5.235839499770412,8
BSE,2022-03-21,2022-03-28,312.5,294.5,443,dropped out of top 20 rank (now #23 of 47),-7974.0,-5.759999999999998,7
HINDALCO,2022-03-21,2022-03-31,589.95,572.5605906471086,235,stop,-4086.51119792949,-2.947607314669287,10
TATAELXSI,2022-03-14,2022-04-18,7169.65,7934.491467371794,19,stop,14531.987880064093,10.66776575386239,35
BANKBARODA,2022-03-17,2022-04-18,93.95,99.55,1502,failed a technical gate (trend/near-high/RSI) -- not in the top 20 at all,8411.199999999992,5.960617349654074,32
JSWSTEEL,2022-04-18,2022-04-22,767.85,723.4,214,failed a technical gate (trend/near-high/RSI) -- not in the top 20 at all,-9512.30000000001,-5.788891059451718,4
VEDL,2022-03-23,2022-04-25,186.7,181.4883794448132,751,stop,-3913.9270369452743,-2.791441111508719,33
JINDALSTEL,2022-03-04,2022-04-25,435.75,526.2,320,failed a technical gate (trend/near-high/RSI) -- not in the top 20 at all,28944.000000000015,20.75731497418245,52
MAZDOCK,2022-04-18,2022-04-29,165.65,150.39563603843553,996,stop,-15193.346505718222,-9.208792008188638,11
HAL,2022-03-15,2022-04-29,688.4,797.55,196,failed a technical gate (trend/near-high/RSI) -- not in the top 20 at all,21393.399999999994,15.855607205113298,45
BDL,2022-03-10,2022-05-02,237.7,357.7938926765821,584,stop,70134.83332312397,50.52330360815402,53
BEL,2022-04-25,2022-05-02,81.95,79.4,1962,failed a technical gate (trend/near-high/RSI) -- not in the top 20 at all,-5003.099999999994,-3.1116534472239166,7
MAZDOCK,2022-04-29,2022-05-02,150.1,146.7,1073,failed a technical gate (trend/near-high/RSI) -- not in the top 20 at all,-3648.200000000006,-2.2651565622918146,3
JINDALSTEL,2022-04-29,2022-05-02,540.05,532.85,298,failed a technical gate (trend/near-high/RSI) -- not in the top 20 at all,-2145.5999999999794,-1.333209887973319,3
ADANIENT,2022-03-31,2022-05-04,1953.3,2185.0,74,failed a technical gate (trend/near-high/RSI) -- not in the top 20 at all,17145.800000000003,11.86197716684585,34
ADANIPORTS,2022-05-02,2022-05-04,856.55,812.8,186,failed a technical gate (trend/near-high/RSI) -- not in the top 20 at all,-8137.5,-5.107699492148732,2
APLAPOLLO,2022-05-02,2022-05-04,1029.0,977.75,154,failed a technical gate (trend/near-high/RSI) -- not in the top 20 at all,-7892.5,-4.980563654033043,2
ADANIPOWER,2022-03-28,2022-05-05,30.45,51.151169504948186,4703,stop,97357.60018177133,67.98413630524855,38
RELIANCE,2022-05-04,2022-05-05,1283.8,1258.65,120,failed a technical gate (trend/near-high/RSI) -- not in the top 20 at all,-3017.9999999999836,-1.959027885963538,1
KEI,2022-05-04,2022-05-05,1240.6,1204.3,125,failed a technical gate (trend/near-high/RSI) -- not in the top 20 at all,-4537.4999999999945,-2.9260035466709633,1
MARICO,2022-05-05,2022-05-06,519.75,503.65,297,closed below 200 EMA,-4781.700000000007,-3.097643097643099,1
ADANIGREEN,2022-04-22,2022-05-10,2882.8,2535.135819436181,56,stop,-19469.194111573874,-12.059947986812103,18
ADANIENSOL,2022-02-28,2022-05-10,2134.4,2482.55,66,closed below 200 EMA,22977.900000000005,16.31137556221889,71
NHPC,2022-05-04,2022-05-10,32.45,31.95,4783,failed a technical gate (trend/near-high/RSI) -- not in the top 20 at all,-2391.500000000017,-1.5408320493066396,6
ITC,2022-05-05,2022-05-10,216.1,214.2,714,failed a technical gate (trend/near-high/RSI) -- not in the top 20 at all,-1356.600000000004,-0.8792225821379063,5
TIINDIA,2022-05-06,2022-05-11,1822.45,1696.6680135467677,85,stop,-10691.468848524748,-6.901807262379345,5
NTPC,2022-05-02,2022-05-11,157.5,152.55,1012,failed a technical gate (trend/near-high/RSI) -- not in the top 20 at all,-5009.399999999989,-3.142857142857136,9
ADANIPOWER,2022-05-05,2022-05-11,55.65,51.05,2774,failed a technical gate (trend/near-high/RSI) -- not in the top 20 at all,-12760.400000000003,-8.265947888589398,6
POWERGRID,2022-05-02,2022-05-18,170.1,167.35,937,failed a technical gate (trend/near-high/RSI) -- not in the top 20 at all,-2576.75,-1.6166960611405101,16
VBL,2022-05-02,2022-05-19,147.3,141.5,1082,failed a technical gate (trend/near-high/RSI) -- not in the top 20 at all,-6275.600000000012,-3.9375424304141315,17
POLYCAB,2022-05-18,2022-05-23,2560.9,2543.2,57,dropped out of top 20 rank (now #22 of 23),-1008.9000000000156,-0.6911632629153952,5
PATANJALI,2022-05-19,2022-05-24,389.6,366.4,376,failed a technical gate (trend/near-high/RSI) -- not in the top 20 at all,-8723.200000000017,-5.954825462012336,5
OIL,2022-05-19,2022-05-24,160.8,152.35,911,closed below 200 EMA,-7697.950000000015,-5.2549751243781255,5
BDL,2022-05-23,2022-05-25,386.4,353.75,388,failed a technical gate (trend/near-high/RSI) -- not in the top 20 at all,-12668.199999999992,-8.449792960662517,2
VBL,2022-05-24,2022-05-25,147.9,141.8,992,failed a technical gate (trend/near-high/RSI) -- not in the top 20 at all,-6051.199999999994,-4.1244083840432655,1
BEL,2022-05-24,2022-05-25,77.2,75.45,1900,closed below 200 EMA,-3325.0,-2.266839378238339,1
RELIANCE,2022-05-25,2022-05-27,1244.9,1227.3,115,failed a technical gate (trend/near-high/RSI) -- not in the top 20 at all,-2024.0000000000157,-1.4137681741505426,2
BAJAJ-AUTO,2022-05-18,2022-06-01,3697.5,3628.0,40,failed a technical gate (trend/near-high/RSI) -- not in the top 20 at all,-2780.0,-1.8796484110885747,14
MARICO,2022-05-25,2022-06-01,521.8,520.25,275,failed a technical gate (trend/near-high/RSI) -- not in the top 20 at all,-426.2499999999875,-0.2970486776542658,7
ADANIPOWER,2022-05-16,2022-06-02,53.45,59.05,2749,failed a technical gate (trend/near-high/RSI) -- not in the top 20 at all,15394.399999999985,10.477081384471454,17
COLPAL,2022-06-01,2022-06-02,1623.85,1589.7,91,failed a technical gate (trend/near-high/RSI) -- not in the top 20 at all,-3107.649999999988,-2.1030267573975303,1
SIEMENS,2022-05-25,2022-06-03,1787.6,1789.2,80,failed a technical gate (trend/near-high/RSI) -- not in the top 20 at all,128.0000000000109,0.08950548221078325,9
EICHERMOT,2022-05-18,2022-06-06,2696.0,2653.1,54,failed a technical gate (trend/near-high/RSI) -- not in the top 20 at all,-2316.600000000005,-1.5912462908011848,19
ITC,2022-05-19,2022-06-08,227.3,220.95,645,failed a technical gate (trend/near-high/RSI) -- not in the top 20 at all,-4095.7500000000146,-2.7936647602287867,20
PETRONET,2022-06-08,2022-06-10,208.5,203.9,696,failed a technical gate (trend/near-high/RSI) -- not in the top 20 at all,-3201.599999999996,-2.2062350119904095,2
ASHOKLEY,2022-06-01,2022-06-13,67.5,63.45,2192,failed a technical gate (trend/near-high/RSI) -- not in the top 20 at all,-8877.599999999993,-5.999999999999995,12
BEL,2022-06-02,2022-06-13,81.9,78.5,1800,failed a technical gate (trend/near-high/RSI) -- not in the top 20 at all,-6120.00000000001,-4.151404151404159,11
BAJAJ-AUTO,2022-06-13,2022-06-14,3785.5,3571.064950225659,37,stop,-7934.096841650626,-5.66464270966428,1
KEI,2022-06-13,2022-06-14,1265.3,1247.2,113,failed a technical gate (trend/near-high/RSI) -- not in the top 20 at all,-2045.2999999999897,-1.4304907926973809,1
TATAELXSI,2022-05-19,2022-06-15,8261.5,8159.65,17,failed a technical gate (trend/near-high/RSI) -- not in the top 20 at all,-1731.4500000000062,-1.2328269684682036,27
COALINDIA,2022-06-02,2022-06-15,184.5,176.9,799,failed a technical gate (trend/near-high/RSI) -- not in the top 20 at all,-6072.399999999995,-4.119241192411927,13
CONCOR,2022-06-14,2022-06-15,514.75,507.1,275,closed below 200 EMA,-2103.7499999999936,-1.486158329286058,1
OIL,2022-06-06,2022-06-16,185.95,171.7701437904799,780,stop,-11060.287843425675,-7.625628507405269,10
HAL,2022-05-19,2022-06-16,842.9,898.55,173,failed a technical gate (trend/near-high/RSI) -- not in the top 20 at all,9627.449999999995,6.6022066674575886,28
EICHERMOT,2022-06-10,2022-06-16,2712.85,2652.5,54,failed a technical gate (trend/near-high/RSI) -- not in the top 20 at all,-3258.899999999995,-2.224597747756052,6
SIEMENS,2022-06-14,2022-06-16,1828.75,1783.85,77,closed below 200 EMA,-3457.300000000007,-2.455228981544777,2
BEL,2022-06-15,2022-06-16,80.05,77.45,1767,closed below 200 EMA,-4594.19999999999,-3.2479700187382776,1
OIL,2022-06-16,2022-06-17,176.6,169.75,785,failed a technical gate (trend/near-high/RSI) -- not in the top 20 at all,-5377.249999999995,-3.878822197055487,1
BDL,2022-05-27,2022-06-20,371.05,349.5862420408976,394,stop,-8456.720635886344,-5.784599908126231,24
VBL,2022-06-03,2022-06-21,146.7,147.75,989,failed a technical gate (trend/near-high/RSI) -- not in the top 20 at all,1038.4500000000112,0.7157464212679043,18
BAJAJ-AUTO,2022-06-28,2022-06-30,3793.0,3615.0,36,closed below 200 EMA,-6408.0,-4.6928552596888995,2
TORNTPHARM,2022-06-24,2022-07-07,1434.6,1474.25,94,dropped out of top 20 rank (now #23 of 27),3727.1000000000085,2.763836609507875,13
ASHOKLEY,2022-06-24,2022-07-14,67.5,68.4,2013,failed a technical gate (trend/near-high/RSI) -- not in the top 20 at all,1811.7000000000114,1.333333333333342,20
PHOENIXLTD,2022-06-24,2022-07-20,563.2,601.8,241,dropped out of top 20 rank (now #22 of 43),9302.599999999979,6.853693181818166,26
TIINDIA,2022-06-29,2022-08-02,1798.8,1992.507739065883,76,stop,14721.788169007112,10.768720206019733,34
SIEMENS,2022-06-30,2022-08-03,1828.65,1988.1544803158033,75,stop,11962.836023685242,8.72252647121119,34
BRITANNIA,2022-07-20,2022-08-03,3828.3,3770.0,38,failed a technical gate (trend/near-high/RSI) -- not in the top 20 at all,-2215.400000000007,-1.5228691586343879,14
VBL,2022-06-23,2022-08-22,150.7,187.17200238682832,899,stop,32788.33014575867,24.20172686584494,60
BDL,2022-08-03,2022-08-22,425.75,399.15,357,failed a technical gate (trend/near-high/RSI) -- not in the top 20 at all,-9496.200000000008,-6.247798003523197,19
HINDUNILVR,2022-07-07,2022-08-23,2472.95,2592.75,58,failed a technical gate (trend/near-high/RSI) -- not in the top 20 at all,6948.400000000011,4.844416587476497,47
CGPOWER,2022-06-27,2022-08-26,187.0,227.1,727,failed a technical gate (trend/near-high/RSI) -- not in the top 20 at all,29152.699999999997,21.443850267379673,60
PIIND,2022-08-22,2022-09-06,3379.0,3265.15,45,failed a technical gate (trend/near-high/RSI) -- not in the top 20 at all,-5123.249999999996,-3.369340041432378,15
COALINDIA,2022-08-23,2022-09-09,207.5,221.2,751,dropped out of top 20 rank (now #21 of 60),10288.699999999992,6.6024096385542075,17
ADANIENSOL,2022-07-14,2022-09-21,2889.15,3865.75,49,failed a technical gate (trend/near-high/RSI) -- not in the top 20 at all,47853.399999999994,33.80232940484225,69
BEL,2022-08-02,2022-09-23,94.0,106.65,1616,failed a technical gate (trend/near-high/RSI) -- not in the top 20 at all,20442.40000000001,13.457446808510642,52
HAL,2022-08-03,2022-09-26,1012.45,1196.2,150,stop,27562.5,18.149044397254176,54
ADANIPORTS,2022-09-09,2022-09-26,906.85,892.9570373565793,186,stop,-2584.091051676245,-1.5320022763875674,17
BDL,2022-09-21,2022-09-26,460.5,423.2213738386928,379,stop,-14128.599315135434,-8.095249980739894,5
EICHERMOT,2022-06-24,2022-09-26,2877.9,3515.55,47,failed a technical gate (trend/near-high/RSI) -- not in the top 20 at all,29969.550000000003,22.156780986135715,94
VBL,2022-08-26,2022-09-27,204.7,209.56746304482184,779,stop,3791.7537119162184,2.3778520004014814,32
TIINDIA,2022-09-23,2022-09-27,2772.35,2555.6880014283797,62,stop,-13433.04391144045,-7.8151026591743555,4
ITC,2022-06-28,2022-09-28,224.15,271.8126895211766,614,stop,29264.891366002426,21.263747276902343,92
CGPOWER,2022-09-26,2022-09-28,246.7,233.6,678,failed a technical gate (trend/near-high/RSI) -- not in the top 20 at all,-8881.799999999996,-5.310093230644508,2
BAJAJHLDNG,2022-09-26,2022-09-29,6760.85,6266.525929743939,24,stop,-11863.777686145477,-7.311566892566191,3
AMBUJACEM,2022-09-26,2022-10-03,511.2,488.65,327,failed a technical gate (trend/near-high/RSI) -- not in the top 20 at all,-7373.850000000004,-4.411189358372458,7
HINDUNILVR,2022-09-26,2022-10-03,2660.55,2622.5,62,failed a technical gate (trend/near-high/RSI) -- not in the top 20 at all,-2359.1000000000113,-1.4301554189923182,7
MARICO,2022-09-27,2022-10-03,536.45,529.5,310,failed a technical gate (trend/near-high/RSI) -- not in the top 20 at all,-2154.500000000014,-1.2955541056948516,6
EICHERMOT,2022-09-28,2022-10-03,3628.3,3463.35,45,failed a technical gate (trend/near-high/RSI) -- not in the top 20 at all,-7422.750000000013,-4.546206212275727,5
BHARTIARTL,2022-10-03,2022-10-06,803.35,788.6,213,dropped out of top 20 rank (now #27 of 28),-3141.75,-1.8360614925001517,3
SUNPHARMA,2022-10-03,2022-10-06,944.5,953.9,181,dropped out of top 20 rank (now #26 of 28),1701.399999999996,0.9952355743779728,3
CIPLA,2022-10-03,2022-10-07,1130.75,1130.5,151,dropped out of top 20 rank (now #25 of 36),-37.75,-0.022109219544552694,4
360ONE,2022-09-29,2022-10-10,440.05,445.6,379,failed a technical gate (trend/near-high/RSI) -- not in the top 20 at all,2103.4500000000044,1.2612203158731905,11
VBL,2022-10-07,2022-10-11,227.05,209.62052703604243,788,stop,-13734.424695598573,-7.676491065385416,4
BRITANNIA,2022-09-28,2022-10-11,3853.2,3727.9,43,failed a technical gate (trend/near-high/RSI) -- not in the top 20 at all,-5387.899999999989,-3.251842624312251,13
HAL,2022-10-10,2022-10-11,1209.9,1184.4,146,failed a technical gate (trend/near-high/RSI) -- not in the top 20 at all,-3723.0,-2.107612199355313,1
BDL,2022-10-06,2022-10-12,461.8,441.1,381,failed a technical gate (trend/near-high/RSI) -- not in the top 20 at all,-7886.699999999995,-4.482459939367689,6
TIINDIA,2022-09-27,2022-10-14,2577.7,2643.9,64,failed a technical gate (trend/near-high/RSI) -- not in the top 20 at all,4236.8000000000175,2.56818093649378,17
MAXHEALTH,2022-10-14,2022-10-18,427.75,407.45,408,failed a technical gate (trend/near-high/RSI) -- not in the top 20 at all,-8282.400000000005,-4.74576271186441,4
KPITTECH,2022-10-03,2022-10-19,658.25,649.55,260,dropped out of top 20 rank (now #24 of 36),-2262.000000000012,-1.321686289403734,16
BAJAJHLDNG,2022-10-11,2022-10-20,6669.85,6467.45,25,failed a technical gate (trend/near-high/RSI) -- not in the top 20 at all,-5060.000000000014,-3.0345510018966015,9
CGPOWER,2022-10-11,2022-10-24,251.5,255.95,681,dropped out of top 20 rank (now #27 of 47),3030.449999999992,1.7693836978131205,13
TIINDIA,2022-10-18,2022-10-28,2760.75,2668.3,63,failed a technical gate (trend/near-high/RSI) -- not in the top 20 at all,-5824.3499999999885,-3.3487277008059313,10
IDFCFIRSTB,2022-10-06,2022-10-31,54.3,56.1,3246,dropped out of top 20 rank (now #27 of 55),5842.800000000014,3.314917127071837,25
HAL,2022-10-31,2022-11-10,1265.0,1215.55,141,failed a technical gate (trend/near-high/RSI) -- not in the top 20 at all,-6972.450000000006,-3.9090909090909176,10
ITC,2022-10-19,2022-11-14,285.6,286.35,617,failed a technical gate (trend/near-high/RSI) -- not in the top 20 at all,462.75,0.2626050420168058,26
BDL,2022-10-20,2022-11-14,460.8,473.7,385,failed a technical gate (trend/near-high/RSI) -- not in the top 20 at all,4966.499999999991,2.799479166666652,25
BEL,2022-11-10,2022-11-14,106.7,106.6,1806,failed a technical gate (trend/near-high/RSI) -- not in the top 20 at all,-180.6000000000154,-0.09372071227742307,4
MAZDOCK,2022-08-22,2022-11-22,152.05,377.9707646003949,1016,stop,229535.49683400118,148.58320591936524,92
COCHINSHIP,2022-09-06,2022-12-07,186.6,312.7,887,failed a technical gate (trend/near-high/RSI) -- not in the top 20 at all,111850.7,67.57770632368702,92
RVNL,2022-11-14,2022-12-09,54.55,67.5728739777905,3638,stop,47377.21553120182,23.873279519322633,25
INDIANB,2022-10-28,2022-12-09,233.55,260.3,764,failed a technical gate (trend/near-high/RSI) -- not in the top 20 at all,20437.0,11.453650181973885,42
HAL,2022-11-14,2022-12-14,1245.1,1341.8,159,failed a technical gate (trend/near-high/RSI) -- not in the top 20 at all,15375.300000000007,7.766444462292199,30
UNIONBANK,2022-12-14,2022-12-16,85.21,77.0596167415234,2520,stop,-20538.965811361017,-9.565054874400413,2
SBIN,2022-11-14,2022-12-16,592.55,603.35,334,failed a technical gate (trend/near-high/RSI) -- not in the top 20 at all,3607.2000000000226,1.8226310016032476,32
MAZDOCK,2022-11-22,2022-12-16,433.4,416.2,462,failed a technical gate (trend/near-high/RSI) -- not in the top 20 at all,-7946.399999999995,-3.9686202122750314,24
BANKBARODA,2022-10-24,2022-12-21,128.15,158.7039060406972,1385,stop,42317.15986636562,23.84229890027094,58
PNB,2022-12-07,2022-12-21,52.37,50.393064472983255,3952,stop,-7812.849202770166,-3.774938947902884,14
NMDC,2022-11-22,2022-12-21,32.9,33.5,6097,failed a technical gate (trend/near-high/RSI) -- not in the top 20 at all,3658.2000000000085,1.823708206686936,29
UNIONBANK,2022-12-16,2022-12-21,76.19,72.91,2713,failed a technical gate (trend/near-high/RSI) -- not in the top 20 at all,-8898.640000000003,-4.305026906418163,5
BANKINDIA,2022-12-16,2022-12-21,85.08,80.93,2430,failed a technical gate (trend/near-high/RSI) -- not in the top 20 at all,-10084.49999999998,-4.877762106252925,5
MAHABANK,2022-12-09,2022-12-22,28.65,28.590711806744064,7309,stop,-433.33740450762434,-0.20693959251635308,13
GODFRYPHLP,2022-10-11,2022-12-22,437.0,606.0,391,failed a technical gate (trend/near-high/RSI) -- not in the top 20 at all,66079.0,38.672768878718536,72
INDIANB,2022-12-16,2022-12-22,280.8,267.75,736,failed a technical gate (trend/near-high/RSI) -- not in the top 20 at all,-9604.800000000008,-4.647435897435903,6
RVNL,2022-12-21,2022-12-22,69.9,66.45,2862,failed a technical gate (trend/near-high/RSI) -- not in the top 20 at all,-9873.900000000009,-4.935622317596566,1
JINDALSTEL,2022-12-21,2022-12-22,547.6,539.85,365,failed a technical gate (trend/near-high/RSI) -- not in the top 20 at all,-2828.75,-1.415266617969324,1
IRFC,2022-12-21,2022-12-22,32.3,31.25,6195,failed a technical gate (trend/near-high/RSI) -- not in the top 20 at all,-6504.749999999983,-3.2507739938080427,1
ABCAPITAL,2022-12-21,2022-12-22,148.6,147.85,1346,failed a technical gate (trend/near-high/RSI) -- not in the top 20 at all,-1009.5,-0.5047106325706596,1
VBL,2022-12-09,2022-12-23,282.05,257.15881762386846,742,stop,-18469.257323089612,-8.825095683790662,14
HINDZINC,2022-12-21,2022-12-23,323.35,310.15466326346336,618,stop,-8154.718103179656,-4.080821628741815,2
JSWSTEEL,2022-12-22,2022-12-23,737.55,727.85,264,failed a technical gate (trend/near-high/RSI) -- not in the top 20 at all,-2560.799999999982,-1.3151650735543252,1
CUMMINSIND,2022-12-22,2022-12-23,1450.15,1388.05,134,failed a technical gate (trend/near-high/RSI) -- not in the top 20 at all,-8321.400000000018,-4.282315622521815,1
PIIND,2022-12-22,2022-12-23,3520.9,3459.6,55,failed a technical gate (trend/near-high/RSI) -- not in the top 20 at all,-3371.50000000001,-1.7410321224686887,1
RECLTD,2022-12-22,2022-12-23,112.5,108.75,1733,failed a technical gate (trend/near-high/RSI) -- not in the top 20 at all,-6498.75,-3.3333333333333326,1
BRITANNIA,2022-12-22,2022-12-23,4391.45,4331.9,44,failed a technical gate (trend/near-high/RSI) -- not in the top 20 at all,-2620.200000000008,-1.3560441312095106,1
AXISBANK,2022-12-22,2022-12-23,919.55,906.6,212,failed a technical gate (trend/near-high/RSI) -- not in the top 20 at all,-2745.3999999999855,-1.4082975368386652,1
GODREJCP,2022-12-22,2022-12-23,891.35,873.4,218,failed a technical gate (trend/near-high/RSI) -- not in the top 20 at all,-3913.10000000001,-2.0137992932069415,1
NESTLEIND,2022-12-23,2022-12-26,1006.6,994.9,188,failed a technical gate (trend/near-high/RSI) -- not in the top 20 at all,-2199.6000000000085,-1.16232863103517,3
APOLLOHOSP,2022-12-23,2022-12-27,4700.15,4643.8,40,failed a technical gate (trend/near-high/RSI) -- not in the top 20 at all,-2253.999999999978,-1.1988979075135742,4
INDIANB,2022-12-27,2022-12-28,275.5,266.75,688,failed a technical gate (trend/near-high/RSI) -- not in the top 20 at all,-6020.0,-3.176043557168784,1
PIIND,2022-12-27,2022-12-28,3481.35,3452.7,54,failed a technical gate (trend/near-high/RSI) -- not in the top 20 at all,-1547.100000000005,-0.8229566116592757,1
SHRIRAMFIN,2022-12-27,2022-12-29,275.8,256.7885415169273,687,stop,-13060.871977870955,-6.8932046711648765,2
MARICO,2022-12-23,2022-12-29,515.55,515.4,368,failed a technical gate (trend/near-high/RSI) -- not in the top 20 at all,-55.19999999999163,-0.029095141111434852,6
BRITANNIA,2022-12-27,2022-12-29,4369.25,4348.3,43,failed a technical gate (trend/near-high/RSI) -- not in the top 20 at all,-900.8499999999922,-0.47948732620014534,2
ZYDUSLIFE,2022-12-23,2022-12-30,420.3,419.95,452,dropped out of top 20 rank (now #26 of 26),-158.20000000001028,-0.08327385201047921,7
LICHSGFIN,2022-12-27,2022-12-30,405.35,405.65,467,dropped out of top 20 rank (now #21 of 26),140.09999999997876,0.07401011471566132,3
VBL,2022-12-29,2022-12-30,271.45,264.5,692,failed a technical gate (trend/near-high/RSI) -- not in the top 20 at all,-4809.399999999992,-2.5603241849327607,1
JSWSTEEL,2022-12-29,2023-01-04,769.4,737.3041798157506,244,stop,-7831.380124956859,-4.171538885397641,6
HDFCBANK,2022-12-27,2023-01-04,815.6,805.0,232,failed a technical gate (trend/near-high/RSI) -- not in the top 20 at all,-2459.2000000000053,-1.2996566944580734,8
AXISBANK,2022-12-27,2023-01-05,932.2,949.55,203,dropped out of top 20 rank (now #21 of 37),3522.0499999999815,1.8611885861403055,9
BANKBARODA,2022-12-30,2023-01-10,166.8,162.1,1122,failed a technical gate (trend/near-high/RSI) -- not in the top 20 at all,-5273.400000000019,-2.817745803357319,11
PNB,2023-01-02,2023-01-10,53.97,52.04,3500,failed a technical gate (trend/near-high/RSI) -- not in the top 20 at all,-6754.999999999999,-3.5760607745043527,8
MAHABANK,2023-01-05,2023-01-10,31.1,29.7,6088,failed a technical gate (trend/near-high/RSI) -- not in the top 20 at all,-8523.200000000013,-4.501607717041811,5
INDIANB,2023-01-04,2023-01-11,282.1,274.85,667,failed a technical gate (trend/near-high/RSI) -- not in the top 20 at all,-4835.75,-2.570010634526765,7
GODFRYPHLP,2023-01-10,2023-01-16,701.0,649.0,267,failed a technical gate (trend/near-high/RSI) -- not in the top 20 at all,-13884.0,-7.4179743223965815,6
BANKINDIA,2023-01-02,2023-01-18,85.51,83.49,2209,failed a technical gate (trend/near-high/RSI) -- not in the top 20 at all,-4462.180000000023,-2.3622968073909623,16
HINDZINC,2022-12-29,2023-01-20,326.2,345.0,576,stop,10828.800000000007,5.763335377069279,22
JSWSTEEL,2023-01-18,2023-01-20,767.15,741.45,245,failed a technical gate (trend/near-high/RSI) -- not in the top 20 at all,-6296.499999999984,-3.3500619174867907,2
NMDC,2023-01-04,2023-01-24,34.25,35.05,5499,failed a technical gate (trend/near-high/RSI) -- not in the top 20 at all,4399.199999999984,2.335766423357666,20
PNB,2023-01-16,2023-01-24,55.62,52.42,3388,failed a technical gate (trend/near-high/RSI) -- not in the top 20 at all,-10841.599999999986,-5.753326141675652,8
UNIONBANK,2023-01-20,2023-01-24,72.96,72.39,2555,failed a technical gate (trend/near-high/RSI) -- not in the top 20 at all,-1456.3499999999826,-0.7812499999999889,4
PFC,2023-01-10,2023-01-25,124.1,116.09987382764498,1509,stop,-12072.190394083711,-6.446515852018542,15
RECLTD,2022-12-27,2023-01-25,113.45,120.5,1671,failed a technical gate (trend/near-high/RSI) -- not in the top 20 at all,11780.549999999996,6.214191273688852,29
HDFCBANK,2023-01-24,2023-01-27,847.8,816.0,217,stop,-6900.59999999999,-3.7508846426043796,3
JINDALSTEL,2022-12-28,2023-01-27,578.2,588.15,326,failed a technical gate (trend/near-high/RSI) -- not in the top 20 at all,3243.699999999978,1.720857834659273,30
RVNL,2023-01-11,2023-01-27,72.2,72.9,2596,failed a technical gate (trend/near-high/RSI) -- not in the top 20 at all,1817.2000000000073,0.969529085872578,16
HINDZINC,2023-01-20,2023-01-30,353.0,329.6993061519467,528,stop,-12302.766351772141,-6.6007631297601455,10
TCS,2023-01-27,2023-01-31,3411.05,3358.7,52,failed a technical gate (trend/near-high/RSI) -- not in the top 20 at all,-2722.200000000019,-1.5347180486946943,4
IOC,2023-01-25,2023-02-01,64.11,61.27442167018513,2852,stop,-8087.069396632016,-4.4229891277723805,7
BAJAJ-AUTO,2023-01-27,2023-02-01,3839.5,3688.3707915516648,46,stop,-6951.943588623421,-3.9361689920129006,5
INDIANB,2023-01-31,2023-02-01,290.95,270.1212820822723,616,stop,-12830.490237320273,-7.158865068818598,1
NHPC,2023-01-25,2023-02-02,43.7,41.35018691996278,4184,stop,-9831.617926875739,-5.377146636240782,8
TATASTEEL,2023-01-10,2023-02-06,112.62,111.26,1663,failed a technical gate (trend/near-high/RSI) -- not in the top 20 at all,-2261.679999999999,-1.2076007813887402,27
INDIANB,2023-02-01,2023-02-07,279.5,274.45,634,failed a technical gate (trend/near-high/RSI) -- not in the top 20 at all,-3201.700000000007,-1.806797853309483,6
HCLTECH,2023-01-24,2023-02-10,1137.85,1115.65,161,failed a technical gate (trend/near-high/RSI) -- not in the top 20 at all,-3574.1999999999707,-1.9510480291778154,17
COFORGE,2023-01-30,2023-02-13,883.5,810.0,203,stop,-14920.5,-8.31918505942275,14
GODREJCP,2023-02-01,2023-02-13,929.7,923.85,190,failed a technical gate (trend/near-high/RSI) -- not in the top 20 at all,-1111.5000000000043,-0.6292352371732868,12
BRITANNIA,2023-02-06,2023-02-20,4625.65,4450.166414650227,38,stop,-6668.376243291355,-3.7937065136742443,14
HDFCBANK,2023-02-07,2023-02-20,827.1,820.2,214,failed a technical gate (trend/near-high/RSI) -- not in the top 20 at all,-1476.5999999999951,-0.8342401160681856,13
CGPOWER,2023-01-24,2023-02-21,299.35,319.9,615,dropped out of top 20 rank (now #22 of 31),12638.249999999973,6.864873893435752,28
TCS,2023-02-02,2023-02-21,3460.4,3451.0,51,failed a technical gate (trend/near-high/RSI) -- not in the top 20 at all,-479.40000000000464,-0.27164489654375457,19
OIL,2023-02-20,2023-02-21,172.75,169.85,1022,failed a technical gate (trend/near-high/RSI) -- not in the top 20 at all,-2963.8000000000056,-1.6787264833574511,1
JINDALSTEL,2023-02-21,2023-02-22,589.3,573.25,297,closed below 200 EMA,-4766.849999999987,-2.7235703376887743,1
BAJAJ-AUTO,2023-02-13,2023-02-27,3787.5,3631.8712858884815,46,stop,-7158.920849129853,-4.10900895343943,14
ALKEM,2023-02-27,2023-02-28,3272.6,3175.0,52,failed a technical gate (trend/near-high/RSI) -- not in the top 20 at all,-5075.199999999995,-2.9823382020411904,1
COFORGE,2023-02-28,2023-03-02,859.5,850.0,200,failed a technical gate (trend/near-high/RSI) -- not in the top 20 at all,-1900.0,-1.105293775450844,2
PERSISTENT,2023-01-27,2023-03-09,2288.5,2408.8,78,failed a technical gate (trend/near-high/RSI) -- not in the top 20 at all,9383.400000000014,5.2567183744811175,41
BDL,2023-02-22,2023-03-10,461.15,460.0,377,failed a technical gate (trend/near-high/RSI) -- not in the top 20 at all,-433.5499999999914,-0.24937655860348684,16
BANKBARODA,2023-03-09,2023-03-10,153.5,150.0,1155,closed below 200 EMA,-4042.5,-2.28013029315961,1
KPITTECH,2023-02-10,2023-03-13,855.45,792.5425389708114,209,stop,-13147.659355100428,-7.3537273983504186,31
SUPREMEIND,2023-02-21,2023-03-13,2756.65,2666.5,63,failed a technical gate (trend/near-high/RSI) -- not in the top 20 at all,-5679.450000000006,-3.2702737017757055,20
INDIANB,2023-03-10,2023-03-13,275.95,269.6,636,failed a technical gate (trend/near-high/RSI) -- not in the top 20 at all,-4038.5999999999785,-2.301141511143312,3
HCLTECH,2023-03-10,2023-03-13,1116.3,1098.6,157,closed below 200 EMA,-2778.900000000007,-1.585595270088691,3
ITC,2023-02-01,2023-03-14,298.05,313.1,594,failed a technical gate (trend/near-high/RSI) -- not in the top 20 at all,8939.700000000006,5.049488340882413,41
OIL,2023-03-02,2023-03-14,171.7,166.45,1016,failed a technical gate (trend/near-high/RSI) -- not in the top 20 at all,-5334.0,-3.057658707047173,12
VBL,2023-02-21,2023-03-16,264.9,261.25,661,failed a technical gate (trend/near-high/RSI) -- not in the top 20 at all,-2412.649999999985,-1.3778784446961012,23
PFC,2023-03-13,2023-03-17,130.75,122.77823485484001,1320,stop,-10522.72999161119,-6.096952309873805,4
HAL,2023-02-20,2023-03-20,1293.6,1322.4,136,failed a technical gate (trend/near-high/RSI) -- not in the top 20 at all,3916.8000000000247,2.2263450834879572,28
NHPC,2023-03-17,2023-03-20,41.8,40.45,4096,closed below 200 EMA,-5529.599999999977,-3.229665071770327,3
GAIL,2023-03-13,2023-03-21,97.84,92.76000922658551,1765,stop,-8966.183715076582,-5.1921410194342705,8
POWERGRID,2023-03-14,2023-03-21,165.35,163.8,1039,failed a technical gate (trend/near-high/RSI) -- not in the top 20 at all,-1610.4499999999823,-0.937405503477462,7
CUMMINSIND,2023-02-13,2023-03-22,1595.25,1612.6,110,failed a technical gate (trend/near-high/RSI) -- not in the top 20 at all,1908.49999999999,1.0876038238520458,37
NTPC,2023-03-13,2023-03-22,179.7,174.35,961,failed a technical gate (trend/near-high/RSI) -- not in the top 20 at all,-5141.349999999995,-2.977184195882021,9
ABCAPITAL,2023-03-21,2023-03-24,152.65,143.61026185051583,1098,stop,-9925.63248813363,-5.921872354722691,3
PETRONET,2023-03-14,2023-03-24,211.2,206.4,814,failed a technical gate (trend/near-high/RSI) -- not in the top 20 at all,-3907.199999999986,-2.2727272727272596,10
LT,2023-03-21,2023-03-24,2208.45,2166.15,75,failed a technical gate (trend/near-high/RSI) -- not in the top 20 at all,-3172.4999999999795,-1.9153705087278317,3
BAJAJ-AUTO,2023-03-22,2023-03-27,3827.0,3713.5,43,failed a technical gate (trend/near-high/RSI) -- not in the top 20 at all,-4880.5,-2.9657695322707123,5
MAXHEALTH,2023-03-13,2023-03-28,462.7,449.95,373,failed a technical gate (trend/near-high/RSI) -- not in the top 20 at all,-4755.75,-2.755565161011453,15
MCX,2023-03-24,2023-03-28,295.0,294.0,558,failed a technical gate (trend/near-high/RSI) -- not in the top 20 at all,-558.0,-0.3389830508474523,4
HINDZINC,2023-03-27,2023-03-29,329.1,299.0,501,stop,-15080.100000000011,-9.146156183530852,2
OIL,2023-03-29,2023-03-31,175.3,167.75,941,failed a technical gate (trend/near-high/RSI) -- not in the top 20 at all,-7104.550000000011,-4.3069024529378215,2
KPITTECH,2023-03-20,2023-04-03,889.6,826.6324703087798,190,stop,-11963.830641331837,-7.078184542628174,14
DRREDDY,2023-03-24,2023-04-03,892.85,931.3,184,dropped out of top 20 rank (now #23 of 29),7074.799999999987,4.306434451475605,10
KEI,2023-03-28,2023-04-03,1661.55,1696.7,99,dropped out of top 20 rank (now #21 of 29),3479.850000000009,2.1154945683247606,6
ZYDUSLIFE,2023-03-16,2023-04-05,479.65,493.1,358,dropped out of top 20 rank (now #23 of 37),4815.100000000017,2.804128010007312,20
ULTRACEMCO,2023-03-24,2023-04-05,7258.0,7538.0,22,dropped out of top 20 rank (now #21 of 37),6160.0,3.857812069440625,12
HINDUNILVR,2023-04-03,2023-04-18,2536.1,2541.05,64,dropped out of top 20 rank (now #22 of 62),316.80000000001746,0.19518157801350355,15
BDL,2023-03-31,2023-04-19,494.35,485.7,335,dropped out of top 20 rank (now #23 of 62),-2897.7500000000114,-1.7497724284413985,19
VBL,2023-03-22,2023-04-20,270.9,276.35,619,failed a technical gate (trend/near-high/RSI) -- not in the top 20 at all,3373.5500000000284,2.011812476928765,29
GODREJCP,2023-03-20,2023-04-25,960.0,963.2,176,failed a technical gate (trend/near-high/RSI) -- not in the top 20 at all,563.200000000008,0.33333333333334103,36
VBL,2023-04-25,2023-05-02,287.45,283.0,591,failed a technical gate (trend/near-high/RSI) -- not in the top 20 at all,-2629.9499999999935,-1.548095320925369,7
KPITTECH,2023-05-02,2023-05-08,935.3,883.15,186,dropped out of top 20 rank (now #26 of 71),-9699.899999999996,-5.575751095905057,6
INDIANB,2023-04-03,2023-05-09,277.0,290.1987638561156,594,stop,7840.06573053266,4.764896698958698,36
BANKBARODA,2023-04-05,2023-05-09,149.25,159.4,1108,failed a technical gate (trend/near-high/RSI) -- not in the top 20 at all,11246.200000000006,6.800670016750421,34
KEI,2023-05-09,2023-05-10,2069.95,1936.5970910165738,82,stop,-10934.938536640933,-6.442325127825599,1
SBIN,2023-04-20,2023-05-10,544.8,572.2,308,dropped out of top 20 rank (now #33 of 80),8439.200000000028,5.029368575624105,20
ALKEM,2023-03-28,2023-05-11,3240.8,3497.65,50,dropped out of top 20 rank (now #22 of 74),12842.499999999996,7.925512219205122,44
ABCAPITAL,2023-04-05,2023-05-11,155.25,163.95,1065,failed a technical gate (trend/near-high/RSI) -- not in the top 20 at all,9265.499999999987,5.603864734299502,36
DLF,2023-04-19,2023-05-12,421.7,435.95,401,failed a technical gate (trend/near-high/RSI) -- not in the top 20 at all,5714.25,3.3791795115010625,23
RVNL,2023-05-10,2023-05-12,121.85,120.4,1412,failed a technical gate (trend/near-high/RSI) -- not in the top 20 at all,-2047.399999999984,-1.1899876897825123,2
COLPAL,2023-05-11,2023-05-12,1626.15,1627.7,105,dropped out of top 20 rank (now #28 of 69),162.74999999999523,0.09531716016357716,1
MARICO,2023-05-12,2023-05-16,541.5,536.15,315,dropped out of top 20 rank (now #21 of 76),-1685.2500000000073,-0.9879963065558717,4
NESTLEIND,2023-05-12,2023-05-17,1089.7,1086.6,156,dropped out of top 20 rank (now #21 of 73),-483.6000000000213,-0.28448196751400534,5
KEI,2023-05-11,2023-05-18,2074.55,1918.8936652132707,82,stop,-12763.819452511822,-7.5031372966055105,7
PRESTIGE,2023-05-08,2023-05-18,491.75,479.2,353,failed a technical gate (trend/near-high/RSI) -- not in the top 20 at all,-4430.150000000004,-2.552109811896286,10
ITC,2023-04-18,2023-05-19,328.65,339.5149258402821,515,stop,5595.436807745295,3.3059260125611223,31
RVNL,2023-05-18,2023-05-19,120.85,116.2,1398,failed a technical gate (trend/near-high/RSI) -- not in the top 20 at all,-6500.699999999988,-3.847745138601566,1
BDL,2023-05-18,2023-05-23,536.75,538.2,314,dropped out of top 20 rank (now #22 of 65),455.3000000000143,0.27014438751746805,5
IRFC,2023-05-12,2023-05-25,33.35,32.0,5122,failed a technical gate (trend/near-high/RSI) -- not in the top 20 at all,-6914.700000000007,-4.047976011994003,13
GLENMARK,2023-05-10,2023-05-26,569.95,591.4,301,dropped out of top 20 rank (now #23 of 77),6456.44999999998,3.76348802526536,16
MAXHEALTH,2023-05-23,2023-05-30,553.75,535.75,303,dropped out of top 20 rank (now #21 of 81),-5454.0,-3.2505643340857815,7
SONACOMS,2023-05-16,2023-05-31,542.9,506.3262008292657,315,stop,-11520.746738781298,-6.7367469461658285,15
VBL,2023-05-09,2023-06-08,301.1,316.35,570,failed a technical gate (trend/near-high/RSI) -- not in the top 20 at all,8692.5,5.06476253736301,30
INDHOTEL,2023-05-26,2023-06-08,383.95,380.8,441,dropped out of top 20 rank (now #24 of 91),-1389.14999999999,-0.8204193254329972,13
KPITTECH,2023-05-25,2023-06-14,1020.3,1049.0280141409453,165,stop,4740.12233325598,2.815643844060123,20
SONACOMS,2023-05-31,2023-06-14,541.55,509.85,313,failed a technical gate (trend/near-high/RSI) -- not in the top 20 at all,-9922.099999999979,-5.853568460899261,14
RVNL,2023-06-08,2023-06-15,125.35,122.9,1363,dropped out of top 20 rank (now #21 of 97),-3339.3499999999844,-1.954527323494204,7
BAJAJ-AUTO,2023-04-03,2023-06-16,3895.0,4527.0,42,failed a technical gate (trend/near-high/RSI) -- not in the top 20 at all,26544.0,16.225930680359447,74
SBICARD,2023-05-17,2023-06-20,879.4,893.8,194,failed a technical gate (trend/near-high/RSI) -- not in the top 20 at all,2793.599999999996,1.6374801000682337,34
CHOLAFIN,2023-05-30,2023-06-20,1046.3,1121.9,161,dropped out of top 20 rank (now #21 of 97),12171.600000000022,7.225461148810108,21
BEL,2023-06-20,2023-06-23,125.15,119.56842343030075,1402,stop,-7825.370350718351,-4.459909364521975,3
HAL,2023-06-14,2023-06-26,1857.8,1790.6199283264232,91,stop,-6113.386522295486,-3.616108928494821,12
ITC,2023-05-19,2023-06-26,346.25,367.6,487,dropped out of top 20 rank (now #22 of 77),10397.450000000012,6.166064981949471,38
MAXHEALTH,2023-06-08,2023-06-28,557.4,603.3,306,dropped out of top 20 rank (now #35 of 85),14045.399999999992,8.234660925726578,20
KPITTECH,2023-06-16,2023-06-30,1084.4,1089.8,160,dropped out of top 20 rank (now #22 of 94),863.9999999999782,0.4979712283290194,14
ASTRAL,2023-06-15,2023-07-04,1970.05,1924.4,87,failed a technical gate (trend/near-high/RSI) -- not in the top 20 at all,-3971.5499999999884,-2.317200071064174,19
DIXON,2023-06-23,2023-07-05,4326.2,4206.1,39,failed a technical gate (trend/near-high/RSI) -- not in the top 20 at all,-4683.899999999979,-2.7761083629975425,12
ANGELONE,2023-06-28,2023-07-10,171.5,165.17566074597195,1017,stop,-6431.853021346524,-3.6876613726111063,12
COFORGE,2023-06-20,2023-07-10,912.0,922.5,192,dropped out of top 20 rank (now #26 of 99),2016.0,1.1513157894736947,20
RECLTD,2023-07-05,2023-07-14,166.5,160.3,1061,failed a technical gate (trend/near-high/RSI) -- not in the top 20 at all,-6578.199999999988,-3.7237237237237153,9
ANGELONE,2023-07-10,2023-07-17,171.0,160.31492063288863,1032,stop,-11027.001906858935,-6.248584425211323,7
KEI,2023-05-19,2023-07-28,2024.95,2437.6,83,failed a technical gate (trend/near-high/RSI) -- not in the top 20 at all,34249.94999999999,20.378280945208527,70
HEROMOTOCO,2023-07-10,2023-08-01,2949.7,2928.6,59,dropped out of top 20 rank (now #21 of 97),-1244.8999999999946,-0.7153269824049846,22
HAL,2023-06-26,2023-08-02,1850.5,1859.3551621014797,94,stop,832.3852375390884,0.478528078977547,37
BEL,2023-07-17,2023-08-02,127.15,125.35,1424,failed a technical gate (trend/near-high/RSI) -- not in the top 20 at all,-2563.200000000016,-1.4156508061344941,16
GODREJPROP,2023-06-30,2023-08-03,1568.45,1628.6842301309114,111,stop,6685.999544531158,3.840366612318613,34
SHRIRAMFIN,2023-06-26,2023-08-03,340.65,363.7,511,dropped out of top 20 rank (now #25 of 69),11778.550000000007,6.766475854983134,38
RBLBANK,2023-07-28,2023-08-04,234.1,213.67512710679432,821,stop,-16768.82064532186,-8.724849591288198,7
PHOENIXLTD,2023-08-01,2023-08-10,865.55,831.0,219,failed a technical gate (trend/near-high/RSI) -- not in the top 20 at all,-7566.44999999999,-3.9916815897406255,9
MAZDOCK,2023-06-14,2023-08-11,515.15,858.207995141839,331,stop,113552.1963919487,66.59380668578841,58
BSE,2023-07-14,2023-08-16,252.5,278.97823260126677,721,stop,19090.80570551334,10.48642875297694,33
ETERNAL,2023-08-04,2023-08-16,95.4,91.9,1958,dropped out of top 20 rank (now #21 of 68),-6853.0,-3.6687631027253698,12
RBLBANK,2023-08-10,2023-08-18,224.25,215.8,849,failed a technical gate (trend/near-high/RSI) -- not in the top 20 at all,-7174.04999999999,-3.7681159420289823,8
BEL,2023-08-16,2023-08-18,131.3,127.15,1431,failed a technical gate (trend/near-high/RSI) -- not in the top 20 at all,-5938.650000000008,-3.160700685453166,2
AUROPHARMA,2023-08-03,2023-08-24,840.35,833.65,222,failed a technical gate (trend/near-high/RSI) -- not in the top 20 at all,-1487.40000000001,-0.7972868447670645,21
MOTILALOFS,2023-08-11,2023-08-28,228.8,216.35,828,failed a technical gate (trend/near-high/RSI) -- not in the top 20 at all,-10308.600000000015,-5.441433566433574,17
MAZDOCK,2023-08-16,2023-08-29,967.85,909.2,194,failed a technical gate (trend/near-high/RSI) -- not in the top 20 at all,-11378.099999999995,-6.059823319729296,13
PFC,2023-07-04,2023-08-31,177.0,208.15,995,failed a technical gate (trend/near-high/RSI) -- not in the top 20 at all,30994.250000000007,17.598870056497184,58
GODFRYPHLP,2023-08-03,2023-09-05,676.0,700.0,276,failed a technical gate (trend/near-high/RSI) -- not in the top 20 at all,6624.0,3.5502958579881616,33
POLYCAB,2023-08-02,2023-09-11,4588.05,5147.95,40,dropped out of top 20 rank (now #23 of 119),22395.999999999985,12.203441549242044,40
BEL,2023-08-28,2023-09-12,134.9,134.75222372885122,1403,stop,-207.33010842174613,-0.10954504903541995,15
KALYANKJIL,2023-09-11,2023-09-12,247.45,225.18782637335767,895,stop,-19924.64539584488,-8.996635128972452,1
HAL,2023-08-29,2023-09-12,1948.7,1970.4,97,failed a technical gate (trend/near-high/RSI) -- not in the top 20 at all,2104.900000000004,1.1135628880792448,14
RECLTD,2023-08-02,2023-09-13,196.3,241.963149986777,950,stop,43379.99248743815,23.261920523065214,42
SUPREMEIND,2023-08-18,2023-09-14,4352.55,4294.9,43,failed a technical gate (trend/near-high/RSI) -- not in the top 20 at all,-2478.9500000000235,-1.3245109188866455,27
PFC,2023-09-12,2023-09-15,226.3,223.5,931,dropped out of top 20 rank (now #21 of 112),-2606.8000000000106,-1.2372956252761913,3
BSE,2023-08-18,2023-09-20,288.0,392.1247679625419,651,stop,67785.22394361478,36.15443332032706,33
OBEROIRLTY,2023-09-12,2023-09-20,1140.3,1142.95,184,dropped out of top 20 rank (now #25 of 103),487.60000000001673,0.23239498377620738,8
COFORGE,2023-09-05,2023-09-21,1122.5,1067.5,183,failed a technical gate (trend/near-high/RSI) -- not in the top 20 at all,-10065.0,-4.899777282850781,16
IRFC,2023-08-24,2023-09-22,48.6,72.50567466399197,3912,stop,93518.99928553657,49.18863099586823,29
PHOENIXLTD,2023-09-12,2023-09-25,934.2,883.9696194534349,225,stop,-11301.835622977154,-5.376833712969931,13
UNIONBANK,2023-09-20,2023-10-09,90.19,90.66934377488883,2288,stop,1096.7385569456483,0.5314821763929833,19
MAZDOCK,2023-08-31,2023-10-09,924.5,1036.7,207,failed a technical gate (trend/near-high/RSI) -- not in the top 20 at all,23225.40000000001,12.1362898864251,39
MAHABANK,2023-09-15,2023-10-09,45.1,45.3,4655,failed a technical gate (trend/near-high/RSI) -- not in the top 20 at all,930.9999999999801,0.44345898004434225,24
BANKINDIA,2023-09-21,2023-10-09,100.26,97.47,2018,failed a technical gate (trend/near-high/RSI) -- not in the top 20 at all,-5630.220000000013,-2.782764811490135,18
IRFC,2023-09-22,2023-10-09,75.1,71.15,2736,failed a technical gate (trend/near-high/RSI) -- not in the top 20 at all,-10807.199999999968,-5.259653794940067,17
INDIANB,2023-09-25,2023-10-09,411.4,385.0,496,failed a technical gate (trend/near-high/RSI) -- not in the top 20 at all,-13094.399999999989,-6.4171122994652325,14
BANKBARODA,2023-10-09,2023-10-11,191.15,186.9,1062,failed a technical gate (trend/near-high/RSI) -- not in the top 20 at all,-4513.5,-2.223384776353654,2
RBLBANK,2023-10-09,2023-10-11,243.85,245.9,832,dropped out of top 20 rank (now #22 of 71),1705.6000000000095,0.8406807463604782,2
MAZDOCK,2023-10-11,2023-10-19,1077.15,1064.9,194,failed a technical gate (trend/near-high/RSI) -- not in the top 20 at all,-2376.5,-1.1372603629949407,8
MOTILALOFS,2023-10-19,2023-10-23,250.05,232.78394319609924,858,stop,-14814.276737746859,-6.905041713217663,4
RECLTD,2023-09-13,2023-10-23,244.4,278.3,845,failed a technical gate (trend/near-high/RSI) -- not in the top 20 at all,28645.500000000004,13.87070376432078,40
NMDC,2023-09-14,2023-10-23,45.8,46.1,4546,failed a technical gate (trend/near-high/RSI) -- not in the top 20 at all,1363.8000000000193,0.6550218340611424,39
IRFC,2023-10-11,2023-10-23,75.6,72.2,2772,failed a technical gate (trend/near-high/RSI) -- not in the top 20 at all,-9424.799999999976,-4.497354497354489,12
PFC,2023-10-09,2023-10-25,240.25,237.2,845,failed a technical gate (trend/near-high/RSI) -- not in the top 20 at all,-2577.2500000000095,-1.2695109261186333,16
ETERNAL,2023-10-09,2023-10-26,103.9,103.32333553428447,1954,stop,-1126.8023660081617,-0.5550187350486402,17
360ONE,2023-10-23,2023-10-26,532.8,521.4,396,failed a technical gate (trend/near-high/RSI) -- not in the top 20 at all,-4514.3999999999905,-2.1396396396396344,3
NBCC,2023-10-25,2023-11-09,42.37,44.67,5027,dropped out of top 20 rank (now #21 of 91),11562.100000000022,5.428369129100785,15
PERSISTENT,2023-10-26,2023-11-13,2933.3,3118.05,72,dropped out of top 20 rank (now #21 of 91),13302.0,6.298367026898033,18
KALYANKJIL,2023-10-23,2023-11-16,287.35,313.5,734,dropped out of top 20 rank (now #27 of 111),19194.099999999984,9.100400208804583,24
BSE,2023-09-20,2023-11-24,400.5,690.9133287809914,515,stop,149562.86432221055,72.512691331084,65
TATAELXSI,2023-10-26,2023-12-05,7463.5,8392.1,28,dropped out of top 20 rank (now #22 of 121),26000.80000000001,12.441883834662026,40
BAJAJ-AUTO,2023-10-23,2023-12-08,5272.0,5925.5,40,dropped out of top 20 rank (now #22 of 124),26140.0,12.395675265553873,46
PHOENIXLTD,2023-11-13,2023-12-08,1055.1,1104.5,231,failed a technical gate (trend/near-high/RSI) -- not in the top 20 at all,11411.400000000021,4.68202066154868,25
CDSL,2023-11-16,2023-12-15,892.15,945.3,283,dropped out of top 20 rank (now #23 of 116),15041.449999999993,5.957518354536795,29
OBEROIRLTY,2023-12-05,2023-12-20,1439.25,1370.003993719077,182,stop,-12602.773143127983,-4.8112562988308465,15
RBLBANK,2023-12-15,2023-12-20,292.45,272.58137711039547,916,stop,-18199.658566877744,-6.793852928570532,5
BSE,2023-11-24,2023-12-20,723.5,770.5,344,failed a technical gate (trend/near-high/RSI) -- not in the top 20 at all,16168.0,6.496199032480998,26
RECLTD,2023-12-20,2023-12-26,404.45,419.0,643,dropped out of top 20 rank (now #21 of 118),9355.650000000007,3.597478056620096,6
MCX,2023-10-09,2023-12-27,416.0,638.0,488,dropped out of top 20 rank (now #22 of 118),108336.0,53.36538461538463,79
MOTILALOFS,2023-11-09,2023-12-27,258.0,302.7,899,failed a technical gate (trend/near-high/RSI) -- not in the top 20 at all,40185.29999999999,17.325581395348834,48
MANAPPURAM,2023-12-08,2023-12-28,163.85,172.5,1604,dropped out of top 20 rank (now #22 of 119),13874.60000000001,5.279218797680807,20
PFC,2023-12-20,2023-12-28,381.85,384.9,682,dropped out of top 20 rank (now #26 of 119),2080.099999999969,0.7987429618960151,8
360ONE,2023-12-28,2024-01-03,708.8,655.5420799518596,383,stop,-20397.783378437758,-7.51381490521168,6
BANKBARODA,2023-12-27,2024-01-05,210.1,212.6,1279,dropped out of top 20 rank (now #21 of 124),3197.5,1.1899095668729265,9
ANGELONE,2023-10-09,2024-01-16,204.0,345.99950090866196,995,stop,141289.50340411864,69.60759848463822,99
MOTILALOFS,2024-01-05,2024-01-18,325.5,345.3708156967986,877,stop,17426.705366092385,6.104705283194667,13
PRESTIGE,2023-10-23,2024-01-23,746.4,1191.1690246177827,282,stop,125424.86494221473,59.58856171192159,92
HAL,2023-12-20,2024-01-23,2665.9,2890.5,97,failed a technical gate (trend/near-high/RSI) -- not in the top 20 at all,21786.19999999999,8.424922165122473,34
BDL,2024-01-03,2024-01-23,820.45,834.8,334,failed a technical gate (trend/near-high/RSI) -- not in the top 20 at all,4792.89999999997,1.7490401608873052,20
PHOENIXLTD,2024-01-16,2024-01-23,1223.4,1198.1,236,failed a technical gate (trend/near-high/RSI) -- not in the top 20 at all,-5970.800000000043,-2.0680071930685107,7
MAZDOCK,2023-12-27,2024-01-30,1171.2,1143.2,229,failed a technical gate (trend/near-high/RSI) -- not in the top 20 at all,-6412.0,-2.390710382513661,34
BEL,2023-12-08,2024-02-01,158.75,183.4,1655,failed a technical gate (trend/near-high/RSI) -- not in the top 20 at all,40795.75000000001,15.527559055118111,55
GODREJPROP,2023-12-28,2024-02-08,1996.75,2226.5007128696634,136,stop,31246.096950274223,11.50623327255107,42
NBCC,2024-01-23,2024-02-09,65.73,94.24342450602046,4263,stop,121552.72866916521,43.37962042601622,17
RVNL,2024-02-01,2024-02-09,297.55,258.0,1045,stop,-41329.750000000015,-13.291883717022356,8
NHPC,2024-01-23,2024-02-12,75.95,86.4651678089221,3689,stop,38790.45404711363,13.844855574617654,20
IRFC,2024-01-30,2024-02-12,166.65,144.95330535676626,1822,stop,-39531.37763997188,-13.019318717812023,13
BHEL,2023-12-26,2024-02-12,182.2,216.7,1479,failed a technical gate (trend/near-high/RSI) -- not in the top 20 at all,51025.5,18.935236004390777,48
UNIONBANK,2024-01-23,2024-02-12,128.1,127.91,2187,failed a technical gate (trend/near-high/RSI) -- not in the top 20 at all,-415.529999999995,-0.14832162373146218,20
NBCC,2024-02-09,2024-02-12,98.63,88.77,3120,failed a technical gate (trend/near-high/RSI) -- not in the top 20 at all,-30763.199999999997,-9.996958329108786,3
PHOENIXLTD,2024-02-09,2024-02-13,1406.1,1278.519462624489,218,stop,-27812.557147861367,-9.073361594161932,4
MAXHEALTH,2024-02-12,2024-02-16,875.9,865.45,333,dropped out of top 20 rank (now #22 of 90),-3479.849999999977,-1.193058568329708,4
MOTILALOFS,2024-01-18,2024-02-21,380.9,420.1,756,failed a technical gate (trend/near-high/RSI) -- not in the top 20 at all,29635.200000000033,10.291415069572075,34
COALINDIA,2024-02-12,2024-02-21,406.4,406.55,718,failed a technical gate (trend/near-high/RSI) -- not in the top 20 at all,107.70000000002449,0.03690944881891145,9
IOC,2024-02-12,2024-02-27,159.93,157.89,1825,failed a technical gate (trend/near-high/RSI) -- not in the top 20 at all,-3723.0000000000373,-1.2755580566497948,15
BAJAJ-AUTO,2024-01-23,2024-02-29,6920.5,7773.577341697435,40,stop,34123.09366789741,12.32681658402479,37
OFSS,2024-02-08,2024-03-02,6587.5,7083.0,48,dropped out of top 20 rank (now #25 of 96),23784.0,7.521821631878556,23
PHOENIXLTD,2024-02-13,2024-03-04,1282.35,1350.9,230,failed a technical gate (trend/near-high/RSI) -- not in the top 20 at all,15766.500000000042,5.345654462510252,20
GODFRYPHLP,2024-03-04,2024-03-12,1007.0,1064.6926498564899,300,stop,17307.794956946964,5.729160859631577,8
PETRONET,2024-02-21,2024-03-12,268.15,263.3,1125,failed a technical gate (trend/near-high/RSI) -- not in the top 20 at all,-5456.249999999962,-1.808689166511268,20
ONGC,2024-02-12,2024-03-13,240.1,242.6261059499985,1216,stop,3071.7448351981875,1.0521057684292012,30
UNIONBANK,2024-03-02,2024-03-13,134.67,127.78244709700448,2211,stop,-15228.37946852307,-5.114392888539032,11
PHOENIXLTD,2024-03-12,2024-03-13,1402.8,1267.8327139544776,214,stop,-28882.999213741776,-9.621277876070877,1
BANKBARODA,2024-02-12,2024-03-13,231.4,237.2,1261,failed a technical gate (trend/near-high/RSI) -- not in the top 20 at all,7313.799999999978,2.506482281763178,30
OIL,2024-02-16,2024-03-13,382.45,382.55,804,failed a technical gate (trend/near-high/RSI) -- not in the top 20 at all,80.40000000001828,0.02614720878546528,26
BPCL,2024-02-21,2024-03-13,292.15,275.8,1033,failed a technical gate (trend/near-high/RSI) -- not in the top 20 at all,-16889.549999999967,-5.596440184836549,21
CUMMINSIND,2024-02-29,2024-03-13,2738.65,2675.95,106,failed a technical gate (trend/near-high/RSI) -- not in the top 20 at all,-6646.200000000029,-2.2894491811659146,13
SUNPHARMA,2024-03-14,2024-03-15,1570.2,1548.2,186,failed a technical gate (trend/near-high/RSI) -- not in the top 20 at all,-4092.0,-1.401095401859631,1
TRENT,2024-03-13,2024-03-22,2629.4,2632.4,109,dropped out of top 20 rank (now #25 of 44),327.0,0.11409447022134867,9
PIDILITIND,2024-03-14,2024-03-27,1430.5,1496.2,204,dropped out of top 20 rank (now #22 of 68),13402.80000000001,4.592799720377494,13
ZYDUSLIFE,2024-03-13,2024-04-03,968.65,987.7,297,dropped out of top 20 rank (now #22 of 113),5657.85000000002,1.9666546224126336,21
ETERNAL,2024-03-22,2024-04-03,174.2,178.3,1745,dropped out of top 20 rank (now #27 of 113),7154.50000000004,2.3536165327210146,12
OFSS,2024-03-13,2024-04-09,7340.5,7677.0,39,failed a technical gate (trend/near-high/RSI) -- not in the top 20 at all,13123.5,4.584156392616312,27
CGPOWER,2024-03-13,2024-04-12,461.45,492.42525828571684,624,stop,19328.561170287314,6.712592542142559,30
OIL,2024-03-27,2024-04-18,399.2,402.1,782,failed a technical gate (trend/near-high/RSI) -- not in the top 20 at all,2267.8000000000266,0.7264529058116365,22
GODREJPROP,2024-04-09,2024-04-19,2704.5,2509.99910400842,115,stop,-22367.60303903169,-7.191750637514504,10
ABB,2024-02-27,2024-04-19,5450.5,6292.6,54,failed a technical gate (trend/near-high/RSI) -- not in the top 20 at all,45473.40000000002,15.449958719383549,52
BAJAJ-AUTO,2024-03-12,2024-04-19,8317.0,8587.0,36,failed a technical gate (trend/near-high/RSI) -- not in the top 20 at all,9720.0,3.246362871227615,38
HINDZINC,2024-04-18,2024-04-19,404.95,398.7,771,failed a technical gate (trend/near-high/RSI) -- not in the top 20 at all,-4818.75,-1.543400419804919,1
PETRONET,2024-04-19,2024-04-23,286.7,282.2,1081,dropped out of top 20 rank (now #21 of 76),-4864.5,-1.5695849319846578,4
KEI,2024-04-23,2024-04-29,4016.75,3846.1,77,dropped out of top 20 rank (now #22 of 102),-13140.050000000007,-4.248459575527486,6
HAL,2024-04-03,2024-05-07,3589.3,3714.5047835331807,87,stop,10892.816167386703,3.4882785928504356,34
MAZDOCK,2024-04-29,2024-05-07,1188.45,1083.1046289716028,268,stop,-28232.559435610467,-8.864097860944698,8
BEL,2024-04-03,2024-05-07,221.5,227.4,1423,failed a technical gate (trend/near-high/RSI) -- not in the top 20 at all,8395.700000000008,2.6636568848758424,34
PHOENIXLTD,2024-04-12,2024-05-07,1498.35,1487.5,209,failed a technical gate (trend/near-high/RSI) -- not in the top 20 at all,-2267.649999999981,-0.7241298761971438,25
MOTILALOFS,2024-04-19,2024-05-09,558.0,569.3673903639258,555,stop,6308.901651978807,2.037166731886342,20
NAM-INDIA,2024-05-07,2024-05-13,574.6,563.05,545,failed a technical gate (trend/near-high/RSI) -- not in the top 20 at all,-6294.750000000037,-2.01009397841978,6
JINDALSTEL,2024-04-19,2024-05-16,927.25,1005.25,334,dropped out of top 20 rank (now #24 of 82),26052.0,8.411970881639252,27
GODREJPROP,2024-05-07,2024-05-23,2781.0,2814.75,112,dropped out of top 20 rank (now #26 of 99),3780.0,1.2135922330097193,16
EICHERMOT,2024-05-13,2024-05-28,4657.45,4770.95,69,dropped out of top 20 rank (now #25 of 96),7831.5,2.436955844936617,15
CUMMINSIND,2024-03-15,2024-05-30,2707.65,3596.8,107,failed a technical gate (trend/near-high/RSI) -- not in the top 20 at all,95139.05,32.83843923697671,76
RECLTD,2024-05-28,2024-05-30,580.2,547.75,615,dropped out of top 20 rank (now #24 of 67),-19956.75000000003,-5.59289900034472,2
SUPREMEIND,2024-05-07,2024-05-31,5247.35,5277.6,59,failed a technical gate (trend/near-high/RSI) -- not in the top 20 at all,1784.75,0.576481462071321,24
SIEMENS,2024-03-13,2024-06-04,3542.45,5197.305693169137,81,stop,134043.3111467001,46.71500495897296,83
CGPOWER,2024-04-19,2024-06-04,533.9,608.2986054357098,580,stop,43151.191152711675,13.934932653251497,46
ABB,2024-05-07,2024-06-04,6888.45,8045.552932333119,45,stop,52069.63195499038,16.797725647034078,28
HAL,2024-05-09,2024-06-04,3846.65,4665.954117472403,81,stop,66363.6335152646,21.29915946271177,26
MAZDOCK,2024-05-16,2024-06-04,1219.9,1406.3432804007691,280,stop,52204.118512215326,15.283488843410865,19
OBEROIRLTY,2024-05-23,2024-06-04,1788.1,1695.8263759944157,200,stop,-18454.724801116845,-5.160428611687506,12
BEL,2024-05-30,2024-06-04,290.65,284.530983215078,1221,stop,-7471.319494389757,-2.1052870410879,5
ADANIPOWER,2024-05-30,2024-06-04,139.7,151.62232058072635,2540,stop,30282.694275044963,8.534230909610852,5
COCHINSHIP,2024-05-31,2024-06-05,1947.65,1701.7793195079328,182,stop,-44748.463849556254,-12.623966343648362,5
GVT&D,2024-06-04,2024-06-05,1347.75,1280.4,250,dropped out of top 20 rank (now #21 of 49),-16837.499999999978,-4.997217584863655,1
LODHA,2024-06-04,2024-06-05,1303.8,1296.85,258,dropped out of top 20 rank (now #26 of 49),-1793.1000000000117,-0.5330572173646297,1
BAJAJ-AUTO,2024-06-05,2024-06-06,9365.0,9461.5,36,dropped out of top 20 rank (now #21 of 71),3474.0,1.0304324612920412,1
POLYCAB,2024-06-04,2024-06-07,6456.2,6846.45,52,dropped out of top 20 rank (now #23 of 94),20293.0,6.044577305535759,3
CROMPTON,2024-06-05,2024-06-07,402.25,397.35,843,dropped out of top 20 rank (now #22 of 94),-4130.699999999981,-1.2181479179614652,2
CGPOWER,2024-06-04,2024-06-10,627.0,654.75,538,dropped out of top 20 rank (now #25 of 87),14929.5,4.425837320574155,6
SUPREMEIND,2024-06-06,2024-06-21,5729.5,5864.55,60,dropped out of top 20 rank (now #26 of 123),8103.000000000011,2.3570992233179267,15
OBEROIRLTY,2024-06-04,2024-06-25,1745.25,1829.3,193,failed a technical gate (trend/near-high/RSI) -- not in the top 20 at all,16221.64999999999,4.815928950007153,21
M&M,2024-06-05,2024-07-05,2740.95,2880.6,123,dropped out of top 20 rank (now #23 of 122),17176.95000000001,5.09494883160948,30
UNOMINDA,2024-06-04,2024-07-10,844.75,1060.25,399,failed a technical gate (trend/near-high/RSI) -- not in the top 20 at all,85984.5,25.5105060668837,36
PHOENIXLTD,2024-06-04,2024-07-12,1628.85,1951.4,207,dropped out of top 20 rank (now #28 of 115),66767.85000000003,19.802314516376597,38
HAL,2024-06-21,2024-07-16,5170.55,5329.4,73,failed a technical gate (trend/near-high/RSI) -- not in the top 20 at all,11596.04999999996,3.0722070185956962,25
BDL,2024-06-10,2024-07-18,1418.85,1546.45,248,failed a technical gate (trend/near-high/RSI) -- not in the top 20 at all,31644.800000000032,8.993198717271046,38
BEL,2024-06-25,2024-07-18,309.7,313.55,1241,failed a technical gate (trend/near-high/RSI) -- not in the top 20 at all,4777.850000000029,1.2431385211495005,23
NBCC,2024-07-12,2024-07-19,126.53,114.33790271811878,3377,stop,-41172.71252091287,-9.635736411824247,7
PERSISTENT,2024-07-18,2024-07-19,4896.15,4596.561987933731,83,stop,-24865.8050015003,-6.118848729435755,1
PGEL,2024-06-04,2024-07-19,246.65,350.3,1368,failed a technical gate (trend/near-high/RSI) -- not in the top 20 at all,141793.2,42.02310966957228,45
KAYNES,2024-07-05,2024-07-19,4238.8,3901.85,102,failed a technical gate (trend/near-high/RSI) -- not in the top 20 at all,-34368.90000000003,-7.949183731244702,14
MOTHERSON,2024-07-10,2024-07-19,133.67,128.13,3191,failed a technical gate (trend/near-high/RSI) -- not in the top 20 at all,-17678.139999999974,-4.144535049001263,9
OIL,2024-07-19,2024-07-22,571.1,555.25,695,dropped out of top 20 rank (now #22 of 88),-11015.750000000016,-2.7753458238487183,3
OFSS,2024-07-16,2024-07-23,10448.5,9831.651364338122,40,stop,-24673.94542647511,-5.903705179326002,7
PETRONET,2024-07-19,2024-07-23,327.55,318.6,1212,failed a technical gate (trend/near-high/RSI) -- not in the top 20 at all,-10847.399999999987,-2.73240726606625,4
COCHINSHIP,2024-06-07,2024-07-25,1912.75,2461.75,183,failed a technical gate (trend/near-high/RSI) -- not in the top 20 at all,100467.0,28.7021304404653,48
MAZDOCK,2024-06-07,2024-07-25,1576.6,2428.25,222,failed a technical gate (trend/near-high/RSI) -- not in the top 20 at all,189066.30000000002,54.018140301915516,48
SONACOMS,2024-07-19,2024-07-29,693.5,685.05,572,failed a technical gate (trend/near-high/RSI) -- not in the top 20 at all,-4833.400000000026,-1.2184571016582657,10
KPITTECH,2024-07-19,2024-07-29,1819.7,1799.5,218,dropped out of top 20 rank (now #27 of 102),-4403.6000000000095,-1.1100730889707089,10
OFSS,2024-07-23,2024-07-31,10352.5,10404.0,38,dropped out of top 20 rank (now #25 of 113),1957.0,0.49746438058440035,8
M&M,2024-07-29,2024-07-31,2933.0,2907.8,138,dropped out of top 20 rank (now #23 of 113),-3477.599999999975,-0.8591885441527336,2
PERSISTENT,2024-07-22,2024-08-02,4759.0,4636.35,84,failed a technical gate (trend/near-high/RSI) -- not in the top 20 at all,-10302.59999999997,-2.5772221054843336,11
COCHINSHIP,2024-07-31,2024-08-02,2620.15,2537.9,154,failed a technical gate (trend/near-high/RSI) -- not in the top 20 at all,-12666.5,-3.1391332557296314,2
CAMS,2024-08-02,2024-08-05,873.7,797.3951789550221,449,stop,-34260.864649195115,-8.733526501657085,3
RVNL,2024-07-19,2024-08-05,613.75,550.8,646,failed a technical gate (trend/near-high/RSI) -- not in the top 20 at all,-40665.700000000026,-10.256619144602864,17
MAZDOCK,2024-07-31,2024-08-05,2621.75,2399.75,154,failed a technical gate (trend/near-high/RSI) -- not in the top 20 at all,-34188.0,-8.467626585296085,5
360ONE,2024-07-29,2024-08-06,1068.15,998.4138281095038,380,stop,-26499.74531838859,-6.528687159153323,8
NAUKRI,2024-08-05,2024-08-06,1395.0,1361.0,270,failed a technical gate (trend/near-high/RSI) -- not in the top 20 at all,-9180.0,-2.437275985663079,1
KALYANKJIL,2024-07-18,2024-08-08,519.45,536.55,785,failed a technical gate (trend/near-high/RSI) -- not in the top 20 at all,13423.499999999929,3.291943401674824,21
ZYDUSLIFE,2024-08-02,2024-08-13,1249.9,1194.3538895480233,314,stop,-17441.478681920715,-4.444044359706922,11
PETRONET,2024-07-25,2024-08-13,348.95,351.6,1139,dropped out of top 20 rank (now #21 of 57),3018.350000000039,0.7594211205043777,19
SUNPHARMA,2024-08-05,2024-08-16,1720.35,1742.75,219,dropped out of top 20 rank (now #24 of 77),4905.60000000002,1.302060627197954,11
TORNTPHARM,2024-08-05,2024-08-19,3167.5,3349.35,119,dropped out of top 20 rank (now #22 of 79),21640.14999999999,5.7411207576953505,14
LUPIN,2024-08-08,2024-08-19,2050.8,2068.8,188,dropped out of top 20 rank (now #25 of 79),3384.0,0.8777062609713226,11
PIIND,2024-08-06,2024-08-20,4264.75,4327.25,88,dropped out of top 20 rank (now #21 of 85),5500.0,1.4655020810129482,14
KALYANKJIL,2024-08-16,2024-08-20,572.95,541.9,696,failed a technical gate (trend/near-high/RSI) -- not in the top 20 at all,-21610.800000000047,-5.4193210576839235,4
KAYNES,2024-07-25,2024-08-28,4175.15,4881.6,95,dropped out of top 20 rank (now #23 of 114),67112.75000000007,16.920350167059883,34
ETERNAL,2024-08-06,2024-08-29,249.08,252.34,1513,failed a technical gate (trend/near-high/RSI) -- not in the top 20 at all,4932.3799999999865,1.3088164445158146,23
NAM-INDIA,2024-08-19,2024-08-29,715.15,676.8,562,failed a technical gate (trend/near-high/RSI) -- not in the top 20 at all,-21552.70000000001,-5.362511361252887,10
KFINTECH,2024-08-13,2024-09-06,1016.35,997.5383765505933,381,stop,-7167.2285342239675,-1.850900127850319,24
CDSL,2024-08-20,2024-09-09,1443.05,1400.0,278,stop,-11967.899999999987,-2.983264613145764,20
NYKAA,2024-08-29,2024-09-12,209.55,207.69,1903,failed a technical gate (trend/near-high/RSI) -- not in the top 20 at all,-3539.580000000026,-0.8876163206871901,14
ALKEM,2024-09-06,2024-09-18,6309.95,6090.3,66,failed a technical gate (trend/near-high/RSI) -- not in the top 20 at all,-14496.899999999976,-3.4810101506351,12
LUPIN,2024-09-09,2024-09-19,2216.8,2171.9,187,failed a technical gate (trend/near-high/RSI) -- not in the top 20 at all,-8396.300000000017,-2.0254420786719685,10
PNBHOUSING,2024-09-18,2024-09-24,1075.1,995.7,399,failed a technical gate (trend/near-high/RSI) -- not in the top 20 at all,-31680.599999999944,-7.385359501441712,6
GODFRYPHLP,2024-08-29,2024-09-27,2043.0,2341.704273721826,195,stop,58247.33337575611,14.620865086726686,29
CDSL,2024-09-19,2024-09-27,1511.1,1463.05,281,dropped out of top 20 rank (now #26 of 107),-13502.049999999987,-3.1798027926675854,8
ETERNAL,2024-09-12,2024-09-30,283.9,273.3,1481,failed a technical gate (trend/near-high/RSI) -- not in the top 20 at all,-15698.59999999995,-3.7337090524832584,18
MOTILALOFS,2024-08-20,2024-10-01,677.45,742.8,593,failed a technical gate (trend/near-high/RSI) -- not in the top 20 at all,38752.549999999945,9.646468374049721,42
BAJAJFINSV,2024-09-27,2024-10-03,2010.7,1921.107616073152,210,stop,-18814.40062463808,-4.455780769227036,6
TRENT,2024-08-13,2024-10-04,4254.5,4852.763733770615,91,stop,54441.999773125935,14.061904660256541,52
PGEL,2024-07-23,2024-10-04,370.7,609.85,1063,failed a technical gate (trend/near-high/RSI) -- not in the top 20 at all,254216.45000000004,64.51308335581334,73
VOLTAS,2024-09-30,2024-10-04,1845.1,1809.6,227,failed a technical gate (trend/near-high/RSI) -- not in the top 20 at all,-8058.5,-1.9240149585388333,4
BAJAJ-AUTO,2024-10-01,2024-10-04,11857.0,11483.5,35,failed a technical gate (trend/near-high/RSI) -- not in the top 20 at all,-13072.5,-3.150037952264484,3
KALYANKJIL,2024-08-28,2024-10-07,611.2,680.3500873602461,664,stop,45915.65800720338,11.313823193757532,40
BLUESTARCO,2024-09-27,2024-10-07,2119.5,1973.1787439444097,199,stop,-29117.92995506247,-6.903574241830168,10
ALKEM,2024-10-04,2024-10-10,6194.15,6137.1,66,failed a technical gate (trend/near-high/RSI) -- not in the top 20 at all,-3765.299999999952,-0.9210303270020814,6
COLPAL,2024-10-07,2024-10-10,3695.25,3641.4,109,failed a technical gate (trend/near-high/RSI) -- not in the top 20 at all,-5869.6499999999905,-1.4572762330018252,3
M&M,2024-10-07,2024-10-14,3060.2,3154.9,131,dropped out of top 20 rank (now #23 of 55),12405.700000000035,3.0945689824194655,7
NAUKRI,2024-08-19,2024-10-17,1478.5,1596.0,271,failed a technical gate (trend/near-high/RSI) -- not in the top 20 at all,31842.5,7.947243828204265,59
TRENT,2024-10-10,2024-10-17,5352.6,5146.4,77,failed a technical gate (trend/near-high/RSI) -- not in the top 20 at all,-15877.400000000056,-3.852333445428402,7
KALYANKJIL,2024-10-10,2024-10-18,718.8,718.95,577,failed a technical gate (trend/near-high/RSI) -- not in the top 20 at all,86.55000000005248,0.020868113522554133,8
BSE,2024-09-24,2024-10-22,1326.5,1363.5,326,failed a technical gate (trend/near-high/RSI) -- not in the top 20 at all,12062.0,2.7892951375801056,28
SUNPHARMA,2024-10-04,2024-10-22,1910.05,1887.55,215,failed a technical gate (trend/near-high/RSI) -- not in the top 20 at all,-4837.5,-1.1779796340409932,18
NAM-INDIA,2024-10-17,2024-10-22,707.6,659.8,597,closed below 200 EMA,-28536.600000000042,-6.755228942905611,5
CDSL,2024-10-18,2024-10-22,1579.3,1460.85,271,failed a technical gate (trend/near-high/RSI) -- not in the top 20 at all,-32099.95000000001,-7.50015829798012,4
DIVISLAB,2024-10-22,2024-10-23,5817.95,5727.6,71,failed a technical gate (trend/near-high/RSI) -- not in the top 20 at all,-6414.849999999961,-1.5529525004511768,1
MOTILALOFS,2024-10-14,2024-10-25,826.8,868.2492444652808,517,stop,21429.259388550174,5.01321292516701,11
DIXON,2024-10-17,2024-10-25,15130.85,14281.433035756927,27,stop,-22934.258034562983,-5.613808637605111,8
OBEROIRLTY,2024-10-22,2024-10-30,1950.45,1927.75,212,failed a technical gate (trend/near-high/RSI) -- not in the top 20 at all,-4812.40000000001,-1.1638339870286396,8
HCLTECH,2024-10-04,2024-10-31,1776.6,1759.5912395806506,231,stop,-3929.0236568696882,-0.9573770358746625,27
TECHM,2024-10-22,2024-10-31,1623.9,1540.4901087541853,255,stop,-21269.522267682783,-5.136393327533395,9
PERSISTENT,2024-10-25,2024-10-31,5670.9,5372.5,73,failed a technical gate (trend/near-high/RSI) -- not in the top 20 at all,-21783.199999999975,-5.261951365744411,6
TIINDIA,2024-10-23,2024-11-01,4634.95,4473.9,91,dropped out of top 20 rank (now #21 of 31),-14655.550000000017,-3.4746868898262173,9
WIPRO,2024-10-22,2024-11-04,260.65,258.5,1592,failed a technical gate (trend/near-high/RSI) -- not in the top 20 at all,-3422.799999999964,-0.8248609246115368,13
MAXHEALTH,2024-10-31,2024-11-11,1017.6,1025.0,398,dropped out of top 20 rank (now #21 of 42),2945.1999999999907,0.7272012578616316,11
RADICO,2024-10-31,2024-11-11,2379.0,2289.7,170,failed a technical gate (trend/near-high/RSI) -- not in the top 20 at all,-15181.000000000031,-3.7536780159731054,11
MCX,2024-10-04,2024-11-12,1161.0,1221.9647890186618,354,stop,21581.53531260628,5.251058485672844,39
NAM-INDIA,2024-11-01,2024-11-12,713.45,692.0,571,failed a technical gate (trend/near-high/RSI) -- not in the top 20 at all,-12247.950000000026,-3.006517625621985,11
CDSL,2024-11-04,2024-11-12,1521.8,1521.9,265,failed a technical gate (trend/near-high/RSI) -- not in the top 20 at all,26.500000000036152,0.00657116572480021,8
MOTILALOFS,2024-10-30,2024-11-13,924.0,898.8,445,failed a technical gate (trend/near-high/RSI) -- not in the top 20 at all,-11214.00000000002,-2.7272727272727337,14
NAUKRI,2024-11-12,2024-11-13,1564.5,1523.0,259,closed below 200 EMA,-10748.5,-2.6526046660274805,1
WIPRO,2024-11-11,2024-11-18,274.05,260.07191203067083,1490,stop,-20827.35107430048,-5.100561200266074,7
TECHM,2024-11-12,2024-11-18,1614.7,1589.7,251,failed a technical gate (trend/near-high/RSI) -- not in the top 20 at all,-6275.0,-1.5482752214033613,6
PGEL,2024-11-13,2024-11-18,629.55,624.3,632,failed a technical gate (trend/near-high/RSI) -- not in the top 20 at all,-3318.0,-0.8339289969025443,5
HCLTECH,2024-11-12,2024-11-19,1872.85,1820.55,216,failed a technical gate (trend/near-high/RSI) -- not in the top 20 at all,-11296.79999999999,-2.7925354406385994,7
BAJAJHLDNG,2024-11-18,2024-11-21,10684.75,10420.95,37,failed a technical gate (trend/near-high/RSI) -- not in the top 20 at all,-9760.599999999973,-2.4689393762137524,3
KAYNES,2024-11-18,2024-11-25,5622.65,5895.85,71,dropped out of top 20 rank (now #25 of 39),19397.20000000005,4.858918837203108,7
FEDERALBNK,2024-11-19,2024-11-25,206.65,212.88,1943,dropped out of top 20 rank (now #21 of 39),12104.88999999998,3.0147592547786095,6
BSE,2024-10-31,2024-11-26,1488.5,1477.0,272,failed a technical gate (trend/near-high/RSI) -- not in the top 20 at all,-3128.0,-0.7725898555592914,26
AMBER,2024-10-03,2024-11-28,5163.85,5992.25,80,failed a technical gate (trend/near-high/RSI) -- not in the top 20 at all,66271.99999999997,16.042294024807056,56
HCLTECH,2024-11-25,2024-11-28,1891.7,1840.9,219,failed a technical gate (trend/near-high/RSI) -- not in the top 20 at all,-11125.19999999999,-2.6854152349738314,3
ETERNAL,2024-11-18,2024-12-20,270.79,274.20063660953247,1474,stop,5027.278362450826,1.2595135010644576,32
NAM-INDIA,2024-12-20,2024-12-27,750.25,731.25,594,failed a technical gate (trend/near-high/RSI) -- not in the top 20 at all,-11286.0,-2.532489170276575,7
WIPRO,2024-11-25,2024-12-31,278.35,288.5,1490,failed a technical gate (trend/near-high/RSI) -- not in the top 20 at all,15123.499999999965,3.646488234237455,36
COFORGE,2024-10-25,2025-01-02,1548.0,1939.5,267,dropped out of top 20 rank (now #23 of 56),104530.5,25.290697674418606,69
PERSISTENT,2024-11-11,2025-01-03,5721.65,6405.95,71,dropped out of top 20 rank (now #21 of 53),48585.30000000001,11.959836760375065,53
PAYTM,2024-11-21,2025-01-03,845.4,982.8,480,dropped out of top 20 rank (now #26 of 53),65951.99999999999,16.252661462029817,43
INDHOTEL,2024-11-13,2025-01-06,714.15,844.25,557,failed a technical gate (trend/near-high/RSI) -- not in the top 20 at all,72465.70000000001,18.21746131765036,54
MOTILALOFS,2025-01-03,2025-01-06,971.2,925.25,475,closed below 200 EMA,-21826.250000000022,-4.731260296540363,3
NAUKRI,2024-11-26,2025-01-07,1649.5,1687.5,250,failed a technical gate (trend/near-high/RSI) -- not in the top 20 at all,9500.0,2.3037284025462235,42
360ONE,2024-12-27,2025-01-07,1250.9,1217.3,365,failed a technical gate (trend/near-high/RSI) -- not in the top 20 at all,-12264.00000000005,-2.6860660324566465,11
POLICYBZR,2025-01-03,2025-01-07,2215.85,2079.55,208,failed a technical gate (trend/near-high/RSI) -- not in the top 20 at all,-28350.399999999943,-6.1511383893314004,4
LUPIN,2025-01-07,2025-01-08,2357.65,2251.180081918926,190,stop,-20229.28443540405,-4.515934005517098,1
DIXON,2025-01-07,2025-01-08,18451.85,17430.379613886314,24,stop,-24515.289266728418,-5.5358697697720505,1
KAYNES,2024-12-31,2025-01-08,7417.3,6970.65,61,failed a technical gate (trend/near-high/RSI) -- not in the top 20 at all,-27245.650000000034,-6.021732975611083,8
PGEL,2024-11-28,2025-01-09,700.35,922.2,582,failed a technical gate (trend/near-high/RSI) -- not in the top 20 at all,129116.70000000001,31.677018633540378,42
MANKIND,2025-01-02,2025-01-09,2901.9,2828.05,159,failed a technical gate (trend/near-high/RSI) -- not in the top 20 at all,-11742.149999999985,-2.5448843860918724,7
BSE,2025-01-08,2025-01-09,1800.0,1735.0,243,failed a technical gate (trend/near-high/RSI) -- not in the top 20 at all,-15795.0,-3.6111111111111094,1
KFINTECH,2024-11-28,2025-01-10,1155.35,1374.3428650305798,353,stop,77304.48135579469,18.954677373140605,43
MAXHEALTH,2025-01-06,2025-01-10,1153.2,1149.9,388,failed a technical gate (trend/near-high/RSI) -- not in the top 20 at all,-1280.3999999999824,-0.286160249739853,4
LUPIN,2025-01-08,2025-01-10,2252.15,2191.1,194,failed a technical gate (trend/near-high/RSI) -- not in the top 20 at all,-11843.700000000035,-2.7107430677352884,2
BIOCON,2025-01-09,2025-01-10,370.7,360.95,1167,failed a technical gate (trend/near-high/RSI) -- not in the top 20 at all,-11378.25,-2.6301591583490658,1
AMBER,2025-01-06,2025-01-13,7664.8,6990.470087264245,58,stop,-39111.134938673786,-8.797749618199491,7
MUTHOOTFIN,2025-01-07,2025-01-13,2209.15,2094.4325713404573,203,stop,-23287.638017887177,-5.192831118735386,6
DRREDDY,2025-01-08,2025-01-13,1370.75,1335.1,319,failed a technical gate (trend/near-high/RSI) -- not in the top 20 at all,-11372.35000000003,-2.6007660040124114,5
JUBLFOOD,2025-01-10,2025-01-13,737.0,706.6,579,failed a technical gate (trend/near-high/RSI) -- not in the top 20 at all,-17601.599999999988,-4.124830393487111,3
EICHERMOT,2025-01-10,2025-01-13,5058.45,4939.1,84,failed a technical gate (trend/near-high/RSI) -- not in the top 20 at all,-10025.399999999954,-2.3594183989166573,3
TITAN,2025-01-10,2025-01-13,3440.25,3382.75,124,closed below 200 EMA,-7130.0,-1.6713901605987957,3
HCLTECH,2025-01-09,2025-01-14,1934.8,1859.229518340046,223,stop,-16852.217410169716,-3.9058549545148757,5
INFY,2025-01-13,2025-01-16,1920.6,1887.6,216,failed a technical gate (trend/near-high/RSI) -- not in the top 20 at all,-7128.0,-1.718213058419249,3
TCS,2025-01-15,2025-01-16,4249.6,4206.3,96,closed below 200 EMA,-4156.8000000000175,-1.0189194277108515,1
DRREDDY,2025-01-15,2025-01-16,1337.2,1302.75,307,closed below 200 EMA,-10576.150000000014,-2.576278791504638,1
PATANJALI,2025-01-16,2025-01-20,619.1,607.0,664,failed a technical gate (trend/near-high/RSI) -- not in the top 20 at all,-8034.400000000015,-1.9544500080762472,4
EICHERMOT,2025-01-16,2025-01-21,5047.8,4969.95,81,failed a technical gate (trend/near-high/RSI) -- not in the top 20 at all,-6305.8500000000295,-1.5422560323309242,5
BSE,2025-01-16,2025-01-27,1998.0,1840.3180787140245,205,stop,-32324.793863624975,-7.891988052351129,11
BIOCON,2025-01-14,2025-01-27,387.65,370.25,1064,failed a technical gate (trend/near-high/RSI) -- not in the top 20 at all,-18513.599999999977,-4.488585063846251,13
MUTHOOTFIN,2025-01-15,2025-01-27,2179.55,2139.0,188,failed a technical gate (trend/near-high/RSI) -- not in the top 20 at all,-7623.400000000034,-1.8604757862861643,12
BAJAJHLDNG,2025-01-27,2025-01-28,11193.2,11029.3,36,failed a technical gate (trend/near-high/RSI) -- not in the top 20 at all,-5900.400000000052,-1.4642818854304518,1
ITC,2025-01-10,2025-01-29,424.2,413.2,1006,failed a technical gate (trend/near-high/RSI) -- not in the top 20 at all,-11066.0,-2.5931164545025975,19
BAJAJFINSV,2025-01-21,2025-02-01,1717.0,1664.9712388726468,238,stop,-12382.845148310053,-3.030213228151024,11
MARICO,2025-01-13,2025-02-04,668.4,677.05,621,dropped out of top 20 rank (now #23 of 26),5371.649999999986,1.2941352483542667,22
EICHERMOT,2025-01-27,2025-02-11,5144.5,5107.941305355118,78,stop,-2851.5781823008,-0.7106364981024793,15
MUTHOOTFIN,2025-02-04,2025-02-11,2239.0,2188.2,192,failed a technical gate (trend/near-high/RSI) -- not in the top 20 at all,-9753.600000000035,-2.26887003126397,7
MANAPPURAM,2025-02-01,2025-02-12,197.8,185.93977366261308,2133,stop,-25297.86277764633,-5.996069938011594,11
SRF,2025-01-13,2025-02-14,2516.0,2752.25,165,failed a technical gate (trend/near-high/RSI) -- not in the top 20 at all,38981.25,9.389904610492849,32
WIPRO,2025-01-27,2025-02-14,294.35,300.35,1372,failed a technical gate (trend/near-high/RSI) -- not in the top 20 at all,8232.0,2.038389672158991,18
INDIGO,2025-02-11,2025-02-14,4316.85,4223.3,96,closed below 200 EMA,-8980.800000000017,-2.1670894286343056,3
BHARTIARTL,2025-02-12,2025-02-19,1711.55,1645.2,244,failed a technical gate (trend/near-high/RSI) -- not in the top 20 at all,-16189.399999999978,-3.876603079080365,7
MARUTI,2025-01-29,2025-02-20,11977.9,12442.90269656432,34,stop,15810.091683186914,3.8821721383908825,22
HDFCBANK,2025-02-18,2025-02-20,861.5,843.6,488,closed below 200 EMA,-8735.19999999999,-2.0777713290771938,2
MUTHOOTFIN,2025-02-14,2025-02-21,2254.9,2212.1,186,failed a technical gate (trend/near-high/RSI) -- not in the top 20 at all,-7960.800000000034,-1.8980886070335767,7
WIPRO,2025-02-19,2025-02-21,306.2,298.65,1368,failed a technical gate (trend/near-high/RSI) -- not in the top 20 at all,-10328.400000000016,-2.465708687132595,2
ASHOKLEY,2025-02-20,2025-02-21,113.25,111.25,3701,failed a technical gate (trend/near-high/RSI) -- not in the top 20 at all,-7402.0,-1.7660044150110354,1
JUBLFOOD,2025-02-21,2025-02-24,692.35,674.75,598,closed below 200 EMA,-10524.800000000014,-2.542066873691051,3
BAJAJHLDNG,2025-02-11,2025-02-25,11513.6,11642.05,36,failed a technical gate (trend/near-high/RSI) -- not in the top 20 at all,4624.199999999961,1.1156371595330672,14
CIPLA,2025-02-21,2025-02-25,1475.75,1463.35,280,closed below 200 EMA,-3472.0000000000255,-0.8402507199729015,4
ASHOKLEY,2025-02-25,2025-02-28,113.6,105.96533300659954,3619,stop,-27629.85984911626,-6.7206575646130755,3
KOTAKBANK,2025-01-28,2025-02-28,377.6,380.6,1078,failed a technical gate (trend/near-high/RSI) -- not in the top 20 at all,3234.0,0.7944915254237239,31
BAJAJFINSV,2025-02-14,2025-03-04,1841.3,1790.3,228,failed a technical gate (trend/near-high/RSI) -- not in the top 20 at all,-11628.0,-2.769782219084338,18
MANAPPURAM,2025-02-24,2025-03-04,204.03,197.58,2020,failed a technical gate (trend/near-high/RSI) -- not in the top 20 at all,-13028.999999999976,-3.1612998088516364,8
BAJFINANCE,2025-01-09,2025-03-05,728.0,830.0,594,failed a technical gate (trend/near-high/RSI) -- not in the top 20 at all,60588.0,14.010989010989006,55
BAJFINANCE,2025-03-07,2025-03-10,840.5,834.0,487,failed a technical gate (trend/near-high/RSI) -- not in the top 20 at all,-3165.5,-0.7733491969066031,3
PGEL,2025-03-10,2025-03-12,899.05,854.5,453,failed a technical gate (trend/near-high/RSI) -- not in the top 20 at all,-20181.14999999998,-4.9552305211056025,2
SBICARD,2025-01-20,2025-03-13,761.5,829.85,541,failed a technical gate (trend/near-high/RSI) -- not in the top 20 at all,36977.35000000001,8.975705843729486,52
BLUESTARCO,2025-03-05,2025-03-21,2131.2,2152.7,191,dropped out of top 20 rank (now #26 of 37),4106.5,1.0088213213213182,16
SRF,2025-02-21,2025-03-25,2778.9,2945.65,149,dropped out of top 20 rank (now #21 of 41),24845.75,6.000575767389971,32
HINDALCO,2025-03-06,2025-03-27,681.95,693.35,601,dropped out of top 20 rank (now #21 of 40),6851.399999999986,1.6716768091502354,21
CHOLAFIN,2025-02-28,2025-04-01,1400.75,1468.25,290,failed a technical gate (trend/near-high/RSI) -- not in the top 20 at all,19575.0,4.818847046225239,32
SHRIRAMFIN,2025-03-03,2025-04-01,621.3,637.45,654,failed a technical gate (trend/near-high/RSI) -- not in the top 20 at all,10562.10000000006,2.5993883792049033,29
BAJFINANCE,2025-03-13,2025-04-02,842.0,867.0,480,failed a technical gate (trend/near-high/RSI) -- not in the top 20 at all,12000.0,2.9691211401425166,20
SBICARD,2025-04-01,2025-04-03,862.1,850.3,487,failed a technical gate (trend/near-high/RSI) -- not in the top 20 at all,-5746.600000000033,-1.3687507249739106,2
INDIGO,2025-02-20,2025-04-07,4501.45,4748.465848614266,93,stop,22972.473921126773,5.487472894606538,46
KOTAKBANK,2025-03-12,2025-04-07,396.5,403.7,1027,stop,7394.399999999989,1.815889029003781,26
MUTHOOTFIN,2025-03-21,2025-04-07,2356.6,2150.0,181,stop,-37394.599999999984,-8.766867521004828,17
BAJAJFINSV,2025-03-25,2025-04-07,1945.05,1835.0,220,stop,-24210.99999999999,-5.657952237731678,13
MAZDOCK,2025-03-27,2025-04-07,2695.35,2221.05,159,stop,-75413.69999999995,-17.59697256385997,11
INDHOTEL,2025-04-02,2025-04-07,830.15,744.0,508,stop,-43764.19999999999,-10.3776425947118,5
HDFCBANK,2025-04-03,2025-04-07,897.4,878.8,471,failed a technical gate (trend/near-high/RSI) -- not in the top 20 at all,-8760.600000000011,-2.0726543347448168,4
TORNTPHARM,2025-04-07,2025-04-09,3233.55,3126.8,121,closed below 200 EMA,-12916.75,-3.301325168931979,2
FEDERALBNK,2025-04-07,2025-04-11,190.81,190.44,2064,dropped out of top 20 rank (now #24 of 30),-763.6800000000094,-0.1939101724228287,4
APOLLOHOSP,2025-04-07,2025-04-11,6683.3,6780.95,58,dropped out of top 20 rank (now #21 of 30),5663.699999999979,1.461104544162306,4
MARICO,2025-04-07,2025-04-16,662.65,720.45,594,dropped out of top 20 rank (now #23 of 43),34333.20000000004,8.722553384139452,9
TATACONSUM,2025-04-11,2025-04-16,1097.9,1105.9,368,dropped out of top 20 rank (now #24 of 43),2944.0,0.7286638127333989,5
HDFCLIFE,2025-04-07,2025-04-17,665.95,720.05,591,failed a technical gate (trend/near-high/RSI) -- not in the top 20 at all,31973.099999999948,8.123733012988943,10
MFSL,2025-04-07,2025-04-17,1128.45,1218.0,349,dropped out of top 20 rank (now #22 of 47),31252.949999999983,7.935663963844197,10
SHRIRAMFIN,2025-04-17,2025-04-25,691.75,640.6948737187944,605,stop,-30888.3514001294,-7.380574814774931,8
MANAPPURAM,2025-03-06,2025-04-25,203.54,226.93,2015,failed a technical gate (trend/near-high/RSI) -- not in the top 20 at all,47130.85000000003,11.491598702957662,50
LTF,2025-04-25,2025-04-28,172.99,161.5093994542209,2423,stop,-27817.495122422788,-6.636568903277129,3
BAJAJFINSV,2025-04-09,2025-04-30,1895.7,1939.7321172983345,211,stop,9290.776749948573,2.3227365774296738,21
BAJFINANCE,2025-04-11,2025-04-30,892.0,861.7556844695237,453,stop,-13700.674935305782,-3.39061833301304,19
INDIGO,2025-04-07,2025-05-08,4988.7,5109.429907986336,78,stop,9416.932822934208,2.4200675123045245,31
HDFCBANK,2025-04-16,2025-05-09,939.0,944.8,439,failed a technical gate (trend/near-high/RSI) -- not in the top 20 at all,2546.19999999998,0.6176783812566589,23
HDFCAMC,2025-04-25,2025-05-09,2105.0,2051.6,199,failed a technical gate (trend/near-high/RSI) -- not in the top 20 at all,-10626.600000000019,-2.5368171021377672,14
ICICIBANK,2025-05-08,2025-05-09,1435.5,1388.9,287,failed a technical gate (trend/near-high/RSI) -- not in the top 20 at all,-13374.199999999973,-3.246255660048758,1
MUTHOOTFIN,2025-05-09,2025-05-13,2229.6,2216.5,184,dropped out of top 20 rank (now #21 of 51),-2410.3999999999833,-0.5875493362037965,4
SBILIFE,2025-05-09,2025-05-14,1699.8,1755.2,242,dropped out of top 20 rank (now #21 of 58),13406.800000000021,3.259206965525352,5
GODFRYPHLP,2025-04-16,2025-05-21,2448.0,2851.0,168,dropped out of top 20 rank (now #25 of 59),67704.0,16.462418300653603,35
MAZDOCK,2025-04-30,2025-06-11,3057.6,3322.8157328919056,135,stop,35804.12394040726,8.673983938118312,42
BDL,2025-05-13,2025-06-12,1746.7,1871.0,246,failed a technical gate (trend/near-high/RSI) -- not in the top 20 at all,30577.79999999999,7.116276406938793,30
BSE,2025-04-01,2025-06-13,1822.0,2653.0,230,stop,191130.0,45.60922063666302,73
PNBHOUSING,2025-04-17,2025-06-13,990.65,1055.6,422,failed a technical gate (trend/near-high/RSI) -- not in the top 20 at all,27408.899999999972,6.556301418260735,57
ANGELONE,2025-06-11,2025-06-13,311.4,292.5,1521,failed a technical gate (trend/near-high/RSI) -- not in the top 20 at all,-28746.899999999965,-6.0693641618497,2
HDFCAMC,2025-05-14,2025-06-16,2194.5,2299.7,197,stop,20724.399999999965,4.793802688539528,33
BSE,2025-06-13,2025-06-18,2711.2,2633.2,169,failed a technical gate (trend/near-high/RSI) -- not in the top 20 at all,-13182.0,-2.8769548539392176,5
HAL,2025-05-21,2025-06-19,5001.1,4902.3,89,failed a technical gate (trend/near-high/RSI) -- not in the top 20 at all,-8793.200000000015,-1.9755653756173719,29
CDSL,2025-06-18,2025-06-19,1680.3,1637.8,276,failed a technical gate (trend/near-high/RSI) -- not in the top 20 at all,-11730.0,-2.529310242218652,1
BDL,2025-06-16,2025-06-24,1888.0,1851.7,245,failed a technical gate (trend/near-high/RSI) -- not in the top 20 at all,-8893.499999999989,-1.9226694915254194,8
BSE,2025-06-24,2025-07-04,2785.6,2635.2,169,failed a technical gate (trend/near-high/RSI) -- not in the top 20 at all,-25417.600000000017,-5.399195864445727,10
MFSL,2025-05-09,2025-07-07,1268.2,1568.5,324,failed a technical gate (trend/near-high/RSI) -- not in the top 20 at all,97297.19999999998,23.679230405298846,59
HDFCAMC,2025-06-19,2025-07-07,2386.8,2446.0,192,failed a technical gate (trend/near-high/RSI) -- not in the top 20 at all,11366.399999999965,2.4803083626612876,18
MCX,2025-06-13,2025-07-11,1512.0,1656.6749616185812,304,stop,43981.188332048674,9.568449842498762,28
BEL,2025-04-30,2025-07-11,314.1,409.3,1317,failed a technical gate (trend/near-high/RSI) -- not in the top 20 at all,125378.39999999998,30.308818847500785,72
GVT&D,2025-06-12,2025-07-11,2308.6,2332.9,201,failed a technical gate (trend/near-high/RSI) -- not in the top 20 at all,4884.300000000037,1.0525859828467654,29
CDSL,2025-07-07,2025-07-11,1778.5,1688.7,265,failed a technical gate (trend/near-high/RSI) -- not in the top 20 at all,-23796.99999999999,-5.0491987630025275,4
AUBANK,2025-04-28,2025-07-16,688.4,797.75,610,failed a technical gate (trend/near-high/RSI) -- not in the top 20 at all,66703.50000000001,15.884660081348056,79
LTF,2025-07-07,2025-07-17,207.77,199.78,2272,failed a technical gate (trend/near-high/RSI) -- not in the top 20 at all,-18153.28000000002,-3.8455984983395197,10
ABCAPITAL,2025-06-19,2025-07-18,255.68,264.35,1800,failed a technical gate (trend/near-high/RSI) -- not in the top 20 at all,15606.00000000003,3.390957446808507,29
360ONE,2025-07-04,2025-07-22,1245.4,1146.7218025299294,381,stop,-37596.393236096934,-7.923413960982073,18
MOTILALOFS,2025-07-11,2025-07-24,934.4,904.9,493,failed a technical gate (trend/near-high/RSI) -- not in the top 20 at all,-14543.5,-3.1571061643835607,13
GODFRYPHLP,2025-07-16,2025-07-24,3106.0,2935.0,150,failed a technical gate (trend/near-high/RSI) -- not in the top 20 at all,-25650.0,-5.505473277527361,8
NAM-INDIA,2025-07-11,2025-07-25,804.85,809.7,573,failed a technical gate (trend/near-high/RSI) -- not in the top 20 at all,2779.050000000013,0.6025967571597235,14
POLYCAB,2025-07-17,2025-07-25,6886.0,6734.5,67,failed a technical gate (trend/near-high/RSI) -- not in the top 20 at all,-10150.5,-2.200116177751965,8
MANAPPURAM,2025-07-18,2025-07-25,271.3,265.65,1710,failed a technical gate (trend/near-high/RSI) -- not in the top 20 at all,-9661.500000000058,-2.082565425727989,7
RBLBANK,2025-07-11,2025-07-28,264.16,253.26,1746,failed a technical gate (trend/near-high/RSI) -- not in the top 20 at all,-19031.40000000006,-4.126287098728055,17
LTF,2025-07-24,2025-07-28,210.1,201.99,2171,failed a technical gate (trend/near-high/RSI) -- not in the top 20 at all,-17606.80999999997,-3.8600666349357327,4
MUTHOOTFIN,2025-06-13,2025-07-29,2598.7,2617.1,177,failed a technical gate (trend/near-high/RSI) -- not in the top 20 at all,3256.800000000016,0.7080463308577478,46
DELHIVERY,2025-07-28,2025-07-30,428.85,409.15,1044,failed a technical gate (trend/near-high/RSI) -- not in the top 20 at all,-20566.800000000047,-4.593680774163467,2
POLYCAB,2025-07-29,2025-08-01,6962.5,6698.0,64,failed a technical gate (trend/near-high/RSI) -- not in the top 20 at all,-16928.0,-3.7989228007181297,3
GLENMARK,2025-07-22,2025-08-05,2157.9,2052.6,214,failed a technical gate (trend/near-high/RSI) -- not in the top 20 at all,-22534.20000000004,-4.879744195745872,14
MOTILALOFS,2025-07-30,2025-08-05,933.4,910.75,480,failed a technical gate (trend/near-high/RSI) -- not in the top 20 at all,-10871.999999999989,-2.4266123848296517,6
ETERNAL,2025-07-25,2025-08-07,310.55,291.55,1449,stop,-27531.0,-6.118177427145389,13
MOTILALOFS,2025-08-07,2025-08-08,917.8,905.6,492,failed a technical gate (trend/near-high/RSI) -- not in the top 20 at all,-6002.399999999967,-1.3292656352146381,1
HDFCAMC,2025-07-11,2025-08-11,2503.2,2691.6,184,failed a technical gate (trend/near-high/RSI) -- not in the top 20 at all,34665.60000000002,7.526366251198469,31
RBLBANK,2025-08-01,2025-08-11,259.1,258.5,1738,failed a technical gate (trend/near-high/RSI) -- not in the top 20 at all,-1042.8000000000395,-0.23157082207643231,10
INDIANB,2025-08-11,2025-08-25,659.95,654.1,689,dropped out of top 20 rank (now #22 of 49),-4030.6500000000156,-0.8864307902113788,14
GVT&D,2025-07-24,2025-08-26,2521.0,2690.1,180,failed a technical gate (trend/near-high/RSI) -- not in the top 20 at all,30437.999999999985,6.707655692185632,33
NAM-INDIA,2025-08-25,2025-08-26,843.45,825.7,557,failed a technical gate (trend/near-high/RSI) -- not in the top 20 at all,-9886.75,-2.10445195328709,1
HDFCAMC,2025-08-26,2025-08-28,2818.4,2731.3,164,failed a technical gate (trend/near-high/RSI) -- not in the top 20 at all,-14284.399999999985,-3.090405904059035,2
DELHIVERY,2025-08-05,2025-09-01,458.05,473.75,982,dropped out of top 20 rank (now #21 of 42),15417.399999999989,3.427573409016471,27
GODFRYPHLP,2025-08-05,2025-09-02,3292.0,3353.0,136,failed a technical gate (trend/near-high/RSI) -- not in the top 20 at all,8296.0,1.8529769137302532,28
ABCAPITAL,2025-08-11,2025-09-02,271.2,274.85,1677,failed a technical gate (trend/near-high/RSI) -- not in the top 20 at all,6121.0500000000575,1.3458702064896855,22
FORTIS,2025-07-25,2025-09-12,845.55,970.0,532,dropped out of top 20 rank (now #21 of 66),66207.40000000002,14.71823073738987,49
PAYTM,2025-07-28,2025-09-17,1094.2,1222.1,409,dropped out of top 20 rank (now #21 of 79),52311.09999999995,11.688905136172533,51
CUMMINSIND,2025-07-25,2025-09-23,3535.1,4005.2,127,dropped out of top 20 rank (now #21 of 64),59702.69999999999,13.298067947158486,60
MANAPPURAM,2025-09-02,2025-09-25,281.0,281.2,1644,failed a technical gate (trend/near-high/RSI) -- not in the top 20 at all,328.7999999999813,0.0711743772241924,23
ETERNAL,2025-08-08,2025-09-26,300.9,322.27622414754416,1500,stop,32064.33622131627,7.104095761895701,49
UNOMINDA,2025-08-28,2025-09-26,1295.6,1268.9,354,failed a technical gate (trend/near-high/RSI) -- not in the top 20 at all,-9451.799999999936,-2.060821241123789,29
KAYNES,2025-09-25,2025-09-29,7503.0,7091.517969356767,63,stop,-25923.367930523676,-5.484233381890347,4
ADANIPOWER,2025-09-26,2025-09-30,146.25,144.65,3228,failed a technical gate (trend/near-high/RSI) -- not in the top 20 at all,-5164.799999999982,-1.0940170940170857,4
ASHOKLEY,2025-09-23,2025-10-06,144.04,137.78,3343,failed a technical gate (trend/near-high/RSI) -- not in the top 20 at all,-20927.17999999997,-4.34601499583448,13
SBIN,2025-09-29,2025-10-07,870.75,864.7,544,dropped out of top 20 rank (now #21 of 62),-3291.1999999999753,-0.6948033304622347,8
UNOMINDA,2025-10-07,2025-10-09,1366.3,1297.7683305943626,352,stop,-24123.14763078434,-5.015858113564908,2
MUTHOOTFIN,2025-09-12,2025-10-23,2926.2,3136.072669039739,161,stop,33789.49971539803,7.172191546706963,41
EICHERMOT,2025-09-01,2025-10-23,6280.0,6884.5,73,failed a technical gate (trend/near-high/RSI) -- not in the top 20 at all,44128.5,9.62579617834396,52
MARUTI,2025-09-30,2025-10-28,16029.0,16311.0,29,dropped out of top 20 rank (now #24 of 77),8178.0,1.7593112483623496,28
NAM-INDIA,2025-09-17,2025-10-29,846.75,870.0,564,stop,13113.0,2.7457927369353374,42
HEROMOTOCO,2025-09-02,2025-10-30,5312.0,5515.0,86,failed a technical gate (trend/near-high/RSI) -- not in the top 20 at all,17458.0,3.821536144578319,58
BAJFINANCE,2025-09-26,2025-10-31,985.1,1042.8,479,failed a technical gate (trend/near-high/RSI) -- not in the top 20 at all,27638.299999999967,5.8572733732615845,35
ADANIPOWER,2025-10-06,2025-11-03,151.99,156.73,3158,failed a technical gate (trend/near-high/RSI) -- not in the top 20 at all,14968.919999999938,3.1186262254095487,28
MCX,2025-11-03,2025-11-07,1905.0,1803.8993842555371,259,stop,-26185.05947781588,-5.307118936717215,4
INDIANB,2025-10-23,2025-11-21,808.95,834.05,606,failed a technical gate (trend/near-high/RSI) -- not in the top 20 at all,15210.599999999944,3.102787564126319,29
BANKBARODA,2025-10-31,2025-11-24,269.7,273.05,1806,failed a technical gate (trend/near-high/RSI) -- not in the top 20 at all,6050.100000000041,1.2421208750463597,24
BANKINDIA,2025-10-23,2025-12-03,131.24,135.04261241598502,3735,stop,14202.757373704011,2.897449265456431,41
SBIN,2025-10-29,2025-12-03,939.75,951.05,520,failed a technical gate (trend/near-high/RSI) -- not in the top 20 at all,5875.999999999976,1.2024474594307,35
BSE,2025-11-24,2025-12-03,2802.2,2751.1,180,failed a technical gate (trend/near-high/RSI) -- not in the top 20 at all,-9197.999999999984,-1.8235671972021916,9
CANBK,2025-10-30,2025-12-08,128.65,137.74350071247605,3787,stop,34437.08719814678,7.068403196638973,39
BHARATFORG,2025-12-03,2025-12-08,1406.7,1373.6,362,failed a technical gate (trend/near-high/RSI) -- not in the top 20 at all,-11982.20000000005,-2.353024809838644,5
BSE,2025-12-08,2025-12-09,2798.8,2634.114493698545,180,stop,-29643.391134261903,-5.88414700233868,1
HEROMOTOCO,2025-12-08,2025-12-09,6167.0,6001.0,82,failed a technical gate (trend/near-high/RSI) -- not in the top 20 at all,-13612.0,-2.6917463920869134,1
MCX,2025-12-09,2025-12-10,2072.0,1957.267592483723,243,stop,-27879.97502645529,-5.5372783550326705,1
EICHERMOT,2025-12-09,2025-12-16,7123.0,7061.5,70,failed a technical gate (trend/near-high/RSI) -- not in the top 20 at all,-4305.0,-0.8634002527025175,7
LTF,2025-08-26,2025-12-18,220.0,299.85,2109,failed a technical gate (trend/near-high/RSI) -- not in the top 20 at all,168403.65000000005,36.295454545454554,114
SBIN,2025-12-18,2025-12-26,977.55,966.3,523,failed a technical gate (trend/near-high/RSI) -- not in the top 20 at all,-5883.75,-1.150836274359368,8
MUTHOOTFIN,2025-12-03,2025-12-29,3763.4,3736.5,135,failed a technical gate (trend/near-high/RSI) -- not in the top 20 at all,-3631.5000000000123,-0.7147791890312005,26
MOTHERSON,2025-12-10,2025-12-30,116.28,119.75,4316,dropped out of top 20 rank (now #21 of 57),14976.519999999995,2.984176126590987,20
FEDERALBNK,2025-11-07,2026-01-05,237.26,263.75,2107,dropped out of top 20 rank (now #23 of 76),55814.43000000002,11.1649667031948,59
CANBK,2025-12-16,2026-01-07,142.47,148.08,3574,dropped out of top 20 rank (now #21 of 79),20050.14000000005,3.937671088650241,22
HINDZINC,2025-12-30,2026-01-08,625.3,588.9347918307274,849,stop,-30874.06173571243,-5.815641799020089,9
NMDC,2025-12-26,2026-01-09,80.17,77.92451096293601,6531,stop,-14665.28890106492,-2.8009093639316363,14
MANAPPURAM,2026-01-07,2026-01-09,319.9,303.2254862480685,1709,stop,-28496.74400205093,-5.2124144269870225,2
MCX,2025-12-29,2026-01-09,2187.0,2191.0,238,dropped out of top 20 rank (now #21 of 42),952.0,0.18289894833105613,11
AUBANK,2025-10-28,2026-01-13,879.9,962.3143977396953,559,stop,46069.6483364897,9.36633682687753,77
EICHERMOT,2026-01-09,2026-01-14,7507.0,7266.614916663225,70,stop,-16826.955833574255,-3.2021457751002402,5
NMDC,2026-01-13,2026-01-19,79.7,78.99,6680,failed a technical gate (trend/near-high/RSI) -- not in the top 20 at all,-4742.800000000053,-0.8908406524466894,6
MANAPPURAM,2026-01-19,2026-01-20,314.45,301.85,1729,failed a technical gate (trend/near-high/RSI) -- not in the top 20 at all,-21785.39999999994,-4.0069963428207895,1
BANKBARODA,2026-01-05,2026-01-21,297.25,289.7,1817,failed a technical gate (trend/near-high/RSI) -- not in the top 20 at all,-13718.35000000002,-2.5399495374264114,16
APLAPOLLO,2026-01-09,2026-01-21,1890.1,1878.6,280,failed a technical gate (trend/near-high/RSI) -- not in the top 20 at all,-3220.0,-0.6084334162213656,12
MUTHOOTFIN,2026-01-21,2026-01-22,3906.6,3861.9,136,failed a technical gate (trend/near-high/RSI) -- not in the top 20 at all,-6079.199999999975,-1.1442174781139514,1
NATIONALUM,2025-10-09,2026-01-30,229.55,386.7146736057631,2073,stop,325802.3683847469,68.46642282978135,113
HINDZINC,2026-01-14,2026-01-30,654.2,647.2246923040271,825,stop,-5754.628849177644,-1.0662347441108055,16
SBIN,2026-01-08,2026-02-01,998.0,1024.551936766317,531,stop,14099.078422914386,2.660514706043804,24
BANKINDIA,2026-01-09,2026-02-01,141.4,147.07184702545635,3755,stop,21297.785580588574,4.0112072315815706,23
MCX,2026-01-30,2026-02-01,2528.0,2300.0,218,stop,-49704.0,-9.018987341772156,2
UNIONBANK,2026-01-20,2026-02-01,170.69,164.51,3135,failed a technical gate (trend/near-high/RSI) -- not in the top 20 at all,-19374.30000000002,-3.620598746265158,12
INDIANB,2026-01-21,2026-02-01,832.8,825.55,640,failed a technical gate (trend/near-high/RSI) -- not in the top 20 at all,-4640.0,-0.8705571565802095,11
SHRIRAMFIN,2025-11-21,2026-02-02,823.3,951.4016966590506,611,stop,78270.13665867993,15.559540466300327,73
OIL,2026-02-01,2026-02-03,501.8,488.9,1054,dropped out of top 20 rank (now #27 of 43),-13596.600000000037,-2.570745316859313,2
BEL,2026-02-01,2026-02-03,425.35,438.95,1244,dropped out of top 20 rank (now #22 of 43),16918.399999999958,3.1973668743387806,2
GVT&D,2026-02-02,2026-02-03,3290.4,3456.4,160,dropped out of top 20 rank (now #23 of 43),26560.0,5.044979333819599,1
TECHM,2026-02-01,2026-02-04,1673.8,1600.3000691168083,316,stop,-23225.978159088547,-4.391201510526443,3
NATIONALUM,2026-02-03,2026-02-05,370.85,363.85,1450,failed a technical gate (trend/near-high/RSI) -- not in the top 20 at all,-10150.0,-1.8875556154779538,2
BAJAJ-AUTO,2026-02-01,2026-02-09,9499.5,9590.0,55,dropped out of top 20 rank (now #23 of 78),4977.5,0.9526817200905313,8
MCX,2026-02-04,2026-02-11,2543.3,2372.8,213,failed a technical gate (trend/near-high/RSI) -- not in the top 20 at all,-36316.5,-6.703888648606138,7
NMDC,2026-02-03,2026-02-13,79.24,79.43,6790,failed a technical gate (trend/near-high/RSI) -- not in the top 20 at all,1290.100000000081,0.23977788995457328,10
NATIONALUM,2026-02-11,2026-02-13,367.7,349.3,1488,failed a technical gate (trend/near-high/RSI) -- not in the top 20 at all,-27379.199999999968,-5.004079412564588,2
FEDERALBNK,2026-01-22,2026-02-19,282.2,288.3,1924,dropped out of top 20 rank (now #23 of 63),11736.400000000043,2.1615875265769136,28
SHRIRAMFIN,2026-02-13,2026-03-02,1065.8,1052.5,505,failed a technical gate (trend/near-high/RSI) -- not in the top 20 at all,-6716.499999999977,-1.2478889097391588,17
APLAPOLLO,2026-01-30,2026-03-04,2045.7,2131.603593202479,270,stop,23193.970164669267,4.19922731595439,33
JINDALSTEL,2026-02-01,2026-03-04,1102.0,1177.7214421989095,480,stop,36346.29225547655,6.871274246725001,31
BANKINDIA,2026-02-05,2026-03-04,158.29,157.94769555088027,3403,stop,-1164.8620403544178,-0.21625146826692587,27
ASHOKLEY,2025-12-03,2026-03-04,162.71,200.46,3132,failed a technical gate (trend/near-high/RSI) -- not in the top 20 at all,118233.0,23.20078667568066,91
SBIN,2026-02-09,2026-03-05,1146.0,1155.7756478961394,474,stop,4633.65710277007,0.8530233766264717,24
UNIONBANK,2026-02-03,2026-03-06,169.41,183.24,3176,failed a technical gate (trend/near-high/RSI) -- not in the top 20 at all,43924.08000000004,8.163626704444837,31
SBIN,2026-03-05,2026-03-06,1169.5,1143.0,467,failed a technical gate (trend/near-high/RSI) -- not in the top 20 at all,-12375.5,-2.26592560923472,1
INDIANB,2026-02-19,2026-03-09,908.0,891.708604135213,599,stop,-9758.5461230074,-1.7942065930382167,18
POLYCAB,2026-03-04,2026-03-10,8284.0,7918.111182872448,65,stop,-23782.77311329089,-4.416813340506421,6
CUMMINSIND,2026-03-06,2026-03-11,4800.7,4630.7,114,failed a technical gate (trend/near-high/RSI) -- not in the top 20 at all,-19380.0,-3.5411502489220315,5
BHARATFORG,2026-02-13,2026-03-12,1738.8,1758.347843916154,309,stop,6040.283770091611,1.1242146259577979,27
ASTRAL,2026-03-11,2026-03-12,1746.3,1643.0154946714922,306,stop,-31605.05863052337,-5.914476626496468,1
GVT&D,2026-03-02,2026-03-13,3772.4,3604.3,147,failed a technical gate (trend/near-high/RSI) -- not in the top 20 at all,-24710.699999999986,-4.4560491994486195,11
BEL,2026-03-04,2026-03-13,446.85,439.4,1205,failed a technical gate (trend/near-high/RSI) -- not in the top 20 at all,-8977.250000000055,-1.6672261385252463,9
SUPREMEIND,2026-03-12,2026-03-13,4043.7,3886.5,132,failed a technical gate (trend/near-high/RSI) -- not in the top 20 at all,-20750.399999999976,-3.8875287484234744,1
CGPOWER,2026-03-10,2026-03-16,728.2,680.4669792593064,740,stop,-35322.435348113286,-6.554932812509429,6
TORNTPHARM,2026-03-04,2026-03-16,4341.0,4266.6,124,failed a technical gate (trend/near-high/RSI) -- not in the top 20 at all,-9225.599999999955,-1.7138908085694404,12
NATIONALUM,2026-03-06,2026-03-16,396.15,372.25,1381,failed a technical gate (trend/near-high/RSI) -- not in the top 20 at all,-33005.899999999965,-6.033068282216325,10
SUNPHARMA,2026-03-13,2026-03-19,1801.6,1744.4,289,failed a technical gate (trend/near-high/RSI) -- not in the top 20 at all,-16530.79999999995,-3.1749555950266295,6
LUPIN,2026-03-16,2026-03-19,2290.4,2251.5,224,failed a technical gate (trend/near-high/RSI) -- not in the top 20 at all,-8713.60000000002,-1.698393293747824,3
MCX,2026-03-09,2026-03-20,2577.1,2414.5,208,failed a technical gate (trend/near-high/RSI) -- not in the top 20 at all,-33820.79999999998,-6.309417562376307,11
BSE,2026-03-13,2026-03-20,2797.0,2806.1,186,failed a technical gate (trend/near-high/RSI) -- not in the top 20 at all,1692.599999999983,0.32534858777260034,7
ASTRAL,2026-03-19,2026-03-20,1640.4,1631.8,311,failed a technical gate (trend/near-high/RSI) -- not in the top 20 at all,-2674.600000000042,-0.5242623750304931,1
ABB,2026-03-04,2026-03-23,5830.5,6041.5,92,failed a technical gate (trend/near-high/RSI) -- not in the top 20 at all,19412.0,3.6189006088671594,19
PFC,2026-03-19,2026-03-23,411.85,398.0,1239,closed below 200 EMA,-17160.150000000027,-3.362874833070295,4
COALINDIA,2026-03-12,2026-03-24,470.1,444.37037857580697,1135,stop,-29203.120316459117,-5.473223021525852,12
TATAPOWER,2026-03-16,2026-03-24,390.55,384.75,1316,failed a technical gate (trend/near-high/RSI) -- not in the top 20 at all,-7632.800000000015,-1.485085136346176,8
ABB,2026-03-25,2026-03-27,6212.5,6105.0,81,failed a technical gate (trend/near-high/RSI) -- not in the top 20 at all,-8707.5,-1.730382293762578,2
DELHIVERY,2026-03-27,2026-03-30,428.75,416.7,1174,closed below 200 EMA,-14146.700000000013,-2.8104956268221626,3
LUPIN,2026-03-23,2026-04-01,2296.7,2274.9,218,failed a technical gate (trend/near-high/RSI) -- not in the top 20 at all,-4752.3999999999405,-0.9491879653415691,9
GVT&D,2026-04-02,2026-04-07,3822.2,3673.2,131,failed a technical gate (trend/near-high/RSI) -- not in the top 20 at all,-19519.0,-3.8982784783632485,5
DELHIVERY,2026-04-02,2026-04-08,426.25,459.85,1182,dropped out of top 20 rank (now #24 of 30),39715.200000000026,7.882697947214079,6
COALINDIA,2026-04-06,2026-04-08,459.55,449.25,1103,failed a technical gate (trend/near-high/RSI) -- not in the top 20 at all,-11360.900000000012,-2.2413230334022427,2
ONGC,2026-03-30,2026-04-09,284.65,288.6,1756,dropped out of top 20 rank (now #23 of 42),6936.20000000008,1.3876690672756098,10
AUROPHARMA,2026-03-13,2026-04-15,1296.5,1373.9,401,dropped out of top 20 rank (now #21 of 65),31037.400000000038,5.969919012726588,33
DMART,2026-04-02,2026-04-16,4362.4,4428.3,115,dropped out of top 20 rank (now #23 of 70),7578.500000000063,1.5106363469649775,14
MCX,2026-04-08,2026-04-20,2596.3,2859.1,196,dropped out of top 20 rank (now #21 of 76),51508.799999999945,10.122096830104365,12
NATIONALUM,2026-04-02,2026-04-30,401.8,399.79447966096217,1254,stop,-2514.922505153456,-0.4991339818411711,28
ABB,2026-04-08,2026-05-08,6565.0,7012.5,77,failed a technical gate (trend/near-high/RSI) -- not in the top 20 at all,34457.5,6.816450875856805,30
NMDC,2026-04-08,2026-05-11,82.91,86.79,6165,failed a technical gate (trend/near-high/RSI) -- not in the top 20 at all,23920.20000000006,4.679773248100361,33
GVT&D,2026-04-09,2026-05-12,3911.3,4233.513680237785,132,stop,42532.205791387554,8.238020101699806,33
ADANIENSOL,2026-04-20,2026-05-12,1259.4,1262.6814054743188,442,stop,1450.381219648873,0.26055307879297995,22
CAMS,2026-05-08,2026-05-12,836.3,784.540417794548,701,stop,-36283.467126021795,-6.1891166095243255,4
ANGELONE,2026-04-15,2026-05-12,297.76,299.1,1810,failed a technical gate (trend/near-high/RSI) -- not in the top 20 at all,2425.400000000058,0.45002686727566577,27
OFSS,2026-05-11,2026-05-14,9239.5,8730.12060712311,62,stop,-31581.522358367183,-5.513062318057149,3
CGPOWER,2026-05-12,2026-05-18,833.7,808.75,665,failed a technical gate (trend/near-high/RSI) -- not in the top 20 at all,-16591.75000000003,-2.992683219383474,6
CAMS,2026-05-12,2026-05-21,784.65,769.1,706,failed a technical gate (trend/near-high/RSI) -- not in the top 20 at all,-10978.299999999968,-1.9817753138341887,9
MCX,2026-05-12,2026-05-27,3156.9,3158.5,175,failed a technical gate (trend/near-high/RSI) -- not in the top 20 at all,279.9999999999841,0.050682631695653235,15
NMDC,2026-05-27,2026-05-29,92.28,87.5706569033763,6381,stop,-30050.318299555816,-5.103319350480817,2
PNBHOUSING,2026-04-30,2026-05-29,1045.65,1030.5,545,failed a technical gate (trend/near-high/RSI) -- not in the top 20 at all,-8256.75000000005,-1.4488595610385957,29
BSE,2026-04-07,2026-06-01,2950.8,4047.402659762728,171,stop,187519.05481942647,37.16289344458208,55
BSE,2026-06-01,2026-06-02,4066.6,3931.9,139,failed a technical gate (trend/near-high/RSI) -- not in the top 20 at all,-18723.299999999974,-3.312349382776758,1
BHEL,2026-05-14,2026-06-04,413.15,389.2,1381,failed a technical gate (trend/near-high/RSI) -- not in the top 20 at all,-33074.94999999998,-5.7969260559118885,21
NMDC,2026-06-02,2026-06-08,95.31,89.31408644924116,5967,stop,-35777.61615737801,-6.290959553833641,6
ADANIPOWER,2026-03-16,2026-06-08,154.06,225.85,3337,failed a technical gate (trend/near-high/RSI) -- not in the top 20 at all,239563.22999999998,46.59872776840193,84
NAM-INDIA,2026-04-16,2026-06-08,964.85,1055.2,562,failed a technical gate (trend/near-high/RSI) -- not in the top 20 at all,50776.70000000001,9.364149867855097,53
GVT&D,2026-05-21,2026-06-08,4794.6,4744.0,118,failed a technical gate (trend/near-high/RSI) -- not in the top 20 at all,-5970.800000000043,-1.055353939849002,18
OFSS,2026-05-18,2026-06-09,9408.5,9639.5,59,failed a technical gate (trend/near-high/RSI) -- not in the top 20 at all,13629.0,2.4552266567465564,22
PREMIERENE,2026-06-08,2026-06-12,1090.5,1034.6,509,failed a technical gate (trend/near-high/RSI) -- not in the top 20 at all,-28453.100000000046,-5.126088950022933,4
LAURUSLABS,2026-05-12,2026-06-16,1268.0,1351.4121168855415,437,stop,36451.09507898165,6.57824265658844,35
ADANIENSOL,2026-05-29,2026-06-17,1513.3,1491.0,381,dropped out of top 20 rank (now #24 of 65),-8496.299999999983,-1.4736007401044082,19
ZYDUSLIFE,2026-06-08,2026-06-17,1087.6,1061.4,510,failed a technical gate (trend/near-high/RSI) -- not in the top 20 at all,-13361.999999999907,-2.4089738874586097,9
CGPOWER,2026-05-29,2026-06-24,917.45,919.45,629,failed a technical gate (trend/near-high/RSI) -- not in the top 20 at all,1258.0,0.21799553109160819,26
CUMMINSIND,2026-06-08,2026-06-24,5610.5,5555.5,98,failed a technical gate (trend/near-high/RSI) -- not in the top 20 at all,-5390.0,-0.9803047856697278,16
POLYCAB,2026-06-09,2026-06-25,9615.5,9531.0,58,failed a technical gate (trend/near-high/RSI) -- not in the top 20 at all,-4901.0,-0.8787894545265407,16
ANGELONE,2026-06-17,2026-06-25,348.7,335.25,1593,failed a technical gate (trend/near-high/RSI) -- not in the top 20 at all,-21425.84999999998,-3.8571838256380775,8
SUZLON,2026-06-24,2026-06-25,57.91,57.14,9525,failed a technical gate (trend/near-high/RSI) -- not in the top 20 at all,-7334.249999999962,-1.329649456052484,1
GVT&D,2026-06-16,2026-06-29,4872.5,4826.673115213523,112,stop,-5132.611096085471,-0.9405209807383796,13
FEDERALBNK,2026-06-12,2026-06-29,315.7,324.05,1736,dropped out of top 20 rank (now #25 of 62),14495.600000000039,2.6449160595502175,17
ADANIGREEN,2026-06-08,2026-06-30,1490.5,1492.2,372,dropped out of top 20 rank (now #22 of 66),632.4000000000169,0.11405568601141614,22
POLYCAB,2026-06-30,2026-07-02,9961.0,9635.0,55,failed a technical gate (trend/near-high/RSI) -- not in the top 20 at all,-17930.0,-3.2727637787370756,2
CGPOWER,2026-06-29,2026-07-03,956.25,902.6758024133505,574,stop,-30751.58941473679,-5.6025304665777265,4
BHEL,2026-06-29,2026-07-03,413.75,385.6890708066307,1326,stop,-37208.792110407696,-6.7820976902403185,4
MOTILALOFS,2026-06-25,2026-07-08,946.15,909.6,581,failed a technical gate (trend/near-high/RSI) -- not in the top 20 at all,-21235.549999999974,-3.8630238334302125,13
ABCAPITAL,2026-07-03,2026-07-08,401.25,385.75,1380,dropped out of top 20 rank (now #21 of 49),-21390.0,-3.8629283489096555,5
ADANIENT,2026-06-04,2026-07-09,2972.8,3083.6,192,dropped out of top 20 rank (now #26 of 51),21273.599999999948,3.7271259418729663,35
NAM-INDIA,2026-06-17,2026-07-16,1153.7,1151.5,481,failed a technical gate (trend/near-high/RSI) -- not in the top 20 at all,-1058.2000000000219,-0.1906908208373137,29
LTF,2026-07-02,2026-07-17,315.25,307.77174328034465,1757,stop,-13139.297056434447,-2.372167079985832,15
AUROPHARMA,2026-07-09,2026-07-17,1587.4,1533.4,344,failed a technical gate (trend/near-high/RSI) -- not in the top 20 at all,-18576.0,-3.401789089076479,8
PAYTM,2026-07-17,2026-07-21,1348.0,1300.5,399,dropped out of top 20 rank (now #23 of 64),-18952.5,-3.523738872403559,4
OFSS,2026-06-24,2026-07-22,10468.5,10851.0,52,failed a technical gate (trend/near-high/RSI) -- not in the top 20 at all,19890.0,3.6538185986531024,28
LICI,2026-06-25,2026-07-22,423.35,423.3,1299,failed a technical gate (trend/near-high/RSI) -- not in the top 20 at all,-64.95000000001477,-0.011810558639424595,27
ZYDUSLIFE,2026-07-08,2026-07-22,1148.0,1126.3,466,failed a technical gate (trend/near-high/RSI) -- not in the top 20 at all,-10112.20000000002,-1.890243902439026,14
LUPIN,2026-07-08,2026-07-22,2459.0,2406.9,217,failed a technical gate (trend/near-high/RSI) -- not in the top 20 at all,-11305.69999999998,-2.1187474583163834,14
OBEROIRLTY,2026-07-21,2026-07-23,1884.8,1818.1,286,failed a technical gate (trend/near-high/RSI) -- not in the top 20 at all,-19076.20000000001,-3.5388370118845547,2
PHOENIXLTD,2026-07-03,2026-07-24,2047.6,1988.7837052880766,270,stop,-15880.399572219296,-2.8724504157024433,21
BHEL,2026-07-16,2026-07-24,435.4,403.83182944334754,1250,stop,-39460.213195815544,-7.250383683199912,8
BAJFINANCE,2026-07-17,2026-07-24,1056.3,1007.0003161440566,509,stop,-25093.539082675183,-4.667204757733923,7
BHEL,2026-07-24,2026-07-28,417.3,405.75,1248,failed a technical gate (trend/near-high/RSI) -- not in the top 20 at all,-14414.400000000014,-2.7677929547088476,4
ABB,2026-07-24,2026-07-28,7375.5,7243.5,70,dropped out of top 20 rank (now #29 of 49),-9240.0,-1.7897091722595126,4
TORNTPHARM,2026-07-22,2026-07-29,5033.4,4878.5,105,failed a technical gate (trend/near-high/RSI) -- not in the top 20 at all,-16264.499999999962,-3.077442682878362,7
BIOCON,2026-07-22,2026-07-30,437.95,425.35,1207,failed a technical gate (trend/near-high/RSI) -- not in the top 20 at all,-15208.199999999959,-2.8770407580773982,8
MANKIND,2026-07-28,2026-07-31,2617.9,2484.1865065838256,201,stop,-26876.412176651076,-5.107662378859946,3
GODREJPROP,2026-07-28,2026-08-04,2136.6,2000.8183085177006,247,stop,-33538.07779612792,-6.355035639909168,7
ALKEM,2026-07-22,2026-08-04,5585.0,5608.0,94,failed a technical gate (trend/near-high/RSI) -- not in the top 20 at all,2162.0,0.4118173679498627,13
LODHA,2026-07-29,2026-08-06,1316.35,1217.1512461735338,405,stop,-40175.49529971879,-7.535894999541625,8
BAJFINANCE,2026-08-04,2026-08-07,1149.0,1089.024224989435,462,stop,-27708.808054881043,-5.219823760710618,3
BAJAJ-AUTO,2026-07-31,2026-08-19,11520.5,11645.0,46,dropped out of top 20 rank (now #22 of 56),5727.0,1.0806822620545997,19
LODHA,2026-08-06,2026-08-21,1214.0,1242.0,437,dropped out of top 20 rank (now #21 of 60),12236.0,2.3064250411861664,15
