symbol,entry_date,exit_date,reason,sector,ret_pct,pnl,holding_days,entry_rsi,entry_atr_pct,entry_mom_3m,entry_pct_52w_high,entry_vol_expansion,entry_month,entry_dow,win
OBEROIRLTY,2021-01-01,2021-01-15,rebalance,NIFTY REALTY,-5.168615488900185,-6191.5,14,71.05759785886553,4.328696703455227,24.1588077773897,1.0,0.8416133791642719,1,Friday,False
GODREJPROP,2021-01-01,2021-01-15,rebalance,NIFTY REALTY,-3.149413207216678,-2517.2000000000025,14,68.68251001557014,3.954288378326934,37.593302400645555,0.9965785706804454,0.8470442780091241,1,Friday,False
TATASTEEL,2021-01-01,2021-01-18,rebalance,NIFTY METAL,3.8604180714767455,4630.379999999998,17,70.08864027001093,3.0895036154189994,33.90186915887852,0.9991578238167426,0.7982933837612317,1,Friday,True
SAIL,2021-01-15,2021-01-18,rebalance,NIFTY METAL,-5.987170349251603,-5145.000000000004,3,56.15024843119159,5.6505674254941685,78.97793263646922,0.8846153846153847,1.615391704727304,1,Friday,False
DIXON,2021-01-01,2021-01-22,stop,NIFTY CONSR DURBL,1.5045657965367054,1188.72132626454,21,69.38847927442286,3.736704106066261,27.995974336394514,0.9931285883532307,0.9883824492468893,1,Friday,True
VEDL,2021-01-15,2021-01-22,rebalance,NIFTY METAL,-6.60377358490567,-6943.300000000008,7,65.46195510393848,4.768810870199297,73.90326209223845,0.9398353388220393,1.1573187112095944,1,Friday,False
RVNL,2021-01-18,2021-01-22,rebalance,,-7.359999999999999,-6219.200000000002,4,66.14845547330853,5.515318036312507,67.3860911270983,0.8954154727793696,2.2728093128271425,1,Monday,False
KPITTECH,2021-01-01,2021-01-25,stop,NIFTY MS IT TELCM,-11.660344518306786,-13977.103389615608,24,72.71688370449507,5.830172259153393,22.444786851566523,1.0,1.830120921392722,1,Friday,False
PERSISTENT,2021-01-01,2021-01-25,stop,NIFTY MS IT TELCM,-0.119891030968422,-95.1608682285057,24,75.29921154567178,3.833352328937915,29.828018631314947,0.9772905246671886,1.0127974844408258,1,Friday,False
ASHOKLEY,2021-01-22,2021-01-27,stop,NIFTY AUTO,-8.290841177255437,-7159.124774877717,5,70.36792189346161,4.167527443327856,27.0509977827051,1.0,1.0657372553474116,1,Friday,False
DLF,2021-01-01,2021-01-27,rebalance,NIFTY REALTY,8.558842039018245,6976.800000000002,26,66.47955517037593,4.058996527578751,23.61946418808092,0.906790945406125,1.1975829689476398,1,Friday,True
MPHASIS,2021-01-25,2021-01-27,rebalance,NIFTY MS IT TELCM,-0.3477193700143322,-285.60000000000764,2,53.2290869350705,4.367379338361861,23.453355155482814,0.9343228436743535,1.1844359689904695,1,Monday,False
KPITTECH,2021-01-25,2021-01-28,rebalance,NIFTY MS IT TELCM,-0.5237560793116436,-535.5000000000131,3,52.63750980069743,5.539657180672987,22.247918593894546,0.918872464764524,1.2742068766342523,1,Monday,False
WIPRO,2021-01-22,2021-01-29,stop,NIFTY IT,-6.352620298024203,-5414.500271823628,7,68.83024946408852,3.176310149012102,21.747967479674802,0.9687784867821331,1.6195340231792008,1,Friday,False
HAVELLS,2021-01-27,2021-01-29,stop,NIFTY CONSR DURBL,-4.532037252264621,-3742.905329788552,2,78.99035282390061,3.1277139833928755,23.419714216517317,0.9859534431732849,1.0828496316874088,1,Wednesday,False
APLAPOLLO,2021-01-01,2021-01-29,rebalance,NIFTY METAL,5.443126308443835,6528.6000000000095,28,69.93862809184103,4.156351969972847,16.62835249042145,0.9737259343148358,1.3186354354250174,1,Friday,True
ADANIENT,2021-01-01,2021-01-29,rebalance,NIFTY METAL,3.149937001259984,2550.0,28,68.89230603864075,4.3940473993674765,31.53824119163562,1.0,0.9380627965547038,1,Friday,True
IDFCFIRSTB,2021-01-22,2021-02-01,stop,NIFTY MS FIN SERV,-10.280807385146751,-8844.157080338955,10,68.50367065861235,5.1430630123670324,31.123139377537214,0.9620991253644314,1.5021349946243119,1,Friday,False
CROMPTON,2021-01-27,2021-02-01,rebalance,NIFTY CONSR DURBL,-2.709963789276959,-2250.400000000004,5,66.20246320916704,5.4070582533026466,19.338768115942038,0.9834577828834004,0.6650211842010901,1,Wednesday,False
HAVELLS,2021-01-29,2021-02-01,rebalance,NIFTY CONSR DURBL,1.6702560421153478,1361.1000000000035,3,55.07113573681495,4.448973718480594,37.397584511743645,0.8840702348212397,1.3473505857152555,1,Friday,True
RVNL,2021-01-28,2021-02-02,rebalance,,-1.6583747927031545,-1686.5,5,57.71609088127261,5.926744652230257,32.33404710920769,0.8638968481375359,2.2275603287510863,1,Thursday,False
KPITTECH,2021-01-29,2021-02-02,rebalance,NIFTY MS IT TELCM,-5.497198879551835,-6727.45000000002,4,60.77576307724588,5.344610485231562,23.767214571301665,0.9817806806462703,0.9912111674294045,1,Friday,False
NATIONALUM,2021-02-01,2021-02-09,rebalance,NIFTY METAL,-0.3107520198881386,-259.3500000000098,8,63.114827226104744,4.485583474826177,11.483019789885173,1.0,1.3193788927078927,2,Monday,False
ASHOKLEY,2021-02-02,2021-02-12,rebalance,NIFTY AUTO,-3.2182103610675084,-4130.750000000008,10,70.49384101806045,5.0367545808577034,26.00896860986548,1.0,1.2150428841057845,2,Tuesday,False
VOLTAS,2021-02-12,2021-02-16,rebalance,NIFTY CONSR DURBL,-3.8500741289844265,-4778.2499999999945,4,72.30402015565781,3.7430425701633867,21.904298064044813,0.9782451051486585,1.453897245995102,2,Friday,False
SHRIRAMFIN,2021-01-29,2021-02-18,rebalance,NIFTY FINSEREXBNK,11.423039690222648,9322.0,20,61.55921818066839,5.756719976325331,13.579665803718544,0.9879495026778884,1.0085049722920905,1,Friday,True
TATAELXSI,2021-01-01,2021-02-22,rebalance,NIFTY MS IT TELCM,42.76613399716267,51126.40000000001,52,68.66117321991806,3.660588981979749,17.431345723914717,1.0,0.8476831311089265,1,Friday,True
TMPV,2021-01-18,2021-02-22,rebalance,NIFTY AUTO,23.79687038677296,28774.200000000008,35,75.4256654833822,4.71060510555921,26.953614709569585,0.9450334821428572,1.4680199039868804,1,Monday,True
DLF,2021-02-01,2021-02-22,rebalance,NIFTY REALTY,4.229699559407663,3246.2500000000045,21,63.25982266859836,5.151848469020806,23.634694814134917,0.9697021862626958,1.267635249681737,2,Monday,True
UNOMINDA,2021-01-27,2021-02-23,rebalance,NIFTY AUTO,14.196839616772428,11923.450000000004,27,69.8935815823313,4.520329330183817,4.475735479004284,0.9529435322386864,1.6528359889093995,1,Wednesday,True
SBIN,2021-02-16,2021-03-05,rebalance,NIFTY PSU BANK,-4.647694793090606,-5535.2000000000135,17,79.03523425694551,3.831064528160931,43.4593023255814,0.9886964000491462,1.2495574962863552,2,Tuesday,False
DIXON,2021-02-02,2021-03-08,rebalance,NIFTY CONSR DURBL,21.084318160099368,17871.29999999999,34,66.27979617220072,4.6864163623218085,8.831796049245867,1.0,1.3521302518326144,2,Tuesday,True
MAHABANK,2021-02-22,2021-03-16,stop,,-3.167025374569321,-4334.794723370831,22,66.82288927738638,7.137803094109742,16.483516483516492,0.8665338645418326,1.7498035391963525,2,Monday,False
IDFCFIRSTB,2021-02-01,2021-03-17,rebalance,NIFTY MS FIN SERV,30.663876098786112,25639.6,44,56.975082041233684,5.561129013064113,31.64893617021276,0.9057337220602526,1.6072773011994834,2,Monday,True
ADANIPORTS,2021-02-22,2021-03-17,rebalance,NIFTY MOBILITY,2.144553279905015,2933.350000000009,23,79.91922802654386,3.7681153148717117,24.590651979755872,1.0,1.2870781612367155,2,Monday,True
PGEL,2021-01-29,2021-03-18,stop,NIFTY CONSR DURBL,134.87031700288182,111852.0,48,71.81731348163747,4.615950859019642,-12.269938650306745,1.0,1.2620126754051406,1,Friday,True
NBCC,2021-03-05,2021-03-18,stop,NIFTY MULTI INFRA,-11.689616492299514,-13279.275749470838,13,77.65317732064649,5.84480824614976,27.944469323779675,0.9721823917407514,1.6257025089817438,3,Friday,False
ASTRAL,2021-03-17,2021-03-18,stop,NIFTY MULTI MFG,-7.151344037805007,-7147.539522776897,1,75.34108928547572,3.5756720189025044,41.78012707565806,0.9662409076671423,0.9524419330453422,3,Wednesday,False
ABCAPITAL,2021-03-08,2021-03-19,stop,NIFTY MS FIN SERV,-10.321547253680974,-10645.69544518282,11,71.76458500487891,5.1703358512942295,39.0139335476956,1.0,1.8007061751184619,3,Monday,False
PGEL,2021-03-18,2021-03-19,rebalance,NIFTY CONSR DURBL,-5.03067484662576,-7502.99999999999,1,66.76493994852393,5.099806377833905,173.65079365079364,0.8578947368421053,1.0370829627330305,3,Thursday,False
NATIONALUM,2021-03-18,2021-03-19,rebalance,NIFTY METAL,-1.7622729724869557,-1757.1399999999944,1,52.85618763951993,4.762377016742125,22.537313432835827,0.9146381578947369,1.0984776906348785,3,Thursday,False
NMDC,2021-03-19,2021-03-22,rebalance,NIFTY METAL,-3.738317757009357,-3747.000000000009,3,57.464567070298685,4.166150157691973,25.680933852140075,0.9610778443113773,1.2396606822786531,3,Friday,False
DIXON,2021-03-19,2021-03-23,stop,NIFTY CONSR DURBL,-8.986681962432785,-11888.009767299298,4,66.91891264943757,4.493340981216389,47.06186117739237,1.0,0.831531830493983,3,Friday,False
HINDALCO,2021-03-17,2021-03-24,rebalance,NIFTY METAL,-2.650122549019596,-3935.7499999999895,7,54.457858230311786,3.901406520512333,38.68081564710777,0.908306664811465,1.127763016132632,3,Wednesday,False
PGEL,2021-03-22,2021-03-24,rebalance,NIFTY CONSR DURBL,-4.674046740467396,-4510.599999999997,2,63.94907302572979,5.419094255660272,173.7752161383285,0.8557894736842105,1.1322562895130859,3,Monday,False
AUBANK,2021-03-24,2021-03-25,rebalance,NIFTY MS FIN SERV,-6.127610966057439,-8298.54999999999,1,57.857471120953484,4.784295814044576,21.765379410846244,0.9665615141955836,1.1713601321672504,3,Wednesday,False
ADANIPOWER,2021-03-16,2021-03-30,stop,NIFTY COMMODITIES,8.721036681429295,11559.82133160136,14,77.38682968778397,4.812205388959414,47.86729857819905,1.0,1.656779011343186,3,Tuesday,True
ADANIPOWER,2021-03-30,2021-03-31,rebalance,NIFTY COMMODITIES,-5.027932960893844,-7245.899999999989,1,61.2463134118291,5.959215216955071,85.16746411483255,0.8585131894484411,1.9524877659785698,3,Tuesday,False
PGEL,2021-03-31,2021-04-01,rebalance,NIFTY CONSR DURBL,-4.054054054054069,-5548.950000000019,1,61.22888388051806,5.473168270708245,75.86206896551724,0.856842105263158,1.1417455793469204,3,Wednesday,False
APLAPOLLO,2021-03-18,2021-04-05,rebalance,NIFTY METAL,1.303706133158422,1812.6000000000104,18,58.47285599576118,5.731395896942042,42.15007982969665,0.8850507982583453,1.021065590076481,3,Thursday,True
NBCC,2021-03-23,2021-04-05,rebalance,NIFTY MULTI INFRA,-5.104917005950515,-6146.729999999996,13,61.266924985238916,6.3353809606308635,47.028301886792455,0.9156868368224835,1.340568662213534,3,Tuesday,False
ADANIENT,2021-02-09,2021-04-12,stop,NIFTY METAL,68.61230690449737,56976.7574504051,62,79.56030532301395,4.022413695605654,23.95196011783367,1.0,0.9081752459195963,2,Tuesday,True
VEDL,2021-02-22,2021-04-12,stop,NIFTY METAL,8.709235939292137,11036.343782271,49,73.27011963462692,4.27363408072859,17.05310396409874,1.0,0.5749448020284414,2,Monday,True
ADANIENSOL,2021-02-23,2021-04-12,stop,NIFTY COMMODITIES,27.892384563070284,26633.043400047653,48,74.82441852441777,6.1342179720471215,73.06210335448775,0.9342406512337827,1.4805448801641843,2,Tuesday,True
IEX,2021-02-18,2021-04-12,rebalance,NIFTY MS FIN SERV,13.393756294058411,12235.999999999998,53,70.0103325126355,5.1230265315371755,34.85868102288023,0.9910179640718563,1.7447334525130687,2,Thursday,True
COFORGE,2021-04-12,2021-04-13,stop,NIFTY MS IT TELCM,-8.170516455076815,-8303.73672587684,1,63.98023810340805,4.085258227538412,17.391304347826097,0.984214680347277,1.4015309452200724,4,Monday,False
HINDZINC,2021-04-12,2021-04-13,rebalance,NIFTY METAL,-0.7479177290497963,-765.599999999996,1,50.517752131827294,5.2362382589739935,-2.7323298429319465,0.9025774777539123,0.9538277673953857,4,Monday,False
CGPOWER,2021-03-25,2021-04-15,stop,NIFTY ENERGY,1.5890357050730497,2020.5304056071045,21,68.87775136353173,4.883822379144162,33.68176538908247,0.9867647058823529,1.0614375051386724,3,Thursday,True
ADANIPOWER,2021-04-01,2021-04-19,rebalance,NIFTY COMMODITIES,-1.9607843137254943,-2574.9500000000103,18,59.338148416908204,6.127371506548558,97.63033175355451,0.8561151079136691,1.9437200740275582,4,Thursday,False
JSWSTEEL,2021-03-19,2021-05-14,stop,NIFTY METAL,54.24976981456824,54013.40356748616,56,63.214137220414436,3.6983753957027234,11.280892904597394,1.0,1.070981306224313,3,Friday,True
SAIL,2021-04-05,2021-05-14,stop,NIFTY METAL,39.318366143922056,40324.75904374189,39,73.473229395508,4.806159223041969,8.320839580209881,1.0,0.786896692885311,4,Monday,True
JINDALSTEL,2021-04-12,2021-05-14,stop,NIFTY METAL,11.031985777512231,16264.566951644065,32,64.52545140023977,4.8437947686604,17.72755227552276,0.9358835558763383,0.9865322768198861,4,Monday,True
HINDALCO,2021-04-13,2021-05-14,stop,NIFTY METAL,7.254235020513389,6729.311320194012,31,56.18730439457026,4.380684521797513,13.084866085834147,0.9548192771084337,0.9113458303336318,4,Tuesday,True
SAIL,2021-05-14,2021-05-20,rebalance,NIFTY METAL,-4.482894219425882,-8094.000000000004,6,62.597155271561746,6.238622151863232,81.83673469387756,0.8691045796308954,1.3931895128053806,5,Friday,False
NMDC,2021-04-13,2021-05-21,stop,NIFTY METAL,28.42890078926392,29245.37881993157,38,55.391948924322534,4.257640418069512,16.666666666666675,0.9542857142857143,0.9755091615604669,4,Tuesday,True
TATASTEEL,2021-04-05,2021-05-24,stop,NIFTY METAL,27.033476348691863,41232.81520753753,49,72.25428090765453,4.226071632130623,5.038335158817087,1.0,0.9811907374628495,4,Monday,True
JSWSTEEL,2021-05-14,2021-05-24,rebalance,NIFTY METAL,-3.627492575307589,-5001.749999999995,10,64.07545599692043,4.052214221719775,65.65656565656563,0.9320503526000132,1.3205659951090052,5,Friday,False
SAIL,2021-05-24,2021-05-25,rebalance,NIFTY METAL,-0.6412825651302634,-1200.7999999999956,1,57.05587652256622,5.931035868911577,64.93998736576121,0.8526999316473,1.372403973842322,5,Monday,False
TATASTEEL,2021-05-24,2021-05-26,rebalance,NIFTY METAL,-0.9400135672061216,-1309.4999999999984,2,55.33632562999848,4.481617228950277,45.94160192874364,0.8814384556248399,1.1774539950350453,5,Monday,False
JSWSTEEL,2021-05-25,2021-05-26,rebalance,NIFTY METAL,-2.654109589041087,-4910.399999999976,1,58.038308099611676,3.7484326663432896,53.15401857188602,0.9237461279905095,1.152055099679934,5,Tuesday,False
VEDL,2021-05-14,2021-05-27,rebalance,NIFTY METAL,-1.862385560849833,-2244.9,13,63.26653011772079,4.584027498257867,23.331608898085875,0.9211428571428572,1.074851383605072,5,Friday,False
NMDC,2021-05-21,2021-06-08,rebalance,NIFTY METAL,0.9345794392523477,1235.2000000000176,18,56.94185217696599,5.281905633255355,47.54098360655738,0.8663967611336032,1.4855318569670495,5,Friday,True
NATIONALUM,2021-05-14,2021-06-09,rebalance,NIFTY METAL,-1.275753724177764,-1555.469999999973,26,59.35412067745168,6.081019958589554,22.862895844773945,0.8754385964912281,1.472093686580376,5,Friday,False
TATASTEEL,2021-05-27,2021-06-09,rebalance,NIFTY METAL,0.4197804470393862,498.1199999999976,13,55.24178435864699,4.206078131453134,28.550332266797906,0.8851968907491244,1.1543403177054608,5,Thursday,True
JSWSTEEL,2021-06-08,2021-06-09,rebalance,NIFTY METAL,-1.3639575971731377,-1814.199999999996,1,55.89141105743726,3.413016525685165,12.12463674523734,0.9325776049561721,0.7811553337676034,6,Tuesday,False
ADANIENT,2021-04-12,2021-06-14,stop,NIFTY METAL,34.168586789554546,51961.400000000016,63,57.16046860419478,6.244308997432622,44.91135915955351,0.8767676767676766,1.4117936290037305,4,Monday,True
BHEL,2021-05-26,2021-06-14,stop,NIFTY ENERGY,-7.891178486836625,-10812.88732158789,19,68.46892854337005,5.432413074629385,44.74975466143276,0.9731543624161074,1.4770399651930644,5,Wednesday,False
ADANIENSOL,2021-04-15,2021-06-15,rebalance,NIFTY COMMODITIES,53.19599639887731,68306.00000000001,61,56.75335467230377,6.338133078759438,37.00577809517629,0.850087786431369,1.1998755718034302,4,Thursday,True
PNBHOUSING,2021-06-09,2021-06-15,rebalance,NIFTY MS FIN SERV,-9.18162186313204,-10110.600000000017,6,79.90697568883724,5.131388805764447,93.41972399865364,0.9197945205479453,2.2634423040438607,6,Wednesday,False
ADANIENT,2021-06-14,2021-06-16,rebalance,NIFTY METAL,-3.5380599065677365,-6798.0,2,56.75142658217412,6.027876612842595,40.31007751937985,0.8827167980594299,1.2053278779173628,6,Monday,False
ADANIPOWER,2021-06-14,2021-06-16,rebalance,NIFTY COMMODITIES,-9.751773049645395,-13491.5,2,71.31793738107336,6.283992919395698,44.72934472934471,0.9155844155844155,1.5949322843534763,6,Monday,False
JSWSTEEL,2021-06-15,2021-06-16,rebalance,NIFTY METAL,-2.71686663908427,-3447.500000000008,1,59.287165136335986,3.2181157892077197,7.883501067398613,0.9557767086271667,0.66517092539986,6,Tuesday,False
TATASTEEL,2021-06-15,2021-06-17,stop,NIFTY METAL,-6.60869878428908,-11191.019842982849,2,64.35294499066742,3.3043493921445415,18.84828600520421,0.9503715725634236,0.6675446583287985,6,Tuesday,False
OFSS,2021-06-16,2021-06-17,rebalance,NIFTY MS IT TELCM,-3.435582822085892,-6272.0,1,59.52794242536161,3.033470612149138,3.2068502350570904,0.9832604433720404,0.8977026619144263,6,Wednesday,False
SAIL,2021-06-09,2021-06-18,stop,NIFTY METAL,-3.658012793769572,-4766.359577173012,9,55.225601676061785,4.596762807104806,36.735838474481206,0.8506493506493507,0.8572598167250635,6,Wednesday,False
BSE,2021-06-16,2021-06-18,stop,NIFTY MS FIN SERV,-7.325448571432657,-9257.242614205166,2,67.44563510551652,3.6663907605594055,48.17518248175183,0.9626168224299065,1.6946197141358461,6,Wednesday,False
HINDZINC,2021-05-20,2021-06-18,rebalance,NIFTY METAL,-4.556006964596648,-7850.000000000023,29,67.18936230973577,4.36971235287857,18.8976377952756,0.9912268085718396,1.9328271292370944,5,Thursday,False
TATAELXSI,2021-06-16,2021-06-18,rebalance,NIFTY MS IT TELCM,-3.5889761485385807,-4471.5,2,64.21340132863742,2.9030749318282214,16.834645669291337,0.9814138473336019,0.44873541635974484,6,Wednesday,False
PNBHOUSING,2021-06-17,2021-06-18,rebalance,NIFTY MS FIN SERV,-1.5862790884934364,-2945.150000000007,1,65.0172814503726,5.950264991073728,116.24040920716112,0.8506164383561644,2.244799969092779,6,Thursday,False
CDSL,2021-06-18,2021-06-22,stop,NIFTY MS FIN SERV,-6.22564290445542,-7541.911906815714,4,67.20508107183277,3.1128214522277107,21.446352999751063,0.9755348652931853,0.7700128204240352,6,Friday,False
TATAELXSI,2021-06-22,2021-06-23,rebalance,NIFTY MS IT TELCM,-0.7791961406076409,-862.5,1,54.77090533377065,3.0243164269528644,7.417726173471562,0.9591234614434812,0.5072935901578801,6,Tuesday,False
BSE,2021-06-18,2021-06-24,rebalance,NIFTY MS FIN SERV,-1.4972665760204618,-1866.4999999999927,6,58.0946311966969,4.0468087359787495,51.85185185185186,0.9299065420560748,1.698606867165154,6,Friday,False
ADANIENT,2021-06-18,2021-07-01,rebalance,NIFTY METAL,0.1872269606823406,340.20000000000573,13,53.8055000925782,6.895661730319611,35.46501483161752,0.874530018192844,1.3499751104891964,6,Friday,True
RADICO,2021-06-23,2021-07-01,rebalance,NIFTY FMCG,-6.39079029247045,-6983.600000000003,8,78.26673778784843,4.215876419282869,30.36556079338255,1.0,2.1783755303298475,6,Wednesday,False
NMDC,2021-07-01,2021-07-05,rebalance,NIFTY METAL,-5.133928571428569,-6653.899999999991,4,55.899337201923466,3.675023319979837,-13.765182186234814,0.9068825910931174,1.0503097176978686,7,Thursday,False
APLAPOLLO,2021-06-17,2021-07-09,rebalance,NIFTY METAL,-1.323190999744317,-1976.8500000000045,22,77.74303176154439,4.355489184899343,7.90250548785103,1.0,1.1266986702275832,6,Thursday,False
KPITTECH,2021-03-24,2021-07-13,rebalance,NIFTY MS IT TELCM,43.6173306193661,44100.0,111,70.21951304893624,5.827138985752928,16.48758799555392,1.0,1.4585422048917238,3,Wednesday,True
PNBHOUSING,2021-07-09,2021-07-13,rebalance,NIFTY MS FIN SERV,-2.381711008443532,-3498.30000000001,4,62.27572979752118,4.735162949529211,66.81203663323159,0.8598630136986302,0.3410206496337526,7,Friday,False
SUZLON,2021-07-01,2021-07-14,stop,NIFTY ENERGY,-5.920613074838565,-9182.936005818436,13,68.50473207535744,5.2781549866918605,30.476190476190478,1.0,1.8045967763130109,7,Thursday,False
KEI,2021-06-18,2021-07-16,rebalance,NIFTY EV,1.38946934749411,1753.7500000000182,28,64.66692000875524,4.807426817514386,29.18830544335449,0.9789459007250418,1.1537231819329157,6,Friday,True
BSE,2021-07-14,2021-07-26,stop,NIFTY MS FIN SERV,5.831575134016598,8509.784330065075,12,76.43079308197873,3.792771632871861,4.92610837438423,0.9877551020408163,1.150374640523388,7,Wednesday,True
TATAELXSI,2021-06-24,2021-07-27,rebalance,NIFTY MS IT TELCM,11.646591714236054,13939.199999999995,33,58.04764729611296,3.092245610264498,-2.863868693831362,0.9722377467864153,0.5352482644763648,6,Thursday,True
MOTILALOFS,2021-07-26,2021-07-30,stop,NIFTY CAPITAL MKT,-10.105215075907836,-15597.14683928685,4,69.37100794781676,5.052607537953921,43.11879928771305,0.9509420547458229,1.885736672998091,7,Monday,False
COFORGE,2021-06-09,2021-08-04,stop,NIFTY MS IT TELCM,22.162098673465035,28820.81203040098,56,75.45831776394623,3.194346963965692,14.859437751004023,1.0,1.0308879282046373,6,Wednesday,True
NATIONALUM,2021-07-05,2021-08-09,stop,NIFTY METAL,4.176414232630243,5185.052934048572,35,67.5814042959964,4.3140380040885855,5.335304394570617,0.9993734335839599,0.9456609837571309,7,Monday,True
BSE,2021-07-27,2021-08-10,rebalance,NIFTY MS FIN SERV,-8.333333333333337,-11132.0,14,65.69706081785401,5.925217970061801,42.51207729468598,0.9324324324324325,1.7223913281317274,7,Tuesday,False
APLAPOLLO,2021-07-30,2021-08-10,rebalance,NIFTY METAL,-3.9402096099879658,-5435.199999999996,11,65.14982892924905,4.437895996968725,13.819712381620475,0.9744405379764495,0.776463402286922,7,Friday,False
PRESTIGE,2021-08-04,2021-08-11,stop,NIFTY REALTY,-7.702101580374809,-12222.788486163154,7,73.60404094454137,3.8510507901874007,14.846327487411015,0.9896519285042332,1.7679394740661223,8,Wednesday,False
COFORGE,2021-08-10,2021-08-11,rebalance,NIFTY MS IT TELCM,-2.5454545454545507,-2915.5,1,59.468147650636816,3.317783951152252,23.8927011852776,0.930401159980667,1.198787740212523,8,Tuesday,False
TATAELXSI,2021-08-10,2021-08-11,rebalance,NIFTY MS IT TELCM,-1.0215637238710884,-1428.900000000006,1,53.25700141273498,2.6757578821069,19.210395629862596,0.9446190189654788,0.8400742716696421,8,Tuesday,False
PRESTIGE,2021-08-11,2021-08-13,rebalance,NIFTY REALTY,-6.136584014406421,-8461.299999999992,2,64.97712023615935,4.6515468853753426,27.669902912621367,0.9701653003628544,1.66072923357095,8,Wednesday,False
VEDL,2021-08-11,2021-08-17,stop,NIFTY METAL,-7.3632310723839804,-8893.998951330634,6,71.91963370250498,3.6793146370466703,25.438202247191022,1.0,1.075062967306321,8,Wednesday,False
HINDALCO,2021-08-11,2021-08-18,rebalance,NIFTY METAL,-2.2214588343066555,-3065.199999999996,7,59.65030424686233,3.346341723940082,20.44619779621819,0.9531761624099541,0.9807394424854109,8,Wednesday,False
TATASTEEL,2021-07-13,2021-08-20,stop,NIFTY METAL,12.73229049019038,16009.056218768132,38,62.76024037094256,3.1671365496524433,5.801263641585308,0.9908171073888274,0.6669487344611826,7,Tuesday,True
INOXWIND,2021-08-09,2021-08-20,rebalance,NIFTY ENERGY,-11.257162992126702,-14734.279999999995,11,68.22491541175384,7.081753942820026,64.3520782396088,0.9515850144092219,1.8895348201610502,8,Monday,False
JSWENERGY,2021-04-19,2021-08-23,rebalance,NIFTY COMMODITIES,124.53865336658356,160432.25,126,65.47267761178017,5.950132215922071,36.852861035422336,0.9980089596814335,1.3172523927128994,4,Monday,True
KPITTECH,2021-07-16,2021-08-24,stop,NIFTY MS IT TELCM,15.904501430493646,20341.22114954416,39,68.86488702758385,3.9395869738872027,3.318219291014013,1.0,0.8757615496771007,7,Friday,True
KPITTECH,2021-08-24,2021-09-16,rebalance,NIFTY MS IT TELCM,3.205331640748965,4767.199999999984,23,53.904123346640134,6.117492576314098,36.11922852133258,0.8730950401773345,1.6020511941818056,8,Tuesday,True
OFSS,2021-07-13,2021-09-20,rebalance,NIFTY MS IT TELCM,18.161340278755446,29670.0,69,70.7405907569955,3.088950240206335,4.350577440278447,1.0,1.0318205095580042,7,Tuesday,True
ADANIENSOL,2021-09-20,2021-09-21,rebalance,NIFTY COMMODITIES,-4.998988059097343,-9595.94999999998,1,62.98032115132671,4.977232865448598,99.53086683015249,0.8895604536920346,2.3045269096233603,9,Monday,False
APOLLOHOSP,2021-08-20,2021-09-24,rebalance,NIFTY HEALTHCARE,-0.3097018855999112,-426.2999999999947,35,74.03012708809386,3.524553289961887,14.178764313438407,0.9646377400670664,1.4741038446507895,8,Friday,False
WIPRO,2021-08-23,2021-09-27,rebalance,NIFTY IT,4.009983361064906,8314.500000000007,35,68.45937558838222,2.161818969639261,14.100077579518988,0.9904416611733685,0.7605706216613844,8,Monday,True
COFORGE,2021-08-13,2021-09-28,stop,NIFTY MS IT TELCM,7.454168780911652,10057.90993608408,46,57.35317666692451,3.2804995704085202,17.6181706568447,0.930401159980667,1.182335614583494,8,Friday,True
PERSISTENT,2021-05-26,2021-09-28,rebalance,NIFTY MS IT TELCM,39.61829025844932,71740.8,125,70.43683381276013,4.255411494160483,23.305345074749127,1.0,1.3816916288147612,5,Wednesday,True
TECHM,2021-08-20,2021-09-28,rebalance,NIFTY IT,1.0819047619047728,1278.000000000004,39,79.02086919130028,2.6764208246537686,27.2780659684839,0.9895951142275503,1.3653176839964811,8,Friday,True
MPHASIS,2021-06-18,2021-10-01,rebalance,NIFTY MS IT TELCM,50.21975112523167,81562.40000000001,105,62.48950080444007,3.6388279882311414,13.984732824427471,0.9677667315773291,1.15741387662589,6,Friday,True
OBEROIRLTY,2021-09-27,2021-10-06,stop,NIFTY REALTY,-10.03451116310362,-21612.08931482467,9,76.41453621770273,5.017255581551814,2.0189095045141103,1.0,2.040330029399328,9,Monday,False
PRESTIGE,2021-09-24,2021-10-14,rebalance,NIFTY REALTY,-1.6156329676155656,-2465.299999999977,20,66.17773689002883,5.364701201281825,11.515480717001637,0.9575555323808531,1.7094569920532274,9,Friday,False
SRF,2021-08-18,2021-10-18,rebalance,,29.868242879542308,40784.100000000006,61,68.53126447515471,2.8656000555283634,23.73623270262637,0.9853300063067263,1.6642355041760606,8,Wednesday,True
OIL,2021-09-28,2021-10-18,rebalance,NIFTY OIL AND GAS,0.9940728895105666,1518.0000000000057,20,75.75846670821582,3.743591547758153,24.831913939937245,1.0,1.354345310775796,9,Tuesday,True
ADANIENSOL,2021-10-06,2021-10-19,rebalance,NIFTY COMMODITIES,-1.1022952677812392,-2120.0500000000047,13,64.6345026228761,4.801965136150768,56.54308361032982,0.9076412643707724,2.0498441389128543,10,Wednesday,False
OBEROIRLTY,2021-10-18,2021-10-20,rebalance,NIFTY REALTY,-8.759954493742883,-14991.899999999989,2,62.42667094358228,5.69105376581528,37.85955689072473,0.9887514060742407,2.1157890547681446,10,Monday,False
TATAELXSI,2021-08-17,2021-10-21,rebalance,NIFTY MS IT TELCM,25.70065472856715,48343.15000000002,65,73.5710800806368,2.926066662238896,10.77831791333439,1.0,0.840888230218953,8,Tuesday,True
DLF,2021-09-28,2021-10-21,rebalance,NIFTY REALTY,-0.7194244604316502,-1094.4499999999955,23,73.11036103824262,3.90877461671794,-3.52975495915987,0.9763095238095238,1.3431790163258366,9,Tuesday,False
PERSISTENT,2021-10-18,2021-10-22,stop,NIFTY MS IT TELCM,-7.371298110077973,-11716.475635270908,4,67.55292553092002,3.6856490550389855,24.828894972623196,0.9801756885090218,1.0589134000880582,10,Monday,False
MPHASIS,2021-10-19,2021-10-22,stop,NIFTY MS IT TELCM,-9.922908480067182,-18855.599999999984,3,71.29872506416407,4.379656582178853,7.394431126682655,1.0,1.0862925712861804,10,Tuesday,False
GMRAIRPORT,2021-10-14,2021-10-25,stop,NIFTY IND TOURISM,-9.39317997679714,-14360.584737106745,11,73.3752398352558,4.726765610062012,38.06228373702423,0.9752808988764045,1.9498156909193074,10,Thursday,False
INDUSTOWER,2021-09-21,2021-10-25,rebalance,NIFTY MS IT TELCM,6.531315839877427,11917.950000000008,34,72.7090183882214,4.225434788615963,10.861948142957246,0.9408902504955848,1.44210986121337,9,Tuesday,True
TATAELXSI,2021-10-22,2021-10-25,rebalance,NIFTY MS IT TELCM,-3.698423486895552,-6023.70000000001,3,56.61453031576172,4.439432542978729,29.111065277921,0.9502303784507542,1.1406481434761417,10,Friday,False
JSWENERGY,2021-09-16,2021-10-27,rebalance,NIFTY COMMODITIES,17.72924361650874,27213.599999999995,41,78.2875762953654,4.169963677431523,5.285035629453683,1.0,0.4543913186161282,9,Thursday,True
INDHOTEL,2021-09-28,2021-10-28,stop,NIFTY IND TOURISM,5.576630825625517,11862.1713267508,30,75.30590892126676,4.773657465311914,13.451957295373674,0.9893790849673203,2.031446489666922,9,Tuesday,True
GODREJPROP,2021-10-01,2021-10-28,rebalance,NIFTY REALTY,1.6634576635472076,3826.4499999999625,27,76.90719432934966,4.622707692695474,41.749676584734786,0.9660019897054372,1.73297508356517,10,Friday,True
OBEROIRLTY,2021-10-22,2021-10-28,rebalance,NIFTY REALTY,-2.6048492791612032,-4030.650000000004,6,54.53759579503205,6.23425670501197,22.837325797957742,0.9362920544022907,1.848903655269912,10,Friday,False
GMRAIRPORT,2021-10-25,2021-10-28,rebalance,NIFTY IND TOURISM,-2.5735294117646967,-4976.999999999986,3,57.65488839042218,5.15951808663367,41.21510673234812,0.9168539325842696,1.5036739491121034,10,Monday,False
DLF,2021-10-27,2021-10-28,rebalance,NIFTY REALTY,-4.307432432432423,-7782.599999999985,1,55.2328909646843,4.0117195151646285,19.522431259044872,0.9380871533672891,0.8480862215586386,10,Wednesday,False
INDIANB,2021-10-21,2021-10-29,stop,NIFTY PSU BANK,-6.33089382779043,-10149.258483933325,8,72.42629122988562,4.454654183748233,30.79178885630498,1.0,1.8213146807735787,10,Thursday,False
MPHASIS,2021-10-28,2021-10-29,rebalance,NIFTY MS IT TELCM,-1.0909919885364383,-2345.0,1,52.90954143243935,5.392916212410769,14.379436437943639,0.9210786813450521,1.143912816959986,10,Thursday,False
TECHM,2021-10-28,2021-10-29,rebalance,NIFTY IT,-3.6921368589076353,-5320.000000000005,1,60.02617321341286,3.6871336404838626,6.333061103274185,0.9776104213311623,1.0482356089716454,10,Thursday,False
GODFRYPHLP,2021-10-28,2021-11-01,rebalance,,-7.4398249452954035,-16150.0,4,65.56368613583606,4.683316003110651,22.935779816513758,1.0,1.601927642035962,10,Thursday,False
LTM,2021-10-28,2021-11-09,rebalance,NIFTY IT,2.2468550756052474,4809.599999999977,12,64.46262258025044,4.531215538328693,23.09983718176436,0.9638624525406513,1.4039382588834428,10,Thursday,True
GODREJPROP,2021-11-01,2021-11-11,rebalance,NIFTY REALTY,-2.2385195923762424,-4515.0,10,56.3605481104794,5.490462252944551,44.12443488982329,0.9370704810612115,1.0091672502819173,11,Monday,False
GMRAIRPORT,2021-10-29,2021-11-15,rebalance,NIFTY IND TOURISM,-0.1233045622688,-263.04999999998506,17,55.272653664711264,5.0131564066192915,30.655737704918028,0.9112359550561797,1.2882004341957474,10,Friday,False
BANKBARODA,2021-10-21,2021-11-16,rebalance,NIFTY PSU BANK,1.5197568389057723,3451.25,26,70.66232261829938,3.8585431144926394,15.084226646248089,0.9975742874469375,1.3946652921507108,10,Thursday,True
PRESTIGE,2021-11-09,2021-11-17,stop,NIFTY REALTY,-9.006252856462527,-19799.431839049343,8,68.3490592155605,4.503126428231263,6.113005358012646,1.0,0.7061239020191294,11,Tuesday,False
ADANIENSOL,2021-10-25,2021-11-17,rebalance,NIFTY COMMODITIES,-0.6631370661532743,-979.6000000000072,23,67.87706348150964,4.457632960811086,4.5480369584068425,0.9618579769038863,0.32003335189351945,10,Monday,False
OBEROIRLTY,2021-10-29,2021-11-18,rebalance,NIFTY REALTY,1.7894620567767694,2608.200000000007,20,51.89739171900512,6.0656932324386075,18.264014466546108,0.9257592800899888,1.1873805210067179,10,Friday,True
TATAELXSI,2021-11-11,2021-11-22,stop,NIFTY MS IT TELCM,-6.374564660325688,-12185.758045101113,11,71.27758982731723,3.1872823301628452,10.145108052562746,1.0,0.8483685306534017,11,Thursday,False
LTM,2021-11-17,2021-11-22,stop,NIFTY IT,-6.40456988695054,-9001.235499630824,5,76.07673414180476,3.202284943475268,14.30721380555835,1.0,0.9421432097004859,11,Wednesday,False
TMPV,2021-10-20,2021-11-22,rebalance,NIFTY AUTO,-0.1640566741237914,-255.7500000000053,33,77.0578782655571,5.072660803534769,44.1542288557214,0.9555365540829414,1.719911358335799,10,Wednesday,False
PGEL,2021-10-28,2021-11-22,rebalance,NIFTY CONSR DURBL,0.202839756592299,364.7000000000052,25,55.42756263985197,7.97196741007771,38.92045454545452,0.8611353711790393,1.9822675370797107,10,Thursday,True
INDIGO,2021-10-29,2021-11-22,rebalance,NIFTY IND TOURISM,-0.5321832555502226,-775.2999999999738,24,65.45317763875076,4.470582126400311,3.4885807295004234,0.9726998323085522,0.9923877490132184,10,Friday,False
INDHOTEL,2021-11-15,2021-11-22,rebalance,NIFTY IND TOURISM,-6.612716763005788,-14199.90000000001,7,63.43048890436908,4.612330174132616,15.923745444351,0.9660486933214206,0.9069694817139313,11,Monday,False
PHOENIXLTD,2021-11-17,2021-11-22,rebalance,NIFTY REALTY,-7.246911303706427,-15444.89999999998,5,62.55112680231707,5.393951958372743,8.733713355048867,0.9673564038530145,1.0144388357413892,11,Wednesday,False
TECHM,2021-11-22,2021-11-24,rebalance,NIFTY IT,-0.2140144977562985,-433.99999999998727,2,51.89830682746522,3.180464373459191,13.8753056234719,0.9515207252184196,1.0462109694471178,11,Monday,False
COFORGE,2021-11-22,2021-11-24,rebalance,NIFTY MS IT TELCM,-0.9212344541685846,-1260.0,2,51.63028991522654,4.1810239127954025,2.9942965779467645,0.9257995735607676,1.0375004843687328,11,Monday,False
INDUSTOWER,2021-11-22,2021-11-24,rebalance,NIFTY MS IT TELCM,-1.0662875422072116,-1449.0,2,52.60362695545975,4.190544143147512,-7.831620166421926,0.9118457300275482,0.5540052977314057,11,Monday,False
PERSISTENT,2021-10-25,2021-11-25,rebalance,NIFTY MS IT TELCM,2.64161426370686,3922.5000000000136,31,55.15623368347357,5.324398945343758,22.036653857522914,0.9371405580668828,1.2946088579598367,10,Monday,True
BLUESTARCO,2021-11-22,2021-11-25,rebalance,NIFTY CONSR DURBL,-5.66724104920543,-11543.999999999987,3,62.55655720115059,3.8043181934072896,18.48474614432063,0.9684776562210272,0.9865034724001633,11,Monday,False
INDHOTEL,2021-11-24,2021-11-25,rebalance,NIFTY IND TOURISM,-0.2910502061605591,-576.5999999999946,1,52.50497598085412,4.745416605517946,21.51260504201682,0.9209291936564664,0.6942615098325353,11,Wednesday,False
TIINDIA,2021-11-22,2021-11-26,stop,NIFTY AUTO,-8.795044341201185,-14970.541893163823,4,65.52656956717169,4.3975221706005945,26.429166214112442,0.9847083416855187,1.083629703941197,11,Monday,False
IEX,2021-11-16,2021-11-26,rebalance,NIFTY MS FIN SERV,-6.986656782802081,-15287.35000000002,10,65.6914155364526,4.62228904151622,32.26788432267884,0.957416607523066,1.2460194505408368,11,Tuesday,False
TVSMOTOR,2021-11-22,2021-11-26,rebalance,NIFTY AUTO,-4.6559132211030585,-9485.35000000002,4,61.92525791024878,3.561814343554644,32.37403540626418,0.9420703384207034,1.7610940062686007,11,Monday,False
PHOENIXLTD,2021-11-24,2021-11-26,rebalance,NIFTY REALTY,-6.4709291095229045,-8877.500000000015,2,51.98064597367227,5.917149562062564,11.564059900166379,0.9234748483767392,1.0228877416347804,11,Wednesday,False
INDUSTOWER,2021-11-25,2021-11-26,rebalance,NIFTY MS IT TELCM,-6.100332109771012,-12057.949999999992,1,55.664720122339524,4.284868442207944,-5.330381471389655,0.9270782693242586,0.5301940080659869,11,Thursday,False
KEI,2021-11-22,2021-11-29,rebalance,NIFTY EV,-3.123184195235318,-4256.999999999985,7,61.082377529622526,4.665294479408513,9.891665305678043,0.9959971063419338,0.9464072759588398,11,Monday,False
PGEL,2021-11-24,2021-11-29,rebalance,NIFTY CONSR DURBL,0.095602294455066,131.05000000001118,5,55.597316438497586,5.797676664231608,30.759651307596524,0.9135371179039301,0.7540000212908652,11,Wednesday,True
ADANIGREEN,2021-11-25,2021-11-30,stop,NIFTY COMMODITIES,-7.282640465278045,-15041.736759036214,5,77.47428629534872,3.641320232639025,11.682680044213933,0.998578586404179,1.258872814622337,11,Thursday,False
ADANIENSOL,2021-11-26,2021-11-30,stop,NIFTY COMMODITIES,-9.70200036818396,-19150.890099762542,4,62.815902616013204,4.851000184091977,11.380835952963086,0.9823856917619236,0.2086247549708691,11,Friday,False
BHARTIARTL,2021-11-26,2021-11-30,rebalance,NIFTY INFRA,-1.4213197969543123,-2079.0,4,55.8548716526798,2.902921956599611,2.1594565606006366,0.9654969613801215,0.6767422987459231,11,Friday,False
VEDL,2021-11-25,2021-12-03,rebalance,NIFTY METAL,-8.731976477445535,-12104.65,8,63.9610942782786,5.289487595662611,14.467766116941515,0.9800352319436288,1.7295832766432921,11,Thursday,False
APLAPOLLO,2021-11-30,2021-12-03,rebalance,NIFTY METAL,0.1461038961038996,187.6500000000032,3,59.31841204500162,4.213850474819783,6.143165509596882,0.9663755686869215,1.3015144180705733,11,Tuesday,True
TORNTPHARM,2021-11-29,2021-12-06,rebalance,NIFTY PHARMA,-3.30556744477003,-4216.800000000004,7,61.23761076791262,3.4895922133143187,-10.173251982120135,0.9522510659643844,1.6999661942472497,11,Monday,False
APOLLOHOSP,2021-11-26,2021-12-09,stop,NIFTY HEALTHCARE,-8.308879797335877,-16067.578810011351,13,73.68139658977549,4.154439898667932,24.67874353025168,0.991916567113421,1.3993754587766172,11,Friday,False
INOXWIND,2021-12-03,2021-12-10,stop,NIFTY ENERGY,-11.121158467507374,-15130.397261415352,7,66.2275158016451,5.562672891344675,-0.29220779220778814,1.0,0.7498620256721058,12,Friday,False
KEI,2021-11-30,2021-12-13,rebalance,NIFTY EV,-1.4661960358403503,-2818.800000000008,13,61.095951815960944,5.863117855306797,6.206827005495907,0.9848471343256975,0.5713663625300843,11,Tuesday,False
BAJAJHLDNG,2021-11-26,2021-12-14,rebalance,NIFTY FINSEREXBNK,8.958246470903575,11731.199999999995,18,60.79827848001948,2.9720660778361405,1.107182731670986,0.9928444707273802,0.5699049382456864,11,Friday,True
PRESTIGE,2021-12-10,2021-12-15,rebalance,NIFTY REALTY,-4.772113353859531,-5774.25,5,56.45131053604272,4.963597252175195,0.6457564575645725,0.9181314946100806,0.6442961768059952,12,Friday,False
INDHOTEL,2021-12-09,2021-12-16,rebalance,NIFTY IND TOURISM,-4.340362923001473,-7690.649999999995,7,55.138672838660035,4.7389026643023815,-11.591072714182872,0.9108778199687291,0.7851678595534012,12,Thursday,False
PHOENIXLTD,2021-12-13,2021-12-16,rebalance,NIFTY REALTY,-4.1824375473126345,-7911.799999999987,3,56.34010614637685,5.588982306141262,9.443099273607736,0.9425615412058508,0.8106383302189292,12,Monday,False
BSE,2021-11-29,2021-12-17,stop,NIFTY MS FIN SERV,27.202403373130004,38660.05567389236,18,58.196734407397656,4.9932510492138595,22.661870503597115,0.9550561797752809,1.1280227345461236,11,Monday,True
GMRAIRPORT,2021-12-06,2021-12-17,rebalance,NIFTY IND TOURISM,-0.9968815541013032,-1249.5999999999694,11,57.44811548805752,4.588292801610511,-15.842696629213481,0.9404494382022472,0.7765748600474255,12,Monday,False
DLF,2021-12-15,2021-12-17,rebalance,NIFTY REALTY,-5.06082725060828,-5824.000000000004,2,53.98911967591623,3.5021065082088785,-0.8600274211641556,0.9294436906377205,0.5764842319511053,12,Wednesday,False
PRESTIGE,2021-12-16,2021-12-17,rebalance,NIFTY REALTY,-0.9773775532615824,-1962.449999999995,1,50.48277124608205,4.916845097895607,5.985037406483795,0.8843352432747402,0.5962585699827926,12,Thursday,False
MPHASIS,2021-12-17,2021-12-20,stop,NIFTY MS IT TELCM,-7.473404573680886,-9614.863813841706,3,55.65812093616978,3.7367022868404467,-6.601855381878252,0.918858925518193,1.2448924817395546,12,Friday,False
KPITTECH,2021-11-18,2021-12-20,rebalance,NIFTY MS IT TELCM,1.6242073645566846,2489.300000000004,32,73.01689147751782,5.828920928762183,18.352389328642627,0.9636578044596913,1.0961030479420615,11,Thursday,True
TECHM,2021-12-14,2021-12-20,rebalance,NIFTY IT,-2.76285991588483,-3928.400000000004,6,61.159866019780594,2.98509401878293,3.976993757452485,1.0,0.762142285432001,12,Tuesday,False
KEI,2021-12-16,2021-12-20,rebalance,NIFTY EV,-4.855713392298755,-7228.549999999988,4,54.0245056314413,5.73019889772527,17.73450044025482,0.9146102304298088,0.7401426993948352,12,Thursday,False
BSE,2021-12-17,2021-12-20,rebalance,NIFTY MS FIN SERV,-2.298850574712641,-4520.0,3,57.51862960774018,6.431265911648223,54.125412541254136,0.8546168958742633,1.8834015611754773,12,Friday,False
PHOENIXLTD,2021-12-17,2021-12-20,rebalance,NIFTY REALTY,-0.8719506221220863,-1165.900000000012,3,50.648194963655826,5.504145021380426,7.519582245430811,0.9103638958259008,0.7240084625537669,12,Friday,False
BLUESTARCO,2021-12-20,2021-12-21,rebalance,NIFTY CONSR DURBL,-2.781088597536752,-3542.0,1,53.87129746534624,3.987539343150241,5.167627589152257,0.9334322269608752,0.419756650122472,12,Monday,False
POWERGRID,2021-11-26,2021-12-22,rebalance,NIFTY ENERGY,-0.2365664075701157,-467.9499999999924,26,65.46797191966526,2.5895695330044433,1.367890568754504,0.9866622207402468,0.9205335973569212,11,Friday,False
TORNTPHARM,2021-12-20,2021-12-24,rebalance,NIFTY PHARMA,-0.7040876197926926,-896.4000000000151,4,55.76439046657537,2.918152931528694,10.480365034311777,0.9618133935289692,1.5013310633766483,12,Monday,False
PIDILITIND,2021-12-20,2021-12-24,rebalance,,0.1912204855337496,243.7999999999952,4,60.763485475735536,2.226864326162928,-0.4222972972973027,0.9615476856663201,1.464802377148682,12,Monday,True
APLAPOLLO,2021-12-20,2021-12-27,rebalance,NIFTY METAL,-2.5512461288895394,-3243.749999999992,7,61.23915367064826,4.987172439498737,25.642617658015652,0.9393267765618507,0.9274190661532445,12,Monday,False
SIEMENS,2021-12-20,2021-12-30,rebalance,NIFTY ENERGY,-0.0250808159625526,-45.00000000000455,10,53.21708533555336,3.467961026805851,15.923160961398409,0.9361369091098821,1.7757831920391909,12,Monday,False
PERSISTENT,2021-12-03,2022-01-06,rebalance,NIFTY MS IT TELCM,4.566210045662111,5445.0,34,60.38235385601688,3.9123750095276204,0.46517604728861794,0.9871602240131129,0.804777845207209,12,Friday,True
INFY,2021-12-20,2022-01-06,rebalance,NIFTY IT,1.0506587914584251,1998.0,17,59.15871166685052,2.208000592030829,2.3923731862333764,0.9872168647678852,0.9815189851263817,12,Monday,True
TECHM,2021-12-22,2022-01-06,rebalance,NIFTY IT,1.9783596901209897,3862.499999999983,15,60.356648623693644,2.8524255631484454,7.9994405985595485,1.0,0.7578420543523835,12,Wednesday,True
PRESTIGE,2021-12-30,2022-01-06,rebalance,NIFTY REALTY,-0.535963125736949,-960.0,7,53.05393743107879,4.3843992893935635,-8.33738217860266,0.9059920365154899,0.6761650474099679,12,Thursday,False
TATAELXSI,2022-01-06,2022-01-07,rebalance,NIFTY MS IT TELCM,-1.2598854185288275,-2590.0,1,52.87732438766226,2.81593402343575,-11.841367075556109,0.8873370295952744,0.8113374788857617,1,Thursday,False
COFORGE,2021-12-24,2022-01-10,stop,NIFTY MS IT TELCM,-1.1765369891610478,-1554.1230050925087,17,59.65698873869637,3.503827457149511,6.465942744323794,0.9628997867803838,0.7660358240764616,12,Friday,False
LTM,2021-12-24,2022-01-10,rebalance,NIFTY IT,-0.8790840781129017,-1071.0,17,60.27930098811607,3.170556866329456,3.5963212862137217,0.9688389290325197,0.808818013043688,12,Friday,False
GMRAIRPORT,2021-12-27,2022-01-11,rebalance,NIFTY IND TOURISM,-2.8353779115141475,-3624.0000000000064,15,65.83738067561464,4.440245114846897,-3.6407766990291246,1.0,0.9251616850497558,12,Monday,False
PRESTIGE,2022-01-10,2022-01-11,rebalance,NIFTY REALTY,-0.6562668101129709,-927.2000000000036,1,51.14188555874349,3.836916413751923,6.985960144927539,0.9026901039137613,0.6585129000326972,1,Monday,False
WIPRO,2021-12-17,2022-01-12,rebalance,NIFTY IT,3.0728435501481632,4727.999999999984,26,61.34820448695091,2.4738543155052493,-4.895541004053627,0.9426554918394354,1.0238084518226924,12,Friday,True
LTM,2022-01-11,2022-01-13,rebalance,NIFTY IT,-0.5791626882627132,-706.3499999999876,2,53.09798270528425,2.702731368793813,9.157903094256813,0.9487420240023804,0.8851821854008265,1,Tuesday,False
HCLTECH,2022-01-06,2022-01-17,stop,NIFTY IT,-1.733793742424905,-2383.694190216691,11,61.425905435657036,2.2018585370899726,14.282615297843716,0.9460315122956855,0.8606104956287899,1,Thursday,False
TECHM,2022-01-10,2022-01-18,rebalance,NIFTY IT,-3.274763168262973,-3756.899999999993,8,54.04658917384619,2.6606757903724554,16.09250949257852,0.9492949471210341,0.8908621819122512,1,Monday,False
NBCC,2022-01-17,2022-01-19,stop,NIFTY MULTI INFRA,-6.4938054349876095,-8939.132940383393,2,72.81864231937969,3.2684868323607397,27.330827067669162,0.9092558983666061,1.765926423363506,1,Monday,False
INFY,2022-01-11,2022-01-20,stop,NIFTY IT,-1.3519729245364265,-1915.3589698117,9,56.68941986830603,1.9268539238587168,9.340627021939895,0.9770832212598848,0.9308678009873251,1,Tuesday,False
TCS,2022-01-06,2022-01-20,rebalance,NIFTY IT,0.5016480846760984,725.8000000000138,14,64.4387103696828,1.6717134819669126,6.015219057894883,0.9628023416065038,0.7630199779215636,1,Thursday,True
SRF,2022-01-18,2022-01-21,stop,,-5.557977839230976,-6104.677213431251,3,73.2051217409016,2.7789889196154838,26.273151033227805,0.9843232460102378,0.6512540966910063,1,Tuesday,False
PGEL,2021-11-30,2022-01-21,rebalance,NIFTY CONSR DURBL,40.709617180205406,78610.79999999999,52,53.759791309558445,7.592737425257917,23.281061519903503,0.9037974683544303,0.9343641389945927,11,Tuesday,True
TITAN,2022-01-07,2022-01-21,rebalance,NIFTY CONSR DURBL,-1.7316437983441402,-3474.8999999999787,14,67.1383421658351,2.5124829153055037,1.783552578484393,0.9910628298470664,0.7507187547592469,1,Friday,False
KPITTECH,2021-12-21,2022-01-24,stop,NIFTY MS IT TELCM,30.571017056716965,38590.95652934198,34,53.81818936276749,5.579590242114593,67.46031746031748,0.9314247025824547,0.9856797168408551,12,Tuesday,True
PRESTIGE,2022-01-12,2022-01-24,stop,NIFTY REALTY,-2.581350030233509,-4110.766365596461,12,54.46344938978664,4.204128918778996,8.053229322014444,0.915120909002622,0.8673352420464352,1,Wednesday,False
KEI,2022-01-19,2022-01-24,stop,NIFTY EV,-7.838042604184825,-10060.13552051382,5,64.21061977305553,3.919021302092411,1.2384310268840792,0.9894182055891485,0.5171044351858539,1,Wednesday,False
HAL,2022-01-20,2022-01-24,stop,NIFTY IND DEFENCE,-5.570700281594898,-8091.812610585312,4,73.09422743275675,2.785350140797444,1.4606396063960636,0.9666981896784652,1.0182801131945927,1,Thursday,False
INDHOTEL,2022-01-21,2022-01-24,stop,NIFTY IND TOURISM,-6.848759121983594,-11461.388117500868,3,61.130698898544594,3.4243795609917957,9.568382735309399,0.9218226490953764,0.7006926468224534,1,Friday,False
INDIGO,2022-01-21,2022-01-24,rebalance,NIFTY IND TOURISM,-4.421042531244746,-8938.549999999987,3,54.333789832192146,3.2174936792549174,15.450643776824013,0.8815555743529013,0.8141718705322121,1,Friday,False
SUZLON,2022-01-06,2022-01-25,stop,NIFTY ENERGY,5.376344086021501,11055.0,19,69.68705889832657,4.565721686868092,39.84374999999998,0.9489795918367347,1.6188610023622871,1,Thursday,True
PIDILITIND,2022-01-24,2022-01-25,rebalance,,-1.9163763066202044,-2479.3999999999955,1,57.04214403897145,2.1158710211490606,23.30123546511629,0.9605646100116414,0.920852479854878,1,Monday,False
KPITTECH,2022-01-25,2022-01-27,rebalance,NIFTY MS IT TELCM,-2.367365823565704,-3499.800000000005,2,53.14503755478768,6.862764290115619,43.3099297893681,0.8696935148548052,1.337418863514615,1,Tuesday,False
POWERGRID,2022-01-21,2022-02-04,rebalance,NIFTY ENERGY,-2.5673534072900184,-5212.350000000015,14,64.57762821653318,2.4992594407167723,0.8278145695364225,1.0,1.0367079854330712,1,Friday,False
SUZLON,2022-01-25,2022-02-07,rebalance,NIFTY ENERGY,0.990099009900991,1948.399999999993,13,54.68001659946044,5.967454068623294,73.64341085271316,0.8595744680851064,1.9499641560896692,1,Tuesday,True
HAL,2022-01-24,2022-02-08,rebalance,NIFTY IND DEFENCE,1.2565214196487595,2428.199999999987,15,56.48675875801451,3.3658449507367285,9.261576971214014,0.9192785733585518,1.1250505052152835,1,Monday,True
ADANIENSOL,2022-01-24,2022-02-08,rebalance,NIFTY COMMODITIES,-3.3203988408075147,-4258.800000000008,15,66.63030667279712,4.580399558992484,6.859109462956536,0.985049351654732,0.4153494707395281,1,Monday,False
POWERGRID,2022-02-07,2022-02-08,rebalance,NIFTY ENERGY,-1.723037651563486,-3426.2999999999856,1,55.18464909102202,2.6315514437208,2.6640675763482724,0.9757160647571607,0.8648534201923033,2,Monday,False
BSE,2022-02-04,2022-02-09,stop,NIFTY MS FIN SERV,-8.577582322437982,-16957.279820697328,5,67.25894358729532,4.288791161218993,-6.609808102345416,0.9685658153241651,0.8261215994719173,2,Friday,False
ONGC,2022-01-24,2022-02-09,rebalance,NIFTY OIL AND GAS,-1.0680907877169687,-1611.200000000023,16,63.16702874581183,2.696415626940037,15.7082207641837,0.9733593242365173,1.0153642727649514,1,Monday,False
OIL,2022-02-08,2022-02-10,rebalance,NIFTY OIL AND GAS,0.0652103032279027,86.79999999999507,2,58.30345339723852,4.288211722441846,35.58068725532839,0.8841164600749496,1.0542161488545698,2,Tuesday,True
BDL,2022-01-20,2022-02-11,rebalance,NIFTY IND DEFENCE,-1.9514310494362583,-2736.0,22,71.97957439593846,3.7143123036205163,-2.6004728132387744,1.0,1.1728195402365598,1,Thursday,False
INDHOTEL,2022-02-08,2022-02-11,rebalance,NIFTY IND TOURISM,-2.015650936684843,-3961.0,3,55.634593675542064,3.787366399774246,21.872433616205853,0.941925396470851,0.8346592960017892,2,Tuesday,False
HAL,2022-02-09,2022-02-11,rebalance,NIFTY IND DEFENCE,-2.4390243902439046,-4795.5,2,58.19383714472334,3.3643474046719697,16.95068741252983,0.9554850040529586,1.1270442803784406,2,Wednesday,False
JINDALSTEL,2022-02-11,2022-02-14,stop,NIFTY METAL,-7.46206362684021,-10192.671493937098,3,63.218266597676475,3.731031813420102,10.076514070807917,0.8902488780089759,1.1755568228904427,2,Friday,False
TATAELXSI,2022-01-13,2022-02-14,rebalance,NIFTY MS IT TELCM,7.960323349084231,9172.800000000008,32,68.0603712465513,2.8353609353889935,-1.3031204315168687,0.9671339869774749,0.8617968987858156,1,Thursday,True
MARUTI,2022-01-24,2022-02-14,rebalance,NIFTY AUTO,3.9007488543645774,5025.599999999991,21,57.94545484537129,2.799334797842925,17.36015959448234,0.973117012598568,0.8185559306876671,1,Monday,True
ADANIENSOL,2022-02-11,2022-02-14,rebalance,NIFTY COMMODITIES,-4.999875995139003,-9575.999999999996,3,56.58220455500656,4.527815780241835,11.558616148591172,0.975445132572092,0.9393574779708425,2,Friday,False
ADANIGREEN,2022-01-24,2022-02-15,stop,NIFTY COMMODITIES,-2.4499042608614685,-4727.684373115458,22,70.05925386321361,3.961757608812655,33.11815478349169,0.9344841612854019,0.7167435039731628,1,Monday,False
BANKBARODA,2022-01-27,2022-02-15,stop,NIFTY PSU BANK,1.306649528524595,1886.781012797058,19,72.61757805295443,3.793969914138519,4.48798988621999,0.971335857220119,0.9945682538718621,1,Thursday,True
NATIONALUM,2022-02-10,2022-02-15,stop,NIFTY METAL,-7.382370876493482,-9846.46896296871,5,72.54366430176012,3.691185438246746,13.182897862232767,1.0,0.9458852464873541,2,Thursday,False
ONGC,2022-02-11,2022-02-15,stop,NIFTY OIL AND GAS,-5.99062418405294,-11587.805138881937,4,56.13931360151285,2.9953120920264706,20.716817644742026,0.9737263697532841,1.2152777177868685,2,Friday,False
OIL,2022-02-14,2022-02-15,rebalance,NIFTY OIL AND GAS,-0.4651162790697549,-639.7999999999896,1,52.658335460728466,4.0489048307953155,30.746395250212032,0.8676852118766215,1.0053964559930777,2,Monday,False
BDL,2022-02-14,2022-02-16,rebalance,NIFTY IND DEFENCE,-0.5390254420008622,-991.25,2,52.867631698139164,4.932484774628667,28.459119496855333,0.9215179813232665,2.1253753958188635,2,Monday,False
BANKBARODA,2022-02-15,2022-02-18,rebalance,NIFTY PSU BANK,-4.63541666666667,-8517.300000000005,3,59.29520859945883,4.691043534318398,52.77161862527715,0.9288824383164006,1.6031920989003097,2,Tuesday,False
NATIONALUM,2022-02-15,2022-02-18,rebalance,NIFTY METAL,-5.885299273729039,-7212.1500000000115,3,62.755667639376135,4.025835623094089,18.13948780240913,0.9717692869311269,0.9668130102776961,2,Tuesday,False
INDIGO,2022-02-08,2022-02-21,rebalance,NIFTY IND TOURISM,-4.400714743883427,-8164.249999999976,13,64.80177185766554,3.7149205449416836,7.28662560492741,0.9231094569446794,0.9980234584169704,2,Tuesday,False
ONGC,2022-02-16,2022-02-21,rebalance,NIFTY OIL AND GAS,-3.085001640958307,-5644.699999999986,5,55.987535344531956,3.5327786596632786,17.525773195876294,0.9762896507529637,1.302822864287737,2,Wednesday,False
BDL,2022-02-18,2022-02-21,rebalance,NIFTY IND DEFENCE,-2.750158662999791,-4628.0,3,55.678888992990615,4.595878333146667,15.063613231552164,0.9392012716073912,1.885600931574876,2,Friday,False
ADANIPOWER,2022-02-18,2022-02-21,rebalance,NIFTY COMMODITIES,-8.55513307984791,-10460.25,3,66.7580447078879,6.105539680702178,25.628140703517598,0.8538961038961039,2.222745406665746,2,Friday,False
BSE,2022-02-09,2022-02-22,rebalance,NIFTY MS FIN SERV,-7.645875251509048,-10184.0,13,63.29347160341557,4.979717790218481,11.864406779661007,0.9764243614931237,0.943565407428505,2,Wednesday,False
JSWENERGY,2022-02-21,2022-02-22,rebalance,NIFTY COMMODITIES,-3.4477677913658638,-6165.900000000024,1,63.848253268978965,4.15146497060502,7.936772046589025,0.8509277833500501,0.9262241663334293,2,Monday,False
TVSMOTOR,2022-02-21,2022-02-23,rebalance,NIFTY AUTO,-1.0555893074118972,-1264.8999999999876,2,53.43374043823842,3.4515302833343795,2.3444976076555157,0.8737889847378898,1.4007744874284214,2,Monday,False
MARICO,2022-02-22,2022-02-23,rebalance,NIFTY FMCG,-0.8607895517957931,-1026.6000000000054,1,53.06261772339372,2.2843293493672867,-2.1299358101536714,0.8648070505690083,1.187672822929048,2,Tuesday,False
BLUESTARCO,2022-02-14,2022-02-24,rebalance,NIFTY CONSR DURBL,1.1755329746961696,1439.6000000000083,10,52.38326054791233,4.3041440277113665,7.777322963569389,0.93065084368626,1.8330184313824613,2,Monday,True
CHOLAFIN,2022-02-14,2022-02-24,rebalance,NIFTY FINSEREXBNK,-1.840909090909082,-2259.899999999996,10,56.920424021863674,3.9765478329967694,25.00721084511106,0.9554831704668838,1.5021629774676537,2,Monday,False
ADANIGREEN,2022-02-15,2022-02-24,rebalance,NIFTY COMMODITIES,-2.103731145805765,-3855.75,9,57.656099566300604,4.408203529998949,40.167211922937106,0.9332477218284642,0.6493733167733048,2,Tuesday,False
MARUTI,2022-02-15,2022-02-24,rebalance,NIFTY AUTO,-4.784464262933897,-7838.450000000021,9,56.49336232945714,3.40620014139403,17.97036833802046,0.9634893764421277,1.2450377822436423,2,Tuesday,False
SIEMENS,2022-02-15,2022-02-24,rebalance,NIFTY ENERGY,-5.600281911577342,-6921.099999999997,9,54.674439244484425,3.2169320601655365,0.45187024071853266,0.9624073880830638,0.7297754059339091,2,Tuesday,False
EICHERMOT,2022-02-21,2022-02-24,rebalance,NIFTY AUTO,-3.0326046683957,-5402.099999999994,3,53.928298863047736,2.9731377493042737,-0.8140746170762769,0.9208461276015012,1.0729528116509135,2,Monday,False
VOLTAS,2022-02-21,2022-02-24,rebalance,NIFTY CONSR DURBL,-3.759096208740398,-5750.25,3,55.18272752528993,3.0536995882070785,-4.010991264405539,0.9296927562233686,1.2042706252793804,2,Monday,False
CUMMINSIND,2022-02-22,2022-02-24,rebalance,,-2.373059721126014,-4194.299999999992,2,50.98535674634009,3.159615537842549,0.9604669673653365,0.9073331423660843,1.1519524930882008,2,Tuesday,False
ADANIENSOL,2022-02-23,2022-02-24,rebalance,NIFTY COMMODITIES,-4.992354925612219,-5862.450000000008,1,58.13451522890494,4.9229450960845735,10.119946437220428,0.9967824656473775,0.9988829804458331,2,Wednesday,False
HINDALCO,2022-02-23,2022-02-24,rebalance,NIFTY METAL,-0.2024291497975894,-241.5000000000157,1,52.470187537766336,2.84657726986921,11.174123083385833,0.9478300593878484,0.9612654786669648,2,Wednesday,False
ADANIGREEN,2022-02-25,2022-02-28,rebalance,NIFTY COMMODITIES,-4.164283857551332,-7048.799999999992,3,53.49915828282545,5.28786730642976,44.83260036884664,0.9393924594647393,0.8782032461943862,2,Friday,False
VOLTAS,2022-02-25,2022-03-03,rebalance,NIFTY CONSR DURBL,-4.403896829833098,-7500.399999999981,6,55.59406667707342,3.252584201544932,0.2160345655304985,0.9361590790162219,1.2095305028674945,2,Friday,False
CUMMINSIND,2022-02-25,2022-03-03,rebalance,,-0.8962067528136775,-1014.8000000000028,6,52.85268667181508,3.252777741394554,3.5204162905538183,0.9162608612622936,1.1384439391497807,2,Friday,False
JSWENERGY,2022-02-28,2022-03-03,rebalance,NIFTY COMMODITIES,-0.8377425044091558,-966.1499999999884,3,58.93060175851789,4.593885177438267,10.375670840787121,0.8530591775325977,0.8865179940223592,2,Monday,False
BLUESTARCO,2022-02-25,2022-03-04,rebalance,NIFTY CONSR DURBL,-2.7530747398296973,-4685.099999999986,7,55.058214787969334,5.068184790087153,3.1372934697089017,0.95483288166215,2.0148634814754898,2,Friday,False
CHOLAFIN,2022-02-25,2022-03-04,rebalance,NIFTY FINSEREXBNK,-3.6999122550453234,-4300.999999999993,7,57.78775444215517,4.130159960147941,19.153832536732175,0.9887218045112781,1.0674538123071518,2,Friday,False
TITAN,2022-02-28,2022-03-04,rebalance,NIFTY CONSR DURBL,-4.144823388506024,-4749.750000000008,4,57.359015212189775,3.01178131740586,-4.600225444085981,0.9582502351834431,1.0681271523535996,2,Monday,False
HAL,2022-03-04,2022-03-07,rebalance,NIFTY IND DEFENCE,-3.432694410028414,-5487.14999999999,3,52.7318048867449,3.91410976040076,-2.7731220478439678,0.9268440961902188,0.8904687792335377,3,Friday,False
GAIL,2022-03-03,2022-03-10,stop,NIFTY OIL AND GAS,-7.418812163961519,-8708.75812897033,7,67.4955087608682,3.709406081980757,-2.703677000720983,0.941453634085213,1.247100543552744,3,Thursday,False
ONGC,2022-03-07,2022-03-10,stop,NIFTY OIL AND GAS,-9.976317347542915,-15400.899999999994,3,67.62001414596696,3.93613719129271,-2.732793522267196,1.0,1.5437054262303742,3,Monday,False
NATIONALUM,2022-02-28,2022-03-14,rebalance,NIFTY METAL,-2.9300328365748807,-4642.319999999986,14,58.149152476845664,4.478827941927819,0.858012731801816,0.9634947675833536,1.0983211287476282,2,Monday,False
OIL,2022-03-04,2022-03-14,rebalance,NIFTY OIL AND GAS,-5.548743102391162,-6307.8499999999885,10,66.82762275632184,4.3121503666690915,-0.8160489629377876,0.9403286249639666,1.2415581625876968,3,Friday,False
HINDALCO,2022-02-25,2022-03-15,rebalance,NIFTY METAL,4.841730661172505,8246.150000000007,18,59.164854125309496,3.052927987067783,10.540596952619484,0.9756052992233897,1.1074451942322212,2,Friday,True
VEDL,2022-02-28,2022-03-15,rebalance,NIFTY METAL,-6.300578034682081,-7248.500000000004,15,61.42308270794167,4.170996056636802,4.977079240340543,1.0,1.0286924162780902,2,Monday,False
BEL,2022-03-04,2022-03-15,rebalance,NIFTY IND DEFENCE,-4.396371249127706,-5002.200000000009,11,60.254998769519204,3.743365909118886,-10.826210826210826,0.961099932930919,1.1077611583260392,3,Friday,False
TATASTEEL,2022-03-10,2022-03-15,rebalance,NIFTY METAL,-5.891836188887378,-6615.630000000009,5,61.976890174152096,3.8408721709713496,9.358996998057556,0.8577636752431538,1.3375195731432357,3,Thursday,False
POWERGRID,2022-03-03,2022-03-21,stop,NIFTY ENERGY,-5.920378209007882,-6946.373832250733,18,62.874333933690636,2.96018910450394,-2.9126213592232997,0.9953300124533001,0.8738994771269915,3,Thursday,False
CIPLA,2022-03-15,2022-03-23,stop,NIFTY PHARMA,-5.235839499770412,-5648.059761507091,8,79.24645707970407,2.617919749885209,11.770130843276249,1.0,1.4038039246774492,3,Tuesday,False
TITAN,2022-03-15,2022-03-24,rebalance,NIFTY CONSR DURBL,2.4071647861710237,2646.650000000008,9,57.21375207055829,3.044447720604371,-6.206119098945873,0.9621636876763875,1.0916322539857295,3,Tuesday,True
BSE,2022-03-15,2022-03-28,rebalance,NIFTY MS FIN SERV,-9.800918836140893,-16000.0,13,75.11561855016052,5.7743964041542295,2.8384279475982543,0.9702823179791976,1.4298894286206283,3,Tuesday,False
NATIONALUM,2022-03-24,2022-03-30,rebalance,NIFTY METAL,-5.884289358900507,-6635.200000000005,6,56.69848308255091,4.360335136774091,3.132877205617568,0.962074425969913,1.3303126014186244,3,Thursday,False
HINDALCO,2022-03-21,2022-03-31,stop,NIFTY METAL,-2.9647515744418595,-3306.2983676964977,10,58.82444432485228,3.6848727134641672,20.433404886026786,0.9519160951996773,1.589444482967474,3,Monday,False
COALINDIA,2022-03-28,2022-04-12,rebalance,NIFTY ENERGY,-2.7520359449592857,-4052.3000000000047,15,63.62915002869139,3.455664729230273,12.982689747004006,0.9663500678426052,1.5603543878338202,3,Monday,False
TATAELXSI,2022-03-14,2022-04-18,stop,NIFTY MS IT TELCM,10.66776575386239,15296.829347435889,35,58.617235823390686,4.050513190984123,-11.78528891251539,0.9350457112302255,0.723015352874879,3,Monday,True
BANKBARODA,2022-03-15,2022-04-18,rebalance,NIFTY PSU BANK,8.147745790331351,9757.5,34,53.913867616271155,4.8912078247762185,5.5834378920953665,0.8906627963231737,1.1474159723505368,3,Tuesday,True
JSWSTEEL,2022-03-31,2022-04-22,rebalance,NIFTY METAL,-1.2625400941786658,-1359.75,22,62.80780423114119,3.294012395249679,8.332070898348732,0.9599082869308876,1.3634266018312189,3,Thursday,False
VEDL,2022-03-23,2022-04-25,stop,NIFTY METAL,-2.7817128724974216,-2876.8877875734847,33,63.96644594244074,4.219780256540479,12.024879060124395,1.0,1.2803526772322105,3,Wednesday,False
JINDALSTEL,2022-03-03,2022-04-25,rebalance,NIFTY METAL,18.22062457874636,28222.800000000007,53,60.93398530267007,4.6519462463354895,4.961583539523384,0.9079967360261119,1.301699228058235,3,Thursday,True
COALINDIA,2022-04-18,2022-04-25,rebalance,NIFTY ENERGY,-0.5103487383045113,-645.300000000004,7,55.16429708742629,3.4207235511401404,19.314746388982208,0.9571234735413839,0.9572685158827066,4,Monday,False
MAZDOCK,2022-04-18,2022-04-29,stop,NIFTY IND DEFENCE,-9.208792008188638,-14888.25922648693,11,77.20668542483845,4.604396004094322,14.072847682119228,1.0,2.442268557453695,4,Monday,False
HAL,2022-03-14,2022-04-29,rebalance,NIFTY IND DEFENCE,15.486533449174612,18181.49999999999,46,54.583443013112706,3.6018294122187107,-7.413877436936611,0.9329910834909484,0.9186232882205358,3,Monday,True
BDL,2022-03-10,2022-05-02,stop,NIFTY IND DEFENCE,50.52330360815402,68573.6127183284,53,57.25979213186478,4.670435673426375,8.395872420262673,0.9445658652890919,1.1586595621643028,3,Thursday,True
BEL,2022-04-25,2022-05-02,rebalance,NIFTY IND DEFENCE,-3.111653447223917,-5115.299999999995,7,65.32355004968082,3.1151456771386665,18.055555555555557,0.9641176470588235,1.3328518667520346,4,Monday,False
MAZDOCK,2022-04-29,2022-05-02,rebalance,NIFTY IND DEFENCE,-2.2651565622918146,-3621.000000000006,3,53.60526785801315,5.072033689049788,34.73251028806583,0.9061273769996981,2.599225755947953,4,Friday,False
JINDALSTEL,2022-04-29,2022-05-02,rebalance,NIFTY METAL,-1.333209887973319,-1627.1999999999846,3,55.20062256543362,3.5004302138553838,21.68552036199096,0.9454656862745097,0.8889428049504052,4,Friday,False
ADANIPORTS,2022-04-25,2022-05-04,stop,NIFTY MOBILITY,-4.391445145023454,-5360.026677654972,9,64.27733871226584,3.1841447579657443,18.64001126284669,0.978317778283633,1.4020860375202369,4,Monday,False
ADANIENT,2022-03-30,2022-05-04,rebalance,NIFTY METAL,12.669519929871598,13513.500000000002,35,72.52848017521517,3.0411511908522453,4.568195354377602,1.0,0.9209677083154895,3,Wednesday,True
APLAPOLLO,2022-05-02,2022-05-04,rebalance,NIFTY METAL,-4.980563654033043,-7687.5,2,56.42856943882402,4.018126538832687,24.18601902735922,0.9502701205153069,1.178016628229641,5,Monday,False
ADANIPOWER,2022-04-12,2022-05-05,stop,NIFTY COMMODITIES,10.836770324914813,15523.630143359173,23,76.02387664594947,5.681316969299558,77.18631178707224,0.9427987742594484,1.5055191430203523,4,Tuesday,True
RELIANCE,2022-05-04,2022-05-05,rebalance,NIFTY OIL AND GAS,-1.959027885963538,-2841.9499999999844,1,53.27031844789881,2.602738651337865,16.02859272902688,0.9552438706797127,1.1041170379350191,5,Wednesday,False
KEI,2022-05-04,2022-05-05,rebalance,NIFTY EV,-2.9260035466709637,-3484.799999999996,1,55.58625844921122,4.496807911888414,18.61228087356772,0.970204113552827,0.962069310299086,5,Wednesday,False
BLUESTARCO,2022-05-04,2022-05-05,rebalance,NIFTY CONSR DURBL,-3.088666015798347,-3688.799999999995,1,54.191401945768746,3.507772419572408,17.492354740061145,0.9677059177188011,0.9033564048794248,5,Wednesday,False
MARICO,2022-05-05,2022-05-06,rebalance,NIFTY FMCG,-3.097643097643099,-3638.600000000005,1,51.39088223610997,2.9114478168592175,4.403507043641008,0.8894498160349106,1.0407522419308486,5,Thursday,False
AMBER,2022-05-06,2022-05-09,rebalance,NIFTY CONSR DURBL,-3.959678393578614,-4572.5,3,54.07999430447407,4.239785770975485,-1.646781598299052,0.9513599795683821,1.0348897517733617,5,Friday,False
ADANIGREEN,2022-04-22,2022-05-10,stop,NIFTY COMMODITIES,-12.059947986812103,-12515.91050029749,18,76.85496084699395,6.0299739934060455,55.38136052945644,0.9704763507826966,1.9693369715459645,4,Friday,False
ADANIENSOL,2022-02-25,2022-05-10,rebalance,NIFTY COMMODITIES,22.121651868067005,37325.10000000002,74,54.78389906488133,4.972356850990515,11.25252123519218,0.9835736404102959,0.978682350930033,2,Friday,True
NHPC,2022-04-25,2022-05-10,rebalance,NIFTY COMMODITIES,-5.744736989066468,-7097.949999999993,15,64.83635571805428,4.155515457737327,13.745704467353947,0.9403606102635229,2.054151064249633,4,Monday,False
ITC,2022-05-05,2022-05-10,rebalance,NIFTY FMCG,-0.8792225821379063,-1054.5000000000032,5,56.55664201498669,2.413563962024385,8.953309389430464,0.9701459034792368,0.8964642734719153,5,Thursday,False
PHOENIXLTD,2022-05-09,2022-05-10,rebalance,NIFTY REALTY,-3.875236294896034,-4284.5,1,51.28291862861175,5.30678854595625,13.699633699633718,0.9436318230467357,1.1161314501718993,5,Monday,False
TIINDIA,2022-05-05,2022-05-11,stop,NIFTY AUTO,-5.309229208085231,-9155.595874008324,6,64.60668006038495,3.2877673937370586,17.88803498504774,0.9515467571262215,0.8088121966019418,5,Thursday,False
NTPC,2022-05-02,2022-05-11,rebalance,NIFTY COMMODITIES,-3.142857142857136,-3826.3499999999913,9,60.58973825847658,2.744021309671545,18.707224334600745,0.9650735294117647,1.5584227149001926,5,Monday,False
ADANIPOWER,2022-05-05,2022-05-11,rebalance,NIFTY COMMODITIES,-8.265947888589398,-14605.000000000004,6,68.08798620344237,6.238689596801661,145.7905544147844,0.9298245614035088,0.6819123700280214,5,Thursday,False
COLPAL,2022-05-10,2022-05-11,rebalance,NIFTY FMCG,-0.8742688219384953,-1473.4000000000096,1,53.32962897169197,2.298444134672042,7.3400189461993115,0.8803676735236302,1.0546310448181615,5,Tuesday,False
PHOENIXLTD,2022-05-11,2022-05-12,rebalance,NIFTY REALTY,-2.0945881906928143,-3480.749999999985,1,50.97578344849931,5.379722231542371,7.460317460317456,0.9410453085979307,1.1390733407629767,5,Wednesday,False
POWERGRID,2022-05-02,2022-05-18,rebalance,NIFTY ENERGY,-1.61669606114051,-2942.5,16,56.744279894469706,2.825780029135452,7.278688524590171,0.977867203219316,0.941767692198023,5,Monday,False
VBL,2022-05-02,2022-05-19,rebalance,NIFTY FMCG,-3.937542430414132,-7168.800000000014,17,65.40303651946147,4.673296755791833,20.819536423841043,1.0,1.6470033163026798,5,Monday,False
SIEMENS,2022-05-18,2022-05-19,rebalance,NIFTY ENERGY,-2.3653932082216333,-2625.7000000000085,1,54.412200037039376,3.2164930305971318,1.9166378016395313,0.9331561254006724,1.2665404081647103,5,Wednesday,False
POLYCAB,2022-05-17,2022-05-23,rebalance,,-2.301102531596944,-2635.600000000004,6,59.609942380231296,3.6604382661068233,-0.5009145327568909,0.9486861766099347,1.4078377817503378,5,Tuesday,False
PATANJALI,2022-05-18,2022-05-24,rebalance,NIFTY FMCG,-7.4747474747474785,-12609.60000000001,6,64.99341938610593,7.0800737671655565,8.921161825726154,0.9016393442622951,1.7071469407642055,5,Wednesday,False
KEI,2022-05-19,2022-05-25,rebalance,NIFTY EV,-8.654831700217292,-10343.899999999996,6,54.72234760484208,5.1696198512558045,-12.214630894850863,0.95374208180183,0.803596845578627,5,Thursday,False
BDL,2022-05-23,2022-05-25,rebalance,NIFTY IND DEFENCE,-8.449792960662517,-9468.499999999993,2,63.049245302775326,6.282515720089715,25.500910746812377,0.9035426166257453,0.8506826549682733,5,Monday,False
VBL,2022-05-24,2022-05-25,rebalance,NIFTY FMCG,-4.1244083840432655,-6435.499999999994,1,57.60300381198021,4.339404161950629,17.928286852589647,0.9993243243243244,1.579922975584162,5,Tuesday,False
BAJAJ-AUTO,2022-05-17,2022-06-01,rebalance,NIFTY AUTO,-0.6163539241199834,-742.5,15,56.39277960168602,2.8797514432987463,0.24316978972964698,0.8714490331821437,1.2498979098948084,5,Tuesday,False
MARICO,2022-05-25,2022-06-01,rebalance,NIFTY FMCG,-0.2970486776542658,-323.9499999999905,7,53.36569987434685,3.039808044657313,1.0612638687891973,0.8929579875074868,0.9595747999685075,5,Wednesday,False
ADANIPOWER,2022-05-13,2022-06-02,rebalance,NIFTY COMMODITIES,15.897939156035324,26462.699999999983,20,53.399600147785485,6.756300334882291,135.95959595959596,0.8512949039264829,0.5400769919430665,5,Friday,True
SIEMENS,2022-05-25,2022-06-03,rebalance,NIFTY ENERGY,0.0895054822107832,128.0000000000109,9,52.152033717593355,3.1505397317589328,-0.7181079657304412,0.9316967659552289,1.308099503517512,5,Wednesday,True
EICHERMOT,2022-05-17,2022-06-06,rebalance,NIFTY AUTO,-1.9802711789263627,-3323.1999999999944,20,63.985135388759595,3.4627049851461535,1.9369949148608567,0.9234732173319685,1.018494534026362,5,Tuesday,False
BRITANNIA,2022-05-25,2022-06-06,rebalance,NIFTY FMCG,-1.0121159246659015,-1356.7500000000082,12,63.89641630324047,2.8048179537221225,5.0670917617197775,0.8526502109500025,1.1881378986553064,5,Wednesday,False
ADANIPOWER,2022-06-06,2022-06-07,rebalance,NIFTY COMMODITIES,-2.263202011735121,-3721.950000000004,1,53.25217133568768,6.301394468474454,52.40761478163493,0.8765613519470977,0.5942629942741381,6,Monday,False
ITC,2022-05-18,2022-06-08,rebalance,NIFTY FMCG,0.4318181818181665,488.29999999999416,21,58.24492456855422,2.6484802114218087,0.9095260890378265,0.9876543209876543,0.8074606725945296,5,Wednesday,True
PETRONET,2022-05-18,2022-06-10,rebalance,NIFTY OIL AND GAS,-1.0434360592089351,-1176.0500000000031,23,66.83792247729335,2.851693508798911,9.153952843273228,0.8964542092669133,1.1042587891655595,5,Wednesday,False
ASHOKLEY,2022-06-02,2022-06-13,stop,NIFTY AUTO,-7.2975120286535855,-12192.85094025108,11,66.80685289771499,3.648756014326794,5.414012738853513,0.9415760869565217,1.0826363070364315,6,Thursday,False
BEL,2022-06-01,2022-06-13,rebalance,NIFTY IND DEFENCE,-4.326630103595363,-4852.849999999996,12,63.97624432584193,3.4807784123929326,-5.510331872260476,0.9652941176470587,0.6233230041370218,6,Wednesday,False
BAJAJ-AUTO,2022-06-08,2022-06-14,rebalance,NIFTY AUTO,-2.972571274152147,-3300.0,6,53.720474884635465,2.8832771407079107,1.7101205494813643,0.8885820626725898,1.1538460499268812,6,Wednesday,False
KEI,2022-06-13,2022-06-14,rebalance,NIFTY EV,-1.4304907926973809,-2208.199999999989,1,53.74635870849881,4.613773671207869,8.895127163028448,0.9608170703925886,0.9522456307185888,6,Monday,False
TATAELXSI,2022-05-19,2022-06-15,rebalance,NIFTY MS IT TELCM,-1.2328269684682036,-2037.0000000000075,27,57.25545867557494,5.011924499242377,-23.80609816833601,0.9143378894361132,1.298914426583408,5,Thursday,False
COALINDIA,2022-06-07,2022-06-15,rebalance,NIFTY ENERGY,-3.8064165307232223,-6118.0,8,61.29818810531492,3.290016929077454,1.8429259994329428,0.9545808460939528,0.8615956315619203,6,Tuesday,False
CONCOR,2022-06-14,2022-06-15,rebalance,,-1.486158329286058,-1591.1999999999953,1,52.15751600996017,3.744793832251541,-2.869607367910809,0.8660721796921006,1.3409039436471084,6,Tuesday,False
OIL,2022-06-06,2022-06-16,stop,NIFTY OIL AND GAS,-7.625628507405269,-10110.23747738783,10,73.55095527954816,4.509247195486702,-3.47714101738571,1.0,1.1202704729576982,6,Monday,False
HAL,2022-05-18,2022-06-16,rebalance,NIFTY IND DEFENCE,6.906603212373574,8591.399999999994,29,63.82783040432816,3.5487257843986284,11.6289073702323,0.9672036823935558,0.8449155331440418,5,Wednesday,True
EICHERMOT,2022-06-10,2022-06-16,rebalance,NIFTY AUTO,-2.224597747756052,-2534.699999999996,6,56.665923463082066,2.866813349838944,1.2728644163680913,0.9255714773114978,1.205651702618696,6,Friday,False
SIEMENS,2022-06-13,2022-06-16,rebalance,NIFTY ENERGY,-1.6810427976961415,-1799.5,3,53.752105926902345,2.682688890405055,0.9958482944344649,0.9456388606572329,0.7660615632528861,6,Monday,False
BEL,2022-06-14,2022-06-16,rebalance,NIFTY IND DEFENCE,-3.729024238657552,-5739.0,2,54.27964632523468,3.2566607981167284,0.0,0.9464705882352942,0.6645527826701614,6,Tuesday,False
KEI,2022-06-15,2022-06-16,rebalance,NIFTY EV,-1.6485917451237395,-2635.25,1,52.56426781041237,4.4988253636845466,7.430954051934102,0.9557673323714785,1.0120617536293606,6,Wednesday,False
OIL,2022-06-16,2022-06-17,rebalance,NIFTY OIL AND GAS,-3.878822197055487,-6075.949999999995,1,54.13491124350056,5.8795706799377285,28.701298701298693,0.8823382463152635,1.9330068754932437,6,Thursday,False
BDL,2022-06-01,2022-06-20,stop,NIFTY IND DEFENCE,-12.06343335699528,-14079.058151165513,19,65.382134579543,6.031716678497637,-1.2147444847807942,0.9508944230094704,0.931271721612974,6,Wednesday,False
HAL,2022-06-17,2022-06-20,stop,NIFTY IND DEFENCE,-7.798741192739933,-12142.12532017736,3,60.924182909110755,3.899370596369965,15.964224454790488,1.0,1.0912698301514034,6,Friday,False
VBL,2022-06-03,2022-06-21,rebalance,NIFTY FMCG,0.7157464212679043,1030.050000000011,18,53.49035108124265,4.714462130266498,10.746951219512212,0.9657669519420671,1.1869222647436248,6,Friday,True
BAJAJ-AUTO,2022-06-27,2022-06-30,rebalance,NIFTY AUTO,-4.009559214020175,-4077.0,3,59.20481700636918,2.9319556440920285,1.3216491883350168,0.9135233474833232,1.452001814714419,6,Monday,False
TORNTPHARM,2022-06-21,2022-07-07,rebalance,NIFTY PHARMA,4.42343108088965,6682.150000000005,16,54.77006337465293,2.6069196630701374,0.8093106535362438,0.8612737920937042,1.4514340410227486,6,Tuesday,True
ASHOKLEY,2022-06-23,2022-07-14,rebalance,NIFTY AUTO,1.5590200445434466,2381.400000000026,21,57.70681842532458,3.6885227705315744,5.396290050590213,0.9150815217391304,0.9546125074946363,6,Thursday,True
PHOENIXLTD,2022-06-23,2022-07-20,rebalance,NIFTY REALTY,5.634544497103722,8570.699999999975,27,58.15566926298258,5.126580146121249,-3.6708860759493533,0.9764332847716171,0.984137072561917,6,Thursday,True
HEROMOTOCO,2022-06-28,2022-07-25,rebalance,NIFTY AUTO,2.7042610851640614,1266.3000000000063,27,64.70870254495414,3.0362773568060346,1.2436465880826253,0.9377805014329229,0.7987311715318929,6,Tuesday,True
TIINDIA,2022-06-28,2022-08-02,stop,NIFTY AUTO,13.610887163067796,14322.464343952985,35,67.47815281473066,3.7445310678693993,-14.032705099778276,0.8879550402511266,0.983866742424833,6,Tuesday,True
SIEMENS,2022-06-30,2022-08-03,stop,NIFTY ENERGY,8.502219292891766,8412.74193705337,34,55.972358276238516,2.7093205806747402,2.693505594647605,0.9530920178250333,0.7921072162430067,6,Thursday,True
BRITANNIA,2022-07-20,2022-08-03,rebalance,NIFTY FMCG,-1.522869158634388,-2448.600000000008,14,64.85783428304796,2.293513966227507,4.919325317489354,0.9282527520488822,1.0155212381977559,7,Wednesday,False
VBL,2022-06-22,2022-08-22,stop,NIFTY FMCG,25.03139771999221,38146.498429791245,61,52.30671473735812,4.269076873878192,8.29318651066757,0.9513822688274547,1.005911582706184,6,Wednesday,True
BDL,2022-08-02,2022-08-22,rebalance,NIFTY IND DEFENCE,-5.324952561669837,-6353.350000000013,20,72.4643368186573,3.822043492732039,-10.426782519805776,0.9858529171051095,0.7044416686582615,8,Tuesday,False
TIINDIA,2022-08-03,2022-08-22,rebalance,NIFTY AUTO,-0.2031512059150197,-236.50000000001,19,60.812964505555016,4.3089682237360165,35.62719171251165,0.9350193263390393,1.620797452586616,8,Wednesday,False
HINDUNILVR,2022-07-07,2022-08-23,rebalance,NIFTY FMCG,4.844416587476497,7547.4000000000115,47,68.70689448387552,2.5892781314177196,-1.499194100373158,0.8792867428754289,1.0222540718290163,7,Thursday,True
BDL,2022-08-23,2022-08-24,rebalance,NIFTY IND DEFENCE,-0.7149901380670731,-1165.8000000000138,1,51.90002758428863,4.441652672555843,27.72781774580335,0.9174394933273016,1.084714040821972,8,Tuesday,False
CGPOWER,2022-06-24,2022-08-26,rebalance,NIFTY ENERGY,21.785484085624752,33393.400000000016,63,61.70042488151828,3.73719673642168,-2.1139166177334245,0.8770607630711257,0.5932327841763408,6,Friday,True
PIIND,2022-08-22,2022-09-06,rebalance,,-3.369340041432378,-4098.599999999997,15,69.3324879518571,2.7749789048506313,30.918148075796047,0.9660910338517841,1.227177953093876,8,Monday,False
COALINDIA,2022-08-22,2022-09-09,rebalance,NIFTY ENERGY,8.83148831488314,10644.349999999991,18,63.129114966366615,2.4530202766838647,19.45007235890015,0.9792821006986268,0.986100957436295,8,Monday,True
ADANIENSOL,2022-07-14,2022-09-21,rebalance,NIFTY COMMODITIES,33.80232940484225,51759.8,69,76.11967379621451,5.062688637981471,14.803780084726048,1.0,1.0310526538440872,7,Thursday,True
BEL,2022-07-25,2022-09-23,rebalance,NIFTY IND DEFENCE,17.481242800232046,9537.600000000006,60,75.4029596281934,2.8289052673774626,4.497843499691911,1.0,1.3404756910745184,7,Monday,True
BANKBARODA,2022-08-26,2022-09-23,rebalance,NIFTY PSU BANK,3.495575221238933,6402.950000000004,28,66.31544804979103,3.3501286622765463,22.790697674418592,1.0,1.1319382038289625,8,Friday,True
HAL,2022-08-03,2022-09-26,stop,NIFTY IND DEFENCE,18.149044397254176,27011.25,54,71.74584515554479,2.6720321820339934,4.308536388575135,0.9885276313220074,0.9757386464409454,8,Wednesday,True
ADANIPORTS,2022-09-09,2022-09-26,stop,NIFTY MOBILITY,-1.5320022763875674,-2000.586620652577,17,75.49871400826825,2.790213079658348,13.744993324432574,0.997086311159978,1.6447633693895733,9,Friday,False
BDL,2022-09-21,2022-09-26,stop,NIFTY IND DEFENCE,-8.095249980739894,-16439.87413713648,5,68.00757710151461,4.0476249903699495,6.553338260655339,0.9797872340425532,1.5152435682362038,9,Wednesday,False
EICHERMOT,2022-06-23,2022-09-26,rebalance,NIFTY AUTO,24.70690480835742,37611.0,95,62.63015281527801,2.943937863048627,8.997144089909792,0.9618048447628796,0.93583858568448,6,Thursday,True
VBL,2022-08-24,2022-09-27,stop,NIFTY FMCG,1.6331052593704376,2643.458490185149,34,62.41059906813164,4.301718652856968,31.87022900763361,0.9903938520653218,1.3553891760993246,8,Wednesday,True
TIINDIA,2022-09-23,2022-09-27,stop,NIFTY AUTO,-7.739317590243189,-9432.92793715129,4,71.44554890438157,3.9075513295871813,23.478072706289677,1.0,1.2321280928477159,9,Friday,False
AMBUJACEM,2022-09-23,2022-09-27,stop,,-9.079081054567617,-12193.037893284796,4,68.3661896038657,4.539540527283809,36.458470883401574,0.9390615478366849,2.1754495988637763,9,Friday,False
ITC,2022-06-27,2022-09-28,stop,NIFTY FMCG,22.009584301723397,22800.300627347115,93,54.56084586591676,2.0850814477474575,0.39188566159520377,0.9642702468601126,0.6256531174644769,6,Monday,True
CGPOWER,2022-09-26,2022-09-28,rebalance,NIFTY ENERGY,-5.310093230644508,-9143.799999999996,2,59.817738274694065,3.541834196722562,3.447532859297575,0.9426824608330149,1.2819356067197583,9,Monday,False
BAJAJHLDNG,2022-09-26,2022-09-29,stop,NIFTY FINSEREXBNK,-7.311566892566191,-13841.073967169725,3,65.60153462014495,3.6557834462830945,30.301940028593876,0.9463212188652572,1.8100632807590282,9,Monday,False
ASIANPAINT,2022-09-28,2022-09-29,stop,,-4.751437754035526,-5938.002425756431,1,65.79287614915941,2.375718877017763,-3.3924407726186656,0.9984201549087045,0.8259974862791182,9,Wednesday,False
HINDUNILVR,2022-09-26,2022-10-03,rebalance,NIFTY FMCG,-1.4301554189923182,-2739.600000000013,7,59.17353087278826,2.1206092478976735,-1.793363413101834,0.9554857245465973,0.96346550438322,9,Monday,False
EICHERMOT,2022-09-27,2022-10-03,rebalance,NIFTY AUTO,-3.0023385752895315,-4288.000000000011,6,55.2206205708273,3.1308323525984965,17.984296522347254,0.9524641547182394,0.889402654747153,9,Tuesday,False
AMBUJACEM,2022-09-27,2022-10-03,rebalance,,-3.112917616734423,-4003.500000000012,6,56.86712886903144,5.48442630738087,50.64918032786885,0.8781230956733699,2.1666415942484574,9,Tuesday,False
MARICO,2022-09-28,2022-10-03,rebalance,NIFTY FMCG,-3.270003653635367,-5352.099999999993,5,60.543308031975116,2.6544324547071376,3.0017317683278533,0.9367673483357576,1.1490397955179832,9,Wednesday,False
ITC,2022-09-29,2022-10-03,rebalance,NIFTY FMCG,-2.6033133078463444,-4411.549999999986,4,54.469647555163384,2.0506605373559843,10.183930300096812,0.9614913355504988,1.0270396693086767,9,Thursday,False
BHARTIARTL,2022-10-03,2022-10-06,rebalance,NIFTY INFRA,-1.836061492500152,-2389.5,3,67.60774564204401,2.3195130202461574,6.375035221189074,1.0,1.4998865891135924,10,Monday,False
NESTLEIND,2022-10-03,2022-10-07,rebalance,NIFTY FMCG,1.7270429654591355,2295.999999999997,4,50.89926564264207,1.9108386923498748,-6.229674796747964,0.9526484751203853,1.1182092700359887,10,Monday,True
CIPLA,2022-10-03,2022-10-07,rebalance,NIFTY PHARMA,-0.0221092195445526,-28.5,4,70.13914579171411,2.453300152491649,2.624229583975346,1.0,1.2157890458978136,10,Monday,False
360ONE,2022-09-29,2022-10-10,rebalance,NIFTY MS FIN SERV,1.2612203158731905,1603.9500000000032,11,51.99072762416931,3.967225116839359,12.496954933008531,0.931125687685146,1.452077850450516,9,Thursday,True
VBL,2022-10-07,2022-10-11,stop,NIFTY FMCG,-7.670371267238519,-10587.969562086204,4,60.138547851808795,3.8382455326927087,-0.3135552339604497,0.9698846646732167,0.9463253108850812,10,Friday,False
BRITANNIA,2022-09-26,2022-10-11,rebalance,NIFTY FMCG,-1.5735973597359676,-1966.799999999997,15,57.13376080410651,2.048494452440232,-4.712201591511944,0.9332265615375138,1.0614900042183306,9,Monday,False
HAL,2022-10-07,2022-10-11,rebalance,NIFTY IND DEFENCE,-3.695572630808619,-4681.349999999981,4,58.26973412613634,3.450045201477394,1.0564917488867565,0.9409716908951797,1.0641642675006493,10,Friday,False
AMBUJACEM,2022-10-10,2022-10-11,rebalance,,-4.295417583468863,-5522.699999999997,1,59.59040547042189,5.194953115409272,25.87890625,0.9099852006616174,1.8788323912940221,10,Monday,False
BDL,2022-10-06,2022-10-12,rebalance,NIFTY IND DEFENCE,-4.482459939367689,-5733.899999999997,6,62.147445877608305,4.066890233247294,-3.2152076977235544,0.9825531914893617,1.497160873913528,10,Thursday,False
UNOMINDA,2022-10-03,2022-10-13,rebalance,NIFTY AUTO,-0.3864126527677869,-750.3499999999921,10,51.788822207875846,3.427556702211318,-6.05818697888949,0.8933129967086778,0.9021040839555856,10,Monday,False
AMBUJACEM,2022-10-12,2022-10-13,rebalance,,-1.7014541497675228,-2072.599999999992,1,53.67329053700236,5.3316709048403315,20.637254901960777,0.8800383041699311,1.7588307813714423,10,Wednesday,False
TIINDIA,2022-09-27,2022-10-14,rebalance,NIFTY AUTO,2.56818093649378,3243.8000000000134,17,54.414316417910484,4.692392854431599,22.49831043027708,0.9297888073295218,1.2925291939285963,9,Tuesday,True
MAXHEALTH,2022-10-13,2022-10-18,rebalance,NIFTY HEALTHCARE,-5.056507048817426,-9048.899999999996,5,59.874150376344296,3.6534217334503705,11.494703805413886,0.9689546172951005,1.0985250802561977,10,Thursday,False
BRITANNIA,2022-10-13,2022-10-18,rebalance,NIFTY FMCG,-0.469005971568992,-621.25,5,52.5608524848839,2.0155095226918593,2.4152553891320316,0.9703107373602707,1.0969204989171157,10,Thursday,False
BAJAJHLDNG,2022-10-03,2022-10-20,rebalance,NIFTY FINSEREXBNK,-0.6116254946405997,-1154.2000000000053,17,54.8603298416043,4.2345106835617905,26.82617993546934,0.910824637650731,1.9158118640499713,10,Monday,False
RVNL,2022-10-11,2022-10-20,rebalance,,-2.9852961096559216,-3922.899999999996,9,62.2297908637416,3.7588441593205117,15.24879614767256,0.8559814169570268,1.7888142405858043,10,Tuesday,False
BEL,2022-10-20,2022-10-21,rebalance,NIFTY IND DEFENCE,-4.120370370370374,-5575.850000000004,1,59.80964333652266,3.1518682769772495,-0.7342143906020504,0.9570225963668587,0.8871851156475544,10,Thursday,False
CGPOWER,2022-10-11,2022-10-24,rebalance,NIFTY ENERGY,1.7665210562406886,2323.649999999984,13,59.98460851633958,4.0025306147772035,-2.4224394390140347,0.9610240733664501,1.2688750335488783,10,Tuesday,True
AMBUJACEM,2022-10-14,2022-10-25,rebalance,,2.241705688950879,2902.5,11,52.465468501240686,5.030183493989698,29.1104787826302,0.873770349090276,1.4607621950343972,10,Friday,True
IDFCFIRSTB,2022-10-11,2022-10-31,rebalance,NIFTY MS FIN SERV,5.649717514124286,7416.0,20,61.25724461311796,3.942466630947128,10.526315789473696,0.9779005524861879,1.0994029844648414,10,Tuesday,True
EICHERMOT,2022-10-31,2022-11-04,stop,NIFTY AUTO,-5.272863422956187,-7309.042908091798,4,69.68576409284891,2.6364317114780946,5.947602714734002,1.0,0.7331234127967308,10,Monday,False
HAL,2022-10-21,2022-11-10,rebalance,NIFTY IND DEFENCE,1.1862149338216943,1539.0,20,51.393432683600324,3.501129523026066,1.471929138986594,0.9191277735271614,0.8266690996835004,10,Friday,True
ITC,2022-10-18,2022-11-14,rebalance,NIFTY FMCG,2.030999465526473,2724.6000000000217,27,59.58132152836357,1.9495889414063918,4.262739779112579,0.9824960616138632,1.070446760674056,10,Tuesday,True
BDL,2022-10-20,2022-11-14,rebalance,NIFTY IND DEFENCE,2.799479166666652,5030.999999999991,25,59.866922762969786,4.091647930446104,5.710442651014924,0.9804255319148937,0.7229760732832509,10,Thursday,True
BEL,2022-10-24,2022-11-14,rebalance,NIFTY IND DEFENCE,1.715811894077568,2299.8999999999887,21,51.941549151991566,3.3189018826622507,-5.914972273567476,0.9286663712893222,0.8901755273518693,10,Monday,True
MAZDOCK,2022-08-22,2022-11-22,stop,NIFTY IND DEFENCE,148.58320591936524,263649.5322886608,92,61.773897709283304,3.961278352997937,26.563769293257522,0.917899185028675,1.7533901409599497,8,Monday,True
COCHINSHIP,2022-09-06,2022-12-07,rebalance,NIFTY IND DEFENCE,67.25183186593533,80597.04999999999,92,70.84483934822647,2.8973027389787376,16.998754669987548,0.9828812220173822,2.315185703516791,9,Tuesday,True
RVNL,2022-11-04,2022-12-09,stop,,46.73805424058739,61361.71371068071,35,78.19524538941106,4.023938633550466,19.033674963396784,1.0,2.0260640182321215,11,Friday,True
INDIANB,2022-10-25,2022-12-09,rebalance,NIFTY PSU BANK,10.269007536286855,21768.350000000028,45,72.58475840006705,3.8240540537691285,11.939080772368783,0.9975363941769316,1.0762274409312445,10,Tuesday,True
HAL,2022-11-14,2022-12-14,rebalance,NIFTY IND DEFENCE,7.766444462292199,11894.100000000006,30,52.52026169766139,3.1541396703257547,4.334718487737321,0.9526396327467482,0.8081415655472431,11,Monday,True
SBIN,2022-11-14,2022-12-16,rebalance,NIFTY PSU BANK,1.6135758943561118,3037.150000000002,32,59.476339992066855,2.44292824065181,4.256626294540977,0.9626350418325075,1.1578813579019305,11,Monday,True
MAZDOCK,2022-11-22,2022-12-16,rebalance,NIFTY IND DEFENCE,-3.968620212275032,-9339.599999999991,24,68.15649708477501,5.477424032009552,81.70203551320918,0.9940366972477064,1.2278519366369993,11,Tuesday,False
BANKINDIA,2022-11-10,2022-12-20,stop,NIFTY PSU BANK,19.420411589668053,25593.241848555324,40,79.86512711642075,4.203573989710287,16.06597434331094,0.9577249339452094,2.2781720073819036,11,Thursday,True
BANKBARODA,2022-10-18,2022-12-21,stop,NIFTY PSU BANK,27.37071110810369,45869.75362473775,64,61.25841171741596,3.6383112531258206,1.106194690265494,0.9928286852589641,0.939424455098929,10,Tuesday,True
UNIONBANK,2022-11-14,2022-12-21,stop,NIFTY PSU BANK,27.043798030029432,41031.066721544914,37,78.13450272685341,3.9948449180598957,20.541480377545952,0.96668349318526,1.811143349995532,11,Monday,True
PNB,2022-12-09,2022-12-21,stop,NIFTY PSU BANK,-5.151393802026627,-12858.12310592468,12,73.08389400666572,3.885521254276314,37.2443487621098,0.9748623853211009,1.4197205470469427,12,Friday,False
NMDC,2022-12-07,2022-12-21,rebalance,NIFTY METAL,-0.8875739644970349,-1778.9999999999832,14,70.99886829900636,2.8072905358297264,106.54205607476635,0.9768786127167629,0.5170673297516625,12,Wednesday,False
BANKINDIA,2022-12-20,2022-12-21,rebalance,NIFTY PSU BANK,-2.140266021765413,-3368.309999999992,1,54.62486868819827,5.502172440908103,68.96980461811724,0.8693366971512667,1.6458497575054263,12,Tuesday,False
GODFRYPHLP,2022-10-11,2022-12-22,rebalance,,20.26970601425855,39321.00000000001,72,68.55332375234156,3.7353222016138243,-2.3255813953488413,0.9562363238512035,1.5782632085316453,10,Tuesday,True
RVNL,2022-12-14,2022-12-22,rebalance,,-10.19380552145459,-16872.94999999999,8,64.32126832867144,5.535542462603862,89.63660834454915,0.9238451935081149,1.5201757854971163,12,Wednesday,False
INDIANB,2022-12-16,2022-12-22,rebalance,NIFTY PSU BANK,-4.647435897435903,-11340.45000000001,6,61.713090587978066,4.028060834783626,14.922737306843281,0.9813035121439806,1.2650288449217648,12,Friday,False
MAHABANK,2022-12-16,2022-12-22,rebalance,,-10.819165378670792,-18746.0,6,68.02073900615122,6.1949471194765,36.42857142857143,0.9417758369723436,2.3890594823375153,12,Friday,False
JINDALSTEL,2022-12-21,2022-12-22,rebalance,NIFTY METAL,-1.415266617969324,-3340.25,1,56.72114949114597,2.760215364712463,20.548387096774178,0.9586834733893557,0.9759496282788839,12,Wednesday,False
IRFC,2022-12-21,2022-12-22,rebalance,NIFTY FINSEREXBNK,-3.2507739938080427,-7685.999999999979,1,53.35811183477102,6.021078392401776,50.55432372505544,0.9060308555399719,2.2274550083927025,12,Wednesday,False
ABCAPITAL,2022-12-21,2022-12-22,rebalance,NIFTY MS FIN SERV,-0.5047106325706596,-1049.25,1,55.221925592691555,3.2452674880571055,31.71247357293869,0.9241293532338307,1.7805306106828662,12,Wednesday,False
VBL,2022-12-09,2022-12-23,stop,NIFTY FMCG,-8.825095683790662,-15581.880167458352,14,73.15926215096385,4.412547841895333,29.741697416974166,1.0,1.5466607382261939,12,Friday,False
HINDZINC,2022-12-21,2022-12-23,stop,NIFTY METAL,-4.080821628741815,-6426.128990693353,2,64.60742096554473,2.0404108143709054,12.2002820874471,0.9174350971769046,1.023679037863863,12,Wednesday,False
JSWSTEEL,2022-12-21,2022-12-23,rebalance,NIFTY METAL,-2.052213699367511,-3233.0,2,56.506179238793074,1.9776979856611345,10.431995337655708,0.9677671420199258,0.8482933672188695,12,Wednesday,False
CUMMINSIND,2022-12-22,2022-12-23,rebalance,,-4.282315622521815,-9873.90000000002,1,54.65217233490855,2.7930144038430913,8.330526552149987,0.952166776099803,1.0757218897146246,12,Thursday,False
PIIND,2022-12-22,2022-12-23,rebalance,,-1.7410321224686889,-3984.500000000012,1,58.70041395263523,2.5473862770519435,7.118191445278321,0.9716312056737589,0.9082979425032328,12,Thursday,False
RECLTD,2022-12-22,2022-12-23,rebalance,NIFTY FINSEREXBNK,-3.3333333333333326,-7687.5,1,58.52358510714605,2.361169489775286,10.444874274661498,0.984251968503937,1.2721505872624261,12,Thursday,False
BRITANNIA,2022-12-22,2022-12-23,rebalance,NIFTY FMCG,-1.3560441312095106,-3096.600000000009,1,57.32619551703911,1.6684849925810503,19.911652949153446,0.9701645863249752,0.947243746603482,12,Thursday,False
AXISBANK,2022-12-22,2022-12-23,rebalance,NIFTY PVT BANK,-1.4082975368386652,-2965.5499999999843,1,54.29559874931879,1.8259461671302146,8.638758612703379,0.9682021584627533,0.7811236635859723,12,Thursday,False
TIINDIA,2022-12-22,2022-12-23,rebalance,NIFTY AUTO,-5.0328975476373605,-7657.0,1,54.67024532775852,4.7273681576833075,-0.41323040672422984,0.9696422357366564,1.6360686696275368,12,Thursday,False
GODREJCP,2022-12-22,2022-12-23,rebalance,NIFTY FMCG,-2.013799293206941,-3141.250000000008,1,54.45930546820233,2.186867177978696,8.368828364029035,0.9204832963288068,0.9088250679482468,12,Thursday,False
NESTLEIND,2022-12-23,2022-12-26,rebalance,NIFTY FMCG,-1.16232863103517,-2597.40000000001,3,52.39590975971882,1.8517094444666211,-3.358793576184882,0.9643609886951524,1.2148176635760857,12,Friday,False
CIPLA,2022-12-23,2022-12-26,rebalance,NIFTY PHARMA,-2.023857391770545,-4530.000000000018,3,53.026743363443195,2.015739204537461,-6.336514487146405,0.9537668314300324,0.9175278291147978,12,Friday,False
APOLLOHOSP,2022-12-23,2022-12-27,rebalance,NIFTY HEALTHCARE,-1.1988979075135742,-2648.4499999999744,4,53.32937265929657,2.3909025199735066,3.8714448236632393,0.9279206357040619,0.9855983867888387,12,Friday,False
VBL,2022-12-26,2022-12-27,rebalance,NIFTY FMCG,-2.494917760118276,-5562.0,1,56.22112941399824,4.917591024238185,24.143985952589997,0.9566831683168316,1.4627919843041022,12,Monday,False
INDIANB,2022-12-26,2022-12-28,rebalance,NIFTY PSU BANK,-3.3864541832669404,-7545.450000000018,2,55.31434055197668,4.913433734510091,16.57226767358928,0.9648785601957017,1.3153766865365637,12,Monday,False
PIIND,2022-12-26,2022-12-28,rebalance,,-0.8685166310168135,-1270.5,2,53.35191437707289,2.570022019724366,7.758229113042425,0.9611584844219996,0.9129502699918648,12,Monday,False
MARICO,2022-12-23,2022-12-29,rebalance,NIFTY FMCG,-0.0290951411114348,-65.09999999999013,6,51.00182525421354,1.8957596813344288,-4.716019642360781,0.9383019383019381,1.0406805227949074,12,Friday,False
BRITANNIA,2022-12-26,2022-12-29,rebalance,NIFTY FMCG,-0.6182362553852849,-919.7000000000062,3,54.8631064222645,1.697962778829866,18.986909205614854,0.9666077543355794,0.9629199485343928,12,Monday,False
ZYDUSLIFE,2022-12-23,2022-12-30,rebalance,NIFTY PHARMA,-0.0832738520104792,-186.2000000000121,7,58.33612213341642,2.120498599959383,-7.010144762338999,0.8699161751009004,0.6256521067829017,12,Friday,False
VBL,2022-12-28,2022-12-30,rebalance,NIFTY FMCG,-0.0755572346052058,-111.59999999999366,2,52.48161961585476,4.843696146613635,19.44686411149825,0.9359971711456859,0.794850131625583,12,Wednesday,False
MAXHEALTH,2022-12-29,2022-12-30,rebalance,NIFTY HEALTHCARE,-3.236103467253715,-4821.599999999997,1,59.57542787138619,3.345978683493372,-2.7297444263186588,0.9774072081764389,0.6034990145033834,12,Thursday,False
HDFCBANK,2022-12-26,2023-01-04,rebalance,NIFTY PVT BANK,-1.190622314962564,-1775.1000000000083,9,55.932355377720626,1.6152526274093026,9.858402351055307,0.9802671158705331,0.9703992754972449,12,Monday,False
JSWSTEEL,2022-12-28,2023-01-04,rebalance,NIFTY METAL,-3.3346461861625376,-7086.600000000026,7,61.9170337854494,2.077546594053239,5.173023848276848,0.9919906231685877,0.7979634544466963,12,Wednesday,False
AXISBANK,2022-12-26,2023-01-05,rebalance,NIFTY PVT BANK,2.245073759017968,3335.999999999985,10,57.054453197097324,1.884158055364837,8.996659371040195,0.9778362727033431,0.7680687818752103,12,Monday,True
BANKBARODA,2022-12-29,2023-01-10,rebalance,NIFTY PSU BANK,-2.6133974166416274,-5815.9499999999925,12,60.924703655334845,3.6598065321519138,7.0703653585926896,0.9588133640552995,1.1606142433319577,12,Thursday,False
PNB,2022-12-30,2023-01-10,rebalance,NIFTY PSU BANK,-2.3822922528606294,-5251.450000000013,11,58.57482992479098,4.654719464230554,11.074301940369136,0.9423722821283366,1.313055159115702,12,Friday,False
MAHABANK,2023-01-04,2023-01-10,rebalance,,-5.564387917329094,-8279.25,6,56.31322129928992,6.872569969963307,31.00436681222709,0.9155749636098981,2.018828061567644,1,Wednesday,False
INDIANB,2023-01-04,2023-01-11,rebalance,NIFTY PSU BANK,-2.570010634526765,-5241.75,7,57.67101216127959,4.42286402514138,3.9353204753555415,0.985846583959462,1.2476368193390202,1,Wednesday,False
GODFRYPHLP,2023-01-10,2023-01-16,rebalance,,-7.417974322396581,-15080.0,6,62.61158930356808,4.691470827951474,9.001636661211121,0.9887165021156559,1.037901403688594,1,Tuesday,False
BANKBARODA,2023-01-16,2023-01-17,rebalance,NIFTY PSU BANK,-2.2475277195085352,-4230.0,1,58.27900880591014,3.0051211193377774,10.796401199600126,0.9611175115207373,0.738520994859003,1,Monday,False
BANKINDIA,2022-12-30,2023-01-18,rebalance,NIFTY PSU BANK,1.2368133866860642,1823.759999999993,19,53.488307117790804,6.255890045454011,3.7584277721991244,0.8669189530116683,1.6338719888401352,12,Friday,True
HINDZINC,2022-12-27,2023-01-20,stop,NIFTY METAL,7.276119402985071,15560.999999999984,24,59.015759074372525,2.455948472007927,12.964236588720768,0.912469853879983,0.9652518108169686,12,Tuesday,True
MAHABANK,2023-01-17,2023-01-23,rebalance,,-3.4375000000000044,-6325.000000000008,6,56.1086252937006,6.051103268856995,10.614525139664789,0.9315866084425036,1.2085391291909502,1,Tuesday,False
NMDC,2022-12-30,2023-01-24,rebalance,NIFTY METAL,1.1548809696039886,1704.2999999999995,25,60.238697113319304,2.914897701250374,-1.8779342723004633,0.9801980198019801,0.5353703529803044,12,Friday,True
PNB,2023-01-11,2023-01-24,rebalance,NIFTY PSU BANK,-1.5771686068343893,-3134.0399999999863,13,55.0059593056199,4.008473894010951,11.735015772870682,0.9414884214247834,0.9902787082785232,1,Wednesday,False
UNIONBANK,2023-01-18,2023-01-24,rebalance,NIFTY PSU BANK,-0.7812499999999889,-1166.2199999999862,6,52.44361641366655,4.800135823412749,-4.104732033274249,0.8562375308062434,0.9750405508956067,1,Wednesday,False
PFC,2023-01-05,2023-01-25,stop,NIFTY FINSEREXBNK,-5.887287038816035,-9414.66095540971,20,72.62621010945892,3.0459402656904704,12.442864398171661,1.0,1.0595461046554724,1,Thursday,False
RECLTD,2022-12-26,2023-01-25,rebalance,NIFTY FINSEREXBNK,5.701754385964919,8632.0,30,59.042297519913824,2.6699218995861353,8.942307692307683,0.9973753280839895,1.0610277505379897,12,Monday,True
HDFCBANK,2023-01-23,2023-01-27,stop,NIFTY PVT BANK,-3.29869978444346,-5850.54754809065,4,65.40470669987505,1.6493498922217322,-1.7234965902045873,1.0,0.887621031724516,1,Monday,False
JINDALSTEL,2022-12-27,2023-01-27,rebalance,NIFTY METAL,2.118239430506108,4696.999999999974,31,64.14650346415476,3.076592966935486,10.525250480720572,1.0,1.1217193243910741,12,Tuesday,True
RVNL,2023-01-10,2023-01-27,rebalance,,3.6247334754797578,5352.450000000024,17,53.76821017964861,4.8184521286619235,24.05172413793104,0.8782771535580525,0.3581112483638933,1,Tuesday,True
INDIANB,2023-01-25,2023-01-27,rebalance,NIFTY PSU BANK,-3.352456077447097,-5553.89999999998,2,55.34330131417637,3.1866690314071815,-3.995699695395105,0.974663637952123,0.6031273767629666,1,Wednesday,False
HINDZINC,2023-01-20,2023-01-30,stop,NIFTY METAL,-6.6007631297601455,-14609.535042729418,10,58.84500287259237,3.3003815648800687,14.505566470203025,0.9349754999337836,1.1916000372279227,1,Friday,False
PETRONET,2023-01-24,2023-01-30,stop,NIFTY OIL AND GAS,-3.5611673122504905,-5210.504147082738,6,75.01320108591074,1.780583656125244,2.2985602424854923,1.0,1.0687820929076486,1,Tuesday,False
TCS,2023-01-27,2023-01-31,rebalance,NIFTY IT,-1.5347180486946943,-2198.7000000000157,4,58.77987667216604,1.6358248661704367,0.6730238319081927,0.8845625226907319,1.0899371276606398,1,Friday,False
BAJAJ-AUTO,2023-01-27,2023-02-01,stop,NIFTY AUTO,-3.9361689920129006,-8312.106464658438,5,75.21039336814903,1.9680844960064483,-1.6636120118426634,0.962280701754386,1.1517768707335414,1,Friday,False
INDIANB,2023-01-30,2023-02-01,stop,NIFTY PSU BANK,-7.157647544872359,-14747.030074356328,2,57.41918793951499,3.5788237724361833,5.2247406838263455,0.9903896557749432,0.5804654777554727,1,Monday,False
RVNL,2023-01-31,2023-02-01,rebalance,,-4.533508541392894,-6482.549999999978,1,56.38440386924923,4.348186706487536,7.708628005657703,0.9500624219725343,0.38184622659935613,1,Tuesday,False
NHPC,2023-01-25,2023-02-02,stop,NIFTY COMMODITIES,-5.377146636240782,-7799.02961264354,8,72.14503299752313,2.6885733181203872,-1.7523364485981352,0.9636163175303197,0.9970913213619863,1,Wednesday,False
JINDALSTEL,2023-02-01,2023-02-02,stop,NIFTY METAL,-6.075745136332323,-12749.72332815076,1,59.44185322243485,3.037872568166161,8.479797064685645,0.9971311475409836,0.7314304971322014,2,Wednesday,False
TATASTEEL,2023-01-10,2023-02-06,rebalance,NIFTY METAL,-1.2076007813887402,-2673.759999999999,27,62.653147977999325,2.762295932565774,13.043916196615646,0.8635840809753854,1.1063462428696769,1,Tuesday,False
INDIANB,2023-02-01,2023-02-07,rebalance,NIFTY PSU BANK,-1.806797853309483,-3267.350000000007,6,52.6827045847725,4.345429758886533,-1.3005522893283383,0.9606461591338719,0.6299952527987647,2,Wednesday,False
HCLTECH,2023-01-24,2023-02-10,rebalance,NIFTY IT,-1.9510480291778156,-2841.5999999999767,17,72.54176051666724,1.7709778225654067,-0.883179446005633,0.9459616743567361,1.1026863662476238,1,Tuesday,False
COFORGE,2023-01-27,2023-02-13,stop,NIFTY MS IT TELCM,-5.907632565152388,-8474.67614368806,17,67.10048432143356,3.1948944373551433,-0.43914680050187727,0.8901554404145078,1.4979533726176313,1,Friday,False
GODREJCP,2023-02-02,2023-02-13,rebalance,NIFTY FMCG,-1.686708523997027,-3280.950000000005,11,62.771496206744416,2.20207110786519,3.0490897818858276,0.9912447257383967,1.175330510845456,2,Thursday,False
SUPREMEIND,2023-01-30,2023-02-14,rebalance,NIFTY MULTI MFG,0.2039975677212924,285.99999999999,15,61.90751288780898,3.4371814948028176,-2.4763006257873865,0.9934331033945205,1.1221796029162816,1,Monday,True
OIL,2023-02-14,2023-02-15,rebalance,NIFTY OIL AND GAS,-3.840558626709334,-5517.599999999995,1,69.70677805349574,3.6458875578369945,11.35857461024501,0.8586060454659005,1.548391825191429,2,Tuesday,False
HDFCBANK,2023-02-06,2023-02-20,rebalance,NIFTY PVT BANK,-0.6901561932437295,-1447.799999999983,14,55.12014379536991,2.1242817994626453,-1.5491583313003043,0.9741684359518755,1.1724240517881015,2,Monday,False
BRITANNIA,2023-02-07,2023-02-20,rebalance,NIFTY FMCG,-3.322226684176832,-5815.900000000007,13,67.04962189539356,1.8728993699964174,-4.61504473655141,0.9952471996284175,1.0663873003883122,2,Tuesday,False
GODREJCP,2023-02-15,2023-02-20,rebalance,NIFTY FMCG,-0.8337787279529607,-1146.599999999993,5,56.95444873801891,1.90874971126214,5.8155230596175445,0.9868143459915611,0.9617825036407258,2,Wednesday,False
CGPOWER,2023-01-24,2023-02-21,rebalance,NIFTY ENERGY,6.864873893435752,13809.59999999997,28,57.67203554157616,3.3648245703382926,8.88849305308157,0.9537995857893898,1.4906634308352495,1,Tuesday,True
TCS,2023-02-02,2023-02-21,rebalance,NIFTY IT,-0.2707400777642754,-402.8500000000077,19,60.86511480504595,1.7416025191660438,1.9136196829453223,0.897360095430735,1.2111560276794147,2,Thursday,False
OIL,2023-02-20,2023-02-21,rebalance,NIFTY OIL AND GAS,-1.6787264833574511,-3480.000000000007,1,65.65898658651452,3.726298607429139,15.742074927953876,0.8631026729952536,1.7296318521192133,2,Monday,False
GODREJCP,2023-02-21,2023-02-24,rebalance,NIFTY FMCG,-1.002987622705942,-1579.2000000000153,3,55.632488899540604,2.024199496466702,4.146614437604912,0.9886075949367089,0.9309497770609908,2,Tuesday,False
BAJAJ-AUTO,2023-02-13,2023-02-27,stop,NIFTY AUTO,-4.10900895343943,-5602.633708014668,14,63.414973155775854,2.0545044767197185,8.669850919091049,0.9492481203007519,1.264784362627634,2,Monday,False
ALKEM,2023-02-27,2023-02-28,rebalance,NIFTY MIDSML HLTH,-2.9823382020411904,-3903.999999999997,1,62.528649004205135,2.039714864543902,8.072311016543798,0.8922271599552877,1.5747868097880469,2,Monday,False
COFORGE,2023-02-24,2023-03-02,rebalance,NIFTY MS IT TELCM,-2.9126213592233,-4539.0,6,59.01114839132889,2.830233238808885,6.997455470737912,0.9096103896103896,1.5738433069391669,2,Friday,False
POLYCAB,2023-02-28,2023-03-08,rebalance,,0.3488730588865341,440.75,8,62.97649560569863,2.60480794103361,14.607905942646116,1.0,0.9093252782892491,2,Tuesday,True
PERSISTENT,2023-01-27,2023-03-09,rebalance,NIFTY MS IT TELCM,5.2567183744811175,11187.900000000016,41,73.7942105859179,3.2095224067289423,3.8028375018282823,0.9310983176353317,1.4372755896443774,1,Friday,True
BDL,2023-02-21,2023-03-10,rebalance,NIFTY IND DEFENCE,-1.3404825737265424,-2756.25,17,56.8789670105695,4.709444479534107,-14.55180442374855,0.9366211329851346,1.7210158109903966,2,Tuesday,False
BANKBARODA,2023-03-08,2023-03-10,rebalance,NIFTY PSU BANK,-3.560057563137209,-5088.700000000003,2,59.70210184338353,3.3610746181095608,-15.043452202577168,0.8974654377880186,0.9911194336387389,3,Wednesday,False
KPITTECH,2023-02-10,2023-03-13,stop,NIFTY MS IT TELCM,-7.353727398350418,-10694.26837496207,31,78.3569030305998,3.6768636991752084,9.464875887771607,1.0,1.235174611631614,2,Friday,False
SUPREMEIND,2023-02-21,2023-03-13,rebalance,NIFTY MULTI MFG,-3.270273701775705,-6671.100000000007,20,65.64405311194233,3.2012298006483046,6.1065531207809665,1.0,1.5565118243156466,2,Tuesday,False
INDIANB,2023-03-09,2023-03-13,rebalance,NIFTY PSU BANK,-1.0460634978895045,-2174.549999999974,4,51.814827905159746,3.6821399973746796,-7.373020207536851,0.9364151916136794,0.4879812458959159,3,Thursday,False
HCLTECH,2023-03-10,2023-03-13,rebalance,NIFTY IT,-1.585595270088691,-3221.4000000000083,3,52.75370506113791,1.951706651993873,-0.8250011209254393,0.928045891008854,1.0718627857469742,3,Friday,False
ABCAPITAL,2023-03-10,2023-03-13,rebalance,NIFTY MS FIN SERV,-4.2954767328343575,-5913.599999999995,3,59.74734416136455,2.5810902528584636,2.8012149848126944,0.9555348258706468,0.8476010446581563,3,Friday,False
ITC,2023-02-01,2023-03-14,rebalance,NIFTY FMCG,5.049488340882413,7058.450000000005,41,75.21784710072339,2.3606656094099945,-1.9122807017543875,1.0,1.2303007008608342,2,Wednesday,True
OIL,2023-03-02,2023-03-14,rebalance,NIFTY OIL AND GAS,-3.057658707047173,-4646.25,12,61.79729152715906,3.4854738384847024,10.29956243688992,0.8578566075443417,1.8621752924219024,3,Thursday,False
RECLTD,2023-03-13,2023-03-14,rebalance,NIFTY FINSEREXBNK,-2.173004596740502,-2930.20000000001,1,53.14900324106757,2.7311416157288897,-4.370700121408333,0.9492264974216581,0.780492629442051,3,Monday,False
VBL,2023-02-20,2023-03-16,rebalance,NIFTY FMCG,-0.095602294455066,-133.0,24,58.5454729847967,4.017582404455779,-2.9111531190926243,0.9246817538896747,0.6651462650508918,2,Monday,False
NMDC,2023-03-14,2023-03-16,rebalance,NIFTY METAL,-2.662721893491116,-3578.399999999994,2,54.388286171533444,2.651646757517304,-7.78859527121003,0.9135135135135134,1.3395550987381697,3,Tuesday,False
PFC,2023-03-13,2023-03-17,stop,NIFTY FINSEREXBNK,-6.096952309873805,-12324.348914417347,4,64.88662528631653,3.048476154936899,2.0139745170571155,0.9706755753526356,0.9259242476448539,3,Monday,False
ITC,2023-03-16,2023-03-17,rebalance,NIFTY FMCG,-1.5575333757152032,-2121.700000000015,1,54.00552799311593,2.033425387682544,14.308710427472725,0.9720376950409394,0.8093503746329829,3,Thursday,False
HAL,2023-02-20,2023-03-20,rebalance,NIFTY IND DEFENCE,2.226345083487957,3744.000000000024,28,58.40639683568804,3.3687398231372465,-3.330436156763583,0.9295440663960046,1.4243169784214957,2,Monday,True
VBL,2023-03-17,2023-03-20,rebalance,NIFTY FMCG,-1.0066476733143317,-1335.5999999999883,3,51.82801745588772,3.470399532223051,8.410649455425578,0.9308698727015559,0.9691888008074063,3,Friday,False
GAIL,2023-03-13,2023-03-21,stop,NIFTY OIL AND GAS,-5.191382658351351,-7009.307267312012,8,70.25703601388085,2.5960705097171353,8.308157099697876,0.9708275451478469,1.254049240817906,3,Monday,False
POWERGRID,2023-03-16,2023-03-21,stop,NIFTY ENERGY,-3.909861447258578,-5221.254390768508,5,69.04898661603191,1.9549307236292859,2.25100215849523,0.9459234608985025,1.1933660028039428,3,Thursday,False
CUMMINSIND,2023-02-13,2023-03-22,rebalance,,1.0876038238520458,2029.9499999999891,37,73.97737702431607,2.78278370135824,4.203739058391287,0.9965329835082459,1.087021517877508,2,Monday,True
NTPC,2023-03-13,2023-03-22,rebalance,NIFTY COMMODITIES,-2.977184195882021,-5815.449999999993,9,67.51318203541048,1.8509096419541344,2.3117960877297117,0.9884488448844884,1.1745904279947754,3,Monday,False
MCX,2023-03-22,2023-03-24,stop,NIFTY MS FIN SERV,-4.532436930306338,-8377.393827023818,2,65.12669735441457,2.26621846515317,-1.320132013201325,0.9156626506024096,0.7135889699933701,3,Wednesday,False
PETRONET,2023-03-14,2023-03-24,rebalance,NIFTY OIL AND GAS,-2.27272727272726,-3043.1999999999894,10,59.28832298483709,2.228698087705435,0.6812652068126646,0.9878391019644527,1.2031887333081448,3,Tuesday,False
ABCAPITAL,2023-03-20,2023-03-24,rebalance,NIFTY MS FIN SERV,-3.870537203870528,-5127.199999999985,4,52.12221298504217,3.078882320596966,8.364038319823152,0.9319029850746268,1.0723027460828523,3,Monday,False
LT,2023-03-22,2023-03-24,rebalance,NIFTY INFRA,-2.1590370152894,-4206.399999999976,2,58.744707541435375,2.237573228777384,2.459517981547732,0.9739782675641194,1.0323521316048672,3,Wednesday,False
BAJAJ-AUTO,2023-03-21,2023-03-27,rebalance,NIFTY AUTO,-2.507219742714628,-3247.0,6,61.68539350647862,1.9023990672985072,-2.295782167645488,0.9546365914786967,1.1950856487743189,3,Tuesday,False
MAXHEALTH,2023-03-13,2023-03-28,rebalance,NIFTY HEALTHCARE,-2.755565161011453,-5571.75,15,67.68378033952982,2.42189613729373,-4.746445762901597,0.9955890263582571,1.0780734955919364,3,Monday,False
HINDZINC,2023-03-24,2023-03-29,stop,NIFTY METAL,-7.458991024450645,-14363.600000000011,5,57.92363099781055,2.837602057235721,-9.20727272727272,0.8557806912991657,1.7040826655999246,3,Friday,False
OIL,2023-03-28,2023-03-31,rebalance,NIFTY OIL AND GAS,-2.272065249053312,-4383.600000000007,3,54.90425499624368,3.674897942560175,16.649251132009745,0.8576067949038222,0.9327561423876621,3,Tuesday,False
KPITTECH,2023-03-17,2023-04-03,stop,NIFTY MS IT TELCM,-4.897322790062153,-9364.856532068448,17,60.27172631728999,3.8560844250243016,16.42149929278642,1.0,0.965934448884502,3,Friday,False
KEI,2023-03-24,2023-04-03,rebalance,NIFTY EV,2.0694218853396062,2683.200000000007,10,55.01002807212649,2.7589847413767505,-2.9214358482651193,0.9674941070337281,0.8423619380182205,3,Friday,True
DRREDDY,2023-03-24,2023-04-03,rebalance,NIFTY PHARMA,4.306434451475605,5536.79999999999,10,55.6714539522379,1.6216200666661629,1.5160183066361466,0.97260348583878,1.1313670706799688,3,Friday,True
ZYDUSLIFE,2023-03-14,2023-04-05,rebalance,NIFTY PHARMA,4.792264371480193,7554.250000000004,22,54.196358387169035,2.319762705769212,8.660429027841165,0.9814370633016999,0.7474343368904189,3,Tuesday,True
ULTRACEMCO,2023-03-24,2023-04-05,rebalance,,3.857812069440625,6720.0,12,61.6770432126953,1.7285651692037223,1.7084282460136713,0.9972519923055785,0.7551927206639225,3,Friday,True
BDL,2023-03-31,2023-04-19,rebalance,NIFTY IND DEFENCE,-1.7497724284413985,-3295.650000000013,19,66.31582680572053,3.4106020526246006,6.467544684854176,0.9930695058256328,0.7820213760066574,3,Friday,False
VBL,2023-03-21,2023-04-20,rebalance,NIFTY FMCG,2.8176281904076728,3650.249999999992,30,56.867907104133515,3.303708566357942,9.878610297195479,0.9501414427157001,0.9479470077185052,3,Tuesday,True
GODREJCP,2023-03-20,2023-04-25,rebalance,NIFTY FMCG,0.333333333333341,569.6000000000081,36,64.15074914396627,2.1845995897881374,0.909491787013561,1.0,1.039829957367574,3,Monday,True
HAL,2023-04-03,2023-04-26,rebalance,NIFTY IND DEFENCE,4.741188615248482,6044.199999999995,23,54.32687937871864,3.586666927399794,6.623754152823924,0.9473316568873988,1.5889458766732194,4,Monday,True
VBL,2023-04-25,2023-05-02,rebalance,NIFTY FMCG,-1.548095320925369,-2656.6499999999933,7,57.02666210247682,2.9525812747765796,8.744954833749752,0.9884800550206326,1.1466849588119226,4,Tuesday,False
HDFCBANK,2023-04-05,2023-05-04,rebalance,NIFTY PVT BANK,4.474543475631876,6919.0,29,65.61552320666954,1.640024237538884,-5.4187786628047245,0.9753479594243926,1.5723998327111943,4,Wednesday,True
PNB,2023-05-04,2023-05-08,stop,NIFTY PSU BANK,-4.298514523307063,-6960.21145653051,4,73.62614270340333,2.1492572616535357,-1.2897857291449877,0.8905780449001238,0.6521303623201419,5,Thursday,False
KPITTECH,2023-04-26,2023-05-08,rebalance,NIFTY MS IT TELCM,-2.4682495858641684,-3285.4500000000035,12,61.39445954407243,4.118671528643939,1.1078199052132698,0.9788131012863474,1.410806390327103,4,Wednesday,False
INDIANB,2023-03-29,2023-05-09,stop,NIFTY PSU BANK,4.406822758091611,7851.457631770101,41,58.0727529043098,4.099257979242926,-4.463472399344148,0.955318783296099,1.108611202832616,3,Wednesday,True
BANKBARODA,2023-04-03,2023-05-09,rebalance,NIFTY PSU BANK,5.318797489263294,10207.400000000014,36,56.718372935415395,2.998069873538454,-5.971626525899055,0.871831797235023,0.8731145914597832,4,Monday,True
SBIN,2023-04-20,2023-05-10,rebalance,NIFTY PSU BANK,5.029368575624105,6795.200000000023,20,58.59321315570004,1.9324144621873245,1.3819577735124877,0.8709832134292566,1.1359495199958158,4,Thursday,True
ALKEM,2023-03-27,2023-05-11,rebalance,NIFTY MIDSML HLTH,8.355148004151246,10518.30000000001,45,57.69464931355267,2.339000996598457,2.095862351495281,0.8800539818424711,0.8862658547558346,3,Monday,True
ABCAPITAL,2023-04-03,2023-05-11,rebalance,NIFTY MS FIN SERV,6.599479843953171,8495.549999999981,38,55.60767893506639,3.3119855829147014,-2.073419442556068,0.9564676616915423,1.3978518982022872,4,Monday,True
RVNL,2023-05-09,2023-05-12,rebalance,,-6.12085769980506,-12332.349999999991,3,74.19284795788928,5.989491850920557,86.88783570300158,0.9054006353688668,2.356949844200352,5,Tuesday,False
COLPAL,2023-05-11,2023-05-12,rebalance,NIFTY FMCG,0.0953171601635771,131.7499999999961,1,71.60400597117909,1.4574830954442806,5.619438056194381,0.968955757485476,0.8753276853518853,5,Thursday,True
MARICO,2023-05-12,2023-05-16,rebalance,NIFTY FMCG,-0.9879963065558716,-1321.4500000000055,4,75.35673698042685,1.9100625785397976,1.542892408969343,0.9855309855309855,1.3952847129719552,5,Friday,False
NESTLEIND,2023-05-11,2023-05-17,rebalance,NIFTY FMCG,-1.3079019073569564,-1771.2000000000112,6,77.12979925047958,1.6825443410375909,17.58265582655827,0.998639455782313,1.2895700757730235,5,Thursday,False
PRESTIGE,2023-05-08,2023-05-18,rebalance,NIFTY REALTY,-2.552109811896286,-3790.100000000004,10,71.44213889513777,2.9093407932738913,24.164979757085025,0.9683930681370618,1.1812990472199123,5,Monday,False
ITC,2023-04-05,2023-05-19,stop,NIFTY FMCG,6.547913334467959,12560.68535584984,44,58.36656107819394,1.8360470998788558,2.383673469387748,0.9845512127298007,0.8791231619926184,4,Wednesday,True
RVNL,2023-05-17,2023-05-19,rebalance,,-4.635424309327485,-6207.349999999996,2,63.316510119690044,6.110850153677498,85.74695121951221,0.8602188492763854,2.3644568862732767,5,Wednesday,False
BDL,2023-05-18,2023-05-23,rebalance,NIFTY IND DEFENCE,0.270144387517468,390.0500000000122,5,70.23429885772855,2.740212794909723,12.414402474044618,0.9982332155477031,0.5554471508248705,5,Thursday,True
GLENMARK,2023-05-02,2023-05-26,rebalance,NIFTY MIDSML HLTH,8.73322301893731,14772.5,24,73.26479347687167,2.4622374907586813,22.72349519173693,0.965303043748336,1.2544035169329115,5,Tuesday,True
MAXHEALTH,2023-05-23,2023-05-30,rebalance,NIFTY HEALTHCARE,-3.250564334085781,-4698.0,7,77.35383992580807,3.0914397825244655,12.845871763529292,1.0,1.4835064353678369,5,Tuesday,False
VBL,2023-05-10,2023-06-08,rebalance,NIFTY FMCG,-1.540616246498594,-2197.7999999999947,29,73.87958988520289,2.814024889605001,6.29877369007803,1.0,1.1301710080070029,5,Wednesday,False
INDHOTEL,2023-05-19,2023-06-08,rebalance,NIFTY IND TOURISM,2.2704030678008635,3034.899999999984,20,68.22557612934018,2.60993811115174,15.187630858431312,0.9949231796927188,1.6662944612110437,5,Friday,True
KPITTECH,2023-05-26,2023-06-14,stop,NIFTY MS IT TELCM,4.194280308000131,7685.49857365205,19,70.51848366252173,3.070758095859498,16.339990138067062,0.9867685974713319,0.5674145340625073,5,Friday,True
SONACOMS,2023-05-12,2023-06-14,rebalance,NIFTY AUTO,-4.522471910112358,-8766.449999999992,33,73.4969909373829,3.362456306907742,19.545997610513744,0.887706757543014,1.42144512363786,5,Friday,False
RVNL,2023-06-08,2023-06-15,rebalance,,-1.9475569633751968,-2712.050000000012,7,61.53648485590745,5.102721075475473,59.100067159167224,0.8849276385457112,0.5623848021195179,6,Thursday,False
BAJAJ-AUTO,2023-04-19,2023-06-16,rebalance,NIFTY AUTO,8.809037375315466,16126.0,58,72.14469302772895,1.8779257566482317,8.756006406833961,0.9947399880454274,1.1212764509201125,4,Wednesday,True
COFORGE,2023-06-14,2023-06-20,stop,NIFTY MS IT TELCM,-4.915678490148146,-8312.019072561303,6,65.86175221951999,2.4578392450740725,13.29516539440203,1.0,0.8487770116724584,6,Wednesday,False
CHOLAFIN,2023-05-09,2023-06-20,rebalance,NIFTY FINSEREXBNK,14.066392150882034,26286.500000000025,42,79.67462550506113,2.6123784473634992,17.53560870733675,0.9816847988821239,1.5024806923210432,5,Tuesday,True
SBICARD,2023-05-16,2023-06-20,rebalance,NIFTY MS FIN SERV,1.857549857549845,2461.299999999993,35,77.54447765214847,2.4087219284783696,14.391246776778877,0.8767985611510791,1.3842693120720135,5,Tuesday,True
BEL,2023-06-20,2023-06-23,stop,NIFTY IND DEFENCE,-4.459909364521975,-7105.346973227147,3,79.53065594337059,2.2299546822609897,17.06615532118887,0.9996006389776358,1.097262786050967,6,Tuesday,False
HAL,2023-06-14,2023-06-26,stop,NIFTY IND DEFENCE,-3.616108928494821,-7456.987955767022,12,78.29969271643057,2.738034884750094,23.495255629514222,0.995365533499424,1.4324626804616523,6,Wednesday,False
ITC,2023-05-19,2023-06-26,rebalance,NIFTY FMCG,6.166064981949471,12254.900000000012,38,55.617442032564405,1.857348485626679,11.013286377461174,0.973159078133783,1.0134995698998763,5,Friday,True
BEL,2023-06-26,2023-06-27,rebalance,NIFTY IND DEFENCE,-2.471169686985175,-4959.0,1,60.87661579431397,2.5447111334460413,16.356011183597396,0.9696485623003195,1.1525325845031396,6,Monday,False
MAXHEALTH,2023-06-16,2023-06-28,rebalance,NIFTY HEALTHCARE,1.4973082099596136,2981.4999999999923,12,72.86301386431423,3.053751311922119,25.984077841662987,1.0,1.8698542725881626,6,Friday,True
ASTRAL,2023-05-30,2023-07-04,rebalance,NIFTY MULTI MFG,7.514386278563045,10491.0,35,79.74576430452433,2.419955908738692,22.480786416443266,0.9176621379133556,1.5812576746605573,5,Tuesday,True
DIXON,2023-06-20,2023-07-05,stop,NIFTY CONSR DURBL,-6.602627964836949,-13784.524288912948,15,79.10720966112633,3.3013139824184754,48.3585988793785,0.9749524719933838,1.8691637771197256,6,Tuesday,False
ANGELONE,2023-06-15,2023-07-10,stop,NIFTY MS FIN SERV,5.67420645207497,7769.378813471404,25,78.64317071862848,3.042688992781151,18.94308943089431,0.9472727272727274,1.1031600333652005,6,Thursday,True
COFORGE,2023-06-20,2023-07-10,rebalance,NIFTY MS IT TELCM,1.1513157894736947,1617.0,20,60.41617473559076,2.454303132415072,10.593220338983045,0.987012987012987,0.8355345791400867,6,Tuesday,True
RECLTD,2023-07-05,2023-07-14,rebalance,NIFTY FINSEREXBNK,-3.7237237237237153,-7260.199999999987,9,69.49379989200821,2.695496302816704,21.37203166226913,0.9985007496251874,1.1935158988988428,7,Wednesday,False
COFORGE,2023-07-14,2023-07-21,stop,NIFTY MS IT TELCM,-4.9150087666744895,-9343.677415886545,7,68.60404200849096,2.4575043833372456,9.191390343222805,1.0,0.7648940762666832,7,Friday,False
KEI,2023-05-08,2023-07-28,rebalance,NIFTY EV,22.68357743218077,30647.599999999988,81,74.24531931262716,3.195431471848229,19.92469307682572,1.0,1.3405674051156964,5,Monday,True
HEROMOTOCO,2023-07-10,2023-08-01,rebalance,NIFTY AUTO,-0.7153269824049846,-991.6999999999956,22,69.52892355194855,2.468553488572422,7.108530629057874,0.9842503920718074,1.2483140977180516,7,Monday,False
HAL,2023-06-26,2023-08-02,stop,NIFTY IND DEFENCE,0.478528078977547,1000.633317467202,37,62.8845960511201,3.1275293137887608,31.587129917534142,0.9505830379616788,1.688187066994878,6,Monday,True
BEL,2023-06-28,2023-08-02,rebalance,NIFTY IND DEFENCE,3.809523809523796,7709.59999999999,35,57.32324336591501,2.718503419971228,13.651087459509492,0.9644568690095846,1.2762743106925478,6,Wednesday,True
GODREJPROP,2023-06-27,2023-08-03,stop,NIFTY REALTY,4.182449314329384,8173.028766363927,37,70.21439595007077,2.5944217647392587,15.186721991701235,0.9959545121523906,1.058814037884002,6,Tuesday,True
SHRIRAMFIN,2023-06-23,2023-08-03,rebalance,NIFTY FINSEREXBNK,8.453854182197684,12870.899999999983,41,74.17978328476732,3.5109141683629637,6.274881516587683,0.9668444572581808,1.8438289378397454,6,Friday,True
RBLBANK,2023-07-28,2023-08-04,stop,NIFTY MS FIN SERV,-8.724849591288198,-14460.810008389615,7,72.2996977566668,4.362424795644101,27.760161429806864,0.9786789297658863,1.7885114856079891,7,Friday,False
KALYANKJIL,2023-07-21,2023-08-10,rebalance,NIFTY CONSR DURBL,4.280379201378914,7740.549999999988,20,68.31502904853507,4.430560055749049,68.03127874885004,0.9529154119901451,1.6745105476888145,7,Friday,True
PHOENIXLTD,2023-08-02,2023-08-10,rebalance,NIFTY REALTY,-3.5347379418422475,-7064.400000000011,8,67.69675475603972,3.0936511349495506,5.304381049414153,0.9952631274911907,0.940937794097253,8,Wednesday,False
MAZDOCK,2023-06-08,2023-08-11,stop,NIFTY IND DEFENCE,70.43153512895223,98240.2646542894,64,78.94205209936092,4.462002348720009,15.234595816845676,0.97852701127089,2.1871330978894044,6,Thursday,True
BSE,2023-07-10,2023-08-16,stop,NIFTY MS FIN SERV,20.24923819020119,29502.33007359553,37,78.18236548470307,3.0294093992368416,27.793696275071646,0.9830508474576272,1.8135137477354641,7,Monday,True
ETERNAL,2023-08-04,2023-08-16,rebalance,NIFTY INTERNET,-3.616918512385292,-5635.150000000012,12,79.22097020549052,3.9356901222008087,15.579227696404807,1.0,1.1336961361432707,8,Friday,False
RBLBANK,2023-08-10,2023-08-18,rebalance,NIFTY MS FIN SERV,-3.7681159420289823,-8593.649999999989,8,60.98464211652359,4.045954634750223,28.492593668312516,0.9375,1.5846274684486779,8,Thursday,False
BEL,2023-08-10,2023-08-18,rebalance,NIFTY IND DEFENCE,-1.7387944358578045,-2666.25,8,56.75335454000116,2.4280696188649102,1.5065146579804622,0.9825360668185271,0.8304895345143554,8,Thursday,False
HAL,2023-08-16,2023-08-18,rebalance,NIFTY IND DEFENCE,-2.8767755499717884,-4375.799999999993,2,59.57918180799908,2.2724467294408095,2.021075385031068,0.9845260633598384,0.46671633379095423,8,Wednesday,False
AUROPHARMA,2023-08-03,2023-08-24,rebalance,NIFTY MIDSML HLTH,-0.7972868447670645,-1748.700000000012,21,74.73716549183769,2.637671102462844,24.75550578574095,1.0,1.0650485957631084,8,Thursday,False
MOTILALOFS,2023-08-11,2023-08-28,rebalance,NIFTY CAPITAL MKT,-5.441433566433574,-12462.450000000015,17,74.82563999631137,3.548476100759551,21.818181818181802,1.0,1.7413881445647534,8,Friday,False
MAZDOCK,2023-08-16,2023-08-29,rebalance,NIFTY IND DEFENCE,-6.059823319729296,-10498.349999999997,13,66.19170890291589,4.814407655509717,44.70606952509746,0.9868468009176651,0.5199109011704894,8,Wednesday,False
PFC,2023-07-04,2023-08-31,rebalance,NIFTY FINSEREXBNK,17.598870056497184,26415.200000000004,58,75.20324070380559,2.866613119506433,16.800584368151927,1.0,1.0328797380051338,7,Tuesday,True
GODFRYPHLP,2023-08-03,2023-09-05,rebalance,,3.5502958579881616,5304.0,33,69.46289384150144,3.6973316029310905,8.347529812606469,0.9415041782729805,2.1703215293523925,8,Thursday,True
POLYCAB,2023-08-01,2023-09-11,rebalance,,11.15861525422812,15503.249999999987,41,69.95276277534664,3.248630769775972,32.80325967007158,0.9612605879422023,1.902083184748498,8,Tuesday,True
BEL,2023-08-28,2023-09-12,stop,NIFTY IND DEFENCE,-0.1095450490354199,-237.1809151938008,15,62.451246224526535,2.346853012551711,4.191858121725112,1.0,0.8514585500079415,8,Monday,False
HAL,2023-08-29,2023-09-12,rebalance,NIFTY IND DEFENCE,1.1135628880792448,1801.1000000000038,14,53.85008587603382,2.397953778360872,3.0452282597182467,0.9668328744015282,0.570005048038506,8,Tuesday,True
RECLTD,2023-08-02,2023-09-13,stop,NIFTY FINSEREXBNK,23.26192052306521,51919.00153496545,42,73.94979644059879,3.1897852672151976,12.040025823111677,0.9672333086967234,1.325788542064003,8,Wednesday,True
KALYANKJIL,2023-08-18,2023-09-13,stop,NIFTY CONSR DURBL,1.9681008927681765,3048.979934975569,26,75.29357598060125,4.5855390347219895,27.861923212398732,0.9631956912028724,0.6362853881929786,8,Friday,True
SUPREMEIND,2023-08-18,2023-09-14,rebalance,NIFTY MULTI MFG,-1.3245109188866455,-2824.8500000000267,27,79.21067281836918,3.8410193071715373,24.150548033526764,0.9995980984314355,2.203751110189822,8,Friday,False
PFC,2023-09-12,2023-09-15,rebalance,NIFTY FINSEREXBNK,-1.2372956252761913,-2130.800000000009,3,57.77860083372841,4.149580600344409,9.332638164754936,0.923862012655644,1.5833776442849303,9,Tuesday,False
HAL,2023-09-13,2023-09-15,rebalance,NIFTY IND DEFENCE,-0.5717452081706709,-1032.8500000000124,2,53.58315044184424,2.288182749685098,3.9881138567406937,0.9670450116913484,0.8523687071144439,9,Wednesday,False
ADANIPOWER,2023-09-12,2023-09-18,rebalance,NIFTY COMMODITIES,-2.9126213592233,-6045.75,6,73.17742327924498,4.975507012331586,43.90756302521008,0.960820895522388,2.1611502760101873,9,Tuesday,False
BSE,2023-08-18,2023-09-20,stop,NIFTY MS FIN SERV,36.15443332032706,54665.503180334505,33,62.65625756915137,3.578334846991361,45.12195121951219,0.935064935064935,1.0919297521735751,8,Friday,True
NBCC,2023-09-15,2023-09-20,rebalance,NIFTY MULTI INFRA,-1.8139294604081924,-3076.579999999988,5,67.01015806101921,5.05054952803832,39.06195309765488,0.9950531783329211,1.741414542408021,9,Friday,False
COFORGE,2023-09-05,2023-09-21,rebalance,NIFTY MS IT TELCM,-4.899777282850781,-7535.0,16,69.39007994660273,2.9239487706744254,5.39586485123551,1.0,2.330276777848667,9,Tuesday,False
BEL,2023-09-20,2023-09-21,rebalance,NIFTY IND DEFENCE,-1.205259313367424,-2016.300000000007,1,52.42487921683783,3.0277294901948837,2.6396327467482994,0.9460953697304769,1.1998549087007817,9,Wednesday,False
IRFC,2023-08-24,2023-09-22,stop,NIFTY FINSEREXBNK,49.18863099586823,107025.70547069205,29,67.80568126543966,4.452946047145758,42.451420029895345,0.9482926829268293,2.284182184849151,8,Thursday,True
PHOENIXLTD,2023-09-11,2023-09-25,stop,NIFTY REALTY,-5.319691051627606,-8189.398389428115,14,68.75195335072328,2.6598455258138003,12.632476550127913,1.0,1.0552326325002062,9,Monday,False
UNIONBANK,2023-09-18,2023-10-09,stop,NIFTY PSU BANK,1.2612729225919497,2541.023493499853,21,67.67776391425113,3.39968857697905,-0.34474267421817917,1.0,1.554936380766237,9,Monday,True
MAZDOCK,2023-08-31,2023-10-09,rebalance,NIFTY IND DEFENCE,12.1362898864251,21542.40000000001,39,55.730754670789146,3.9289935814693693,7.321861646841432,0.9426459342340046,0.39259010156978225,8,Thursday,True
MAHABANK,2023-09-15,2023-10-09,rebalance,,0.4434589800443422,798.799999999983,24,69.2082428491156,4.109734992122605,23.313782991202324,1.0,0.9866479317365924,9,Friday,True
BANKINDIA,2023-09-21,2023-10-09,rebalance,NIFTY PSU BANK,-3.354780586684858,-7440.120000000021,18,71.50361799880233,4.06330867785918,20.67847343477176,0.9780509218612818,1.514729904074977,9,Thursday,False
IRFC,2023-09-22,2023-10-09,rebalance,NIFTY FINSEREXBNK,-5.259653794940067,-13169.299999999965,17,64.12644370301857,6.382670191961918,104.65994962216625,0.8861356932153391,1.4179418606565615,9,Friday,False
INDIANB,2023-09-25,2023-10-09,rebalance,NIFTY PSU BANK,-6.4171122994652325,-9345.599999999991,14,68.58917280014546,3.845783402337665,16.116207951070336,1.0,1.0814686498825778,9,Monday,False
BANKBARODA,2023-10-09,2023-10-11,rebalance,NIFTY PSU BANK,-2.223384776353654,-3969.5,2,54.27060455816268,2.713151351915334,13.210310486233157,0.9707973590655155,1.1167963933967497,10,Monday,False
RBLBANK,2023-10-09,2023-10-11,rebalance,NIFTY MS FIN SERV,0.8406807463604782,1391.9500000000078,2,55.25665841324681,3.8451578836547347,15.384615384615374,0.9540297339593115,0.7421108896899679,10,Monday,True
MAZDOCK,2023-10-11,2023-10-19,rebalance,NIFTY IND DEFENCE,-1.1372603629949407,-1947.75,8,54.17102295420013,4.3160000366676385,13.960708741502081,0.9481119619751784,0.8037822252962425,10,Wednesday,False
MOTILALOFS,2023-10-19,2023-10-23,stop,NIFTY CAPITAL MKT,-6.905041713217663,-11689.12045624082,4,64.44854568385627,3.452520856608834,14.1200545702592,0.9811653914067099,0.9260835426376763,10,Thursday,False
RECLTD,2023-09-13,2023-10-23,rebalance,NIFTY FINSEREXBNK,13.87070376432078,34917.00000000001,40,56.23643322235153,4.569100001304779,36.305547487656106,0.9036790534294694,1.4081038825428691,9,Wednesday,True
NMDC,2023-09-14,2023-10-23,rebalance,NIFTY METAL,0.6550218340611424,1383.3000000000195,39,76.43441140743907,3.254859898277387,33.537519142419605,1.0,1.4989856608333216,9,Thursday,True
IRFC,2023-10-11,2023-10-23,rebalance,NIFTY FINSEREXBNK,-4.495672360527414,-7657.199999999984,12,58.66118429117778,4.805055571016917,57.17277486910994,0.8920353982300885,0.6433151150813287,10,Wednesday,False
PFC,2023-09-21,2023-10-25,rebalance,NIFTY FINSEREXBNK,3.2651284283848447,5355.0,34,59.37411576099807,3.9172813041274663,7.460164171897632,0.9377423964074301,1.6067213041205843,9,Thursday,True
ETERNAL,2023-10-09,2023-10-26,stop,NIFTY INTERNET,-0.5550187350486402,-919.203158350568,17,59.12880790511055,3.576017399704238,11.354909489851895,0.9857685009487666,0.8317039347436564,10,Monday,False
360ONE,2023-10-23,2023-10-26,rebalance,NIFTY MS FIN SERV,-2.1396396396396344,-3727.799999999993,3,54.58743571355967,3.1545940699021067,13.49133066584589,0.9632977761706742,1.1431374972779673,10,Monday,False
MOTILALOFS,2023-10-25,2023-10-26,rebalance,NIFTY CAPITAL MKT,-2.421562434196678,-4099.75,1,52.83160172498391,4.154497985318532,12.169894366197177,0.9317245438493231,1.0376242674061675,10,Wednesday,False
COALINDIA,2023-10-26,2023-11-02,rebalance,NIFTY ENERGY,1.1789547774063047,2083.7000000000144,7,59.54030478815686,2.345078436880079,27.89336801040314,0.9615905245346869,0.7888901944248345,10,Thursday,True
NBCC,2023-10-23,2023-11-09,rebalance,NIFTY MULTI INFRA,7.370540592078001,12878.919999999978,17,52.744390433692736,5.97742445607993,24.402332361516056,0.8819164723341106,1.3685879145882736,10,Monday,True
PERSISTENT,2023-10-26,2023-11-13,rebalance,NIFTY MS IT TELCM,6.298367026898033,11454.5,18,57.21921354351907,2.5717515679676337,-1.1551897070521955,0.9825154915424552,1.0874916258226266,10,Thursday,True
KALYANKJIL,2023-10-23,2023-11-16,rebalance,NIFTY CONSR DURBL,9.100400208804585,19324.849999999984,24,65.70560181448778,5.243360155314771,12.728355837966653,0.9442983897469602,1.0678592103122089,10,Monday,True
BSE,2023-09-20,2023-11-24,stop,NIFTY MS FIN SERV,72.512691331084,148691.6243358676,65,61.693115911527705,5.872066622255908,60.18518518518518,0.8773274917853231,1.1902595798281228,9,Wednesday,True
TATAELXSI,2023-10-26,2023-12-05,rebalance,NIFTY MS IT TELCM,12.441883834662026,17643.40000000001,40,53.09931808542955,2.1070933838299446,3.949561463427953,0.9497359546987338,1.2350186492058228,10,Thursday,True
BAJAJ-AUTO,2023-10-23,2023-12-08,rebalance,NIFTY AUTO,12.395675265553871,32021.5,46,69.64587950641035,1.9568040290851778,10.022222222222222,0.9847763145605678,1.2438680529471482,10,Monday,True
PHOENIXLTD,2023-11-09,2023-12-08,rebalance,NIFTY REALTY,6.952363876076828,13067.10000000004,29,66.60269231963025,3.737620424945444,7.571801566579617,0.986334097859327,1.2053799646706653,11,Thursday,True
CDSL,2023-11-16,2023-12-15,rebalance,NIFTY MS FIN SERV,5.957518354536795,13818.999999999996,29,75.32003843838082,3.898372066266873,27.49868193115914,0.9677296886864085,1.7391886175497777,11,Thursday,True
GODREJPROP,2023-11-13,2023-12-19,rebalance,NIFTY REALTY,8.517939004639153,16445.899999999987,36,64.63189052065981,2.675025142907189,14.673771770210543,0.9907800261096605,1.215141563479939,11,Monday,True
OBEROIRLTY,2023-12-05,2023-12-20,stop,NIFTY REALTY,-4.811256298830847,-7617.060690901528,15,74.46237947173196,2.714740102722126,24.95238095238097,1.0,1.5883788337444045,12,Tuesday,False
RECLTD,2023-12-15,2023-12-20,stop,NIFTY FINSEREXBNK,-6.946317766948451,-17068.676094366565,5,78.02875763008356,3.4731588834742277,52.56820319849482,0.9708857913669064,1.0333245630581263,12,Friday,False
BSE,2023-11-24,2023-12-20,rebalance,NIFTY MS FIN SERV,6.496199032480998,20210.0,26,61.38191020865943,5.686802542163007,81.90045248868778,0.8998756218905473,0.8493552416029156,11,Friday,True
HAL,2023-12-19,2023-12-21,stop,NIFTY IND DEFENCE,-5.404582076864606,-11298.751732617187,2,79.35057495111732,2.702291038432305,49.34590646462445,0.9908819451850271,1.4665691721005685,12,Tuesday,False
RECLTD,2023-12-20,2023-12-26,rebalance,NIFTY FINSEREXBNK,3.597478056620096,7827.900000000006,6,59.38865933122392,4.145760168698011,54.65924895688454,0.909285071942446,1.0601916314101205,12,Wednesday,True
MCX,2023-10-09,2023-12-27,rebalance,NIFTY MS FIN SERV,53.36538461538463,132534.0,79,69.21920124876347,4.047600473754217,30.15873015873016,0.9928400954653938,2.301866808512116,10,Monday,True
MOTILALOFS,2023-11-02,2023-12-27,rebalance,NIFTY CAPITAL MKT,20.20557936822389,44877.39999999998,55,54.042790812617085,5.045659847963946,1.8909410729991194,0.9458574181117533,1.653018472473541,11,Thursday,True
PHOENIXLTD,2023-12-26,2023-12-27,rebalance,NIFTY REALTY,-3.0284623394654764,-6805.500000000018,1,56.656028426556226,4.213476747783729,13.778309887259322,0.9643918155571363,1.0194523165971792,12,Tuesday,False
MANAPPURAM,2023-12-08,2023-12-28,rebalance,NIFTY MS FIN SERV,5.279218797680807,11573.700000000008,20,62.56395242369915,3.7307959061844955,14.496833216045047,0.9790857484314311,1.493242427392199,12,Friday,True
PFC,2023-12-20,2023-12-28,rebalance,NIFTY FINSEREXBNK,0.7878408379347723,1729.9999999999998,8,60.4821223628144,3.9260443657920447,71.04622871046229,0.9025053178917514,1.1024516436196108,12,Wednesday,True
360ONE,2023-12-27,2024-01-03,rebalance,NIFTY MS FIN SERV,-2.8467640299503327,-6470.400000000015,7,64.50092342283543,3.748415407847794,22.39652239652239,0.9532862190812722,1.8924155907802576,12,Wednesday,False
BANKBARODA,2023-12-27,2024-01-05,rebalance,NIFTY PSU BANK,1.1899095668729265,3540.0,9,72.87616372945993,2.7123454377874565,16.216983811417208,1.0,1.1555499414785426,12,Wednesday,True
ANGELONE,2023-10-09,2024-01-16,stop,NIFTY MS FIN SERV,69.60759848463822,172813.3926058416,99,66.40859363928082,3.680227219207486,3.9887640449438155,1.0,0.8783813178693991,10,Monday,True
PHOENIXLTD,2024-01-05,2024-01-17,stop,NIFTY REALTY,-6.0593080602246,-18171.88910984583,12,69.06848175185738,3.8098652706280074,0.7450628366247658,1.0,1.0022011504979864,1,Friday,False
MOTILALOFS,2023-12-28,2024-01-18,stop,NIFTY CAPITAL MKT,13.568163728947734,30368.82035284373,21,52.79412075763149,4.141476685384068,19.379844961240302,0.9485339987523393,0.7975781927621148,12,Thursday,True
PRESTIGE,2023-10-09,2024-01-23,stop,NIFTY REALTY,77.65384408915477,128605.24908059232,106,68.41508630733085,3.6050816181817877,9.783202769174725,0.9988082824370624,0.7578564576703055,10,Monday,True
OBEROIRLTY,2024-01-03,2024-01-23,stop,NIFTY REALTY,-1.1809586094898572,-2601.7581029810035,20,61.29803703136269,2.5495151002127105,12.148570523481418,0.9796219827441502,0.7574933030400601,1,Wednesday,False
BDL,2023-12-20,2024-01-23,rebalance,NIFTY IND DEFENCE,12.887085868830294,35451.599999999984,34,78.6611120721827,4.104022068737195,42.02422500513241,0.9671723777138372,1.7761289935371949,12,Wednesday,True
HAL,2023-12-21,2024-01-23,rebalance,NIFTY IND DEFENCE,4.32652092687329,11267.95000000001,33,66.45855651468555,3.2174200718757247,52.13693970483349,0.9621058618605809,1.5485052070758583,12,Thursday,True
PHOENIXLTD,2024-01-17,2024-01-23,rebalance,NIFTY REALTY,-0.9179622891167804,-2597.400000000032,6,53.759313340950996,4.436886202417104,7.627934223189237,0.9158871425866314,1.2534549024127537,1,Wednesday,False
MAZDOCK,2023-12-27,2024-01-30,rebalance,NIFTY IND DEFENCE,-2.390710382513661,-8148.0,34,72.08612073789895,3.6873467754210942,10.297907432223475,1.0,1.3347049263797732,12,Wednesday,False
BEL,2023-12-08,2024-02-01,rebalance,NIFTY IND DEFENCE,15.527559055118113,42250.10000000001,55,72.86559105083583,2.6231833954077297,7.588471360817195,0.9900218272528843,1.2641652860362969,12,Friday,True
HAL,2024-01-30,2024-02-05,rebalance,NIFTY IND DEFENCE,-2.65721730759656,-8805.50000000002,6,61.792078070353945,2.865005358369695,9.939092422219375,0.9940604840705483,0.8782211127981351,1,Tuesday,False
GODREJPROP,2024-01-16,2024-02-08,stop,NIFTY REALTY,-3.369975354483723,-12035.639505202187,23,71.27671722714157,2.7578511342949463,21.724016186415373,0.9968849373742619,1.0613728612261164,1,Tuesday,False
RVNL,2024-01-23,2024-02-09,stop,,-11.371561416424358,-26632.90755985437,17,75.50616488404631,6.220228049131835,29.669373549883993,0.9013578898080224,1.841351988986487,1,Tuesday,False
NBCC,2024-01-23,2024-02-09,stop,NIFTY MULTI INFRA,43.37962042601622,99939.55289360168,17,67.31396301911658,5.192969251891408,14.503816793893144,0.9690402476780187,1.50087236898024,1,Tuesday,True
IRFC,2024-01-23,2024-02-12,stop,NIFTY FINSEREXBNK,-10.237767085421346,-35355.44269910789,20,76.24979402693833,6.659248589004155,85.66753926701568,0.9151773049645391,1.4994441839985904,1,Tuesday,False
NHPC,2024-01-23,2024-02-12,stop,NIFTY COMMODITIES,13.844855574617654,31892.50396446073,20,64.23675277020799,5.305143116428088,25.935596170583096,0.9434782608695652,1.8023545405690844,1,Tuesday,True
BHEL,2023-12-28,2024-02-12,rebalance,NIFTY ENERGY,12.503946533849897,28732.850000000017,46,70.06099947536195,4.030533146792299,33.385032958511054,1.0,1.2424580389638256,12,Thursday,True
UNIONBANK,2024-02-08,2024-02-12,rebalance,NIFTY PSU BANK,-6.648664428550588,-22938.98000000004,4,70.2975253209285,3.879714007127582,18.839149546963306,1.0,1.2646839644216772,2,Thursday,False
NBCC,2024-02-09,2024-02-12,rebalance,NIFTY MULTI INFRA,-9.996958329108786,-28653.16,3,68.97870673493546,6.905512097873151,123.83038025084612,0.8772569598861513,1.817353488908467,2,Friday,False
MAXHEALTH,2024-02-12,2024-02-16,rebalance,NIFTY HEALTHCARE,-1.193058568329708,-4096.399999999973,4,71.85211742305958,3.9952412167896565,21.49726860044625,1.0,1.6754716930464624,2,Monday,False
MOTILALOFS,2024-01-18,2024-02-21,rebalance,NIFTY CAPITAL MKT,10.291415069572077,26146.40000000003,34,71.67930927116714,4.6276188797837765,31.97714681440442,0.9784228101721036,0.9807871916410911,1,Thursday,True
COALINDIA,2024-02-12,2024-02-21,rebalance,NIFTY ENERGY,0.0369094488189114,87.60000000001992,9,60.48557594919109,3.7077574272934495,23.846614739364867,0.9424860853432282,1.1427619014057135,2,Monday,True
IOC,2024-02-09,2024-02-27,rebalance,NIFTY OIL AND GAS,-5.267894642107162,-13240.240000000002,18,74.55082538005624,4.456583622107394,37.896991710906214,0.9466121428977111,1.4304962159936812,2,Friday,False
NHPC,2024-02-16,2024-02-27,rebalance,NIFTY COMMODITIES,-2.85406569736133,-9685.749999999967,11,58.01268073849833,7.515228059966578,48.19091608929946,0.8958031837916063,2.376213585910649,2,Friday,False
GODREJPROP,2024-02-27,2024-02-28,stop,NIFTY REALTY,-5.68025088449442,-14161.149467588804,1,69.81402817475235,2.840125442247206,6.389672882061714,1.0,0.8678690450980113,2,Tuesday,False
UNIONBANK,2024-02-21,2024-02-28,rebalance,NIFTY PSU BANK,-3.008876184745002,-7564.0,7,57.37401841120675,4.684230427989893,15.461391888213427,0.9702233250620347,1.212255629596147,2,Wednesday,False
OFSS,2024-01-23,2024-03-02,rebalance,NIFTY MS IT TELCM,20.31595039918464,68172.0,39,77.181715994279,4.842963273275451,22.601309009887196,0.941618682021753,2.457906202020801,1,Tuesday,True
PHOENIXLTD,2024-02-05,2024-03-04,rebalance,NIFTY REALTY,1.7550467008135229,5661.900000000044,28,63.68170245858894,4.860892459161911,-0.28796476666385074,1.0,1.4127203013300598,2,Monday,True
GODREJPROP,2024-02-28,2024-03-11,rebalance,NIFTY REALTY,2.872256803552076,7030.399999999991,12,52.91446254640565,3.2746116516789883,4.567157518964748,0.9440444435530776,0.8802738577390237,2,Wednesday,True
GODFRYPHLP,2024-02-12,2024-03-12,stop,,23.65768291016144,56015.47871053472,29,68.03054284653956,4.385312939750232,15.2639087018545,1.0,2.103687292273502,2,Monday,True
PETRONET,2024-02-21,2024-03-12,rebalance,NIFTY OIL AND GAS,-1.808689166511268,-4816.049999999967,20,63.27402389291731,3.4646420462036085,20.069284064665126,0.9666546503244412,1.3955472704745262,2,Wednesday,False
UNIONBANK,2024-03-02,2024-03-13,stop,NIFTY PSU BANK,-5.114392888539032,-19209.385046454478,11,56.85486388359636,4.148823966659563,12.50417083750417,0.9828492190921032,1.3455994062673564,3,Saturday,False
BHEL,2024-03-04,2024-03-13,stop,NIFTY ENERGY,-8.637882616396242,-28427.288966325254,9,75.30556087463346,4.318941308198119,10.608695652173905,1.0,1.144909149155148,3,Monday,False
GODFRYPHLP,2024-03-12,2024-03-13,stop,,-10.51401968077471,-31739.51233192909,1,64.9122469964179,5.257009840387357,37.75649794801641,0.8927392739273927,1.1531344591952686,3,Tuesday,False
BANKBARODA,2024-02-01,2024-03-13,rebalance,NIFTY PSU BANK,1.9995699849494564,6286.799999999969,41,72.15235940032707,3.4145044054954097,6.017925736235585,1.0,1.1472537962162437,2,Thursday,True
OIL,2024-02-12,2024-03-13,rebalance,NIFTY OIL AND GAS,22.37683941138835,79533.15,30,61.91113360341189,5.412685810999253,22.100438421681943,0.9084568439407149,1.180554736368587,2,Monday,True
BPCL,2024-02-12,2024-03-13,rebalance,NIFTY OIL AND GAS,1.24550657257938,2965.350000000028,30,70.7683360177087,4.020448534413577,27.86885245901638,0.9516157205240174,1.3181421332514145,2,Monday,True
CUMMINSIND,2024-02-28,2024-03-13,rebalance,,-1.5062607978319489,-3969.5499999999793,14,67.75144726071849,3.238208268522925,28.727972752850594,0.9657233319696188,1.3870684419077968,2,Wednesday,False
PHOENIXLTD,2024-03-11,2024-03-13,rebalance,NIFTY REALTY,-6.41512161624923,-16152.5,2,53.99052417541787,4.536434845543084,8.161036123897937,0.9506940626717977,1.1334271851413762,3,Monday,False
SUNPHARMA,2024-03-13,2024-03-15,rebalance,NIFTY PHARMA,-0.6672654946746959,-1840.799999999976,2,56.86574445476537,2.0437754181805214,14.213161140535458,0.9706669988167154,0.8736000776244822,3,Wednesday,False
DRREDDY,2024-03-13,2024-03-15,rebalance,NIFTY PHARMA,-0.2959337121568262,-723.7999999999888,2,53.254017145818416,2.0506093661844043,11.080271389549745,0.9774013489417783,0.7894830540849389,3,Wednesday,False
HEROMOTOCO,2024-03-15,2024-03-18,rebalance,NIFTY AUTO,-0.6773901476621158,-1636.2000000000098,3,51.86394425225765,2.7386696381720577,7.156769007401098,0.9535082016136769,1.0375696420829879,3,Friday,False
TCS,2024-03-13,2024-03-19,stop,NIFTY IT,-4.001549909794743,-9463.385428170885,6,58.18014715848452,2.0007749548973734,3.9875591265470023,0.9896833442662055,0.9313796449003582,3,Wednesday,False
GODFRYPHLP,2024-03-18,2024-03-19,rebalance,,-2.0134228187919434,-4893.0,1,57.638574710795126,6.5941829929121845,58.22454308093994,0.8605610561056105,1.2960861174154714,3,Monday,False
TRENT,2024-03-13,2024-03-22,rebalance,NIFTY NONCYC CONS,0.1140944702213486,408.0,9,60.5180827060686,3.4785840463918043,21.750260737650496,0.9745376375968274,0.9487084238803508,3,Wednesday,True
BHARTIARTL,2024-03-19,2024-03-26,rebalance,NIFTY INFRA,-1.2415028289982533,-2775.5,7,69.50827639606226,2.3216915023721034,3.935614724032277,1.0,1.1576277444022922,3,Tuesday,False
GODFRYPHLP,2024-03-22,2024-03-26,rebalance,,-2.109300095877276,-7546.0,4,56.902462463130576,5.91655912236675,15.683962264150942,0.8605610561056105,1.243052654081227,3,Friday,False
PIDILITIND,2024-03-19,2024-03-27,rebalance,,3.446458852816825,8424.300000000001,8,62.401748596542305,2.4391555221704357,11.232279171210479,0.9884452345138794,0.844321616646889,3,Tuesday,True
OBEROIRLTY,2024-03-27,2024-03-28,stop,NIFTY REALTY,-5.707234466737798,-14439.11200849199,1,72.3060567711891,2.8536172333688947,3.267676192644875,0.9648441231729452,0.798653902033783,3,Wednesday,False
ZYDUSLIFE,2024-03-13,2024-04-03,rebalance,NIFTY PHARMA,1.9666546224126336,7048.5000000000255,21,69.86775430822443,2.6449930131349197,30.802989782623612,0.9740560108602745,0.7275367063264414,3,Wednesday,True
UNIONBANK,2024-03-28,2024-04-08,rebalance,NIFTY PSU BANK,0.9996162298776756,2386.190000000015,11,57.24041637819824,4.129880036596725,-1.391472579805031,0.9715093818984548,1.1448453114869006,3,Thursday,True
OFSS,2024-03-13,2024-04-09,rebalance,NIFTY MS IT TELCM,4.584156392616312,16152.0,27,62.196125983607466,4.082215239894165,19.92525904535416,0.9666183829338951,0.5859758318298853,3,Wednesday,True
CGPOWER,2024-03-13,2024-04-12,stop,NIFTY ENERGY,6.712592542142559,24098.750946287702,30,54.57828102914249,3.77667137810394,3.5426911041573694,0.9750660327522451,1.3054879074451442,3,Wednesday,True
OIL,2024-03-26,2024-04-18,rebalance,NIFTY OIL AND GAS,-1.3614620385134169,-4323.449999999964,23,61.065946876787095,5.240131810405336,18.638811816549694,0.9647379008401372,0.9441029788308266,3,Tuesday,False
ABB,2024-02-27,2024-04-19,rebalance,NIFTY ENERGY,15.449958719383549,48841.80000000002,52,71.65281480290498,3.6616299076584675,-4.8064886018157065,1.0,1.9330894766214488,2,Tuesday,True
BAJAJ-AUTO,2024-03-12,2024-04-19,rebalance,NIFTY AUTO,3.246362871227615,8100.0,38,59.86942256366967,2.8266692237491915,15.671965317919078,0.960448062821179,1.0808375171062257,3,Tuesday,True
HINDZINC,2024-04-18,2024-04-19,rebalance,NIFTY METAL,-1.543400419804919,-4843.75,1,73.65534086881678,4.050325104108327,28.247223563495893,0.9374927653663618,2.548190801605334,4,Thursday,False
KEI,2024-04-12,2024-04-29,rebalance,NIFTY EV,-3.668081802356893,-14059.200000000026,17,75.14704170887354,3.9138972300216492,8.992707383773912,1.0,1.068428723260377,4,Friday,False
GODREJPROP,2024-04-08,2024-05-02,rebalance,NIFTY REALTY,-2.1594684385382146,-5198.700000000008,24,67.03121916429745,3.442033626555068,4.646172709756513,1.0,1.059737687741022,4,Monday,False
HAL,2024-03-26,2024-05-07,stop,NIFTY IND DEFENCE,12.533470174902472,31441.56354852172,42,59.78942836234277,3.593726301470341,6.460358056265969,0.9790446247163684,1.1597939958743748,3,Tuesday,True
MAZDOCK,2024-04-29,2024-05-07,stop,NIFTY IND DEFENCE,-8.864097860944698,-32762.41038983155,8,63.9700425523093,4.432048930472349,3.20726028699041,0.9678719765453212,1.749250071860462,4,Monday,False
BEL,2024-04-03,2024-05-07,rebalance,NIFTY IND DEFENCE,2.6636568848758424,9729.10000000001,34,69.97737384777871,3.4145175166625688,14.171199541941014,1.0,1.4199974262316823,4,Wednesday,True
PHOENIXLTD,2024-04-09,2024-05-07,rebalance,NIFTY REALTY,2.2899188557282235,8424.899999999989,28,61.958376018861316,4.412384906664841,6.062934504207829,0.9993128092358439,1.0049875027351685,4,Tuesday,True
MOTILALOFS,2024-04-19,2024-05-09,stop,NIFTY CAPITAL MKT,2.037166731886342,7775.295008925233,20,76.79006837261194,4.477025005081323,24.093765103914922,1.0,1.0128399555235124,4,Friday,True
OIL,2024-05-02,2024-05-09,rebalance,NIFTY OIL AND GAS,-2.081846300261714,-4908.75,7,58.83545620890299,4.103572561733575,-4.023192521595076,0.991858407079646,0.7705172161784375,5,Thursday,False
NAM-INDIA,2024-05-07,2024-05-13,rebalance,NIFTY CAPITAL MKT,-2.01009397841978,-5220.600000000031,6,58.83719186590991,3.8717368426965235,18.8600931362624,0.9597461165859361,1.29098039145013,5,Tuesday,False
MOTILALOFS,2024-05-13,2024-05-15,rebalance,NIFTY CAPITAL MKT,0.7406101216716587,1885.7999999999693,2,54.94468517303043,5.194354535145714,64.33758049047815,0.8734021253657787,1.6833843099851227,5,Monday,True
JINDALSTEL,2024-04-19,2024-05-16,rebalance,NIFTY METAL,8.419505634846969,21623.85,27,70.68347365580365,3.1213421021925853,16.3943990665111,1.0,1.1066297740946254,4,Friday,True
GODREJPROP,2024-05-07,2024-05-23,rebalance,NIFTY REALTY,1.2135922330097193,4083.75,16,64.12643125016439,3.679639440702731,13.314936184891346,0.9782780758068771,1.5260303299055127,5,Tuesday,True
EICHERMOT,2024-05-09,2024-05-28,rebalance,NIFTY AUTO,4.441720208841837,11362.39999999998,19,68.04978287994487,2.3354820595840686,21.99382396988854,0.9882420387677399,1.131380224749526,5,Thursday,True
CUMMINSIND,2024-03-15,2024-05-30,rebalance,,32.83843923697671,89804.15000000001,76,56.66074654222986,3.097057964520147,28.914380868680322,0.9632508582507694,0.9600604409570096,3,Friday,True
SUPREMEIND,2024-05-07,2024-05-31,rebalance,NIFTY MULTI MFG,0.576481462071321,2238.5,24,72.47320633530475,4.538314179870695,26.38270739016768,0.9951072888121902,1.8765670286662626,5,Tuesday,True
SIEMENS,2024-03-13,2024-06-04,stop,NIFTY ENERGY,46.71500495897296,110875.3314423322,83,58.91924666526288,2.8522775090337222,15.825592234257968,0.9723323955259726,0.733131183199205,3,Wednesday,True
CGPOWER,2024-04-19,2024-06-04,stop,NIFTY ENERGY,13.934932653251495,41142.42880594751,46,64.11118530703268,3.6085220292256346,17.67040149393091,0.9733819507748405,1.3740456902209142,4,Friday,True
ABB,2024-05-07,2024-06-04,stop,NIFTY ENERGY,16.797725647034078,64797.76421065469,28,66.4500801003503,2.6958623538458504,12.834907310248322,0.9925219909658733,0.6912436108970764,5,Tuesday,True
HAL,2024-05-09,2024-06-04,stop,NIFTY IND DEFENCE,21.29915946271177,77014.58704240584,26,58.53903036414445,3.0283398931891585,24.67663734424106,0.957425890434826,1.043854925711152,5,Thursday,True
MAZDOCK,2024-05-15,2024-06-04,stop,NIFTY IND DEFENCE,17.58231515411306,45002.7620057646,20,59.57792727382318,4.801478942950392,22.933086916345058,0.9740614056519259,1.3442262151958768,5,Wednesday,True
OBEROIRLTY,2024-05-16,2024-06-04,stop,NIFTY REALTY,-0.8955161152198521,-2497.7507129102582,19,72.65816054654715,3.811456805648994,2.368836638006666,1.0,1.2839111276519302,5,Thursday,False
BEL,2024-05-30,2024-06-04,stop,NIFTY IND DEFENCE,-2.1052870410879,-7648.770981152495,5,76.76099703080635,3.478652920590967,29.05390292999328,0.9779609690444145,1.2683980010408955,5,Thursday,False
ADANIPOWER,2024-05-31,2024-06-04,stop,NIFTY COMMODITIES,0.3124846713373097,1220.9487011776066,4,75.9496627716815,4.103370092026617,14.72616632860042,1.0,1.800425737932656,5,Friday,True
COCHINSHIP,2024-05-28,2024-06-05,stop,NIFTY IND DEFENCE,-12.47545078516118,-33348.87602086146,8,79.31976604694805,6.237725392580587,53.464883568689814,0.9687468290208017,1.4086870838457393,5,Tuesday,False
GVT&D,2024-05-23,2024-06-05,rebalance,NIFTY ENERGY,-6.049822064056931,-20612.49999999996,13,71.73359971195384,5.07651284325822,35.87167484872702,0.9530752823525297,0.9192881740878777,5,Thursday,False
BDL,2024-06-04,2024-06-05,rebalance,NIFTY IND DEFENCE,-9.158924035215922,-38295.59999999998,1,63.23476509914576,6.833598900039986,65.0991083091952,0.8999999999999999,1.6520056259534255,6,Tuesday,False
POLYCAB,2024-06-05,2024-06-07,rebalance,,0.8543923870692138,2378.0,2,61.917522505408485,3.976711771298417,26.984201661695373,0.9796944791208158,1.457953651035984,6,Wednesday,True
CROMPTON,2024-06-05,2024-06-07,rebalance,NIFTY CONSR DURBL,-1.2181479179614652,-3410.399999999984,2,68.26571723874532,3.848811564725064,34.804928131416844,1.0,1.1730076619677543,6,Wednesday,False
CGPOWER,2024-06-04,2024-06-10,rebalance,NIFTY ENERGY,4.425837320574155,12348.75,6,53.36436757114468,5.411703992313257,27.354577642893286,0.9136612021857924,0.9988078066715621,6,Tuesday,True
HEROMOTOCO,2024-06-04,2024-06-13,rebalance,NIFTY AUTO,9.515123438917517,39435.99999999999,9,71.74077826159754,2.8806387576212114,16.734378246116187,1.0,1.3014085506570774,6,Tuesday,True
SUPREMEIND,2024-06-05,2024-06-21,rebalance,NIFTY MULTI MFG,6.105371713918695,22946.599999999988,16,57.60239515908475,4.688447115342592,36.42603608840298,0.9797217052202429,0.8500824319657796,6,Wednesday,True
OBEROIRLTY,2024-06-04,2024-06-25,rebalance,NIFTY REALTY,4.815928950007153,20087.94999999999,21,56.59060285868824,4.501411466596538,22.172594246858445,0.9263780885904616,1.5357168844164912,6,Tuesday,True
M&M,2024-06-04,2024-07-05,rebalance,NIFTY AUTO,11.959267752341706,33231.59999999998,31,66.77303544888073,3.066155898887587,23.267099640261748,0.9768033409263478,1.1222267753003103,6,Tuesday,True
UNOMINDA,2024-06-04,2024-07-10,rebalance,NIFTY AUTO,25.5105060668837,100207.5,36,63.91379316668201,4.716848878462026,13.815288827395378,0.9621846346602881,1.3992843197768001,6,Tuesday,True
PHOENIXLTD,2024-06-04,2024-07-12,rebalance,NIFTY REALTY,19.8023145163766,82895.35000000005,38,59.88115706416759,5.302089925594043,3.0033036339973895,0.9745131472673426,1.6172525933593018,6,Tuesday,True
HAL,2024-06-13,2024-07-16,rebalance,NIFTY IND DEFENCE,4.504186520775733,20213.599999999984,33,62.86766275134055,5.157168809373588,18.24055540071454,0.9670152550889801,1.6726054618376693,6,Thursday,True
DIXON,2024-07-12,2024-07-18,stop,NIFTY CONSR DURBL,-5.470993677878266,-27158.01261698769,6,68.00769059387996,2.7354968389391323,35.54234495913988,0.9803727944574572,0.9421111682922785,7,Friday,False
BDL,2024-06-10,2024-07-18,rebalance,NIFTY IND DEFENCE,8.402212000586351,25651.050000000032,38,58.87982209596818,7.037641840915125,74.17630373118045,0.8887253366739742,1.746014573176835,6,Monday,True
BEL,2024-06-21,2024-07-18,rebalance,NIFTY IND DEFENCE,2.820134448270206,11248.80000000003,27,59.91674748980377,4.836019863987053,28.17891373801915,0.9570061195669229,1.4898078212246357,6,Friday,True
MOTHERSON,2024-07-05,2024-07-19,stop,NIFTY AUTO,-6.516008553556308,-20382.60971982638,14,78.27975889723578,3.2624000060073293,49.557939408228236,0.992447897756154,1.2989227938826196,7,Friday,False
PERSISTENT,2024-07-18,2024-07-19,stop,NIFTY MS IT TELCM,-6.118848729435755,-22169.512892903884,1,76.2969933235259,3.05942436471788,23.51618278623007,1.0,1.0545056525835053,7,Thursday,False
PGEL,2024-06-25,2024-07-19,rebalance,NIFTY CONSR DURBL,7.027192178429575,30728.0,24,75.62676427932234,4.504871167540109,41.33960047003524,0.995892286627111,1.2502734942176124,6,Tuesday,True
NBCC,2024-07-10,2024-07-19,rebalance,NIFTY MULTI INFRA,-8.351331893448533,-41175.36000000005,9,72.03767427677194,4.912485266856091,13.633155188060897,0.980547493921092,1.511559475558703,7,Wednesday,False
KAYNES,2024-07-18,2024-07-19,rebalance,NIFTY MULTI INFRA,-4.286660452337731,-21669.0,1,57.7214812219723,4.699799821323876,23.679990317407484,0.9405657330072448,0.9139000991690898,7,Thursday,False
OIL,2024-07-19,2024-07-22,rebalance,NIFTY OIL AND GAS,-2.7753458238487183,-13837.05000000002,3,63.65668921726399,5.388227259084619,29.723366686286056,0.8941600125254423,1.2018411738830304,7,Friday,False
OFSS,2024-07-16,2024-07-23,stop,NIFTY MS IT TELCM,-5.903705179326002,-27141.339969122622,7,79.45509997890987,2.9518525896629995,36.477328302941395,1.0,1.018318514151899,7,Tuesday,False
PETRONET,2024-07-19,2024-07-23,rebalance,NIFTY OIL AND GAS,-2.73240726606625,-13621.899999999983,4,59.85534925910223,2.7428586426537223,14.972696846926192,0.975867719350514,0.8241875576516855,7,Friday,False
COCHINSHIP,2024-06-07,2024-07-25,rebalance,NIFTY IND DEFENCE,28.613061288763085,77769.90000000001,48,62.75079033877652,7.006480085047376,80.69768520666143,0.9478209162310152,1.5438763522823984,6,Friday,True
MAZDOCK,2024-06-07,2024-07-25,rebalance,NIFTY IND DEFENCE,54.01814030191552,155851.95,48,59.49543118689269,7.871319806199755,47.50301121097007,0.9391791267051884,1.7733812481007252,6,Friday,True
SONACOMS,2024-07-19,2024-07-29,rebalance,NIFTY AUTO,-1.2184571016582657,-4554.550000000025,10,56.905327657100926,3.5636173064271937,14.143015696844774,0.9559583706664828,1.0704890108509668,7,Friday,False
KPITTECH,2024-07-19,2024-07-29,rebalance,NIFTY MS IT TELCM,-1.1100730889707089,-3676.400000000008,10,65.66246590236278,4.094567928182525,15.855269844496389,0.9737785626371274,1.3233179357079619,7,Friday,False
OFSS,2024-07-23,2024-07-31,rebalance,NIFTY MS IT TELCM,0.4974643805844003,2420.5,8,72.25790005782326,3.421503225777353,46.50765396938412,0.9908120782887496,1.0374768186210104,7,Tuesday,True
BEL,2024-07-31,2024-08-01,rebalance,NIFTY IND DEFENCE,-1.5503875968992389,-7580.300000000053,1,53.270938896540194,3.7123728172941775,5.892731122088946,0.942026825633383,0.8271271253643001,7,Wednesday,False
PERSISTENT,2024-07-19,2024-08-02,rebalance,NIFTY MS IT TELCM,1.1541524397560954,3808.8000000000393,14,58.321397853993695,3.597527250107526,26.528487472087914,0.936133492642178,1.1334183502918826,7,Friday,True
COCHINSHIP,2024-07-29,2024-08-02,rebalance,NIFTY IND DEFENCE,-2.0475115305196856,-7108.699999999963,4,56.03431663146537,5.572694488684914,44.10955207771181,0.9047876798435536,0.7565661826373248,7,Monday,False
PIIND,2024-08-01,2024-08-05,stop,,-5.142287767170528,-24733.31656622747,4,79.59416651518025,2.5711438835852576,11.11696376590614,0.9959149128251424,0.9110525967369454,8,Thursday,False
CAMS,2024-08-02,2024-08-05,stop,NIFTY MS FIN SERV,-8.733526501657085,-29148.44163918159,3,61.804455061354815,4.366763250828544,11.181580035847238,0.930457933972311,1.579675221618576,8,Friday,False
RVNL,2024-06-04,2024-08-05,rebalance,,56.65016644791194,159350.79999999993,62,57.546563122324294,6.677116663129729,43.56264411990778,0.8688666419478432,1.7464239537557482,6,Tuesday,True
MAZDOCK,2024-07-29,2024-08-05,rebalance,NIFTY IND DEFENCE,-10.128454797393449,-35428.949999999975,7,61.007080683905734,6.191239315771699,68.48699613997343,0.9296706357495996,1.0459723326320285,7,Monday,False
360ONE,2024-07-25,2024-08-06,stop,NIFTY MS FIN SERV,-0.0286544398213961,-96.1537552067348,12,60.7692010413387,4.385500737043264,33.03136830719306,0.9779670975323149,1.2121401885901302,7,Thursday,False
NAUKRI,2024-08-02,2024-08-06,rebalance,NIFTY INTERNET,-5.747922437673125,-19588.0,4,63.42053664915625,3.034963842163336,14.999999999999991,1.0,0.8870401528410918,8,Friday,False
KALYANKJIL,2024-07-18,2024-08-08,rebalance,NIFTY CONSR DURBL,3.291943401674824,11268.89999999994,21,73.49668193594792,3.513258743059791,25.20810038514101,0.9846460051179985,1.524982061476716,7,Thursday,True
GVT&D,2024-08-06,2024-08-12,rebalance,NIFTY ENERGY,0.9275829157718852,2970.049999999991,6,58.33292281263787,5.482047566670616,1.522523936587672,0.95931330472103,1.0292069690341104,8,Tuesday,True
ZYDUSLIFE,2024-08-05,2024-08-13,stop,NIFTY PHARMA,-2.7042572972161394,-10788.735896892416,8,62.55729534100431,2.7616556634569145,13.333333333333353,0.9821185694855588,0.8635079314272822,8,Monday,False
PETRONET,2024-07-25,2024-08-13,rebalance,NIFTY OIL AND GAS,0.7594211205043777,3490.0500000000447,19,68.33109813494337,3.2992764553617597,24.882275381427775,1.0,0.9044033506871912,7,Thursday,True
SUNPHARMA,2024-08-05,2024-08-16,rebalance,NIFTY PHARMA,1.302060627197954,4144.000000000016,11,71.12744597299623,2.2609177897313497,14.062086311887745,0.9934744319002107,0.9354918623087412,8,Monday,True
TORNTPHARM,2024-08-05,2024-08-19,rebalance,NIFTY PHARMA,5.741120757695351,18366.84999999999,14,61.172402642740245,3.1356991049421428,11.252565306619356,0.9812273473560299,1.2737475511184955,8,Monday,True
LUPIN,2024-08-08,2024-08-19,rebalance,NIFTY MIDSML HLTH,0.8777062609713226,3096.0,11,77.05413085534393,2.5983496836843836,24.23519684538573,1.0,1.0626850316682008,8,Thursday,True
PIIND,2024-08-06,2024-08-20,rebalance,,1.4655020810129482,4937.5,14,63.55836191891323,2.728990558168449,20.49601538884309,0.9625345596118039,0.950064050547634,8,Tuesday,True
KALYANKJIL,2024-08-16,2024-08-20,rebalance,NIFTY CONSR DURBL,-5.412459469141684,-17457.750000000036,4,67.1156907153842,4.148727918883617,17.49698894120224,0.9756492124308217,1.0782335090401356,8,Friday,False
OIL,2024-08-13,2024-08-21,rebalance,NIFTY OIL AND GAS,-2.335054921073698,-8426.250000000036,8,73.70195431597634,4.846996991068234,22.58341379680291,1.0,1.4163288700698138,8,Tuesday,False
KAYNES,2024-07-23,2024-08-28,rebalance,NIFTY MULTI INFRA,20.502092050209207,88038.30000000002,36,55.83571518265746,5.071563446449526,19.437559017941442,0.9346707581560612,0.9181565641049545,7,Tuesday,True
ETERNAL,2024-08-05,2024-08-29,rebalance,NIFTY INTERNET,-1.5412228335089262,-7370.700000000032,24,74.53556222403894,4.325749522795705,22.68303233481128,0.9769383243119617,1.2019756084212705,8,Monday,False
NAM-INDIA,2024-08-19,2024-08-29,rebalance,NIFTY CAPITAL MKT,-5.362511361252887,-18906.55000000001,10,66.43270104927427,4.2105698385574115,-0.37750094375236243,1.0,1.2979102060891068,8,Monday,False
KFINTECH,2024-08-13,2024-09-06,stop,NIFTY MS FIN SERV,-1.850900127850319,-9086.014126063455,24,71.69592767357396,5.084617311401866,20.350394555853192,0.945134142372251,1.6799253127957297,8,Tuesday,False
CDSL,2024-08-20,2024-09-09,stop,NIFTY MS FIN SERV,-2.983264613145764,-10159.799999999988,20,76.08066222156316,3.8111010597218007,7.81668900804291,1.0,1.143878520037505,8,Tuesday,False
NYKAA,2024-08-21,2024-09-12,rebalance,NIFTY INTERNET,-1.4706580008539305,-5195.59999999999,22,68.69187286586472,4.926558943041244,6.427962489343564,1.0,1.7585107041436305,8,Wednesday,False
LUPIN,2024-09-06,2024-09-19,stop,NIFTY MIDSML HLTH,-4.357726899956615,-20944.738896971987,13,72.8714004815829,2.1788634499783117,23.274178016233304,0.9852851279364249,0.9624076640992628,9,Friday,False
PNBHOUSING,2024-09-12,2024-09-20,stop,NIFTY MS FIN SERV,-9.490545613958524,-32943.2972188044,8,75.60230380042256,4.745272806979261,33.78439332431211,1.0,1.4867036222017227,9,Thursday,False
GODFRYPHLP,2024-08-29,2024-09-27,stop,,14.620865086726686,68403.2786822982,29,75.49982001853134,5.066903307528213,37.60997067448682,1.0,1.3801610655565728,8,Thursday,True
CDSL,2024-09-20,2024-09-27,rebalance,NIFTY MS FIN SERV,-4.913398108731693,-15422.400000000029,7,70.60318307620622,3.6629255603056166,13.33579456887357,0.9809690787376475,0.7505066525267714,9,Friday,False
ETERNAL,2024-09-09,2024-09-30,rebalance,NIFTY INTERNET,3.800074996724545,12616.800000000008,21,61.05519489667398,3.736924544859593,11.677098085796512,0.9854356209517392,1.0058705851754508,9,Monday,True
MOTILALOFS,2024-08-20,2024-10-01,rebalance,NIFTY CAPITAL MKT,9.207644871370224,29247.199999999877,42,66.17701948495203,4.147209341857374,-2.188593279635498,0.9818827451264585,1.1540850283125599,8,Tuesday,True
BAJAJFINSV,2024-09-27,2024-10-03,stop,NIFTY FINSEREXBNK,-4.455780769227036,-16305.81387468634,6,78.29225699178777,2.227890384613519,24.46349144508295,1.0,1.198440495352716,9,Friday,False
BAJAJ-AUTO,2024-09-30,2024-10-03,stop,NIFTY AUTO,-4.974669877917116,-16772.0,3,70.49024144914648,2.0302317194459345,26.347839781615832,0.9747035253167119,1.2348988979643272,9,Monday,False
TRENT,2024-08-12,2024-10-04,stop,NIFTY NONCYC CONS,14.051181785015276,45437.64376656674,53,71.06855792818439,3.6952099516936685,1.5295223446979422,1.0,1.3872917595904914,8,Monday,True
VOLTAS,2024-08-29,2024-10-04,stop,NIFTY CONSR DURBL,0.7396294980142049,2486.776381187356,36,77.43041731774288,2.768746983551758,14.626093468123491,1.0,1.5238600186429028,8,Thursday,True
KFINTECH,2024-10-01,2024-10-04,stop,NIFTY MS FIN SERV,-9.328865318622617,-32663.991073539397,3,63.876213869855384,4.685767193153386,8.305176044268148,0.9907229965156794,0.8638549525703,10,Tuesday,False
PGEL,2024-07-22,2024-10-04,rebalance,NIFTY CONSR DURBL,64.69079125033757,316206.0,74,59.676904101328034,5.625187790976622,48.47230435639662,0.9257500000000001,0.8925025796738898,7,Monday,True
BAJAJ-AUTO,2024-10-03,2024-10-04,rebalance,NIFTY AUTO,-0.2692257588258306,-961.0,1,54.76672213368146,2.3252967654006778,28.184468592631863,0.932084024770308,1.294725163223284,10,Thursday,False
KALYANKJIL,2024-08-28,2024-10-07,stop,NIFTY CONSR DURBL,11.313823193757532,58224.373557327184,40,67.679823476478,4.553830775379463,9.723901652559475,0.991001216051885,1.523560032880408,8,Wednesday,True
BLUESTARCO,2024-09-27,2024-10-07,stop,NIFTY CONSR DURBL,-6.903574241830168,-32336.99758828546,10,76.48098322482608,3.451787120915083,19.211883511936012,0.9928330522765598,1.0744350820055222,9,Friday,False
LUPIN,2024-10-04,2024-10-07,rebalance,NIFTY MIDSML HLTH,-1.0622085750028432,-3759.349999999986,3,52.72198579712666,2.346537468510337,5.506400829335334,0.9598506680639246,0.7708972586742235,10,Friday,False
ALKEM,2024-10-04,2024-10-10,rebalance,NIFTY MIDSML HLTH,-0.9210303270020814,-3251.8499999999585,6,56.197016657154634,2.4330486207273716,9.05483405483405,0.9729668172000785,0.7182680934142389,10,Friday,False
INFY,2024-10-07,2024-10-15,rebalance,NIFTY IT,1.2940368668462376,4532.5,8,58.25973601077407,1.9675416425675254,2.571993844801068,0.9846065838057101,0.982046481643492,10,Monday,True
NAUKRI,2024-08-19,2024-10-17,rebalance,NIFTY INTERNET,7.947243828204265,27142.5,59,61.51446106208919,3.1474884886351875,7.166728555514301,0.9966295921806538,0.9585656628968039,8,Monday,True
TRENT,2024-10-07,2024-10-17,rebalance,NIFTY NONCYC CONS,3.626442220566606,18730.399999999943,10,56.521012870432024,2.674910824984697,20.47567417933518,0.9495248838498748,1.1509449019704499,10,Monday,True
LTM,2024-10-07,2024-10-18,stop,NIFTY IT,-3.723115884499417,-18397.443924382227,11,55.06981846207568,2.524350496636108,10.287126488429577,0.9688959454749642,1.1891923856607425,10,Monday,False
KALYANKJIL,2024-10-17,2024-10-18,rebalance,NIFTY CONSR DURBL,-1.2499141542476333,-4677.399999999953,1,55.213109702447255,4.159178237307568,17.604712041884806,0.9430699481865285,1.2219964060556676,10,Thursday,False
TRENT,2024-10-18,2024-10-21,rebalance,NIFTY NONCYC CONS,-2.079672504682639,-9800.699999999984,3,53.99070034608455,3.089368002716073,14.843946113295958,0.9432969034608378,1.2902383234740067,10,Friday,False
BSE,2024-09-19,2024-10-22,rebalance,NIFTY MS FIN SERV,10.226354082457556,46931.5,33,74.0543827073397,4.8974514870135,12.265258215962449,0.9526376588371197,1.6385671719883557,9,Thursday,True
SUNPHARMA,2024-10-04,2024-10-22,rebalance,NIFTY PHARMA,-1.1779796340409932,-6232.5,18,65.70358463762159,1.6736543471285403,9.000086125226069,0.98016626468928,0.9418264076015258,10,Friday,False
NAM-INDIA,2024-10-15,2024-10-22,rebalance,NIFTY CAPITAL MKT,-6.679736511479561,-23802.699999999997,7,59.589843281862905,3.743423545473191,-9.49421345906557,0.9671705081731755,1.0393741988638878,10,Tuesday,False
CDSL,2024-10-18,2024-10-22,rebalance,NIFTY MS FIN SERV,-7.50015829798012,-28072.65000000001,4,64.80555952799459,4.152450892735434,3.2590470867681853,0.9954617081626221,1.1265684215908527,10,Friday,False
BLUESTARCO,2024-10-21,2024-10-22,rebalance,NIFTY CONSR DURBL,-5.342319795822281,-24578.39999999999,1,55.227928480296676,4.024269069087947,18.718821527084906,0.9397806394522972,1.157677402994965,10,Monday,False
DIVISLAB,2024-10-22,2024-10-23,rebalance,NIFTY PHARMA,-1.5529525004511768,-5511.349999999967,1,56.37968091989827,2.670994627822514,21.24045782582367,0.9361368335518958,1.440041898860497,10,Tuesday,False
HDFCAMC,2024-10-22,2024-10-24,rebalance,NIFTY FINSEREXBNK,-1.6938982737930264,-6055.49999999997,2,52.349367859016034,3.019602020159324,3.452026292145449,0.9343626013455234,1.173639772570622,10,Tuesday,False
MOTILALOFS,2024-10-10,2024-10-25,stop,NIFTY CAPITAL MKT,12.351092710310674,43238.5077427722,15,56.60688974109306,4.555185216299273,3.583507231776628,0.9772382397572079,0.9667121120142282,10,Thursday,True
DIXON,2024-10-17,2024-10-25,stop,NIFTY CONSR DURBL,-5.613808637605111,-29729.59374850757,8,65.30846137816931,2.806904318802556,12.72475429882698,0.9822388985001087,0.7586673894008256,10,Thursday,False
BSE,2024-10-23,2024-10-25,rebalance,NIFTY MS FIN SERV,-4.962824805350275,-17534.99999999998,2,56.903539001365615,6.780219165661605,65.56836902800657,0.888646288209607,1.6832300669387474,10,Wednesday,False
NAM-INDIA,2024-10-25,2024-10-28,rebalance,NIFTY CAPITAL MKT,-0.5502164184579272,-2883.75,3,50.51952374353959,4.779827268111333,-0.6005793824630845,0.9322891731071746,1.3400801133534135,10,Friday,False
OBEROIRLTY,2024-10-22,2024-10-30,rebalance,NIFTY REALTY,-1.1638339870286396,-4244.900000000009,8,55.82273324170754,3.618139540786716,15.383303002729765,0.9605289077120064,1.374783386919986,10,Tuesday,False
HCLTECH,2024-10-04,2024-10-31,stop,NIFTY IT,-0.9573770358746624,-3997.058698547085,27,53.45181893974581,2.1231592730625923,9.697752359868383,0.9780346820809248,0.8907506901037563,10,Friday,False
TECHM,2024-10-22,2024-10-31,stop,NIFTY IT,-5.136393327533395,-27358.444328627265,9,59.66732803402337,2.6664555179875356,1.744813146373958,0.9972365512159175,1.137051813222657,10,Tuesday,False
PERSISTENT,2024-10-24,2024-10-31,rebalance,NIFTY MS IT TELCM,-5.599873488895135,-19440.69999999999,7,60.18955026630475,3.554653168645853,5.452640601933423,0.9951825136612021,1.188535142679059,10,Thursday,False
WIPRO,2024-10-22,2024-11-04,rebalance,NIFTY IT,-0.8248609246115368,-4396.749999999954,13,55.427789503263334,2.7751709271799947,0.098251129887994,0.9514509947070633,1.1536282231289965,10,Tuesday,False
LUPIN,2024-10-31,2024-11-06,rebalance,NIFTY MIDSML HLTH,-0.9556688538832404,-3323.099999999942,6,50.95561083877639,2.7736058324376955,-3.523581062731962,0.9549166011702035,0.7214671289084541,10,Thursday,False
RADICO,2024-10-25,2024-11-11,rebalance,NIFTY FMCG,0.934538241128502,3307.199999999972,17,63.77619259817785,4.955159289329533,12.135837355272683,0.9879796176124733,0.9816125603628788,10,Friday,True
MCX,2024-10-04,2024-11-12,stop,NIFTY MS FIN SERV,5.251058485672844,27860.908581528445,39,67.70773638478687,3.2906348472273765,30.47945205479452,0.9872448979591837,0.869468476203296,10,Friday,True
NAM-INDIA,2024-10-31,2024-11-12,rebalance,NIFTY CAPITAL MKT,-2.2874894097712595,-11971.800000000034,12,57.3289221712689,4.369309626373699,0.5626295528575742,0.9687435879898777,1.3443919734169445,10,Thursday,False
CDSL,2024-10-31,2024-11-12,rebalance,NIFTY MS FIN SERV,-1.5461249838271351,-5783.799999999967,12,57.2758231945961,4.281208879015233,8.143897594350037,0.9743460447526,1.2101648045294522,10,Thursday,False
MOTILALOFS,2024-10-28,2024-11-13,rebalance,NIFTY CAPITAL MKT,-2.150127919002776,-11198.25,16,57.68365205512233,6.55964717129835,26.359585899619976,0.8920559386228998,1.7944182783473526,10,Monday,False
NAUKRI,2024-11-12,2024-11-13,rebalance,NIFTY INTERNET,-2.6526046660274805,-10375.0,1,49.94647483929488,3.466044139081814,-6.200122774708405,0.9320822162645219,1.0397357907211109,11,Tuesday,False
PGEL,2024-11-04,2024-11-18,rebalance,NIFTY CONSR DURBL,-0.2078005115089598,-1080.3000000000566,14,55.58854494721312,5.133410813443645,-5.6722005208333375,0.9271582067432382,0.6984080292818535,11,Monday,False
WIPRO,2024-11-06,2024-11-18,rebalance,NIFTY IT,-1.973709665217771,-6835.599999999999,12,60.018530764280015,2.5332801929971347,2.426540284360179,0.9837561598831904,1.1806118446951885,11,Wednesday,False
TECHM,2024-11-12,2024-11-18,rebalance,NIFTY IT,-1.5482752214033613,-8100.0,6,53.40877925434995,2.6163166284103525,1.5926672300591527,0.9717741935483871,1.03203386611537,11,Tuesday,False
INFY,2024-11-13,2024-11-18,rebalance,NIFTY IT,-3.045713035870523,-15596.000000000013,5,53.238454075361766,2.056514579437356,-3.9442531209642806,0.9493355481727574,0.9363058424254309,11,Wednesday,False
HCLTECH,2024-11-11,2024-11-19,rebalance,NIFTY IT,-2.50361484496332,-8929.25,8,60.00790328082925,2.1885064794531695,0.164768046362318,0.9976225457459597,0.9006627389431195,11,Monday,False
BAJAJHLDNG,2024-11-18,2024-11-21,rebalance,NIFTY FINSEREXBNK,-2.4689393762137524,-12398.599999999966,3,54.40111271948441,3.3261313361163456,-3.023494493911405,0.9571232778544172,0.6564121681719527,11,Monday,False
NATIONALUM,2024-11-18,2024-11-22,rebalance,NIFTY METAL,7.049208241103355,24276.960000000003,4,60.55637577766173,4.616640276710362,17.667773417848885,0.9794046527140831,1.0487564103357216,11,Monday,True
KAYNES,2024-11-18,2024-11-25,rebalance,NIFTY MULTI INFRA,4.858918837203108,24861.200000000063,7,53.55370703880902,4.747980243250257,1.1143128100379318,0.9573808733260116,0.8783704910530445,11,Monday,True
BSE,2024-10-30,2024-11-26,rebalance,NIFTY MS FIN SERV,2.0732550103662817,7470.0,27,57.26073398627634,6.125601261397632,49.94736842105263,0.9026824703680599,1.641253143776424,10,Wednesday,True
AMBER,2024-10-03,2024-11-28,rebalance,NIFTY CONSR DURBL,16.042294024807056,49703.99999999998,56,66.95601234488781,4.787558664698438,17.97842441796247,1.0,2.0423483463734047,10,Thursday,True
HCLTECH,2024-11-22,2024-11-28,rebalance,NIFTY IT,-3.028866413822162,-11155.0,6,62.57549621078063,2.165212268196123,2.656206991467114,1.0,0.8543964055198332,11,Friday,False
BSE,2024-11-28,2024-12-03,rebalance,NIFTY MS FIN SERV,-1.3119055428009174,-4780.0,5,53.484276848410396,5.070957957545658,10.678925035360676,0.9387315270935961,0.8248522169599044,11,Thursday,False
TECHM,2024-11-26,2024-12-09,rebalance,NIFTY IT,1.8555096666068136,6882.0,13,60.050043644263376,2.4622493437106994,2.746897621509814,0.9988640440033482,0.8597129406729088,11,Tuesday,True
MOTILALOFS,2024-12-03,2024-12-18,rebalance,NIFTY CAPITAL MKT,-0.1099706744868034,-395.84999999998286,15,57.8983521589351,4.465010385329338,12.800692597860364,0.9272603670972127,0.9092549425496097,12,Tuesday,False
ETERNAL,2024-11-18,2024-12-20,stop,NIFTY INTERNET,1.2595135010644576,6449.513828625855,32,57.78198658285458,3.8865299138088774,-12.388164846777027,0.9117508417508419,1.0212378837993445,11,Monday,True
CDSL,2024-12-20,2024-12-24,rebalance,NIFTY MS FIN SERV,-2.431815128308479,-12579.5,4,60.63156190209565,3.2964101692618137,27.946017116524025,0.9474045976426262,1.034780814229095,12,Friday,False
BSE,2024-12-09,2024-12-27,rebalance,NIFTY MS FIN SERV,-3.456790123456788,-13041.0,18,72.4155889797355,4.47906326957231,7.223396758280476,1.0,0.9001095056777314,12,Monday,False
NAM-INDIA,2024-12-18,2024-12-27,rebalance,NIFTY CAPITAL MKT,-3.1380165503839264,-11300.20000000002,9,57.15386753115135,3.6322696888674213,16.50929477722043,0.9367787566695621,1.1438460910397403,12,Wednesday,False
WIPRO,2024-11-19,2024-12-31,rebalance,NIFTY IT,7.372544655660018,25771.9500000001,42,54.7081580799992,2.6181210076278316,5.851680185399788,0.9801131180441526,0.8324018384979073,11,Tuesday,True
COFORGE,2024-10-25,2025-01-02,rebalance,NIFTY MS IT TELCM,25.38069242924868,91871.0,69,66.34021086527397,3.2204787418336647,10.076335877862586,1.0,1.424398237978392,10,Friday,True
PERSISTENT,2024-11-12,2025-01-03,rebalance,NIFTY MS IT TELCM,12.777831571349353,66773.60000000002,52,56.913178495563855,3.2426388579173078,1.7018482033961835,0.9900216125771255,1.0806140953190675,11,Tuesday,True
PAYTM,2024-11-21,2025-01-03,rebalance,NIFTY MS FIN SERV,16.252661462029817,79554.59999999999,43,63.76110145120537,4.8840207728040825,14.731948278367014,0.9155295646523717,0.8882943365980301,11,Thursday,True
INDHOTEL,2024-11-13,2025-01-06,rebalance,NIFTY IND TOURISM,18.21746131765036,68822.90000000001,54,57.204913547816446,3.1171347229511253,-3.7939998594814894,0.9744167007777323,1.2849686312106934,11,Wednesday,True
MOTILALOFS,2025-01-02,2025-01-06,rebalance,NIFTY CAPITAL MKT,-6.085058871295168,-27636.950000000023,4,58.14225804494821,3.9983981601849683,-5.993221035332786,0.9567835291832573,0.7047160795310217,1,Thursday,False
NAM-INDIA,2025-01-03,2025-01-06,rebalance,NIFTY CAPITAL MKT,-3.732278272337608,-21451.399999999965,3,57.183788561197844,3.683943727495287,5.67196531791907,0.9408735575133391,1.1440918279756613,1,Friday,False
NAUKRI,2024-11-25,2025-01-07,rebalance,NIFTY INTERNET,2.9591214154972567,15762.5,43,58.69848171551626,3.4280914387230217,-4.3705755617112985,0.9764670837056896,1.22037410015536,11,Monday,True
360ONE,2024-12-27,2025-01-07,rebalance,NIFTY MS FIN SERV,-2.794717855430706,-9729.500000000033,11,65.31402004904166,3.8717233051493327,18.225674176274765,0.9957412935323384,0.9502964416416813,12,Friday,False
POLICYBZR,2025-01-06,2025-01-07,rebalance,NIFTY MS FIN SERV,-1.9080188679245211,-10638.349999999951,1,56.76566676584603,4.05442750241071,29.090240989680627,0.9567434618769322,1.0533849766605223,1,Monday,False
LUPIN,2025-01-06,2025-01-08,stop,NIFTY MIDSML HLTH,-4.564821618814364,-17130.972126805395,2,70.54402065519898,2.283084700991455,13.357037763609615,0.9850590542965654,1.082766221075246,1,Monday,False
DIXON,2025-01-07,2025-01-08,stop,NIFTY CONSR DURBL,-5.5358697697720505,-20429.40772227368,1,63.46513235354189,2.767934884886024,21.387240205466917,0.9742187891859355,0.6532314198941981,1,Tuesday,False
KAYNES,2024-12-31,2025-01-08,rebalance,NIFTY MULTI INFRA,-6.021732975611083,-22332.50000000003,8,72.80082852541297,4.2093311386077605,26.93631520686315,1.0,1.331006747639339,12,Tuesday,False
MOTILALOFS,2025-01-07,2025-01-08,rebalance,NIFTY CAPITAL MKT,-3.0824742268041216,-17222.399999999987,1,53.619073108265894,4.245303884279502,5.871905871905869,0.942021948140235,0.6018200851898665,1,Tuesday,False
PGEL,2024-11-28,2025-01-09,rebalance,NIFTY CONSR DURBL,31.677018633540374,111812.4,42,62.41022733159906,5.218188461442051,11.945923801720593,0.9830163520247035,0.966091753643777,11,Thursday,True
MANKIND,2025-01-03,2025-01-09,rebalance,NIFTY MIDSML HLTH,-3.727596126023392,-21352.5,6,63.68553444674299,3.414923057439894,9.520994622630718,0.9797058431163287,1.4969868060430955,1,Friday,False
BSE,2025-01-08,2025-01-09,rebalance,NIFTY MS FIN SERV,-3.611111111111109,-18265.0,1,54.49198229613143,4.020799380155937,15.301243226012119,0.9324009324009324,0.4783872563698174,1,Wednesday,False
COFORGE,2025-01-08,2025-01-09,rebalance,NIFTY MS IT TELCM,-2.8773214752811915,-10450.0,1,62.80329720506098,2.3949123773223135,20.23103340618171,0.9735166793990323,0.8720771905023105,1,Wednesday,False
KFINTECH,2024-12-24,2025-01-10,stop,NIFTY MS FIN SERV,-6.947231454647773,-35091.64015954173,17,79.85348389988744,4.550264082984394,22.003948667324778,1.0,1.4691043698749517,12,Tuesday,False
MAXHEALTH,2025-01-06,2025-01-10,rebalance,NIFTY HEALTHCARE,-0.286160249739853,-1422.2999999999804,4,55.72640542317074,3.4315698448735477,15.989619722527193,0.9540434332988625,1.0024524433027584,1,Monday,False
LUPIN,2025-01-08,2025-01-10,rebalance,NIFTY MIDSML HLTH,-2.7107430677352884,-9890.10000000003,2,53.51465109570459,2.626710563959456,16.168488272135573,0.9399232085472227,1.12135873971909,1,Wednesday,False
BIOCON,2025-01-09,2025-01-10,rebalance,NIFTY MIDSML HLTH,-2.6301591583490658,-11183.25,1,55.69380429075729,3.2325010638128484,14.12628038526218,0.9475971370143149,1.022195766787697,1,Thursday,False
AMBER,2024-12-27,2025-01-13,stop,NIFTY CONSR DURBL,-6.079308778585835,-23076.47554952349,17,71.09800004096577,4.555291125238902,0.49974435519781757,0.9460134473861485,1.051080276490864,12,Friday,False
MUTHOOTFIN,2025-01-07,2025-01-13,stop,NIFTY FINSEREXBNK,-5.192831118735386,-26040.856305716203,6,64.77727814614789,2.5964155593676903,20.288875749641022,0.9788426602862333,1.127485026905409,1,Tuesday,False
COFORGE,2025-01-10,2025-01-13,stop,NIFTY MS IT TELCM,-5.126511498245179,-25457.435858445853,3,54.61943431281176,2.5632557491225922,17.783191230207063,0.957983193277311,0.8568260586736579,1,Friday,False
DRREDDY,2025-01-08,2025-01-13,rebalance,NIFTY PHARMA,-2.6007660040124114,-9447.250000000024,5,63.71609395765457,2.3028227202440776,14.699845000209466,0.9704424778761062,1.3300377802921677,1,Wednesday,False
JUBLFOOD,2025-01-09,2025-01-13,rebalance,NIFTY IND TOURISM,-5.230686695278974,-18759.0,4,66.24041701753407,2.833414621120013,23.34230486909714,0.9726063135924863,1.1196698918511632,1,Thursday,False
HCLTECH,2025-01-09,2025-01-14,stop,NIFTY IT,-3.905854954514876,-20933.023419807225,5,53.617068161238905,2.2523188552442375,8.329900304852945,0.9810364060440118,0.9665899472051244,1,Thursday,False
BAJAJFINSV,2025-01-14,2025-01-15,rebalance,NIFTY FINSEREXBNK,-2.4423694193171808,-8369.999999999982,1,61.82535642815822,2.2618798437885794,4.85076951835004,0.8521907793305814,1.074753325720509,1,Tuesday,False
INFY,2025-01-10,2025-01-16,rebalance,NIFTY IT,-1.9581363943281584,-10367.500000000013,6,58.72221458025623,2.2330136718414004,5.709670231729058,0.9836509477341235,0.9727107505529459,1,Friday,False
TCS,2025-01-14,2025-01-16,rebalance,NIFTY IT,-0.6319320584448618,-2166.75,2,52.27624387199791,2.4286774619572324,-6.646427661004384,0.9295745264891573,1.0869675166294959,1,Tuesday,False
DRREDDY,2025-01-14,2025-01-16,rebalance,NIFTY PHARMA,-2.6017718963777026,-8943.599999999988,2,52.742143486793424,2.2435356726972286,11.763003390391136,0.9469380530973451,1.34430181045767,1,Tuesday,False
UNOMINDA,2025-01-16,2025-01-20,rebalance,NIFTY AUTO,-5.332482566883911,-18369.0,4,58.80908710561529,3.9129498029856915,1.8920210224558032,0.9345344577902717,0.7938726210714203,1,Thursday,False
EICHERMOT,2025-01-16,2025-01-21,rebalance,NIFTY AUTO,-1.5422560323309242,-5293.800000000025,5,53.85607749898385,2.3405011832038154,4.522623284189109,0.9504872193193052,0.9624805225313763,1,Thursday,False
360ONE,2025-01-21,2025-01-22,rebalance,NIFTY MS FIN SERV,-4.401547614094925,-14864.89999999996,1,51.36258427381462,4.308533227513042,-1.5813384588502455,0.9265312415680529,1.075915274192922,1,Tuesday,False
BIOCON,2025-01-13,2025-01-27,rebalance,NIFTY MIDSML HLTH,1.382803943044908,7125.550000000016,14,52.58778871131831,3.394222014161467,8.024132730015099,0.9335378323108384,1.1987683755457086,1,Monday,True
MUTHOOTFIN,2025-01-14,2025-01-27,rebalance,NIFTY FINSEREXBNK,0.71332721237376,2454.3000000000147,13,52.52645290127268,2.8000429283627155,14.327485380116967,0.9410474544729496,0.9675903281766131,1,Tuesday,True
BSE,2025-01-15,2025-01-27,rebalance,NIFTY MS FIN SERV,-5.963183821623019,-20010.0,12,63.59717266933263,4.075600602308806,21.868652674339884,0.998963998963999,0.5819157494775857,1,Wednesday,False
MANAPPURAM,2025-01-22,2025-01-27,rebalance,NIFTY MS FIN SERV,-5.5746096749424,-18044.729999999978,5,64.01062959520286,4.067910726189265,9.641269261221751,0.8555974071478627,1.0446588605252223,1,Wednesday,False
BAJAJHLDNG,2025-01-27,2025-01-28,rebalance,NIFTY FINSEREXBNK,-1.4642818854304518,-4753.100000000042,1,52.13970108640454,3.6694116993171497,1.741781684830701,0.886182981283846,1.0655396131462251,1,Monday,False
ITC,2025-01-10,2025-01-29,rebalance,NIFTY FMCG,-2.593116454502597,-9196.0,19,69.02645691578857,2.3718865073523254,5.344118817132992,0.9839944328462072,1.326867863591153,1,Friday,False
BAJAJFINSV,2025-01-20,2025-02-01,stop,NIFTY FINSEREXBNK,-4.066941905198595,-13410.964614197164,12,61.512230187856915,2.414228105933333,5.962213994113741,0.8629830407320833,1.0760921457617842,1,Monday,False
MARICO,2025-01-13,2025-02-04,rebalance,NIFTY FMCG,1.2941352483542667,5830.099999999985,22,61.0405474257502,2.7064185657463393,8.211633146958208,0.9427362482369535,0.8084690306254313,1,Monday,True
EICHERMOT,2025-01-27,2025-02-11,stop,NIFTY AUTO,-0.7106364981024793,-2412.8738465622155,15,57.712159173787015,2.2286434519808145,2.8644364933720246,0.9686955703055125,1.0405949578813827,1,Monday,False
MUTHOOTFIN,2025-02-01,2025-02-11,rebalance,NIFTY FINSEREXBNK,0.2634653714861823,828.0,10,53.23661897963066,2.9288017444921275,2.205126979955563,0.9661988666548609,0.6735404266378252,2,Saturday,True
BAJAJFINSV,2025-02-04,2025-02-11,rebalance,NIFTY FINSEREXBNK,-3.7722321797876814,-17168.400000000023,7,64.61745038986294,3.1010037838103286,8.961446003103802,0.9018003680310339,1.1524550395400384,2,Tuesday,False
MANAPPURAM,2025-01-29,2025-02-12,stop,NIFTY MS FIN SERV,-6.749717562284607,-23552.976090427124,14,61.95005090346231,4.162647970404301,11.266161644927951,0.8733794674141556,0.9583142244840672,1,Wednesday,False
M&M,2025-02-11,2025-02-12,rebalance,NIFTY AUTO,-3.199987038027185,-11158.75,1,53.5655052876794,3.0870444861630535,8.889609724451141,0.9610258166983277,0.9837083779404562,2,Tuesday,False
SRF,2025-01-10,2025-02-14,rebalance,,6.977663185716887,36621.400000000045,35,72.71124353797386,3.1565604805778267,6.589228652065393,0.9727738509293541,1.5559097039287297,1,Friday,True
WIPRO,2025-01-27,2025-02-14,rebalance,NIFTY IT,2.038389672158991,9948.0,18,54.96470176482364,3.0572592768511075,0.9852216748768461,0.9620853080568722,1.1061098922700734,1,Monday,True
INDIGO,2025-02-11,2025-02-14,rebalance,NIFTY IND TOURISM,-2.1670894286343056,-7577.550000000015,3,51.0809166091955,3.001594185155453,-5.790015719009167,0.8642947954311114,1.0366010427245775,2,Tuesday,False
BLUESTARCO,2025-02-12,2025-02-14,rebalance,NIFTY CONSR DURBL,-1.5764015939450204,-5472.300000000008,2,52.59501899856756,5.716153862444692,-3.435170655158881,0.8534790699664178,1.1738775775211803,2,Wednesday,False
GODFRYPHLP,2025-02-17,2025-02-18,rebalance,,-2.770673486786024,-65.0,1,72.53924866690902,7.336458547021975,6.712564543889843,0.8546448087431694,2.5177491494251707,2,Monday,False
BHARTIARTL,2025-02-14,2025-02-19,stop,NIFTY INFRA,-4.172203054424239,-21778.19901398139,5,65.91623059527592,2.08610152721212,5.66198248156784,0.9694822426740444,1.006099696279996,2,Friday,False
MARUTI,2025-01-28,2025-02-20,stop,NIFTY AUTO,0.9373884772627016,4737.76055913715,23,62.93740360075749,1.9063710370490994,5.353818330112259,0.8983483505735202,0.9550525641653003,1,Tuesday,True
HDFCBANK,2025-02-17,2025-02-20,rebalance,NIFTY PVT BANK,-1.758472109001985,-5451.100000000009,3,53.500996093865126,1.741432342021973,-3.2152527075812287,0.917512554760124,0.7570702863808778,2,Monday,False
TECHM,2025-02-19,2025-02-20,rebalance,NIFTY IT,-1.654685176003956,-8276.999999999944,1,51.377571346423636,2.4473444998984366,-2.704174228675138,0.938412329165455,0.7952257946866047,2,Wednesday,False
MUTHOOTFIN,2025-02-14,2025-02-21,rebalance,NIFTY FINSEREXBNK,-1.8980886070335767,-9886.800000000045,7,55.94244149270591,3.355684046170262,6.807042588627188,0.9728621969108637,1.1450229284700328,2,Friday,False
WIPRO,2025-02-18,2025-02-21,rebalance,NIFTY IT,-1.974299640588861,-60.15000000000043,3,55.175229035963135,2.5856972935821663,6.288103117923716,0.9786173633440515,1.0362424283755656,2,Tuesday,False
BAJAJHLDNG,2025-02-11,2025-02-25,rebalance,NIFTY FINSEREXBNK,1.1156371595330672,4367.299999999963,14,53.056415756080995,3.940882705158012,6.220245098926558,0.9115495455553093,1.043025225456753,2,Tuesday,True
CIPLA,2025-02-20,2025-02-25,rebalance,NIFTY PHARMA,-1.1049537068324788,-3858.600000000032,5,54.662476345258646,2.3827379775540156,-2.587262200165419,0.8805117524546267,1.0392556386422969,2,Thursday,False
BSE,2025-02-21,2025-02-25,rebalance,NIFTY MS FIN SERV,-4.454284970044286,-15304.5,4,55.77345606502572,4.97877631085655,0.6189213085764811,0.9599899974993749,1.0774738645184623,2,Friday,False
ASHOKLEY,2025-02-25,2025-02-28,stop,NIFTY AUTO,-6.720657564613076,-25996.04111252856,3,59.785012937900056,3.360328782306542,-0.17961383026492417,0.8665141113653699,1.3159427757775348,2,Tuesday,False
KOTAKBANK,2025-01-27,2025-02-28,rebalance,NIFTY PVT BANK,1.1342934959721165,3846.100000000003,32,59.14775689135011,2.279881492092776,8.075407990996064,0.9726027397260275,1.1440576606714588,1,Monday,True
BAJAJHLDNG,2025-02-27,2025-02-28,rebalance,NIFTY FINSEREXBNK,-4.095735645660447,-494.2999999999993,1,55.226641773498784,4.629033994435956,5.0425735748372835,0.9554937137790164,1.1272952359195287,2,Thursday,False
BAJAJFINSV,2025-02-12,2025-03-04,rebalance,NIFTY FINSEREXBNK,-1.0174594040238905,-5226.39999999999,20,57.215301921650855,2.9655980770154553,15.227986917206437,0.889590689809519,1.1079485396797442,2,Wednesday,False
MANAPPURAM,2025-02-21,2025-03-04,rebalance,NIFTY MS FIN SERV,-3.012122510984938,-15328.180000000008,11,54.39888682087619,5.067727861757117,-0.6247559547051917,0.8817449194113525,1.1624463839798325,2,Friday,False
BAJFINANCE,2025-01-09,2025-03-05,rebalance,NIFTY FINSEREXBNK,14.010989010989006,75276.0,55,61.18756648371482,2.289082445760142,12.054586808188027,0.9369369369369369,1.0561274559235074,1,Thursday,True
BAJFINANCE,2025-03-06,2025-03-10,rebalance,NIFTY FINSEREXBNK,-0.8323424494649179,-2793.0,4,55.275065834663806,2.456219516941395,19.90358126721763,0.9661114302125215,0.8924923833215608,3,Thursday,False
PGEL,2025-03-06,2025-03-12,rebalance,NIFTY CONSR DURBL,-1.8774760291669133,-6409.200000000009,6,58.89537621100026,6.135548101408063,-11.766664816562134,0.8506886783237276,1.0009986605396246,3,Thursday,False
SBICARD,2025-01-16,2025-03-13,rebalance,NIFTY MS FIN SERV,10.24244437064099,51888.30000000002,56,65.28228954479378,2.603630842835817,3.571934798015608,0.9348609041231991,1.0101452592354019,1,Thursday,True
BLUESTARCO,2025-03-04,2025-03-21,rebalance,NIFTY CONSR DURBL,2.477804489086699,11815.34999999994,17,62.603719953005346,5.081809573623801,0.47058823529411153,0.8986545742337062,1.2933117652493051,3,Tuesday,True
SRF,2025-02-20,2025-03-25,rebalance,,5.356057083586685,27853.5,33,57.1362128042424,2.9890443078907594,24.35773994485535,0.9413012372695901,1.15997802344031,2,Thursday,True
HINDALCO,2025-03-05,2025-03-27,rebalance,NIFTY METAL,5.4765345706244695,18504.0,22,65.56165012373913,2.864085244938602,4.716422956639343,0.8631737902961067,1.0947858873084704,3,Wednesday,True
CHOLAFIN,2025-02-27,2025-04-01,rebalance,NIFTY FINSEREXBNK,3.0425491275793304,15650.499999999964,33,64.1227889596982,3.448980486900962,6.769135227449152,0.8762905436272271,0.9633153982488366,2,Thursday,True
SHRIRAMFIN,2025-02-28,2025-04-01,rebalance,NIFTY FINSEREXBNK,0.9236290070085084,4678.70000000004,32,67.35587470646149,3.6660802019914236,9.182330827067675,0.8506269808460796,1.147194554065002,2,Friday,True
BAJFINANCE,2025-03-12,2025-04-02,rebalance,NIFTY FINSEREXBNK,2.288340153089541,8863.999999999984,21,57.66222423131623,2.4496644619338426,12.162162162162172,0.9747271682940839,0.8796514737950224,3,Wednesday,True
SBICARD,2025-03-25,2025-04-03,rebalance,NIFTY MS FIN SERV,-1.0358472998137858,-5589.200000000057,9,61.21208009717811,2.23772700704865,1.7394993635977851,0.9928930490552955,0.7673062852368867,3,Tuesday,False
GODFRYPHLP,2025-04-01,2025-04-04,rebalance,,-6.036302237230895,-31889.0,3,71.98605193596255,4.666496048997511,37.31245923026745,0.863023679417122,0.29943314100367674,4,Tuesday,False
INDIGO,2025-02-20,2025-04-07,stop,NIFTY IND TOURISM,5.487472894606538,23960.53731558384,46,60.9433921823545,2.875458027919577,-2.2692669383368336,0.9012543421460963,0.9447374743045651,2,Thursday,True
KOTAKBANK,2025-03-11,2025-04-07,stop,NIFTY PVT BANK,4.315245478036167,14361.99999999999,27,52.50269996515934,1.9080842669236584,0.7657776604172328,0.9748110831234257,0.9903987725081286,3,Tuesday,True
MUTHOOTFIN,2025-03-13,2025-04-07,stop,NIFTY FINSEREXBNK,-2.110319393539273,-10660.499999999978,25,50.942449240795554,2.7714871674396857,-0.8313972028609173,0.94760117352662,1.4468929730609308,3,Thursday,False
BAJAJFINSV,2025-03-21,2025-04-07,stop,NIFTY FINSEREXBNK,-0.6631479225876258,-3234.0,17,53.03645788433663,2.7365143176822944,3.566926426770567,0.9187099020241707,1.1166252165735118,3,Friday,False
MAZDOCK,2025-03-27,2025-04-07,stop,NIFTY IND DEFENCE,-17.59697256385997,-62607.59999999996,11,71.53446491310173,4.315413192401059,19.890722822993734,0.938426989763944,1.0291314393433004,3,Thursday,False
INDHOTEL,2025-04-02,2025-04-07,stop,NIFTY IND TOURISM,-10.3776425947118,-41093.54999999999,5,62.555514599112314,3.1497935260040357,4.641323566557221,0.9331197662001911,1.1636684795681749,4,Wednesday,False
SHRIRAMFIN,2025-04-03,2025-04-07,stop,NIFTY FINSEREXBNK,-8.88939845601161,-47217.79999999998,4,56.68762836680478,3.3591943232131607,19.828815977175474,0.9014055394791235,0.9066349457089268,4,Thursday,False
HDFCBANK,2025-04-04,2025-04-07,stop,NIFTY PVT BANK,-3.5599464825532445,-17660.73786230142,3,62.86854794885563,1.779973241276623,7.2881156694486915,0.9708302169035153,1.0154468449283989,4,Friday,False
TORNTPHARM,2025-04-07,2025-04-09,rebalance,NIFTY PHARMA,-3.301325168931979,-16012.5,2,56.41910608168219,2.765512736548603,5.492009542795517,0.9090027408812988,0.9207043949138282,4,Monday,False
FEDERALBNK,2025-04-07,2025-04-11,rebalance,NIFTY MS FIN SERV,-0.1939101724228287,-927.2200000000114,4,54.2545338833449,2.682974058392586,4.7730361511280295,0.8856758262161158,1.0072052216242027,4,Monday,False
APOLLOHOSP,2025-04-07,2025-04-11,rebalance,NIFTY HEALTHCARE,1.461104544162306,4687.199999999983,4,60.50240342343076,2.172989169426328,3.7908558251170676,0.8986855817393351,0.9997138853883706,4,Monday,True
JUBLFOOD,2025-04-07,2025-04-11,rebalance,NIFTY IND TOURISM,2.337041738221446,7605.899999999989,4,53.79649734024789,3.5762083934856617,3.6427457098283877,0.8735324810853117,0.9618690977597554,4,Monday,True
MARICO,2025-04-07,2025-04-16,rebalance,NIFTY FMCG,8.722553384139452,28668.800000000032,9,62.17244852386676,2.5432270855777652,3.0847109072213774,0.9346262341325811,0.9478586941638464,4,Monday,True
HDFCLIFE,2025-04-07,2025-04-17,rebalance,NIFTY FINSEREXBNK,8.123733012988943,39601.19999999993,10,52.96938672118849,2.4898657692022117,8.988317571326409,0.8776357406431208,0.921304982819183,4,Monday,True
MFSL,2025-04-07,2025-04-17,rebalance,NIFTY MS FIN SERV,7.935663963844197,38685.59999999998,10,55.036710939316436,3.2919543680112575,5.216354968830217,0.8762618419009164,0.9261864309155673,4,Monday,True
SHRIRAMFIN,2025-04-17,2025-04-25,stop,NIFTY FINSEREXBNK,-7.380574814774931,-38495.56521602904,8,62.886148806262014,3.6902874073874665,10.432986141000256,0.9532175830232879,0.9628933663178553,4,Thursday,False
MANAPPURAM,2025-03-05,2025-04-25,rebalance,NIFTY MS FIN SERV,9.93586179437389,16592.3,51,54.64984136386385,4.5646190930643575,13.84290634373957,0.8920812894183603,1.329804710605058,3,Wednesday,True
LTF,2025-04-25,2025-04-28,stop,NIFTY MS FIN SERV,-6.636568903277129,-23144.89070029069,3,66.84833950629863,3.3182844516385672,21.494841534921694,0.9099947396107313,1.1626780574773314,4,Friday,False
CHOLAFIN,2025-04-17,2025-04-29,rebalance,NIFTY FINSEREXBNK,-6.476406476406471,-33718.39999999999,12,62.54870896644359,3.715287483811208,4.877262139401539,0.9668341708542714,1.1148766333436386,4,Thursday,False
BAJFINANCE,2025-04-09,2025-04-30,stop,NIFTY FINSEREXBNK,-1.3445123675416504,-6306.697439865796,21,53.02153687238806,2.78586587548562,3.3373063170440975,0.9609460946094609,1.0376015960135825,4,Wednesday,False
BAJAJFINSV,2025-04-11,2025-04-30,stop,NIFTY FINSEREXBNK,-0.466756937149626,-1600.9473554931028,19,57.63999562990886,2.83075484130474,1.3510304245718752,0.9679713532600587,1.2570236736406657,4,Friday,False
GMRAIRPORT,2025-04-28,2025-05-06,rebalance,NIFTY IND TOURISM,-1.9835568901173328,-6479.600000000019,8,67.28699391637606,3.142893726606001,24.248066456602714,0.86670598643468,1.438810509050751,4,Monday,False
BDL,2025-04-30,2025-05-07,rebalance,NIFTY IND DEFENCE,-5.341265690376562,-18219.09999999996,7,71.99261071464872,4.642381739478752,34.20780441936999,0.8832173687097612,1.2822679698181902,4,Wednesday,False
INDIGO,2025-04-07,2025-05-08,stop,NIFTY IND TOURISM,2.4200675123045245,11710.801074674591,31,57.60896212595227,3.0448975086480807,17.933141210374657,0.9728733569952025,1.1101509151904072,4,Monday,True
HDFCBANK,2025-04-11,2025-05-09,rebalance,NIFTY PVT BANK,4.582687624529558,15359.399999999992,28,58.21263387184877,1.9823564569704009,4.506812623733536,0.9652740677422802,1.0913220561437698,4,Friday,True
HDFCAMC,2025-04-25,2025-05-09,rebalance,NIFTY FINSEREXBNK,-2.541721084793513,-8132.899999999987,14,61.93069827858077,3.4208327509058383,16.225830512364436,0.9077971364498878,1.2675127855769461,4,Friday,False
ICICIBANK,2025-05-06,2025-05-09,rebalance,NIFTY PVT BANK,-2.9826767253422592,-9522.09999999996,3,69.92488887464121,1.7568722780293244,17.611227723587277,0.9994414967886064,1.0782373448861144,5,Tuesday,False
BAJAJFINSV,2025-05-08,2025-05-09,rebalance,NIFTY FINSEREXBNK,-1.7946161515453585,-8892.0,1,52.390392197805646,3.035590957338071,7.263183929209371,0.9529691211401425,1.010246637949223,5,Thursday,False
MANAPPURAM,2025-05-09,2025-05-12,rebalance,NIFTY MS FIN SERV,0.9229288776134936,3129.1299999999783,3,52.17333975220285,2.3228824706403994,11.011818968002318,0.9510774606872452,0.41892581550509034,5,Friday,True
MUTHOOTFIN,2025-05-09,2025-05-13,rebalance,NIFTY FINSEREXBNK,-0.5875493362037965,-1978.0999999999865,4,51.59046547718742,3.6897020853740554,-0.9538552598629457,0.9226758261085477,1.4274724018089764,5,Friday,False
GODFRYPHLP,2025-04-16,2025-05-21,rebalance,,16.462418300653603,58838.0,35,66.88416771752696,4.390793869552026,-3.2479414455626743,0.8918032786885246,0.24244904317190097,4,Wednesday,True
INDIGO,2025-05-12,2025-05-23,rebalance,NIFTY IND TOURISM,0.8125627681913716,2759.0,11,58.97304903267807,3.899887359063878,15.710864039996242,0.9852478186561122,1.2183527759560162,5,Monday,True
MAZDOCK,2025-04-29,2025-06-11,stop,NIFTY IND DEFENCE,9.73994296020031,47186.51726270488,43,69.58816206281539,4.84025502007243,27.41734104046243,1.0,1.0010672727942582,4,Tuesday,True
BDL,2025-05-09,2025-06-12,rebalance,NIFTY IND DEFENCE,22.143883013448228,98707.2,34,62.31852085999938,5.081770015264966,34.15745544777802,0.8844876865779369,1.4485174531709857,5,Friday,True
NAM-INDIA,2025-05-13,2025-06-12,rebalance,NIFTY CAPITAL MKT,4.438889062339713,14928.449999999992,30,65.9545118525279,4.716340692640539,17.0486974132376,0.8746742772056086,1.11446514578483,5,Tuesday,True
CDSL,2025-06-11,2025-06-12,rebalance,NIFTY MS FIN SERV,-5.47315166149247,-29036.00000000001,1,74.98929473487267,3.2902850941903,29.61298186804815,0.8856190015529137,1.289785480633327,6,Wednesday,False
BSE,2025-04-01,2025-06-13,stop,NIFTY MS FIN SERV,45.60922063666302,233511.0,73,63.818923035746316,5.368908713480895,-16.40625,0.9112278069517379,1.8157136191671766,4,Tuesday,True
ANGELONE,2025-05-23,2025-06-13,stop,NIFTY MS FIN SERV,-4.524112797543367,-15578.284765932853,21,79.38149667888662,3.9801333597361435,21.098140942498933,0.8971744829595106,0.954456485968968,5,Friday,False
PNBHOUSING,2025-04-11,2025-06-13,rebalance,NIFTY MS FIN SERV,7.780273636920554,36271.19999999997,63,66.90728637977861,4.3293886702015145,19.987200000000005,0.8613517435468977,1.2921449621974466,4,Friday,True
HDFCAMC,2025-06-12,2025-06-16,stop,NIFTY FINSEREXBNK,-6.580818133809974,-28998.0,4,64.78101325011275,2.7037724130107943,7.1503584311218615,0.9643514709914992,1.1425821293958067,6,Thursday,False
BSE,2025-06-13,2025-06-18,rebalance,NIFTY MS FIN SERV,-2.8769548539392176,-16302.0,5,57.19963750159168,3.9205498144937976,35.5139755139755,0.9021095361682304,0.793509375604989,6,Friday,False
HAL,2025-05-21,2025-06-19,rebalance,NIFTY IND DEFENCE,-1.975565375617372,-8200.400000000016,29,66.32415298990448,3.6111773326551466,15.495482401957217,0.8895667873246829,1.349441973595825,5,Wednesday,False
CDSL,2025-06-16,2025-06-19,rebalance,NIFTY MS FIN SERV,-2.662546059669557,-10931.19999999999,3,63.24843028836642,3.6686396414470748,34.7584341423097,0.856699167536468,1.2258361182209285,6,Monday,False
BDL,2025-06-13,2025-06-24,rebalance,NIFTY IND DEFENCE,-2.54210526315789,-14441.699999999986,11,57.032463933007755,4.359726107875319,35.254616675993276,0.9426941205656165,1.1719047975171821,6,Friday,False
BSE,2025-06-24,2025-07-04,rebalance,NIFTY MS FIN SERV,-5.399195864445727,-29779.20000000002,10,60.26762825518798,3.9418810025281754,28.00384338217632,0.9268649763758567,0.7353111515355392,6,Tuesday,False
MFSL,2025-05-09,2025-07-07,rebalance,NIFTY MS FIN SERV,23.67923040529885,79879.79999999999,59,61.92462867906294,2.4839638565518425,23.823096289962464,0.970462197734925,1.0822779842310815,5,Friday,True
HDFCAMC,2025-06-18,2025-07-07,rebalance,NIFTY FINSEREXBNK,1.132886794013066,6219.800000000021,19,58.845539088109554,2.8240597800138088,18.20281929187686,0.9474673874720884,0.9964522786791237,6,Wednesday,True
MANAPPURAM,2025-06-19,2025-07-09,rebalance,NIFTY MS FIN SERV,-0.808895746784033,-3064.420000000031,20,63.179650560713974,3.013852209451499,17.30994152046783,0.9429777491593332,0.9853350469643276,6,Thursday,False
BDL,2025-07-07,2025-07-10,rebalance,NIFTY IND DEFENCE,-2.598672361447018,-10100.0,3,56.11762762244382,3.575805299225009,6.540928778990063,0.9641776234185065,0.7860008685491358,7,Monday,False
MCX,2025-06-12,2025-07-11,stop,NIFTY MS FIN SERV,10.297933529865588,39442.115212738194,29,68.38762491879676,3.408433129779259,15.63517915309447,0.9440603394091767,1.1742567250705844,6,Thursday,True
BEL,2025-04-30,2025-07-11,rebalance,NIFTY IND DEFENCE,30.308818847500785,140134.4,72,64.75588637458779,3.006729220447355,11.250545613269324,0.9362146050670641,0.9664039886466202,4,Wednesday,True
GVT&D,2025-06-12,2025-07-11,rebalance,NIFTY ENERGY,1.0525859828467654,6026.400000000045,29,67.22588407764894,4.312333146969478,59.23734385272847,0.9531791907514451,1.3979831153101572,6,Thursday,True
CDSL,2025-07-04,2025-07-11,rebalance,NIFTY MS FIN SERV,-4.1872340425531895,-21844.79999999999,7,61.08519325765022,3.062994967414902,24.964508801817153,0.897380412922278,0.8423483209146098,7,Friday,False
AUBANK,2025-05-07,2025-07-16,rebalance,NIFTY MS FIN SERV,15.821751579991306,52199.54999999998,70,68.26255543126891,3.594617692344125,35.23271403945603,0.9137541528239203,1.309067528404845,5,Wednesday,True
LTF,2025-07-07,2025-07-17,rebalance,NIFTY MS FIN SERV,-3.84559849833952,-22419.940000000024,10,68.31990778590776,2.7837493587157365,17.525243881567686,0.9996632024634334,1.1457054529070514,7,Monday,False
ABCAPITAL,2025-06-19,2025-07-18,rebalance,NIFTY MS FIN SERV,3.390957446808507,14574.270000000026,29,77.29586277565542,2.7958043416197698,23.737013648400882,0.9978534910041759,1.1747169262069208,6,Thursday,True
360ONE,2025-06-13,2025-07-22,stop,NIFTY MS FIN SERV,-0.8274871118781113,-3652.308827745327,39,71.34968226158557,4.290727424948048,4.571568868156151,0.8792352465019465,0.7669748006560084,6,Friday,False
MOTILALOFS,2025-07-11,2025-07-24,rebalance,NIFTY CAPITAL MKT,-3.1571061643835607,-17936.0,13,67.94205043225506,3.3940508264509175,17.902780453348743,0.9074487714868408,0.812120179296774,7,Friday,False
GODFRYPHLP,2025-07-16,2025-07-24,rebalance,,-5.505473277527361,-21033.0,8,65.05413860261152,4.221542654941014,1.9791291831594116,0.9955128205128205,1.9490966650255428,7,Wednesday,False
NAM-INDIA,2025-07-10,2025-07-25,rebalance,NIFTY CAPITAL MKT,-0.6413182850065424,-2466.7999999999693,15,63.38548980878946,2.9550834248475617,11.613530596652089,1.0,0.8528562694467797,7,Thursday,False
POLYCAB,2025-07-11,2025-07-25,rebalance,,0.4324807993438151,1711.0,14,65.10151541112002,2.2676385673684036,14.175235829013344,0.8891644069032733,1.0938287401230837,7,Friday,True
MANAPPURAM,2025-07-17,2025-07-25,rebalance,NIFTY MS FIN SERV,-1.865533801256003,-10458.550000000025,8,56.31058912999423,2.4748189413196586,14.533454121910182,0.9683766187307719,0.7028238930399152,7,Thursday,False
RBLBANK,2025-07-11,2025-07-28,rebalance,NIFTY MS FIN SERV,-4.126287098728055,-23435.000000000076,17,67.78291752393082,3.4769634410184325,20.904977375565625,1.0,0.9092379529069334,7,Friday,False
LTF,2025-07-24,2025-07-28,rebalance,NIFTY MS FIN SERV,-3.8600666349357327,-20607.50999999996,4,60.65337703429107,2.76423413439312,8.955061082024418,0.9840288511076765,1.1319107252399119,7,Thursday,False
MUTHOOTFIN,2025-07-09,2025-07-29,rebalance,NIFTY FINSEREXBNK,-1.0772603568188654,-4047.0,20,67.15258614928496,2.2691537332108327,25.641271056661562,0.9935406339191827,0.6080152548431368,7,Wednesday,False
DELHIVERY,2025-07-28,2025-07-30,rebalance,NIFTY MULTI INFRA,-4.593680774163467,-23147.50000000005,2,63.881094564421474,2.625787137836068,16.471695576173182,0.965443493921657,0.8317117807237842,7,Monday,False
POLYCAB,2025-07-28,2025-08-01,rebalance,,-2.040219378427788,-11299.5,4,57.91356214231186,2.1996246895097595,14.615885416666675,0.9066679042876938,1.039583703872119,7,Monday,False
GLENMARK,2025-07-22,2025-08-05,rebalance,NIFTY MIDSML HLTH,-4.879744195745872,-21375.90000000004,14,74.90972733051723,3.154910473457521,47.034346103038295,0.9691022589482194,1.637673127825467,7,Tuesday,False
MOTILALOFS,2025-07-29,2025-08-05,rebalance,NIFTY CAPITAL MKT,-2.842969916791127,-10553.39999999999,7,59.31332383193558,3.476791400143861,6.407192443382259,0.9103622414295425,0.8695377077859243,7,Tuesday,False
ETERNAL,2025-07-24,2025-08-07,stop,NIFTY INTERNET,-6.89602848271088,-26086.199999999957,14,79.41984979697398,3.039702887412971,1.2043966323666888,1.0,0.8432019662409006,7,Thursday,False
MOTILALOFS,2025-08-07,2025-08-08,rebalance,NIFTY CAPITAL MKT,-1.329265635214638,-4672.599999999974,1,52.67315753216655,3.2713016918154474,11.36919315403424,0.8913275711372244,0.6041647638293366,8,Thursday,False
HDFCAMC,2025-07-11,2025-08-11,rebalance,NIFTY FINSEREXBNK,7.526366251198469,42578.40000000002,31,57.242946888999754,2.3340003566342187,6.5400752627708725,0.9806087671876836,0.6965450564382077,7,Friday,True
RBLBANK,2025-07-30,2025-08-11,rebalance,NIFTY MS FIN SERV,-1.241642788920727,-5970.25,12,59.7469820957678,3.2485814332066836,17.525305251690803,0.9725421713606303,1.0839148809906534,7,Wednesday,False
MOTILALOFS,2025-08-11,2025-08-12,rebalance,NIFTY CAPITAL MKT,-0.7892874639377268,-4487.75,1,52.75783797201913,3.18162119464267,11.080481812189124,0.8920559386228998,0.5984732760913013,8,Monday,False
SBIN,2025-08-12,2025-08-19,rebalance,NIFTY PSU BANK,1.1942481111381964,6732.5999999999685,7,59.2134892039386,1.4283140608329534,0.6537591149107458,0.9459365994236312,1.0320995924834808,8,Tuesday,True
INDIANB,2025-08-11,2025-08-25,rebalance,NIFTY PSU BANK,-0.8864307902113788,-4563.000000000018,14,67.34768764795865,2.4486597194373663,3.3920741292297496,1.0,0.7999958558414784,8,Monday,False
GVT&D,2025-07-18,2025-08-26,rebalance,NIFTY ENERGY,14.074293953015026,62397.20000000002,39,54.43237896037487,3.562844831555196,4.082270009815292,0.9666734986677598,0.8225441805031095,7,Friday,True
NAM-INDIA,2025-08-19,2025-08-26,rebalance,NIFTY CAPITAL MKT,-4.177788093303936,-23832.0,7,65.40772141896966,2.8796748330774196,0.737453909130692,0.9911433172302738,0.7973960618667545,8,Tuesday,False
HDFCAMC,2025-08-25,2025-08-28,stop,NIFTY FINSEREXBNK,-3.89403729395843,-19870.23260311238,3,73.25319454278443,1.9470186469792123,13.568267630222097,1.0,0.9473298534468662,8,Monday,False
DELHIVERY,2025-08-01,2025-09-01,rebalance,NIFTY MULTI INFRA,10.212864952890532,55401.79999999997,31,60.224059010792956,2.9922775695848096,18.136369948618245,0.9676947321026566,0.8985032812460435,8,Friday,True
GODFRYPHLP,2025-08-05,2025-09-02,rebalance,,1.8529769137302528,7381.0,28,63.46020631708901,4.373123174614559,9.154155986818013,1.0,1.7104031009168401,8,Tuesday,True
ABCAPITAL,2025-08-05,2025-09-02,rebalance,NIFTY MS FIN SERV,-2.532497355153429,-9619.499999999984,28,63.121292762566846,3.218353496747709,-1.081886245149155,1.0,0.8116804490019155,8,Tuesday,False
FORTIS,2025-07-25,2025-09-12,rebalance,NIFTY MIDSML HLTH,14.71823073738987,55255.80000000002,49,69.4960335376733,2.4277680905019356,4.611555089741914,0.9988187348650405,0.8387510139751735,7,Friday,True
PAYTM,2025-07-25,2025-09-17,rebalance,NIFTY MS FIN SERV,14.455630999765855,80725.04999999996,54,70.18499278646445,3.2353509549554444,4.121835854254385,0.9651977401129943,0.976695208539621,7,Friday,True
GODFRYPHLP,2025-09-17,2025-09-19,rebalance,,-1.2881545785494275,-7774.0,2,54.10858049991344,5.846473092771817,24.12840869865378,0.9617559924589281,1.6454444808117654,9,Wednesday,False
CUMMINSIND,2025-07-25,2025-09-23,rebalance,,13.298067947158486,52651.19999999999,60,57.622456213477584,2.1272677526283075,4.488638042611037,0.9120838009726898,0.7608585773307466,7,Friday,True
HAL,2025-09-19,2025-09-24,stop,NIFTY IND DEFENCE,-3.751755035245552,-22686.585068257224,5,73.11824388312604,1.8758775176227704,4.4136413641364225,0.9587534372135655,0.9970923451443111,9,Friday,False
ADANIPOWER,2025-09-23,2025-09-24,stop,NIFTY COMMODITIES,-9.332984876641282,-41880.407018135775,1,76.69549746438082,4.66649243832064,12.389770723104053,0.9535976505139501,1.973754901955081,9,Tuesday,False
MANAPPURAM,2025-09-02,2025-09-25,rebalance,NIFTY MS FIN SERV,-0.0542252397985887,-226.09999999999525,23,64.90176158597347,2.7499185859578237,2.2822365918600207,1.0,0.7698632442365078,9,Tuesday,False
ETERNAL,2025-08-08,2025-09-26,stop,NIFTY INTERNET,6.638030928163508,24855.74171880723,49,62.395953010757424,2.830362327832649,20.29763549520387,0.9608813667571451,1.1557888998002783,8,Friday,True
BAJFINANCE,2025-09-24,2025-09-26,stop,NIFTY FINSEREXBNK,-3.787838966098822,-22350.020714699727,2,75.52182697063668,1.8939194830494106,13.803230543318644,1.0,1.025881780594444,9,Wednesday,False
UNOMINDA,2025-08-26,2025-09-26,rebalance,NIFTY AUTO,-0.618734335839588,-2930.8999999999496,31,75.32995746409398,2.6698956928690616,11.528615834704702,0.994857410004675,1.4223276228472213,8,Tuesday,False
ADANIPOWER,2025-09-25,2025-09-30,rebalance,NIFTY COMMODITIES,-2.91946308724832,-12166.949999999984,5,61.53468312196704,5.796303691414504,8.930112165660042,0.8751835535976505,2.1141911220194114,9,Thursday,False
KAYNES,2025-09-26,2025-10-01,rebalance,NIFTY MULTI INFRA,-2.4353423792994544,-9646.999999999982,5,66.81647483411167,2.826233482379799,18.569178479648517,0.966232535488414,1.0802049996989112,9,Friday,False
ASHOKLEY,2025-09-24,2025-10-06,rebalance,NIFTY AUTO,-3.149163503444385,-12557.439999999971,12,67.16255583414052,2.5353387988172336,11.557911908646012,0.9876423215773397,1.3187718016050114,9,Wednesday,False
MANAPPURAM,2025-10-06,2025-10-10,rebalance,NIFTY MS FIN SERV,-2.0636285468615623,-7968.0,4,57.51780649558023,2.6947169303357024,8.2063305978898,0.9819317798041202,0.8258222431124624,10,Monday,False
HAL,2025-09-26,2025-10-13,rebalance,NIFTY IND DEFENCE,0.1963640970418456,902.0999999999294,17,55.132249534859056,2.0395862131813933,8.319746177235254,0.9236304776020439,1.0459517405868957,9,Friday,True
MUTHOOTFIN,2025-09-02,2025-10-23,stop,NIFTY FINSEREXBNK,16.206791011959076,62544.29167268272,51,55.23038769249641,2.573076221537516,2.0109066121336117,0.9748582162337895,1.3261294748817727,9,Tuesday,True
EICHERMOT,2025-08-28,2025-10-23,rebalance,NIFTY AUTO,12.253383336050884,59368.5,56,77.00914389141566,1.8535471081703503,4.542653402588259,0.9970736465615347,1.2528860603419074,8,Thursday,True
MARUTI,2025-09-30,2025-10-28,rebalance,NIFTY AUTO,1.7593112483623496,7050.0,28,70.51708152832276,1.7346915804107774,27.855440826052423,0.9842195750951738,1.2473267936923522,9,Tuesday,True
NAM-INDIA,2025-09-12,2025-10-29,stop,NIFTY CAPITAL MKT,5.104198127453952,21970.0,47,54.23346366603088,2.884871581178415,-5.662273183994337,0.9520933977455717,0.973609665085743,9,Friday,True
360ONE,2025-10-23,2025-10-29,stop,NIFTY MS FIN SERV,-5.107588320786139,-21014.46219109797,6,71.35513173607028,2.5537941603930707,13.231850117096023,0.9088386077169178,1.0965287140241071,10,Thursday,False
HEROMOTOCO,2025-09-01,2025-10-30,rebalance,NIFTY AUTO,5.167810831426389,29810.0,59,73.90872854894735,2.448332874943519,15.657325341910976,0.8683556880278192,1.5470898354434834,9,Monday,True
BAJFINANCE,2025-09-26,2025-10-31,rebalance,NIFTY FINSEREXBNK,5.8572733732615845,34331.49999999996,35,56.18147705393075,2.0924248150309617,13.209376604117962,0.9566399611556203,1.1222250625225496,9,Friday,True
ADANIPOWER,2025-10-01,2025-11-03,rebalance,NIFTY COMMODITIES,2.7656122439557285,10692.36000000003,33,62.482531414279556,5.330046674389862,21.632996632996626,0.8958002936857562,2.2490232787946987,10,Wednesday,True
MCX,2025-11-03,2025-11-07,stop,NIFTY MS FIN SERV,-5.307118936717215,-21028.928074848274,4,67.13715649654725,2.6535594683586052,22.91941875825627,0.9984276729559748,1.2232128928680737,11,Monday,False
RBLBANK,2025-10-31,2025-11-18,rebalance,NIFTY MS FIN SERV,-3.7689597058372937,-23099.40000000002,18,71.71795649875992,2.8902230829930566,15.987518355359764,0.9990815857951938,1.3313821894223656,10,Friday,False
INDIANB,2025-10-13,2025-11-21,rebalance,NIFTY PSU BANK,8.720589193769147,40139.99999999999,39,76.41915435245919,2.002953732563529,13.001446296719177,1.0,1.17955535089615,10,Monday,True
BANKBARODA,2025-10-29,2025-11-24,rebalance,NIFTY PSU BANK,2.650375939849625,10857.000000000018,26,64.88366810421249,2.052884145907125,15.156181258249003,0.9916123019571296,1.1106424774229866,10,Wednesday,True
BANKINDIA,2025-10-23,2025-12-03,stop,NIFTY PSU BANK,2.897449265456431,16822.757328317683,41,72.81342499291088,2.4211829859527563,11.87928669410152,1.0,1.4397123927451105,10,Thursday,True
SBIN,2025-10-29,2025-12-03,rebalance,NIFTY PSU BANK,1.2024474594307,5209.299999999979,35,78.3521507636365,1.431891584093329,12.246538081107827,1.0,1.1235497095439508,10,Wednesday,True
BSE,2025-11-21,2025-12-03,rebalance,NIFTY MS FIN SERV,-3.750481055172661,-18760.000000000047,12,69.57877208238956,3.0305470735734463,38.594255465150475,0.9510547680841153,1.1195986976471153,11,Friday,False
CANBK,2025-10-30,2025-12-08,stop,NIFTY PSU BANK,7.068403196638973,42875.85585932455,39,68.19113987118467,2.363631701136852,16.846734869490376,1.0,1.274485871776643,10,Thursday,True
BHARATFORG,2025-12-03,2025-12-08,rebalance,NIFTY AUTO,-2.353024809838644,-10658.200000000044,5,58.493105358458685,2.196722990217928,16.72647202740172,0.972687041902918,1.153842797866186,12,Wednesday,False
BANKBARODA,2025-12-03,2025-12-08,rebalance,NIFTY PSU BANK,-0.6294964028776939,-2681.0,5,53.30094298494252,2.349004022690289,7.566422795533323,0.9666203059805284,0.9001743760661938,12,Wednesday,False
BSE,2025-12-08,2025-12-09,stop,NIFTY MS FIN SERV,-5.88414700233868,-27173.108539740075,1,55.30732887057572,2.942073501169339,15.040650406504064,0.9312570706062421,0.9557377302394993,12,Monday,False
HEROMOTOCO,2025-12-08,2025-12-09,rebalance,NIFTY AUTO,-2.6917463920869134,-16932.0,1,62.451172903502915,2.017932031103354,12.832691101353166,0.9711046374301237,0.9998655408583028,12,Monday,False
MCX,2025-12-08,2025-12-10,rebalance,NIFTY MS FIN SERV,-3.1418753068237604,-13312.0,2,60.88801219951755,2.7118570016764423,9.431939978563776,0.9769784172661871,0.9168163983745001,12,Monday,False
BANKBARODA,2025-12-09,2025-12-10,rebalance,NIFTY PSU BANK,-1.282279608192349,-8010.000000000051,1,54.696007548284946,2.431493118776195,12.256049960968006,0.9761821974965229,0.8793116646559545,12,Tuesday,False
CANBK,2025-12-09,2025-12-10,rebalance,NIFTY PSU BANK,-0.4310344827586299,-1819.6300000000408,1,53.85584890998366,2.636215919392876,21.147513994073087,0.961609023578175,0.9494878030724436,12,Tuesday,False
EICHERMOT,2025-12-10,2025-12-16,rebalance,NIFTY AUTO,-2.310299508888425,-14028.0,6,60.24285456132072,1.9061977964283967,0.969558708205609,0.9958669146517876,1.246702783025716,12,Wednesday,False
LTF,2025-08-26,2025-12-18,rebalance,NIFTY MS FIN SERV,36.29545454545456,209765.95000000007,114,64.85199874671406,2.6045742813113186,4.456851325985456,0.9878760664571172,0.7504112169486657,8,Tuesday,True
CUMMINSIND,2025-12-10,2025-12-18,rebalance,,-3.31371122428733,-13827.600000000017,8,64.38707287622388,2.0520501175204897,12.672224440894574,0.9981294837375115,1.1297160331349956,12,Wednesday,False
SBIN,2025-12-18,2025-12-26,rebalance,NIFTY PSU BANK,-1.150836274359368,-7335.0,8,59.91326768968328,1.3883780480322536,2.5006650704974653,0.9935460920825286,0.9242419581111333,12,Thursday,False
MUTHOOTFIN,2025-11-24,2025-12-29,rebalance,NIFTY FINSEREXBNK,3.378154050464799,14163.59999999999,35,66.23706933198903,2.2899561419920573,19.589759898235016,0.9611487834064619,1.2251881550311208,11,Monday,True
MOTHERSON,2025-12-10,2025-12-30,rebalance,NIFTY AUTO,2.9833563515885286,12592.739999999972,20,60.82525035398658,2.4423576770355613,10.210834830292148,0.9750125775616301,1.1985868792442536,12,Wednesday,True
FEDERALBNK,2025-11-07,2026-01-05,rebalance,NIFTY MS FIN SERV,11.072831162128471,42016.51999999995,59,78.18498056389642,1.8331987265794145,19.550939361539644,0.9973517171802093,1.6256078044212359,11,Friday,True
360ONE,2025-12-18,2026-01-05,rebalance,NIFTY MS FIN SERV,4.881035689293212,27007.19999999998,18,53.46165993366822,2.8700541226131517,0.8076684121771427,0.8813167328373742,1.0849416103185088,12,Thursday,True
CANBK,2025-12-16,2026-01-07,rebalance,NIFTY PSU BANK,3.937671088650241,23354.43000000006,22,54.81521785368001,2.3705024583805736,13.206943444524445,0.9680641435075084,0.8080465608594055,12,Tuesday,True
HINDZINC,2025-12-29,2026-01-08,stop,NIFTY METAL,-4.787843855674168,-20730.64571849081,10,74.72278976981602,3.0039572379290407,24.07797681770285,0.9712648190311689,1.6814075592477793,12,Monday,False
NMDC,2025-12-26,2026-01-09,stop,NIFTY METAL,-2.8009093639316363,-17647.2983422859,14,71.52002089828139,2.1062532023643836,4.636414881623452,1.0,1.0200588029937672,12,Friday,False
MANAPPURAM,2026-01-07,2026-01-09,stop,NIFTY MS FIN SERV,-5.212414426987023,-32131.787999972,2,70.40517419321986,2.6062072134935095,10.058855002675227,1.0,1.1812549534409538,1,Wednesday,False
APLAPOLLO,2026-01-05,2026-01-12,stop,NIFTY METAL,-4.189719684827054,-19106.378678716814,7,73.61366249867129,2.108344237299681,7.105994442238983,0.9980710659898477,1.160821372814205,1,Monday,False
BAJAJ-AUTO,2026-01-08,2026-01-12,stop,NIFTY AUTO,-3.6616763403436337,-15010.712606368092,4,71.64670745158598,1.8308381701718193,7.580617930102984,0.9970376423719292,0.9637967795563412,1,Thursday,False
AUBANK,2025-10-28,2026-01-13,stop,NIFTY MS FIN SERV,9.36633682687753,38157.86615347894,77,78.01128414836973,2.3389443729483284,24.61471986173125,1.0,1.2233760747777518,10,Tuesday,True
EICHERMOT,2026-01-09,2026-01-14,stop,NIFTY AUTO,-3.20214577510024,-17067.34091691103,5,63.86224555741272,1.6010728875501221,2.9331274998245727,0.9900428618529509,0.9347900898570024,1,Friday,False
NMDC,2026-01-12,2026-01-19,rebalance,NIFTY METAL,-0.4543855715769762,-1765.6499999999846,7,54.11125144337958,2.882823667276821,14.143537987104015,0.9489356613250417,1.4182601977366163,1,Monday,False
MANAPPURAM,2026-01-13,2026-01-20,rebalance,NIFTY MS FIN SERV,-2.012660282421685,-8996.199999999984,7,55.46985914530161,3.598758132841715,12.090909090909086,0.9629571741169116,1.5334200792785349,1,Tuesday,False
BANKBARODA,2026-01-05,2026-01-21,rebalance,NIFTY PSU BANK,-2.5399495374264114,-13959.95000000002,16,69.9095877562736,1.8978086809494705,0.3060306030603144,1.0,0.8425080036434127,1,Monday,False
APLAPOLLO,2026-01-12,2026-01-21,rebalance,NIFTY METAL,-1.3754724905501892,-6078.400000000011,9,58.09929155329329,2.1512904377443984,13.797893274684569,0.9669035532994924,1.0915521284106136,1,Monday,False
MCX,2026-01-19,2026-01-22,stop,NIFTY MS FIN SERV,-5.981303048519814,-23100.450316718845,3,70.90975729149525,2.990651524259908,5.083932853717021,0.9930498773507768,1.0364189429939292,1,Monday,False
MUTHOOTFIN,2026-01-21,2026-01-22,rebalance,NIFTY FINSEREXBNK,-1.1442174781139514,-5095.799999999979,1,57.106640492235975,2.1148104977280373,3.0227493374616277,0.9864902401454508,0.9380009295324246,1,Wednesday,False
BANKBARODA,2026-01-22,2026-01-23,rebalance,NIFTY PSU BANK,-3.009298393913773,-10564.299999999974,1,57.88854909056487,2.2865282941640053,3.633518776077871,0.9904554588077695,0.9433264387830201,1,Thursday,False
NATIONALUM,2025-10-10,2026-01-30,stop,NIFTY METAL,72.23097607312685,279764.0919699413,112,63.235669004745226,2.874968895449823,15.05566538341483,0.8919198345792907,1.2980670471113398,10,Friday,True
HINDZINC,2026-01-09,2026-01-30,stop,NIFTY METAL,6.723504378601231,44525.96399599759,21,56.8881742869479,3.3514859483882415,33.17801546118817,0.9430104182864252,1.6858853668618843,1,Friday,True
SBIN,2025-12-30,2026-02-01,stop,NIFTY PSU BANK,5.2495697535895,22791.46379777741,33,56.1014442640215,1.2139340858916547,2.433895810334863,0.9893790019310906,0.8533486669104458,12,Tuesday,True
BANKINDIA,2026-01-14,2026-02-01,stop,NIFTY PSU BANK,-0.6472694552074887,-3339.1631162846247,18,65.77667572706218,2.546861408947671,2.911259207295669,1.0,0.7920773749117855,1,Wednesday,False
MCX,2026-01-23,2026-02-01,stop,NIFTY MS FIN SERV,0.7887817703768674,2682.0,9,54.41956053386039,3.7108093517065983,20.61143984220908,0.9329517579721995,1.0957518730768696,1,Friday,True
NATIONALUM,2026-01-30,2026-02-01,stop,NIFTY METAL,-8.572036928081339,-59374.5266617033,2,61.14884058258014,4.286018464040673,37.248258987389434,0.8987991139092922,1.4256384612155755,1,Friday,False
UNIONBANK,2026-01-20,2026-02-01,rebalance,NIFTY PSU BANK,-3.613940880276445,-15950.990000000049,12,69.99880732691159,2.777458954875446,6.99267817558944,0.980244644805605,1.2420917883861233,1,Tuesday,False
INDIANB,2026-01-21,2026-02-01,rebalance,NIFTY PSU BANK,-0.8705571565802095,-4574.75,11,56.76190009809358,2.7424028606476454,-7.843701444438045,0.955484167049105,1.0188059990420326,1,Wednesday,False
NMDC,2026-01-30,2026-02-01,rebalance,NIFTY METAL,-1.0150996066488949,-6915.999999999975,2,51.50919200228076,3.3412803291473026,4.5442026989809925,0.9424778761061947,1.2764314247383473,1,Friday,False
SHRIRAMFIN,2025-11-18,2026-02-02,stop,NIFTY FINSEREXBNK,15.996305371744768,94334.01989785732,76,77.7323266087568,2.430463431345974,35.841357923943185,0.9854619728463295,1.2883191121204867,11,Tuesday,True
INFY,2026-02-01,2026-02-02,rebalance,NIFTY IT,-1.518987341772149,-6666.599999999975,1,53.71105712053875,2.036952597922898,5.428055698813816,0.8636872700122661,0.8724971057087927,2,Sunday,False
OIL,2026-02-01,2026-02-03,rebalance,NIFTY OIL AND GAS,-2.570745316859313,-11481.000000000033,2,71.12205633697752,3.4336867366560546,8.96586219832436,0.9748421563865954,2.009881400922222,2,Sunday,False
BEL,2026-02-01,2026-02-03,rebalance,NIFTY IND DEFENCE,3.1973668743387806,14062.399999999963,2,53.78874006091717,3.6431459053284327,6.028139925132292,0.938962472406181,1.4964273792609029,2,Sunday,True
TECHM,2026-02-01,2026-02-04,stop,NIFTY IT,-4.391201510526443,-28885.4728370943,3,60.18322307964668,2.19560075526322,9.692358584187888,0.9711069853794384,1.1402356562415554,2,Sunday,False
NATIONALUM,2026-02-02,2026-02-05,rebalance,NIFTY METAL,-1.5823640789829452,-10407.14999999994,3,54.986601414203854,5.4343668482856575,45.51645856980704,0.8620729858925031,1.4786521825729195,2,Monday,False
BAJAJ-AUTO,2026-02-01,2026-02-09,rebalance,NIFTY AUTO,0.9526817200905312,4615.5,8,54.58411019630227,2.4287955131803014,4.699143588032473,0.9703764237192911,1.034148286312526,2,Sunday,True
MCX,2026-02-04,2026-02-11,rebalance,NIFTY MS FIN SERV,-6.703888648606138,-42113.5,7,59.15417466199956,5.605000789459734,31.860579283259693,0.9468726731198809,1.6032777866792434,2,Wednesday,False
NMDC,2026-02-02,2026-02-13,rebalance,NIFTY METAL,0.4934210526315707,2262.7800000000034,11,52.05597176068498,3.5640146788939666,4.679162676152693,0.945228414254963,1.2666605702693305,2,Monday,True
NATIONALUM,2026-02-09,2026-02-13,rebalance,NIFTY METAL,-4.353778751369108,-21290.09999999997,4,52.94869207807718,5.288999182315836,32.39033124440465,0.8515798064591348,1.3051723379587508,2,Monday,False
BSE,2026-02-11,2026-02-16,stop,NIFTY MS FIN SERV,-11.554562336722164,-67546.39999999998,5,69.65861233817455,3.751025775477807,4.35236894253288,1.0,1.2266869293437301,2,Wednesday,False
NMDC,2026-02-16,2026-02-17,rebalance,NIFTY METAL,-1.7772806363410276,-9202.049999999952,1,51.44059746334631,3.268086733428128,2.257702382437321,0.9622099976082276,1.269707715370482,2,Monday,False
FEDERALBNK,2026-02-01,2026-02-19,rebalance,NIFTY MS FIN SERV,1.1224131883549535,7395.199999999973,18,64.33074679082802,2.564347209107474,7.299691833590138,0.9907906168549089,1.3725678800613375,2,Sunday,True
SHRIRAMFIN,2026-02-13,2026-03-02,rebalance,NIFTY FINSEREXBNK,-1.2478889097391588,-5546.099999999981,17,63.768437515109696,3.063064689113023,2.9577898736777186,0.9842999630587366,0.8556417797188215,2,Friday,False
APLAPOLLO,2026-01-22,2026-03-04,stop,NIFTY METAL,7.87467576935621,35477.61925016517,41,63.81309162030976,2.3654117885884176,11.535800760982372,1.0,1.0939620062792814,1,Thursday,True
JINDALSTEL,2026-02-01,2026-03-04,stop,NIFTY METAL,6.871274246725001,30212.85543736488,31,57.38912307125891,3.131139489720108,5.421746456536813,0.9503276992066231,1.2189121005705252,2,Sunday,True
BANKINDIA,2026-02-03,2026-03-04,stop,NIFTY PSU BANK,3.2270410763219903,14334.130184205447,29,53.7972958273503,3.93357030689755,18.578955070979084,0.9442147485344028,1.5460811748360783,2,Tuesday,True
BANKBARODA,2026-02-19,2026-03-04,stop,NIFTY PSU BANK,-0.5884802271299283,-3922.0677089619153,13,59.47094353787174,2.4600822942217,-2.0582592011163414,0.9876088412592094,1.1104992422014948,2,Thursday,False
ASHOKLEY,2025-12-03,2026-03-04,rebalance,NIFTY AUTO,23.20078667568066,148131.0,91,74.6473358734884,2.6154411749509654,8.39033619560472,1.0,1.301925251250656,12,Wednesday,True
SBIN,2026-02-03,2026-03-05,stop,NIFTY PSU BANK,8.605116321757134,38278.62082058625,30,60.42809970510537,2.5381175396265467,10.418937860146404,0.987977533305482,1.0905426554440893,2,Tuesday,True
UNIONBANK,2026-02-05,2026-03-06,rebalance,NIFTY PSU BANK,6.029394745978478,39064.58000000006,29,59.94693663956555,3.5039632292872396,17.98938243397621,0.9779865316054552,1.4482918800071063,2,Thursday,True
SBIN,2026-03-05,2026-03-06,rebalance,NIFTY PSU BANK,-2.26592560923472,-10944.5,1,54.742535004201486,2.1523552866584117,16.69016481112353,0.9525166965303796,1.4898720434044264,3,Thursday,False
INDIANB,2026-02-17,2026-03-09,stop,NIFTY PSU BANK,-1.0202459612373094,-5183.947267739843,20,61.46292995472657,3.1677936394854016,15.499283947402676,1.0,1.0105079976681783,2,Tuesday,False
POLYCAB,2026-03-04,2026-03-10,stop,,-4.416813340506421,-28905.21655307661,6,62.03877442189752,2.572583734929726,6.442521955695368,0.9620811799547064,0.8876914872202093,3,Wednesday,False
KEI,2026-03-04,2026-03-10,stop,NIFTY EV,-6.7398294888131645,-29866.273812072654,6,65.31940509263327,3.369914744406581,9.452622421647838,0.9563964656165962,1.1237389865091427,3,Wednesday,False
CUMMINSIND,2026-03-06,2026-03-11,rebalance,,-3.5411502489220315,-17170.0,5,59.7504197930549,3.0487248157665023,23.170852774744375,0.9673369871846538,1.093241475400092,3,Friday,False
BHARATFORG,2026-02-13,2026-03-12,stop,NIFTY AUTO,1.124214625957798,5453.848452606988,27,75.8428417138108,3.4105030941406635,7.376766632195797,1.0,1.4732714705232717,2,Friday,True
ASTRAL,2026-03-11,2026-03-12,stop,NIFTY MULTI MFG,-5.914476626496468,-27576.96292271157,1,67.33015047071225,2.957238313248232,18.303282810142974,1.0,1.4565193013126578,3,Wednesday,False
BEL,2026-03-06,2026-03-13,stop,NIFTY IND DEFENCE,-5.487001751382847,-36910.74253545086,7,65.4882311692397,2.743500875691423,7.5311302681992265,1.0,0.893186201217254,3,Friday,False
GVT&D,2026-03-02,2026-03-13,rebalance,NIFTY ENERGY,-4.45604919944862,-19499.59999999999,11,63.170164946446135,4.129375616566623,28.12187295124391,0.9761929406893697,0.940497874870852,3,Monday,False
CUMMINSIND,2026-03-12,2026-03-13,rebalance,,-2.1857118815213794,-10701.700000000055,1,56.13297202330061,3.5156057992226897,19.76404129277376,0.9578463770452165,1.1044234721622344,3,Thursday,False
SUPREMEIND,2026-03-12,2026-03-13,rebalance,NIFTY MULTI MFG,-3.8875287484234735,-17134.79999999998,1,62.639572684419875,2.902790759291476,17.962194284349152,0.8706614417362846,1.0592190470686815,3,Thursday,False
CGPOWER,2026-03-10,2026-03-16,stop,NIFTY ENERGY,-6.554932812509429,-39427.47513181294,6,60.84812708855444,3.2774664062547103,20.652542372881367,0.9192123201211815,0.6663710687247323,3,Tuesday,False
NATIONALUM,2026-03-04,2026-03-16,rebalance,NIFTY METAL,-0.3346720214190135,-2212.5,12,58.913780101843756,3.864522689966844,-2.013998000285677,0.8709338929695697,0.6195893034560866,3,Wednesday,False
TORNTPHARM,2026-03-04,2026-03-16,rebalance,NIFTY PHARMA,-1.7138908085694404,-7663.199999999962,12,63.936231461219926,2.374830286589004,11.344878221682087,0.9823711783475526,1.4200541860473093,3,Wednesday,False
SUNPHARMA,2026-03-13,2026-03-19,rebalance,NIFTY PHARMA,-3.174955595026629,-20363.19999999993,6,62.13634827855104,1.8098804675257179,10.108921796597725,0.9782797567332754,0.9760211064470298,3,Friday,False
LUPIN,2026-03-16,2026-03-19,rebalance,NIFTY MIDSML HLTH,-1.698393293747824,-7118.700000000017,3,53.17168630010447,2.1967390161622657,7.762492981471092,0.9716200738132609,1.1152214310397275,3,Monday,False
MCX,2026-03-09,2026-03-20,rebalance,NIFTY MS FIN SERV,-6.309417562376307,-31706.99999999998,11,61.72005383148504,3.864187088357654,-0.1103843008994243,0.9594564408041697,0.9050621954918281,3,Monday,False
BSE,2026-03-13,2026-03-20,rebalance,NIFTY MS FIN SERV,0.3253485877726003,1392.299999999986,7,50.13105551530598,3.7160492852372045,1.5875359964557356,0.8803625948191748,1.0005334312643837,3,Friday,True
ASTRAL,2026-03-19,2026-03-20,rebalance,NIFTY MULTI MFG,-0.5242623750304931,-3233.6000000000518,1,51.76664209000183,3.3023766239962815,16.10076670317635,0.9393574987115617,1.2801112357303135,3,Thursday,False
ABB,2026-03-04,2026-03-23,rebalance,NIFTY ENERGY,3.61890060886716,23843.0,19,53.201539932353064,3.1575896034260835,19.968304278922353,0.9381335478680611,1.5004710804755792,3,Wednesday,True
JSWENERGY,2026-03-13,2026-03-23,rebalance,NIFTY COMMODITIES,-5.897260941612259,-25258.750000000047,10,61.1657835554921,3.4152842471665403,-0.8428963135980516,0.8916992611907867,1.0979717084481564,3,Friday,False
PFC,2026-03-19,2026-03-23,rebalance,NIFTY FINSEREXBNK,-3.362874833070295,-14057.750000000024,4,51.510929233448955,3.801977973589704,7.523267838676317,0.9399748944425426,0.9727469187312281,3,Thursday,False
SUNPHARMA,2026-03-20,2026-03-23,rebalance,NIFTY PHARMA,-1.052276180293732,-6601.099999999936,3,53.487876345683304,1.9247580656970666,12.931736977371022,0.9649761077324066,1.093003410584497,3,Friday,False
GLENMARK,2026-03-20,2026-03-23,rebalance,NIFTY MIDSML HLTH,-4.178707398743176,-17491.199999999983,3,55.96829167466358,3.2015830797532256,7.678952328984567,0.9592555110661328,1.0564277374289035,3,Friday,False
COALINDIA,2026-03-10,2026-03-24,rebalance,NIFTY ENERGY,-0.3269079021530841,-1436.949999999989,14,58.22943749761371,2.6426817248022676,-0.9066604672788525,0.9732309380142622,1.0812471335425962,3,Tuesday,False
TATAPOWER,2026-03-16,2026-03-24,rebalance,NIFTY COMMODITIES,-1.485085136346176,-9024.800000000016,8,58.04455489377719,2.8498849191124425,8.008689355539467,0.9417651314203039,1.3065659681561037,3,Monday,False
ABB,2026-03-24,2026-03-27,rebalance,NIFTY ENERGY,-0.9250243427458616,-5643.0,3,53.897642440607015,3.252487715519184,15.407827359180693,0.9614604462474645,1.0764669737846833,3,Tuesday,False
TATAPOWER,2026-03-25,2026-03-27,rebalance,NIFTY COMMODITIES,-1.2797542871768597,-7860.0,2,53.82880466227012,3.2264490641339,9.654889071487261,0.9421268386785628,1.6347738038630821,3,Wednesday,False
DELHIVERY,2026-03-25,2026-03-30,rebalance,NIFTY MULTI INFRA,-3.171836876960621,-19478.55000000005,5,55.078749378822096,3.3273451258484985,-4.670050761421319,0.8875941012684335,0.7491584741863186,3,Wednesday,False
SUNPHARMA,2026-03-27,2026-03-30,rebalance,NIFTY PHARMA,-2.029438001784112,-12412.399999999954,3,56.34601482375739,1.9953399658791033,2.34686693264492,0.9739357080799305,1.1363498820236306,3,Friday,False
GLENMARK,2026-03-27,2026-03-30,rebalance,NIFTY MIDSML HLTH,-1.7876065422713694,-8458.40000000004,3,54.65432389752309,3.2159053374784947,7.05353952942378,0.9550314603775246,1.1553972578144194,3,Friday,False
LUPIN,2026-03-20,2026-04-01,rebalance,NIFTY MIDSML HLTH,-2.0495156081808408,-9567.599999999982,12,56.837998189152835,2.1891272293278212,7.529728725380891,0.9852373478131761,1.1123197468476878,3,Friday,False
OIL,2026-04-02,2026-04-06,rebalance,NIFTY OIL AND GAS,-1.6557325835676373,-6765.449999999991,4,53.36475809553946,3.795019616763401,-2.4691358024691357,0.9327829043224866,1.0541954850412867,4,Thursday,False
GVT&D,2026-04-01,2026-04-07,rebalance,NIFTY ENERGY,-3.303761813251904,-20080.0,6,55.35966851616759,5.807132561734025,-2.5674230054614,0.9818299302145257,0.9529014934208749,4,Wednesday,False
DELHIVERY,2026-04-01,2026-04-08,rebalance,NIFTY MULTI INFRA,7.033172366223006,43421.60000000002,7,54.80151044517252,3.4636701983531637,-5.663838569135526,0.8897597195008765,0.7982624367335595,4,Wednesday,True
COALINDIA,2026-04-02,2026-04-08,rebalance,NIFTY ENERGY,-0.0222543674196162,-89.80000000002042,6,52.53017136518063,3.035151953648328,2.409080379893447,0.9558604552222931,1.3897359331876002,4,Thursday,False
ONGC,2026-03-27,2026-04-09,rebalance,NIFTY OIL AND GAS,2.358574215286402,14430.500000000076,13,64.50053467426893,2.9097288362095446,3.1825153374233084,0.9991141034727143,1.3672401402222227,3,Friday,True
AUROPHARMA,2026-03-13,2026-04-15,rebalance,NIFTY MIDSML HLTH,5.969919012726588,27399.60000000003,33,66.1433239449802,2.9779231302543145,7.561337640792809,0.9882613004039942,1.265354481335629,3,Friday,True
DMART,2026-04-01,2026-04-16,rebalance,NIFTY NONCYC CONS,3.680550677811323,18235.19999999998,15,70.6592544475329,3.049667488139333,-6.023291087174487,0.884413890211832,1.323294057188416,4,Wednesday,True
INDIANB,2026-04-08,2026-04-17,rebalance,NIFTY PSU BANK,-1.7831402487854309,-11105.499999999956,9,59.059145288600625,3.8865512118259504,-3.977503333913157,0.9646701344182932,0.9636523395608635,4,Wednesday,False
NATIONALUM,2026-04-01,2026-04-30,stop,NIFTY METAL,0.0862384931686444,526.0204422892473,29,59.330437370921004,4.412008956870275,-1.3816438742422,0.9314445610353269,1.0785853924852264,4,Wednesday,True
ABB,2026-04-07,2026-05-08,rebalance,NIFTY ENERGY,11.85994576487479,48327.5,31,56.86265174521025,3.1957484458041447,4.7978714273452905,0.97815571852083,0.9203224697415016,4,Tuesday,True
NMDC,2026-04-07,2026-05-11,rebalance,NIFTY METAL,6.178125764619535,36354.95000000008,34,57.48574636532664,3.3182763884941013,-6.920665541355186,0.9775173403491987,0.8889377604287951,4,Tuesday,True
CUMMINSIND,2026-04-08,2026-05-11,rebalance,,9.21960678022642,40682.39999999998,33,56.643121768362576,3.502213006962237,1.5984467071546327,0.9664503909083582,1.2296159001821072,4,Wednesday,True
GVT&D,2026-04-15,2026-05-12,stop,NIFTY ENERGY,2.3948163076015216,11584.600587820809,27,65.07967227342004,4.993835672089552,-1.4435202575798223,1.0,1.0140317405425656,4,Wednesday,True
ADANIENSOL,2026-04-17,2026-05-12,stop,NIFTY COMMODITIES,0.2287192787997272,1397.481655044644,25,76.45190884273089,3.854740832427603,8.080352670073143,1.0,1.3852789943422044,4,Friday,True
CAMS,2026-05-08,2026-05-12,stop,NIFTY MS FIN SERV,-6.1891166095243255,-28260.73188417675,4,75.18089494038534,3.0945583047621636,14.600465477114044,0.9740274866061028,1.3998684571105757,5,Friday,False
ANGELONE,2026-04-09,2026-05-12,rebalance,NIFTY MS FIN SERV,6.139105748757978,38527.10000000003,33,70.95347950815517,4.218622098308311,-10.82283172720534,0.8612469437652812,0.9581004118052926,4,Thursday,True
OFSS,2026-05-11,2026-05-14,stop,NIFTY MS IT TELCM,-5.513062318057149,-35147.17810850541,3,74.01171634269001,2.75653115902857,51.69593456819821,0.9727325367163236,1.6517404713991923,5,Monday,False
CGPOWER,2026-05-11,2026-05-18,rebalance,NIFTY ENERGY,-5.751077962941387,-26945.100000000013,7,67.68262306135222,3.25245239141259,14.835754669720181,0.9823135481655315,1.3281174355841734,5,Monday,False
NMDC,2026-05-14,2026-05-20,stop,NIFTY METAL,-5.525616421942969,-33323.263122797995,6,66.012655513588,2.76280821097149,15.653066461380561,1.0,1.0273102487677856,5,Thursday,False
CAMS,2026-05-12,2026-05-21,rebalance,NIFTY MS FIN SERV,-1.977354044101165,-8920.899999999892,9,57.593448874888566,3.374008362210559,26.01137800252844,0.9138714185883997,1.4240381014489192,5,Tuesday,False
ADANIGREEN,2026-05-12,2026-05-22,rebalance,NIFTY COMMODITIES,4.1513761467889765,26824.19999999998,10,66.4549600153872,3.9376191743905116,53.27231911586947,0.942566837212654,1.2197759013073763,5,Tuesday,True
MCX,2026-05-12,2026-05-27,rebalance,NIFTY MS FIN SERV,0.0506826316956532,223.99999999998727,15,73.35618084335064,3.206141025859017,8.634628340444639,0.9902757301044575,0.8486669700311343,5,Tuesday,True
NMDC,2026-05-27,2026-05-29,stop,NIFTY METAL,-5.103319350480817,-22571.881462117384,2,61.28008901137091,2.5516596752404066,8.697788697788699,0.9900225297714839,0.8149419604965521,5,Wednesday,False
PNBHOUSING,2026-04-30,2026-05-29,rebalance,NIFTY MS FIN SERV,-1.4488595610385957,-8847.600000000053,29,75.05258522950407,3.309815030452792,30.377126592923197,0.9284762919552478,1.6824737691677987,4,Thursday,False
BSE,2026-04-06,2026-06-01,stop,NIFTY MS FIN SERV,34.183477428765066,68051.47554434005,56,57.379176493217045,3.9758596775134976,-8.947136286308366,0.9386862232853861,0.9273324006516244,4,Monday,True
BSE,2026-06-01,2026-06-02,rebalance,NIFTY MS FIN SERV,-3.312349382776758,-8890.199999999988,1,57.48484991208746,3.1554929797554117,32.564167404223056,0.9235346217609519,1.0146276554517535,6,Monday,False
BHEL,2026-05-12,2026-06-04,rebalance,NIFTY ENERGY,-0.6509253350351019,-4340.10000000002,23,74.24642379291087,3.8530913818186407,46.26487224497755,0.9638331898142454,1.4734314222056193,5,Tuesday,False
SAIL,2026-05-22,2026-06-05,rebalance,NIFTY METAL,-5.292977486208439,-35613.60000000002,14,66.1732409536958,3.5400327442484993,27.06379606392817,0.9995032536883414,1.2362058194480638,5,Friday,False
BSE,2026-06-04,2026-06-05,rebalance,NIFTY MS FIN SERV,-3.8032429216045993,-25157.600000000013,1,55.12779074070661,3.4230650625212204,28.59910400774912,0.9159948220652692,1.0462461745070373,6,Thursday,False
NMDC,2026-06-02,2026-06-08,stop,NIFTY METAL,-6.287253074924159,-16388.51356132541,6,63.10586437001122,3.145479776916818,6.809568924680254,1.0,1.036424039155829,6,Tuesday,False
ADANIPOWER,2026-03-16,2026-06-08,rebalance,NIFTY COMMODITIES,46.59872776840193,294410.79,84,65.37970820056643,3.6632818941968512,4.625451263537905,0.902096264199555,1.1692357836977447,3,Monday,True
NAM-INDIA,2026-04-16,2026-06-08,rebalance,NIFTY CAPITAL MKT,9.364149867855096,48337.250000000015,53,60.73236310898645,4.219210887678784,-4.0017005898921205,0.9794934267296077,1.1783292835625905,4,Thursday,True
GVT&D,2026-05-20,2026-06-08,rebalance,NIFTY ENERGY,1.3805188699405946,7816.600000000044,19,63.82662759285264,4.4678655166392955,15.624169633841722,0.9813766201082169,1.153465385527097,5,Wednesday,True
COALINDIA,2026-06-05,2026-06-08,rebalance,NIFTY ENERGY,-1.566800762227405,-9242.600000000042,3,56.688844633420565,2.9808893052811056,5.071133547498841,0.9805875635835151,1.3356775187604215,6,Friday,False
OFSS,2026-05-18,2026-06-09,rebalance,NIFTY MS IT TELCM,2.4552266567465564,10626.0,22,71.08266193143233,2.926755229491611,47.46628361663077,0.990524819708375,1.6758222255234485,5,Monday,True
ABB,2026-06-08,2026-06-09,rebalance,NIFTY ENERGY,-0.388042540960043,-1701.0,1,51.942613325825064,3.148389649589732,2.0919590324689485,0.9170950309740346,1.165680711083911,6,Monday,False
NAM-INDIA,2026-06-09,2026-06-10,rebalance,NIFTY CAPITAL MKT,-2.147861356932146,-9576.29999999998,1,52.80589485388267,3.9603884967301286,7.374020984187979,0.9607652112301833,1.0296809734213495,6,Tuesday,False
GVT&D,2026-06-09,2026-06-11,rebalance,NIFTY ENERGY,-3.960786523184401,-17574.999999999964,2,56.8934618107767,4.854459246099621,15.533323667294962,0.9577360835955405,1.2357860453821878,6,Tuesday,False
PREMIERENE,2026-06-08,2026-06-12,rebalance,,-5.126088950022933,-33931.300000000054,4,68.28868821568383,3.125397622739722,4.944671518293298,0.9773256856067396,1.0716210256326937,6,Monday,False
ADANIENSOL,2026-05-29,2026-06-17,rebalance,NIFTY COMMODITIES,-1.4736007401044082,-6868.399999999986,19,71.25255262700823,4.470156914232359,36.09125475285171,0.9825985325628206,1.3560895809159945,5,Friday,False
ZYDUSLIFE,2026-06-08,2026-06-17,rebalance,NIFTY PHARMA,-2.4089738874586097,-15955.79999999989,9,70.40022078271268,2.6448172242788472,16.196358215312536,0.9967008797653958,1.998909086346296,6,Monday,False
CGPOWER,2026-05-29,2026-06-24,rebalance,NIFTY ENERGY,0.2179955310916081,1208.0,26,68.2497764514594,3.1446881233437516,24.643320363164722,0.9814398801882757,1.2972225427191821,5,Friday,True
CUMMINSIND,2026-06-08,2026-06-24,rebalance,NIFTY INFRALOG,-0.9803047856697278,-4510.0,16,55.40566505250996,3.1780169612762497,12.748600690722878,0.930817088345085,0.7909098013149496,6,Monday,False
POLYCAB,2026-06-10,2026-06-25,rebalance,,0.0787525594581728,337.5,15,62.312826013787074,2.3919241410995005,16.746965908397883,0.9800360174942114,0.6065803421747672,6,Wednesday,True
SUZLON,2026-06-17,2026-06-25,rebalance,NIFTY ENERGY,-3.5910816984385585,-16039.44000000002,8,66.49343865385521,3.494651928263969,-5.006147900930968,0.8752215002953337,1.0866386340610428,6,Wednesday,False
GVT&D,2026-06-12,2026-06-29,stop,NIFTY ENERGY,-2.3434878054927166,-14710.014367882632,17,56.26347359314403,4.69822291467845,19.52163041939898,0.9599697005011071,1.2528892631057713,6,Friday,False
FEDERALBNK,2026-06-11,2026-06-29,rebalance,NIFTY MS FIN SERV,4.616626311541561,19834.100000000017,18,66.37627352034647,2.5313577404727496,1.47083685545224,0.9830212630910822,1.5816795258750898,6,Thursday,True
ADANIGREEN,2026-06-05,2026-06-30,rebalance,NIFTY COMMODITIES,-2.1957134430097613,-15008.0,25,71.56795526246997,3.787357567073541,34.61064732448338,1.0,0.9693025183874291,6,Friday,False
CGPOWER,2026-06-25,2026-07-03,stop,NIFTY ENERGY,-4.794949573894303,-20422.150550374918,8,57.83787440315263,2.8248624848460184,15.146579804560268,0.9775356679636835,1.0503706810906974,6,Thursday,False
BHEL,2026-06-29,2026-07-03,stop,NIFTY ENERGY,-6.782097690240319,-42175.57657763406,4,60.465758740988015,3.39104884512016,1.9436585065813805,0.979637741209897,0.7371415089514052,6,Monday,False
MAHABANK,2026-06-29,2026-07-03,stop,,-5.790457475595334,-25530.13106322004,4,72.77423218299893,2.896001162060598,5.720314148399952,1.0,0.8641884260084395,6,Monday,False
SUZLON,2026-06-30,2026-07-03,rebalance,NIFTY ENERGY,-3.446519524617997,-22766.45000000001,3,61.052118172089905,3.019235012713949,7.895215572130265,0.8697578263437684,0.8892291525397379,6,Tuesday,False
IDFCFIRSTB,2026-07-03,2026-07-07,rebalance,NIFTY MS FIN SERV,-0.0372856077553884,-164.24999999992843,4,68.28271449116528,2.219347571745743,15.988286969253295,0.9348204949459742,1.0965685698775713,7,Friday,False
MOTILALOFS,2026-06-24,2026-07-08,rebalance,NIFTY CAPITAL MKT,-2.732182002887229,-12161.799999999976,14,61.7852452074582,2.9462181214112824,11.751807514519385,0.8569137725648309,0.8523907190397223,6,Wednesday,False
ABCAPITAL,2026-07-03,2026-07-08,rebalance,NIFTY MS FIN SERV,-3.862928348909656,-17065.5,5,66.564310091066,2.7091605113415382,13.505663665408063,1.0,0.9669399620120115,7,Friday,False
ADANIENT,2026-05-21,2026-07-09,rebalance,NIFTY METAL,14.309015421115069,63304.0,49,71.0127894208336,3.2813349198260995,48.8151398793198,0.9899449541284403,1.305804751863735,5,Thursday,True
NAM-INDIA,2026-06-17,2026-07-16,rebalance,NIFTY CAPITAL MKT,-0.1906908208373137,-1258.400000000026,29,61.71384900129526,3.4765022695815633,7.2547236536324,1.0,0.9354340829106682,6,Wednesday,False
LTF,2026-07-03,2026-07-17,stop,NIFTY MS FIN SERV,-5.673100527842568,-37473.09822661129,14,75.72495255769007,2.83655026392128,6.065980844271035,1.0,1.160123758763656,7,Friday,False
AUROPHARMA,2026-07-08,2026-07-17,rebalance,NIFTY MIDSML HLTH,-1.5307953899197146,-6626.999999999998,9,57.23633891776469,2.607165007073773,3.472175941352873,0.9610614008022216,1.0968166570035969,7,Wednesday,False
NAM-INDIA,2026-07-17,2026-07-21,rebalance,NIFTY CAPITAL MKT,-1.651917404129788,-7114.799999999967,4,53.67738267034877,3.2344639442815453,11.369271742125076,0.9739780003283532,0.6951613438575228,7,Friday,False
OFSS,2026-06-24,2026-07-22,rebalance,NIFTY MS IT TELCM,3.6538185986531024,20655.0,28,69.12755485365378,3.229142970959231,0.08477719493455993,1.0,0.937148394035331,6,Wednesday,True
LICI,2026-06-25,2026-07-22,rebalance,NIFTY MS FIN SERV,-0.0118105586394245,-52.100000000011846,27,62.48917274946402,2.3856480743146493,6.542411563332062,0.8907943187795897,1.0047769753188145,6,Thursday,False
ZYDUSLIFE,2026-07-07,2026-07-22,rebalance,NIFTY PHARMA,-2.3156981786643605,-10172.700000000015,15,69.14935427737248,2.2023900895609896,9.973312246713428,1.0,0.8962757448743702,7,Tuesday,False
LUPIN,2026-07-08,2026-07-22,rebalance,NIFTY MIDSML HLTH,-2.1187474583163834,-9169.599999999984,14,65.55688742589498,2.0385265340827208,6.442017403658307,0.9869160378873014,0.7346522725217806,7,Wednesday,False
MOTILALOFS,2026-07-09,2026-07-22,rebalance,NIFTY CAPITAL MKT,0.0583554376657691,295.3499999999756,13,56.013891908846944,2.963249474135871,12.450790293201708,0.8636488591588015,0.8561896610379235,7,Thursday,True
GODREJPROP,2026-07-21,2026-07-23,stop,NIFTY REALTY,-5.503407865250132,-23226.500003383688,2,71.37678212345826,2.7517039326250665,22.937813557344544,0.900328632638629,1.0485008098989927,7,Tuesday,False
PIDILITIND,2026-07-22,2026-07-23,rebalance,NIFTY CHEMICALS,-2.7601641178664598,-13541.999999999958,1,60.89131173450957,1.981632350008731,7.85095558916542,0.9915551994082475,0.9278809575651148,7,Wednesday,False
PHOENIXLTD,2026-07-03,2026-07-24,stop,NIFTY REALTY,-2.8724504157024437,-14233.543320285444,21,76.62268974177037,2.643455827306156,9.560515416474914,1.0,1.1490345229522652,7,Friday,False
BHEL,2026-07-16,2026-07-24,stop,NIFTY ENERGY,-7.250383683199912,-47194.41498219539,8,66.10007650183675,3.625191841599959,-8.653500897666067,1.0,0.9841593766877699,7,Thursday,False
BAJFINANCE,2026-07-17,2026-07-24,stop,NIFTY FINSEREXBNK,-4.667204757733923,-28889.614739582823,7,68.25457420650716,2.333602378866957,9.595661279063528,0.9654069368916509,1.019857033569487,7,Friday,False
BHEL,2026-07-24,2026-07-28,rebalance,NIFTY ENERGY,-2.767792954708848,-17140.200000000015,4,55.969735625214575,3.569726714679037,8.427543679342243,0.9584290307762977,1.100312268325889,7,Friday,False
ABB,2026-07-24,2026-07-28,rebalance,NIFTY ENERGY,-1.7897091722595126,-7788.0,4,56.9258146046336,2.9567464219784827,4.891000558971492,0.9619171829149006,1.0346012801258102,7,Friday,False
TORNTPHARM,2026-07-22,2026-07-29,rebalance,NIFTY PHARMA,-3.077442682878362,-19362.49999999996,7,66.10222703988231,2.727740433039052,16.20926839435839,0.9985517884420814,1.4767013944727156,7,Wednesday,False
BIOCON,2026-07-22,2026-07-30,rebalance,NIFTY MIDSML HLTH,-2.8745232113436936,-12198.399999999969,8,59.719149866342526,2.8869730167256655,4.270633397312862,0.9937599273882459,1.4135850309469957,7,Wednesday,False
MANKIND,2026-07-28,2026-07-31,stop,NIFTY MIDSML HLTH,-5.107662378859946,-21394.15894658792,3,61.61923807536843,2.553831189429975,9.421396453720199,0.9803033139861449,0.6139673176109269,7,Tuesday,False
ALKEM,2026-07-24,2026-08-04,rebalance,NIFTY MIDSML HLTH,-0.4526493299014777,-2779.5,11,55.17332883459023,2.16340026929187,5.429735620202791,0.9564516129032258,1.118750620060187,7,Friday,False
GODREJPROP,2026-07-30,2026-08-04,rebalance,NIFTY REALTY,-3.661945141882617,-15073.500000000036,5,58.702521360211755,3.095969542504428,24.337496192506848,0.9082655651650102,1.065850605288974,7,Thursday,False
LODHA,2026-07-28,2026-08-07,stop,NIFTY REALTY,-7.386616505127774,-45565.34849172538,10,75.69156476192668,3.6933082525638885,37.66792972786772,0.8983226340857321,1.4007534262174481,7,Tuesday,False
BAJFINANCE,2026-07-31,2026-08-07,stop,NIFTY FINSEREXBNK,-5.264160383632821,-21389.431225663782,7,73.88257085955361,2.6257142129199518,16.340244672907932,1.0,1.0298273186834606,7,Friday,False
OFSS,2026-08-04,2026-08-13,rebalance,NIFTY MS IT TELCM,-1.551724137931032,-6480.0,9,60.745663007097534,3.696654526928253,20.921796649951997,0.9854727720669442,1.353752022543868,8,Tuesday,False
BAJAJ-AUTO,2026-07-23,2026-08-19,rebalance,NIFTY AUTO,3.203793149288781,13375.5,27,74.6765582003988,2.2241318154056238,0.7066965591188135,1.0,1.1336971508188622,7,Thursday,True
LODHA,2026-08-07,2026-08-21,rebalance,NIFTY REALTY,1.91187330762288,10158.79999999998,14,57.406947129970106,3.6330345692421036,34.626623376623385,0.9258176017016752,0.938685980392814,8,Friday,True
OFSS,2026-08-19,2026-08-21,rebalance,NIFTY MS IT TELCM,-0.4246645150331241,-1800.0,2,57.550820763805596,3.0003202818172925,7.511737089201875,0.9897444519166106,1.20362292733524,8,Wednesday,False
