symbol,entry_date,exit_date,entry_price,exit_price,qty,reason,pnl,ret_pct,holding_days
HINDALCO,2021-01-01,2021-01-12,238.35,264.35,419,dropped out of top 20 rank (now #21 of 113),10894.000000000013,10.908328088944842,11
NMDC,2021-01-15,2021-01-18,14.65,14.0,6907,failed a technical gate (trend/near-high/RSI) -- not in the top 20 at all,-4489.550000000002,-4.436860068259385,3
SAIL,2021-01-15,2021-01-18,70.15,65.95,1442,failed a technical gate (trend/near-high/RSI) -- not in the top 20 at all,-6056.400000000004,-5.987170349251603,3
LTM,2021-01-18,2021-01-19,4008.85,4091.35,24,dropped out of top 20 rank (now #24 of 88),1980.0,2.0579467927211104,1
OFSS,2021-01-18,2021-01-19,2890.0,2941.5,34,dropped out of top 20 rank (now #22 of 88),1751.0,1.7820069204152356,1
SHRIRAMFIN,2021-01-18,2021-01-21,234.75,241.3,425,dropped out of top 20 rank (now #30 of 76),2783.750000000005,2.7902023429180023,3
GODREJPROP,2021-01-19,2021-01-21,1406.65,1375.35,72,failed a technical gate (trend/near-high/RSI) -- not in the top 20 at all,-2253.600000000013,-2.2251448476877767,2
TATASTEEL,2021-01-19,2021-01-21,63.03,61.61,1621,failed a technical gate (trend/near-high/RSI) -- not in the top 20 at all,-2301.820000000003,-2.252895446612724,2
NMDC,2021-01-20,2021-01-21,14.55,14.1,7118,failed a technical gate (trend/near-high/RSI) -- not in the top 20 at all,-3203.1000000000076,-3.0927835051546504,1
JINDALSTEL,2021-01-18,2021-01-22,282.45,281.65,353,failed a technical gate (trend/near-high/RSI) -- not in the top 20 at all,-282.400000000004,-0.28323597096832076,4
RVNL,2021-01-21,2021-01-22,30.05,28.95,3375,failed a technical gate (trend/near-high/RSI) -- not in the top 20 at all,-3712.500000000005,-3.660565723793685,1
DIXON,2021-01-21,2021-01-22,2935.85,2818.5,34,failed a technical gate (trend/near-high/RSI) -- not in the top 20 at all,-3989.899999999997,-3.9971388184001144,1
OBEROIRLTY,2021-01-21,2021-01-22,569.8,567.45,177,failed a technical gate (trend/near-high/RSI) -- not in the top 20 at all,-415.9499999999839,-0.412425412425399,1
HINDZINC,2021-01-22,2021-01-25,275.65,268.05,360,failed a technical gate (trend/near-high/RSI) -- not in the top 20 at all,-2735.9999999999877,-2.7571195356430156,3
PERSISTENT,2021-01-22,2021-01-25,772.0,769.5,128,failed a technical gate (trend/near-high/RSI) -- not in the top 20 at all,-320.0,-0.32383419689119286,3
MPHASIS,2021-01-19,2021-01-27,1491.2,1461.6,68,failed a technical gate (trend/near-high/RSI) -- not in the top 20 at all,-2012.8000000000093,-1.9849785407725418,8
DLF,2021-01-22,2021-01-27,269.4,258.75,368,failed a technical gate (trend/near-high/RSI) -- not in the top 20 at all,-3919.1999999999916,-3.9532293986636935,5
CHOLAFIN,2021-01-22,2021-01-27,422.15,410.5,235,failed a technical gate (trend/near-high/RSI) -- not in the top 20 at all,-2737.7499999999945,-2.7596825772829514,5
LICHSGFIN,2021-01-25,2021-01-27,407.25,386.5,242,failed a technical gate (trend/near-high/RSI) -- not in the top 20 at all,-5021.5,-5.0951503990178,2
KPITTECH,2021-01-14,2021-01-28,134.1,132.95,753,failed a technical gate (trend/near-high/RSI) -- not in the top 20 at all,-865.9500000000043,-0.8575689783743567,14
BHARATFORG,2021-01-27,2021-01-28,601.8,582.65,162,failed a technical gate (trend/near-high/RSI) -- not in the top 20 at all,-3102.2999999999965,-3.182120305749414,1
ADANIENT,2021-01-18,2021-01-29,492.4,491.2,202,failed a technical gate (trend/near-high/RSI) -- not in the top 20 at all,-242.3999999999977,-0.2437043054427268,11
ADANIPORTS,2021-01-25,2021-01-29,523.65,509.7,188,failed a technical gate (trend/near-high/RSI) -- not in the top 20 at all,-2622.5999999999976,-2.6639931251790316,4
KEI,2021-01-27,2021-01-29,493.5,464.05,197,failed a technical gate (trend/near-high/RSI) -- not in the top 20 at all,-5801.649999999998,-5.967578520770012,2
ASHOKLEY,2021-01-27,2021-01-29,55.1,52.9,1770,failed a technical gate (trend/near-high/RSI) -- not in the top 20 at all,-3894.000000000005,-3.9927404718693382,2
EICHERMOT,2021-01-27,2021-01-29,2789.9,2744.3,34,failed a technical gate (trend/near-high/RSI) -- not in the top 20 at all,-1550.399999999997,-1.6344671852037695,2
WIPRO,2021-01-28,2021-01-29,206.4,199.75,469,failed a technical gate (trend/near-high/RSI) -- not in the top 20 at all,-3118.8500000000026,-3.2218992248062017,1
APLAPOLLO,2021-01-28,2021-01-29,460.0,453.3,210,failed a technical gate (trend/near-high/RSI) -- not in the top 20 at all,-1406.9999999999977,-1.4565217391304341,1
DLF,2021-01-28,2021-01-29,261.0,255.45,371,failed a technical gate (trend/near-high/RSI) -- not in the top 20 at all,-2059.0500000000043,-2.126436781609198,1
LTM,2021-01-28,2021-02-01,3970.85,3937.65,24,failed a technical gate (trend/near-high/RSI) -- not in the top 20 at all,-796.7999999999956,-0.8360930279411205,4
VOLTAS,2021-01-29,2021-02-01,908.1,938.3,104,dropped out of top 20 rank (now #26 of 44),3140.799999999993,3.325624931174964,3
HAVELLS,2021-01-29,2021-02-01,1044.75,1062.2,90,dropped out of top 20 rank (now #21 of 44),1570.500000000004,1.6702560421153478,3
TATAELXSI,2021-02-18,2021-02-22,2748.05,2666.8,35,failed a technical gate (trend/near-high/RSI) -- not in the top 20 at all,-2843.75,-2.956641982496677,4
DLF,2021-02-19,2021-02-22,300.6,294.1,327,failed a technical gate (trend/near-high/RSI) -- not in the top 20 at all,-2125.5,-2.1623419827012658,3
ICICIBANK,2021-02-19,2021-02-22,624.05,609.85,157,failed a technical gate (trend/near-high/RSI) -- not in the top 20 at all,-2229.399999999989,-2.2754586972197677,3
TMPV,2021-02-19,2021-02-22,214.7,209.65,458,failed a technical gate (trend/near-high/RSI) -- not in the top 20 at all,-2312.8999999999924,-2.352119236143446,3
UNOMINDA,2021-02-22,2021-02-23,269.55,271.7,360,dropped out of top 20 rank (now #21 of 78),773.9999999999918,0.7976256724169906,1
TATAELXSI,2021-02-23,2021-02-24,2716.65,2694.95,35,failed a technical gate (trend/near-high/RSI) -- not in the top 20 at all,-759.5000000000095,-0.7987779066129352,1
SBIN,2021-02-26,2021-03-05,390.15,383.65,250,failed a technical gate (trend/near-high/RSI) -- not in the top 20 at all,-1625.0,-1.6660258874791722,7
DIXON,2021-03-02,2021-03-08,3772.9,3801.2,26,dropped out of top 20 rank (now #22 of 88),735.7999999999929,0.7500861406345205,6
DLF,2021-02-26,2021-03-12,302.5,308.5,322,failed a technical gate (trend/near-high/RSI) -- not in the top 20 at all,1932.0,1.983471074380172,14
SBIN,2021-03-08,2021-03-12,389.6,381.1,255,failed a technical gate (trend/near-high/RSI) -- not in the top 20 at all,-2167.5,-2.1817248459958916,4
MAHABANK,2021-03-05,2021-03-16,21.9,21.4,4510,failed a technical gate (trend/near-high/RSI) -- not in the top 20 at all,-2255.0,-2.2831050228310557,11
IDFCFIRSTB,2021-01-29,2021-03-17,47.2,60.9,2010,failed a technical gate (trend/near-high/RSI) -- not in the top 20 at all,27536.999999999993,29.025423728813536,47
AUBANK,2021-03-15,2021-03-17,594.25,584.9,165,failed a technical gate (trend/near-high/RSI) -- not in the top 20 at all,-1542.7500000000036,-1.57341186369373,2
TATAPOWER,2021-03-17,2021-03-18,103.3,100.55,932,failed a technical gate (trend/near-high/RSI) -- not in the top 20 at all,-2563.0,-2.662149080348497,1
ABCAPITAL,2021-03-17,2021-03-19,125.75,120.8,766,failed a technical gate (trend/near-high/RSI) -- not in the top 20 at all,-3791.700000000002,-3.9363817097415543,2
NATIONALUM,2021-03-18,2021-03-19,55.61,54.63,1734,failed a technical gate (trend/near-high/RSI) -- not in the top 20 at all,-1699.3199999999945,-1.7622729724869557,1
NMDC,2021-03-18,2021-03-22,15.9,15.45,6065,failed a technical gate (trend/near-high/RSI) -- not in the top 20 at all,-2729.2500000000064,-2.8301886792452935,4
CHOLAFIN,2021-03-17,2021-03-23,529.6,559.7,181,dropped out of top 20 rank (now #22 of 53),5448.100000000004,5.683534743202423,6
HINDALCO,2021-03-12,2021-03-24,330.2,317.75,299,failed a technical gate (trend/near-high/RSI) -- not in the top 20 at all,-3722.5499999999965,-3.770442156268927,12
TATAPOWER,2021-03-19,2021-03-24,104.15,101.25,930,failed a technical gate (trend/near-high/RSI) -- not in the top 20 at all,-2697.0000000000055,-2.784445511281808,5
NMDC,2021-03-23,2021-03-24,15.85,15.3,6304,failed a technical gate (trend/near-high/RSI) -- not in the top 20 at all,-3467.1999999999935,-3.4700315457413144,1
ABCAPITAL,2021-03-23,2021-03-24,122.7,115.9,814,failed a technical gate (trend/near-high/RSI) -- not in the top 20 at all,-5535.199999999998,-5.541972290138542,1
OBEROIRLTY,2021-03-24,2021-03-25,575.1,551.9,170,closed below 200 EMA,-3944.0000000000077,-4.034081029386205,1
CONCOR,2021-03-24,2021-03-25,447.0,439.95,219,failed a technical gate (trend/near-high/RSI) -- not in the top 20 at all,-1543.9500000000025,-1.5771812080536907,1
ADANIPORTS,2021-03-24,2021-03-25,706.85,688.25,138,failed a technical gate (trend/near-high/RSI) -- not in the top 20 at all,-2566.800000000003,-2.6313927990379904,1
CHOLAFIN,2021-03-25,2021-03-30,537.5,555.3,179,dropped out of top 20 rank (now #21 of 54),3186.1999999999916,3.311627906976744,5
ADANIPOWER,2021-03-30,2021-03-31,17.9,17.0,5661,failed a technical gate (trend/near-high/RSI) -- not in the top 20 at all,-5094.899999999992,-5.027932960893844,1
CUMMINSIND,2021-03-24,2021-04-01,865.5,895.35,113,dropped out of top 20 rank (now #22 of 61),3373.0500000000025,3.4488734835355306,8
GRASIM,2021-03-25,2021-04-01,1367.3,1448.75,70,dropped out of top 20 rank (now #21 of 61),5701.500000000004,5.956995538652832,7
TATAPOWER,2021-04-05,2021-04-07,103.35,104.45,1040,dropped out of top 20 rank (now #22 of 72),1144.0000000000089,1.0643444605708874,2
ADANIENSOL,2021-03-09,2021-04-12,757.65,939.3695646157512,130,stop,23623.543400047656,23.984632035339693,34
ADANIENT,2021-03-17,2021-04-12,847.2,1029.546745958861,113,stop,20605.182293351292,21.52345915472864,26
IEX,2021-03-31,2021-04-12,110.95,112.6,918,failed a technical gate (trend/near-high/RSI) -- not in the top 20 at all,1514.699999999992,1.4871563767462792,12
APLAPOLLO,2021-04-08,2021-04-12,634.55,615.15,174,failed a technical gate (trend/near-high/RSI) -- not in the top 20 at all,-3375.599999999996,-3.057284689937745,4
HINDZINC,2021-04-12,2021-04-13,294.15,291.95,357,failed a technical gate (trend/near-high/RSI) -- not in the top 20 at all,-785.399999999996,-0.7479177290497963,1
ADANIPORTS,2021-04-12,2021-04-13,744.65,731.05,141,failed a technical gate (trend/near-high/RSI) -- not in the top 20 at all,-1917.600000000003,-1.8263613778285115,1
AMBUJACEM,2021-04-12,2021-04-15,304.3,295.2,345,failed a technical gate (trend/near-high/RSI) -- not in the top 20 at all,-3139.5000000000077,-2.990469930989159,3
OFSS,2021-04-13,2021-04-16,2877.0,2944.5,36,dropped out of top 20 rank (now #21 of 58),2430.0,2.3461939520333708,3
VEDL,2021-04-15,2021-04-16,98.2,101.3,1090,failed a technical gate (trend/near-high/RSI) -- not in the top 20 at all,3378.9999999999936,3.1568228105906204,1
ADANIPOWER,2021-04-12,2021-04-19,18.55,17.5,5663,failed a technical gate (trend/near-high/RSI) -- not in the top 20 at all,-5946.150000000004,-5.660377358490565,7
ADANIPORTS,2021-04-16,2021-04-19,755.5,720.95,143,failed a technical gate (trend/near-high/RSI) -- not in the top 20 at all,-4940.649999999993,-4.573130377233614,3
PERSISTENT,2021-04-13,2021-04-20,972.15,953.35,109,failed a technical gate (trend/near-high/RSI) -- not in the top 20 at all,-2049.1999999999953,-1.933857943732964,7
CGPOWER,2021-04-19,2021-04-20,68.3,67.7,1560,failed a technical gate (trend/near-high/RSI) -- not in the top 20 at all,-935.9999999999911,-0.8784773060029227,1
COFORGE,2021-04-20,2021-04-22,602.0,576.0,177,failed a technical gate (trend/near-high/RSI) -- not in the top 20 at all,-4602.0,-4.318936877076407,2
MAHABANK,2021-05-03,2021-05-11,23.45,24.85,5162,dropped out of top 20 rank (now #23 of 87),7226.800000000011,5.9701492537313605,8
CDSL,2021-03-18,2021-05-12,301.6,401.5,319,dropped out of top 20 rank (now #22 of 82),31868.09999999999,33.1233421750663,55
SAIL,2021-03-25,2021-05-14,72.25,124.89891524802613,1332,stop,70128.3551103708,72.87047093152405,50
HINDALCO,2021-04-23,2021-05-14,349.5,374.0346290232858,308,stop,7556.665739172023,7.019922467320683,21
NMDC,2021-04-20,2021-05-21,16.65,21.447626431807073,6403,stop,30719.2020428607,28.81457316400646,31
TATASTEEL,2021-03-25,2021-05-24,67.13,103.22740288094701,1433,stop,51727.578328397074,53.77238623707288,60
JSWSTEEL,2021-05-21,2021-05-24,698.2,681.45,182,failed a technical gate (trend/near-high/RSI) -- not in the top 20 at all,-3048.5,-2.3990260670295083,3
SAIL,2021-05-24,2021-05-25,124.75,123.95,1019,failed a technical gate (trend/near-high/RSI) -- not in the top 20 at all,-815.1999999999971,-0.6412825651302634,1
HINDALCO,2021-05-14,2021-05-26,382.8,381.0,328,failed a technical gate (trend/near-high/RSI) -- not in the top 20 at all,-590.4000000000037,-0.4702194357366851,12
OFSS,2021-05-18,2021-05-26,3111.0,3080.5,41,failed a technical gate (trend/near-high/RSI) -- not in the top 20 at all,-1250.5,-0.9803921568627416,8
TATASTEEL,2021-05-24,2021-05-26,103.19,102.22,1233,failed a technical gate (trend/near-high/RSI) -- not in the top 20 at all,-1196.0099999999986,-0.9400135672061216,2
JSWSTEEL,2021-05-25,2021-05-26,700.8,682.2,180,failed a technical gate (trend/near-high/RSI) -- not in the top 20 at all,-3347.9999999999836,-2.654109589041087,1
VEDL,2021-04-20,2021-05-27,98.55,118.65,1081,failed a technical gate (trend/near-high/RSI) -- not in the top 20 at all,21728.10000000001,20.395738203957393,37
ADANIPOWER,2021-05-14,2021-05-27,19.15,19.05,6557,failed a technical gate (trend/near-high/RSI) -- not in the top 20 at all,-655.6999999999861,-0.5221932114882422,13
NMDC,2021-05-26,2021-06-08,21.5,21.6,5813,failed a technical gate (trend/near-high/RSI) -- not in the top 20 at all,581.3000000000083,0.46511627906977715,13
HINDALCO,2021-05-27,2021-06-08,385.85,387.75,325,failed a technical gate (trend/near-high/RSI) -- not in the top 20 at all,617.4999999999926,0.4924193339380434,12
NATIONALUM,2021-05-26,2021-06-09,70.3,68.98,1778,failed a technical gate (trend/near-high/RSI) -- not in the top 20 at all,-2346.9599999999878,-1.8776671408250234,14
TATASTEEL,2021-05-27,2021-06-09,103.63,104.07,1211,failed a technical gate (trend/near-high/RSI) -- not in the top 20 at all,532.8399999999972,0.4245874746694911,13
VEDL,2021-06-08,2021-06-09,121.2,119.75,1100,failed a technical gate (trend/near-high/RSI) -- not in the top 20 at all,-1595.0000000000032,-1.1963696369637011,1
ADANIENT,2021-04-12,2021-06-14,1041.6,1397.5,100,stop,35590.00000000001,34.168586789554546,63
NATIONALUM,2021-06-11,2021-06-14,70.64,70.3,1904,failed a technical gate (trend/near-high/RSI) -- not in the top 20 at all,-647.3600000000065,-0.4813137032842585,3
VEDL,2021-06-10,2021-06-15,120.5,120.2,1106,failed a technical gate (trend/near-high/RSI) -- not in the top 20 at all,-331.7999999999969,-0.24896265560165887,5
ADANIENSOL,2021-06-14,2021-06-15,1522.5,1446.4,87,failed a technical gate (trend/near-high/RSI) -- not in the top 20 at all,-6620.699999999992,-4.9983579638752,1
NMDC,2021-06-09,2021-06-16,21.75,21.65,6076,failed a technical gate (trend/near-high/RSI) -- not in the top 20 at all,-607.6000000000087,-0.45977011494253706,7
ADANIENT,2021-06-14,2021-06-16,1455.6,1404.1,91,failed a technical gate (trend/near-high/RSI) -- not in the top 20 at all,-4686.5,-3.5380599065677365,2
HINDALCO,2021-06-15,2021-06-16,390.85,380.25,336,failed a technical gate (trend/near-high/RSI) -- not in the top 20 at all,-3561.6000000000076,-2.7120378661890765,1
CONCOR,2021-06-16,2021-06-17,546.7,542.1,239,dropped out of top 20 rank (now #21 of 81),-1099.4000000000055,-0.8414121090177473,1
TATAELXSI,2021-05-14,2021-06-18,3481.8,3639.95,36,failed a technical gate (trend/near-high/RSI) -- not in the top 20 at all,5693.399999999987,4.542190820839775,35
HINDZINC,2021-05-26,2021-06-18,325.85,328.9,383,failed a technical gate (trend/near-high/RSI) -- not in the top 20 at all,1168.1499999999826,0.9360135031456052,23
SAIL,2021-06-17,2021-06-18,128.3,124.0,1018,failed a technical gate (trend/near-high/RSI) -- not in the top 20 at all,-4377.4000000000115,-3.351519875292297,1
OFSS,2021-06-21,2021-06-22,3163.5,3126.5,40,failed a technical gate (trend/near-high/RSI) -- not in the top 20 at all,-1480.0,-1.1695906432748537,1
SRF,2021-06-21,2021-06-22,1386.65,1396.55,93,dropped out of top 20 rank (now #23 of 81),920.6999999999873,0.7139508888327928,1
SAIL,2021-06-21,2021-06-23,126.9,124.1,1021,failed a technical gate (trend/near-high/RSI) -- not in the top 20 at all,-2858.8000000000116,-2.2064617809298803,2
WIPRO,2021-06-21,2021-06-23,259.1,258.2,500,failed a technical gate (trend/near-high/RSI) -- not in the top 20 at all,-450.00000000001705,-0.34735623311463737,2
TATAELXSI,2021-06-22,2021-06-23,3689.7,3660.95,35,failed a technical gate (trend/near-high/RSI) -- not in the top 20 at all,-1006.25,-0.7791961406076409,1
HINDZINC,2021-06-22,2021-06-23,332.9,331.45,392,failed a technical gate (trend/near-high/RSI) -- not in the top 20 at all,-568.3999999999955,-0.43556623610693235,1
BSE,2021-06-17,2021-06-24,101.0,98.0,1293,failed a technical gate (trend/near-high/RSI) -- not in the top 20 at all,-3879.0,-2.970297029702973,7
CDSL,2021-06-23,2021-06-25,486.5,485.95,265,dropped out of top 20 rank (now #26 of 80),-145.750000000003,-0.11305241521069043,2
SRF,2021-06-23,2021-06-25,1380.95,1409.3,93,dropped out of top 20 rank (now #25 of 80),2636.5499999999915,2.0529345740251115,2
OFSS,2021-06-28,2021-06-29,3159.5,3141.0,40,failed a technical gate (trend/near-high/RSI) -- not in the top 20 at all,-740.0,-0.5855356860262728,1
ADANIENT,2021-06-18,2021-07-01,1442.1,1444.8,89,failed a technical gate (trend/near-high/RSI) -- not in the top 20 at all,240.30000000000405,0.18722696068234068,13
BSE,2021-06-30,2021-07-01,100.0,99.0,1322,failed a technical gate (trend/near-high/RSI) -- not in the top 20 at all,-1322.0,-1.0000000000000009,1
HINDZINC,2021-07-05,2021-07-06,337.3,335.35,393,failed a technical gate (trend/near-high/RSI) -- not in the top 20 at all,-766.3499999999956,-0.5781203676252566,1
APLAPOLLO,2021-07-08,2021-07-09,792.0,771.85,167,failed a technical gate (trend/near-high/RSI) -- not in the top 20 at all,-3365.049999999996,-2.5441919191919182,1
KPITTECH,2021-05-26,2021-07-13,227.15,246.95,550,failed a technical gate (trend/near-high/RSI) -- not in the top 20 at all,10889.99999999999,8.71670702179177,48
SUZLON,2021-07-13,2021-07-14,7.35,7.25,18077,failed a technical gate (trend/near-high/RSI) -- not in the top 20 at all,-1807.6999999999937,-1.3605442176870652,1
GMRAIRPORT,2021-07-12,2021-07-15,31.5,30.85,4238,failed a technical gate (trend/near-high/RSI) -- not in the top 20 at all,-2754.699999999994,-2.063492063492056,3
OIL,2021-07-14,2021-07-15,110.55,107.55,1217,failed a technical gate (trend/near-high/RSI) -- not in the top 20 at all,-3651.0,-2.7137042062415184,1
KEI,2021-06-22,2021-07-16,678.2,710.95,192,dropped out of top 20 rank (now #24 of 81),6288.0,4.828959009141842,24
GMRAIRPORT,2021-07-16,2021-07-19,31.1,30.25,4448,failed a technical gate (trend/near-high/RSI) -- not in the top 20 at all,-3780.8000000000065,-2.7331189710610992,3
LAURUSLABS,2021-07-14,2021-07-22,658.1,653.6,204,failed a technical gate (trend/near-high/RSI) -- not in the top 20 at all,-918.0,-0.6837866585625241,8
KEI,2021-07-20,2021-07-22,712.45,715.55,193,dropped out of top 20 rank (now #25 of 79),598.2999999999824,0.43511825391253645,2
TATAELXSI,2021-07-19,2021-07-27,4223.35,4175.75,32,failed a technical gate (trend/near-high/RSI) -- not in the top 20 at all,-1523.2000000000116,-1.1270673754247285,8
NAM-INDIA,2021-07-27,2021-08-02,389.65,400.4,385,dropped out of top 20 rank (now #24 of 72),4138.75,2.7588861799050513,6
NATIONALUM,2021-07-23,2021-08-09,80.73,83.17420124376115,1811,stop,4426.448452451429,3.0276244813094877,17
CDSL,2021-07-29,2021-08-09,656.1,657.9,233,dropped out of top 20 rank (now #21 of 70),419.3999999999894,0.274348422496562,11
SAIL,2021-08-09,2021-08-10,134.1,127.25,1132,closed below 200 EMA,-7754.199999999993,-5.108128262490674,1
BSE,2021-08-09,2021-08-10,132.5,126.5,1146,failed a technical gate (trend/near-high/RSI) -- not in the top 20 at all,-6876.0,-4.528301886792452,1
TATAELXSI,2021-08-02,2021-08-11,4222.8,4195.3,36,failed a technical gate (trend/near-high/RSI) -- not in the top 20 at all,-990.0,-0.651226674244576,9
HINDALCO,2021-08-10,2021-08-18,426.95,426.95,348,failed a technical gate (trend/near-high/RSI) -- not in the top 20 at all,0.0,0.0,8
TATASTEEL,2021-07-02,2021-08-20,107.49,131.36693810821885,1235,stop,29488.018563650283,22.2131715584881,49
PRESTIGE,2021-08-16,2021-08-20,345.55,331.95,447,failed a technical gate (trend/near-high/RSI) -- not in the top 20 at all,-6079.20000000001,-3.935754594125318,4
INOXWIND,2021-08-18,2021-08-20,30.51,29.28,5115,failed a technical gate (trend/near-high/RSI) -- not in the top 20 at all,-6291.450000000003,-4.031465093412001,2
JSWENERGY,2021-03-24,2021-08-23,83.3,225.1,1177,failed a technical gate (trend/near-high/RSI) -- not in the top 20 at all,166898.6,170.22809123649458,152
RADICO,2021-08-20,2021-08-23,884.35,857.9,170,failed a technical gate (trend/near-high/RSI) -- not in the top 20 at all,-4496.500000000007,-2.990897269180759,3
KPITTECH,2021-07-14,2021-08-24,249.35,308.8275440615503,539,stop,32058.39624917563,23.853035516964248,41
JUBLFOOD,2021-08-23,2021-08-24,758.3,740.0,196,failed a technical gate (trend/near-high/RSI) -- not in the top 20 at all,-3586.799999999991,-2.4132928919952445,1
TATASTEEL,2021-08-24,2021-08-25,133.73,132.31,1103,failed a technical gate (trend/near-high/RSI) -- not in the top 20 at all,-1566.2599999999861,-1.0618410229567,1
RADICO,2021-08-25,2021-08-27,879.3,865.4,168,failed a technical gate (trend/near-high/RSI) -- not in the top 20 at all,-2335.199999999996,-1.5808029114067979,2
INFY,2021-08-30,2021-09-01,1662.1,1642.2,90,failed a technical gate (trend/near-high/RSI) -- not in the top 20 at all,-1790.9999999999877,-1.1972805487034388,2
VEDL,2021-09-09,2021-09-14,135.15,135.8,1122,dropped out of top 20 rank (now #21 of 97),729.3000000000063,0.4809470958194728,5
KPITTECH,2021-08-24,2021-09-16,315.1,325.2,468,failed a technical gate (trend/near-high/RSI) -- not in the top 20 at all,4726.799999999984,3.205331640748965,23
TATASTEEL,2021-09-01,2021-09-17,134.37,131.92,1112,failed a technical gate (trend/near-high/RSI) -- not in the top 20 at all,-2724.4000000000187,-1.823323658554754,16
NATIONALUM,2021-09-17,2021-09-20,92.18,83.64347683491349,1672,stop,-14273.066732024663,-9.260710745374833,3
OFSS,2021-08-20,2021-09-20,3955.0,4196.5,38,failed a technical gate (trend/near-high/RSI) -- not in the top 20 at all,9177.0,6.106194690265476,31
PRESTIGE,2021-09-17,2021-09-20,410.6,395.9,375,failed a technical gate (trend/near-high/RSI) -- not in the top 20 at all,-5512.500000000017,-3.5801266439357105,3
HAVELLS,2021-09-20,2021-09-21,1407.2,1411.1,107,dropped out of top 20 rank (now #22 of 68),417.2999999999854,0.2771461057418989,1
ADANIENSOL,2021-09-20,2021-09-21,1729.35,1642.9,87,failed a technical gate (trend/near-high/RSI) -- not in the top 20 at all,-7521.149999999984,-4.998988059097343,1
APOLLOHOSP,2021-09-08,2021-09-24,4811.4,4731.8,31,failed a technical gate (trend/near-high/RSI) -- not in the top 20 at all,-2467.599999999983,-1.6544041235399098,16
HAL,2021-09-21,2021-09-24,679.6,670.7,223,failed a technical gate (trend/near-high/RSI) -- not in the top 20 at all,-1984.6999999999948,-1.3095938787522021,3
OFSS,2021-09-23,2021-09-24,4199.0,4211.0,37,failed a technical gate (trend/near-high/RSI) -- not in the top 20 at all,444.0,0.285782329125972,1
COFORGE,2021-08-16,2021-09-28,957.0,1035.6279281148863,161,stop,12659.0964264967,8.21608444251687,43
PERSISTENT,2021-07-09,2021-09-28,1387.55,1755.7,96,failed a technical gate (trend/near-high/RSI) -- not in the top 20 at all,35342.40000000001,26.532377211632017,81
TECHM,2021-09-20,2021-09-28,1343.2,1326.7,112,failed a technical gate (trend/near-high/RSI) -- not in the top 20 at all,-1848.0,-1.2284097677188854,8
HAL,2021-09-28,2021-09-29,673.3,669.6,221,failed a technical gate (trend/near-high/RSI) -- not in the top 20 at all,-817.6999999999849,-0.5495321550571752,1
INDIGO,2021-09-28,2021-09-29,2023.05,2009.3,73,failed a technical gate (trend/near-high/RSI) -- not in the top 20 at all,-1003.75,-0.6796668396727767,1
JUBLFOOD,2021-09-29,2021-09-30,814.1,808.2,182,failed a technical gate (trend/near-high/RSI) -- not in the top 20 at all,-1073.7999999999959,-0.7247266920525686,1
VOLTAS,2021-09-29,2021-09-30,1205.2,1218.05,123,dropped out of top 20 rank (now #24 of 58),1580.5499999999888,1.0662130766677658,1
MPHASIS,2021-06-23,2021-10-01,1843.1,2836.9,70,failed a technical gate (trend/near-high/RSI) -- not in the top 20 at all,69566.00000000001,53.920026043079616,100
BAJAJFINSV,2021-09-29,2021-10-01,1743.35,1717.8,85,dropped out of top 20 rank (now #27 of 60),-2171.7499999999964,-1.465569162818714,2
HAL,2021-09-30,2021-10-01,677.2,669.0,220,failed a technical gate (trend/near-high/RSI) -- not in the top 20 at all,-1804.00000000001,-1.2108682811577176,1
INDIGO,2021-09-30,2021-10-01,2021.7,1976.05,73,failed a technical gate (trend/near-high/RSI) -- not in the top 20 at all,-3332.4500000000066,-2.258000692486528,1
LTM,2021-09-29,2021-10-05,5744.6,5765.4,25,dropped out of top 20 rank (now #22 of 72),519.9999999999818,0.3620791700031267,6
KPITTECH,2021-10-01,2021-10-06,338.05,335.8,436,failed a technical gate (trend/near-high/RSI) -- not in the top 20 at all,-981.0,-0.6655820144948921,5
JUBLFOOD,2021-10-05,2021-10-06,813.7,786.8,182,failed a technical gate (trend/near-high/RSI) -- not in the top 20 at all,-4895.800000000017,-3.3058866904264628,1
HAL,2021-10-04,2021-10-07,672.8,678.6,220,dropped out of top 20 rank (now #24 of 76),1276.000000000015,0.8620689655172598,3
MPHASIS,2021-10-06,2021-10-11,2918.5,2912.0,50,failed a technical gate (trend/near-high/RSI) -- not in the top 20 at all,-325.0,-0.22271714922048602,5
KPITTECH,2021-10-07,2021-10-13,339.15,341.15,443,dropped out of top 20 rank (now #22 of 91),886.0,0.589709568037744,6
PRESTIGE,2021-10-06,2021-10-14,457.3,453.55,322,failed a technical gate (trend/near-high/RSI) -- not in the top 20 at all,-1207.5,-0.8200306144762748,8
OIL,2021-10-12,2021-10-18,156.65,157.05,962,dropped out of top 20 rank (now #21 of 95),384.80000000000547,0.25534631343759884,6
OBEROIRLTY,2021-10-06,2021-10-20,857.7,882.2,171,failed a technical gate (trend/near-high/RSI) -- not in the top 20 at all,4189.5,2.856476623528037,14
INDIGO,2021-10-19,2021-10-20,2016.55,2011.95,75,failed a technical gate (trend/near-high/RSI) -- not in the top 20 at all,-344.9999999999932,-0.22811237013711239,1
DLF,2021-10-19,2021-10-21,414.45,407.1,366,failed a technical gate (trend/near-high/RSI) -- not in the top 20 at all,-2690.0999999999876,-1.7734346724574634,2
KPITTECH,2021-10-20,2021-10-21,340.9,337.8,445,failed a technical gate (trend/near-high/RSI) -- not in the top 20 at all,-1379.4999999999848,-0.9093575828688638,1
PERSISTENT,2021-09-29,2021-10-22,1771.4,1881.6844272320789,83,stop,9153.607460262538,6.225834212040127,23
MPHASIS,2021-10-12,2021-10-22,2929.9,2895.6861655597104,51,stop,-1744.9055564547748,-1.1677475149421412,10
INDUSTOWER,2021-10-12,2021-10-25,288.15,278.1,523,failed a technical gate (trend/near-high/RSI) -- not in the top 20 at all,-5256.149999999976,-3.4877667881311636,13
INDIGO,2021-10-22,2021-10-25,2018.7,1996.05,73,failed a technical gate (trend/near-high/RSI) -- not in the top 20 at all,-1653.4500000000066,-1.1220092138505056,3
TATAELXSI,2021-10-22,2021-10-25,6032.3,5809.2,24,failed a technical gate (trend/near-high/RSI) -- not in the top 20 at all,-5354.400000000009,-3.6984234868955523,3
DLF,2021-10-22,2021-10-25,413.65,401.15,358,failed a technical gate (trend/near-high/RSI) -- not in the top 20 at all,-4475.0,-3.021878399613198,3
MPHASIS,2021-10-22,2021-10-25,3055.1,3006.4,48,failed a technical gate (trend/near-high/RSI) -- not in the top 20 at all,-2337.5999999999913,-1.594055841052655,3
BHEL,2021-10-25,2021-10-26,68.7,71.65,2124,dropped out of top 20 rank (now #21 of 48),6265.800000000006,4.294032023289662,1
NTPC,2021-10-25,2021-10-26,143.9,143.2,1014,dropped out of top 20 rank (now #23 of 48),-709.8000000000172,-0.48644892286311414,1
JSWENERGY,2021-10-19,2021-10-27,379.2,366.55,401,failed a technical gate (trend/near-high/RSI) -- not in the top 20 at all,-5072.6499999999905,-3.3359704641350185,8
ONGC,2021-10-20,2021-10-28,140.0,135.75,1083,failed a technical gate (trend/near-high/RSI) -- not in the top 20 at all,-4602.75,-3.035714285714286,8
GODREJPROP,2021-10-20,2021-10-28,2309.7,2270.45,65,failed a technical gate (trend/near-high/RSI) -- not in the top 20 at all,-2551.25,-1.6993548945750558,8
INDHOTEL,2021-10-22,2021-10-28,198.45,193.25,746,failed a technical gate (trend/near-high/RSI) -- not in the top 20 at all,-3879.1999999999916,-2.620307382212139,6
OBEROIRLTY,2021-10-25,2021-10-28,908.0,891.75,160,failed a technical gate (trend/near-high/RSI) -- not in the top 20 at all,-2600.0,-1.7896475770925124,3
GMRAIRPORT,2021-10-25,2021-10-28,40.8,39.75,3576,failed a technical gate (trend/near-high/RSI) -- not in the top 20 at all,-3754.7999999999897,-2.5735294117646967,3
IEX,2021-10-26,2021-10-28,244.0,236.8,604,failed a technical gate (trend/near-high/RSI) -- not in the top 20 at all,-4348.799999999993,-2.950819672131144,2
MPHASIS,2021-10-26,2021-10-29,3044.9,3037.1,48,failed a technical gate (trend/near-high/RSI) -- not in the top 20 at all,-374.40000000000873,-0.25616604814608923,3
GODFRYPHLP,2021-10-29,2021-11-01,432.0,423.0,332,dropped out of top 20 rank (now #25 of 44),-2988.0,-2.083333333333337,3
BHEL,2021-10-28,2021-11-04,67.95,71.65,2115,dropped out of top 20 rank (now #23 of 50),7825.500000000006,5.445180279617379,7
GODREJPROP,2021-11-10,2021-11-11,2369.65,2292.8,63,failed a technical gate (trend/near-high/RSI) -- not in the top 20 at all,-4841.549999999994,-3.243094971831284,1
INDIANB,2021-11-03,2021-11-12,159.7,161.3,921,failed a technical gate (trend/near-high/RSI) -- not in the top 20 at all,1473.6000000000208,1.0018785222291937,9
GMRAIRPORT,2021-10-29,2021-11-15,40.55,40.5,3537,failed a technical gate (trend/near-high/RSI) -- not in the top 20 at all,-176.84999999998996,-0.12330456226880004,17
GODREJPROP,2021-11-15,2021-11-16,2337.75,2322.05,64,failed a technical gate (trend/near-high/RSI) -- not in the top 20 at all,-1004.7999999999884,-0.6715859266388513,1
BANKBARODA,2021-11-15,2021-11-16,85.5,83.5,1766,failed a technical gate (trend/near-high/RSI) -- not in the top 20 at all,-3532.0,-2.3391812865497075,1
ADANIENSOL,2021-10-29,2021-11-17,1767.4,1857.5,81,dropped out of top 20 rank (now #25 of 65),7298.099999999993,5.097883897250188,19
DLF,2021-11-15,2021-11-17,424.05,417.95,356,failed a technical gate (trend/near-high/RSI) -- not in the top 20 at all,-2171.600000000008,-1.4385096097158434,2
PRESTIGE,2021-11-16,2021-11-17,479.65,466.25,313,failed a technical gate (trend/near-high/RSI) -- not in the top 20 at all,-4194.1999999999925,-2.7937037423120925,1
OBEROIRLTY,2021-10-29,2021-11-18,905.3,921.5,158,failed a technical gate (trend/near-high/RSI) -- not in the top 20 at all,2559.600000000007,1.7894620567767694,20
RVNL,2021-11-17,2021-11-18,36.85,36.05,4050,failed a technical gate (trend/near-high/RSI) -- not in the top 20 at all,-3240.0000000000173,-2.170963364993228,1
TITAN,2021-10-28,2021-11-22,2375.15,2391.3,60,failed a technical gate (trend/near-high/RSI) -- not in the top 20 at all,969.0000000000055,0.6799570553438716,25
INDHOTEL,2021-11-02,2021-11-22,197.1,201.95,742,failed a technical gate (trend/near-high/RSI) -- not in the top 20 at all,3598.6999999999957,2.46067985794014,20
MAZDOCK,2021-11-17,2021-11-22,144.0,136.2,1036,closed below 200 EMA,-8080.800000000012,-5.41666666666667,5
HAL,2021-11-18,2021-11-22,691.8,681.2,212,failed a technical gate (trend/near-high/RSI) -- not in the top 20 at all,-2247.1999999999807,-1.5322347499277078,4
PGEL,2021-11-18,2021-11-22,51.65,49.4,2840,failed a technical gate (trend/near-high/RSI) -- not in the top 20 at all,-6390.0,-4.356243949661176,4
COFORGE,2021-11-22,2021-11-24,1085.5,1075.5,132,failed a technical gate (trend/near-high/RSI) -- not in the top 20 at all,-1320.0,-0.9212344541685846,2
TECHM,2021-11-22,2021-11-24,1448.5,1445.4,98,failed a technical gate (trend/near-high/RSI) -- not in the top 20 at all,-303.7999999999911,-0.21401449775629855,2
PERSISTENT,2021-10-25,2021-11-25,1979.85,2032.15,73,failed a technical gate (trend/near-high/RSI) -- not in the top 20 at all,3817.9000000000133,2.6416142637068596,31
INDHOTEL,2021-11-23,2021-11-25,207.25,205.55,697,failed a technical gate (trend/near-high/RSI) -- not in the top 20 at all,-1184.8999999999921,-0.8202653799758708,2
INOXWIND,2021-11-24,2021-11-25,31.44,31.64,4566,dropped out of top 20 rank (now #23 of 33),913.1999999999967,0.6361323155216203,1
DMART,2021-11-24,2021-11-25,4882.6,4894.5,29,dropped out of top 20 rank (now #25 of 33),345.09999999998945,0.24372260680785018,1
SHRIRAMFIN,2021-11-22,2021-11-26,312.35,289.16032351589683,458,stop,-10620.87182971926,-7.424260119770509,4
IEX,2021-11-03,2021-11-26,242.7,250.95,606,failed a technical gate (trend/near-high/RSI) -- not in the top 20 at all,4999.5,3.399258343634126,23
TVSMOTOR,2021-11-22,2021-11-26,709.85,676.8,201,failed a technical gate (trend/near-high/RSI) -- not in the top 20 at all,-6643.050000000014,-4.6559132211030585,4
PHOENIXLTD,2021-11-23,2021-11-26,523.4,484.2,276,closed below 200 EMA,-10819.199999999997,-7.489491784486047,3
TIINDIA,2021-11-25,2021-11-26,1672.9,1588.3,86,failed a technical gate (trend/near-high/RSI) -- not in the top 20 at all,-7275.600000000011,-5.057086496503082,1
TMPV,2021-11-25,2021-11-26,339.25,316.85,428,failed a technical gate (trend/near-high/RSI) -- not in the top 20 at all,-9587.19999999999,-6.602800294767864,1
LTM,2021-11-25,2021-11-26,6849.8,6648.3,21,failed a technical gate (trend/near-high/RSI) -- not in the top 20 at all,-4231.5,-2.941691728225637,1
PGEL,2021-11-23,2021-11-29,51.1,52.35,2828,failed a technical gate (trend/near-high/RSI) -- not in the top 20 at all,3535.0,2.446183953033265,6
ADANIENSOL,2021-11-29,2021-11-30,1894.2,1799.5,72,failed a technical gate (trend/near-high/RSI) -- not in the top 20 at all,-6818.400000000003,-4.999472072642808,1
CIPLA,2021-12-01,2021-12-02,928.15,921.25,149,closed below 200 EMA,-1028.0999999999967,-0.7434143188062237,1
ADANIENT,2021-11-26,2021-12-03,1618.6,1656.0,86,dropped out of top 20 rank (now #25 of 30),3216.400000000008,2.3106388236747932,7
VEDL,2021-11-30,2021-12-03,153.0,152.25,900,dropped out of top 20 rank (now #27 of 30),-675.0,-0.4901960784313708,3
BHARTIARTL,2021-12-02,2021-12-03,732.55,718.35,192,failed a technical gate (trend/near-high/RSI) -- not in the top 20 at all,-2726.399999999987,-1.938434236570874,1
LTM,2021-12-03,2021-12-06,6848.85,6556.05,20,failed a technical gate (trend/near-high/RSI) -- not in the top 20 at all,-5856.000000000004,-4.275170284062291,3
APLAPOLLO,2021-12-06,2021-12-07,904.15,915.6,154,dropped out of top 20 rank (now #22 of 28),1763.300000000007,1.2663827904661806,1
APOLLOHOSP,2021-12-06,2021-12-09,5299.8,5232.8,26,failed a technical gate (trend/near-high/RSI) -- not in the top 20 at all,-1742.0,-1.2641986490056212,3
TIINDIA,2021-12-06,2021-12-10,1637.65,1660.85,85,dropped out of top 20 rank (now #27 of 42),1971.9999999999845,1.416664122370448,4
KEI,2021-12-10,2021-12-13,1114.05,1088.7,128,failed a technical gate (trend/near-high/RSI) -- not in the top 20 at all,-3244.7999999999884,-2.2754813518244155,3
BSE,2021-11-26,2021-12-17,168.5,216.244085734321,827,stop,39484.35890228347,28.33476898179288,21
KEI,2021-12-15,2021-12-20,1119.65,1064.95,128,failed a technical gate (trend/near-high/RSI) -- not in the top 20 at all,-7001.600000000006,-4.885455276202388,5
PHOENIXLTD,2021-12-17,2021-12-20,510.35,505.9,279,failed a technical gate (trend/near-high/RSI) -- not in the top 20 at all,-1241.5500000000127,-0.8719506221220863,3
BSE,2021-12-17,2021-12-20,217.5,212.5,654,failed a technical gate (trend/near-high/RSI) -- not in the top 20 at all,-3270.0,-2.298850574712641,3
KPITTECH,2021-12-17,2021-12-20,481.6,456.75,295,failed a technical gate (trend/near-high/RSI) -- not in the top 20 at all,-7330.750000000006,-5.159883720930236,3
POWERGRID,2021-12-10,2021-12-22,148.45,147.6,962,failed a technical gate (trend/near-high/RSI) -- not in the top 20 at all,-817.6999999999946,-0.5725833614011466,12
ADANIGREEN,2021-12-21,2021-12-27,1383.15,1375.5,101,failed a technical gate (trend/near-high/RSI) -- not in the top 20 at all,-772.6500000000092,-0.5530853486606757,6
APLAPOLLO,2021-12-24,2021-12-27,1008.5,991.2,142,dropped out of top 20 rank (now #23 of 32),-2456.5999999999935,-1.7154189390183427,3
POWERGRID,2021-12-24,2021-12-29,150.5,149.9,951,failed a technical gate (trend/near-high/RSI) -- not in the top 20 at all,-570.5999999999946,-0.39867109634551534,5
SIEMENS,2021-12-20,2021-12-30,1794.2,1793.75,78,failed a technical gate (trend/near-high/RSI) -- not in the top 20 at all,-35.10000000000355,-0.025080815962552627,10
POWERGRID,2021-12-30,2021-12-31,150.45,149.75,979,failed a technical gate (trend/near-high/RSI) -- not in the top 20 at all,-685.2999999999888,-0.4652708541043493,1
SIEMENS,2021-12-31,2022-01-04,1798.9,1795.8,82,failed a technical gate (trend/near-high/RSI) -- not in the top 20 at all,-254.2000000000112,-0.1723275334926999,4
PERSISTENT,2021-12-07,2022-01-06,2088.2,2267.1,67,failed a technical gate (trend/near-high/RSI) -- not in the top 20 at all,11986.300000000007,8.567187051048752,30
TECHM,2022-01-05,2022-01-06,1636.4,1592.8,90,failed a technical gate (trend/near-high/RSI) -- not in the top 20 at all,-3924.0000000000123,-2.6643852358836595,1
INFY,2022-01-05,2022-01-06,1805.6,1779.3,81,failed a technical gate (trend/near-high/RSI) -- not in the top 20 at all,-2130.2999999999965,-1.4565795303500217,1
KEI,2022-01-06,2022-01-07,1139.45,1112.15,129,failed a technical gate (trend/near-high/RSI) -- not in the top 20 at all,-3521.6999999999944,-2.395892755276663,1
LTM,2022-01-06,2022-01-10,7191.25,7103.55,20,failed a technical gate (trend/near-high/RSI) -- not in the top 20 at all,-1753.9999999999964,-1.2195376325395468,4
COFORGE,2022-01-07,2022-01-10,1151.0,1116.0,129,failed a technical gate (trend/near-high/RSI) -- not in the top 20 at all,-4515.0,-3.040834057341446,3
GMRAIRPORT,2022-01-07,2022-01-11,45.8,44.85,3264,failed a technical gate (trend/near-high/RSI) -- not in the top 20 at all,-3100.799999999986,-2.0742358078602474,4
TIINDIA,2022-01-07,2022-01-11,1777.25,1762.65,84,dropped out of top 20 rank (now #24 of 73),-1226.3999999999924,-0.821493880995916,4
PRESTIGE,2022-01-10,2022-01-11,464.75,461.7,323,failed a technical gate (trend/near-high/RSI) -- not in the top 20 at all,-985.1500000000037,-0.6562668101129709,1
WIPRO,2022-01-10,2022-01-12,331.45,330.4,454,failed a technical gate (trend/near-high/RSI) -- not in the top 20 at all,-476.70000000000516,-0.31678986272439813,2
KEI,2022-01-11,2022-01-12,1131.25,1148.55,131,dropped out of top 20 rank (now #23 of 77),2266.299999999994,1.5292817679557924,1
LTM,2022-01-11,2022-01-13,7174.15,7132.6,20,failed a technical gate (trend/near-high/RSI) -- not in the top 20 at all,-830.9999999999854,-0.5791626882627132,2
COFORGE,2022-01-13,2022-01-14,1145.5,1137.5,128,failed a technical gate (trend/near-high/RSI) -- not in the top 20 at all,-1024.0,-0.698384984722833,1
GMRAIRPORT,2022-01-14,2022-01-17,45.35,44.85,3249,failed a technical gate (trend/near-high/RSI) -- not in the top 20 at all,-1624.5,-1.1025358324145529,3
TECHM,2022-01-10,2022-01-18,1615.7,1562.9,93,failed a technical gate (trend/near-high/RSI) -- not in the top 20 at all,-4910.399999999996,-3.2679334034783625,8
INFY,2022-01-19,2022-01-20,1827.5,1785.1,80,failed a technical gate (trend/near-high/RSI) -- not in the top 20 at all,-3392.0000000000073,-2.320109439124496,1
PGEL,2021-12-21,2022-01-21,63.8,75.35,2191,failed a technical gate (trend/near-high/RSI) -- not in the top 20 at all,25306.049999999992,18.103448275862057,31
NBCC,2022-01-18,2022-01-21,33.2,31.93,4434,failed a technical gate (trend/near-high/RSI) -- not in the top 20 at all,-5631.180000000014,-3.825301204819287,3
TITAN,2022-01-20,2022-01-21,2564.3,2528.15,56,failed a technical gate (trend/near-high/RSI) -- not in the top 20 at all,-2024.400000000005,-1.4097414499083638,1
KPITTECH,2021-12-21,2022-01-24,481.5,629.1021241577938,290,stop,42804.6160057602,30.654646761743255,34
TIINDIA,2022-01-18,2022-01-24,1791.05,1714.6,82,failed a technical gate (trend/near-high/RSI) -- not in the top 20 at all,-6268.900000000003,-4.268445883699512,6
KEI,2022-01-21,2022-01-24,1165.8,1108.95,123,failed a technical gate (trend/near-high/RSI) -- not in the top 20 at all,-6992.549999999988,-4.876479670612444,3
OBEROIRLTY,2022-01-21,2022-01-24,932.4,893.65,153,closed below 200 EMA,-5928.75,-4.155941655941653,3
VBL,2022-01-24,2022-01-25,120.1,116.35,1168,closed below 200 EMA,-4380.0,-3.122398001665283,1
PIDILITIND,2022-01-24,2022-01-25,1320.2,1294.9,106,failed a technical gate (trend/near-high/RSI) -- not in the top 20 at all,-2681.799999999995,-1.9163763066202044,1
TORNTPHARM,2022-01-25,2022-01-27,1580.5,1470.0,88,stop,-9724.0,-6.991458399240747,2
UPL,2022-01-25,2022-01-27,758.9,740.5,184,failed a technical gate (trend/near-high/RSI) -- not in the top 20 at all,-3385.599999999996,-2.4245618658584767,2
NATIONALUM,2022-01-25,2022-01-27,105.01,104.03,1330,failed a technical gate (trend/near-high/RSI) -- not in the top 20 at all,-1303.4000000000053,-0.9332444529092543,2
SBILIFE,2022-01-25,2022-01-27,1228.0,1211.65,113,failed a technical gate (trend/near-high/RSI) -- not in the top 20 at all,-1847.5499999999897,-1.331433224755696,2
KPITTECH,2022-01-25,2022-01-27,648.4,633.05,215,failed a technical gate (trend/near-high/RSI) -- not in the top 20 at all,-3300.250000000005,-2.3673658235657036,2
PRESTIGE,2022-01-27,2022-01-28,491.95,478.7,281,failed a technical gate (trend/near-high/RSI) -- not in the top 20 at all,-3723.25,-2.693363146661243,1
HINDALCO,2022-01-27,2022-01-31,489.15,489.05,283,failed a technical gate (trend/near-high/RSI) -- not in the top 20 at all,-28.299999999990348,-0.020443626699373496,4
PRESTIGE,2022-01-31,2022-02-01,488.3,484.3,288,failed a technical gate (trend/near-high/RSI) -- not in the top 20 at all,-1152.0,-0.8191685439279173,1
NTPC,2022-01-24,2022-02-02,132.6,141.15,1058,dropped out of top 20 rank (now #24 of 37),9045.900000000012,6.447963800904977,9
POWERGRID,2022-01-28,2022-02-04,154.1,153.7,901,failed a technical gate (trend/near-high/RSI) -- not in the top 20 at all,-360.4000000000051,-0.2595717066839698,7
SUZLON,2022-01-24,2022-02-07,10.2,10.2,13754,failed a technical gate (trend/near-high/RSI) -- not in the top 20 at all,0.0,0.0,14
ADANIENSOL,2022-01-31,2022-02-08,1970.9,1968.3,71,failed a technical gate (trend/near-high/RSI) -- not in the top 20 at all,-184.6000000000097,-0.1319194276726443,8
HAL,2022-02-04,2022-02-08,700.1,689.0,200,failed a technical gate (trend/near-high/RSI) -- not in the top 20 at all,-2220.0000000000045,-1.585487787458939,4
ONGC,2022-02-08,2022-02-09,150.85,148.2,920,failed a technical gate (trend/near-high/RSI) -- not in the top 20 at all,-2438.0000000000055,-1.756711965528679,1
OIL,2022-02-04,2022-02-10,150.0,153.45,934,dropped out of top 20 rank (now #22 of 37),3222.2999999999893,2.299999999999991,6
AMBER,2022-02-09,2022-02-10,3482.85,3489.45,39,dropped out of top 20 rank (now #21 of 37),257.39999999999645,0.18949997846591238,1
INDHOTEL,2022-01-27,2022-02-11,200.7,206.6,689,failed a technical gate (trend/near-high/RSI) -- not in the top 20 at all,4065.100000000004,2.939711011459889,15
BDL,2022-02-08,2022-02-11,236.3,226.1,587,failed a technical gate (trend/near-high/RSI) -- not in the top 20 at all,-5987.40000000001,-4.316546762589935,3
HAL,2022-02-10,2022-02-11,698.9,690.0,198,failed a technical gate (trend/near-high/RSI) -- not in the top 20 at all,-1762.1999999999955,-1.2734296752038854,1
INOXWIND,2022-02-11,2022-02-14,31.64,28.393126366581555,4346,stop,-14110.912810836564,-10.26192678071569,3
AMBER,2022-02-11,2022-02-14,3484.4,3462.2,39,failed a technical gate (trend/near-high/RSI) -- not in the top 20 at all,-865.8000000000106,-0.6371254735392129,3
ONGC,2022-02-14,2022-02-15,150.2,148.4,905,failed a technical gate (trend/near-high/RSI) -- not in the top 20 at all,-1628.9999999999845,-1.1984021304926706,1
OIL,2022-02-14,2022-02-15,150.5,149.8,903,failed a technical gate (trend/near-high/RSI) -- not in the top 20 at all,-632.0999999999897,-0.46511627906975495,1
BDL,2022-02-14,2022-02-16,231.9,230.65,586,failed a technical gate (trend/near-high/RSI) -- not in the top 20 at all,-732.5,-0.5390254420008622,2
NTPC,2022-02-15,2022-02-16,135.35,133.2,1017,closed below 200 EMA,-2186.5500000000056,-1.5884743258219425,1
SUNPHARMA,2022-02-14,2022-02-17,864.85,862.55,157,failed a technical gate (trend/near-high/RSI) -- not in the top 20 at all,-361.1000000000107,-0.26594207087935473,3
BANKBARODA,2022-02-14,2022-02-18,92.25,91.55,1474,failed a technical gate (trend/near-high/RSI) -- not in the top 20 at all,-1031.8000000000043,-0.7588075880758827,4
NATIONALUM,2022-02-17,2022-02-18,114.95,112.74,1195,failed a technical gate (trend/near-high/RSI) -- not in the top 20 at all,-2640.9500000000094,-1.9225750326228863,1
HINDALCO,2022-02-14,2022-02-21,521.25,512.0,260,failed a technical gate (trend/near-high/RSI) -- not in the top 20 at all,-2405.0,-1.7745803357314127,7
INDIGO,2022-02-14,2022-02-21,2092.3,2086.55,65,failed a technical gate (trend/near-high/RSI) -- not in the top 20 at all,-373.75,-0.27481718682789147,7
BSE,2022-02-21,2022-02-22,240.5,229.5,563,failed a technical gate (trend/near-high/RSI) -- not in the top 20 at all,-6193.0,-4.5738045738045745,1
ADANIGREEN,2022-02-14,2022-02-24,1862.15,1849.75,73,failed a technical gate (trend/near-high/RSI) -- not in the top 20 at all,-905.2000000000066,-0.6658969470773046,10
MARUTI,2022-02-17,2022-02-24,8552.45,8210.15,16,closed below 200 EMA,-5476.8000000000175,-4.0023618962987335,7
SIEMENS,2022-02-22,2022-02-24,1833.6,1741.25,73,closed below 200 EMA,-6741.549999999994,-5.0365401396160525,2
CUMMINSIND,2022-02-22,2022-02-24,950.25,927.7,142,closed below 200 EMA,-3202.0999999999935,-2.373059721126014,2
HINDALCO,2022-02-23,2022-02-24,518.7,517.65,261,failed a technical gate (trend/near-high/RSI) -- not in the top 20 at all,-274.0500000000178,-0.2024291497975894,1
ADANIGREEN,2022-02-25,2022-02-28,1923.5,1843.4,68,failed a technical gate (trend/near-high/RSI) -- not in the top 20 at all,-5446.799999999994,-4.164283857551332,3
OIL,2022-03-10,2022-03-14,156.85,154.05,843,failed a technical gate (trend/near-high/RSI) -- not in the top 20 at all,-2360.3999999999855,-1.7851450430347304,4
VEDL,2022-03-09,2022-03-15,168.65,162.1,782,closed below 200 EMA,-5122.100000000009,-3.883782982508155,6
BEL,2022-03-14,2022-03-15,69.95,68.5,1892,closed below 200 EMA,-2743.4000000000055,-2.0729092208720545,1
GAIL,2022-03-10,2022-03-21,86.77,84.76,1524,closed below 200 EMA,-3063.239999999986,-2.3164688256309685,11
POWERGRID,2022-03-16,2022-03-21,153.45,150.1,856,closed below 200 EMA,-2867.599999999995,-2.183121537960242,5
BEL,2022-03-17,2022-03-21,69.8,69.65,1884,failed a technical gate (trend/near-high/RSI) -- not in the top 20 at all,-282.59999999998394,-0.21489971346703163,4
BSE,2022-03-25,2022-03-28,295.5,294.5,445,dropped out of top 20 rank (now #23 of 47),-445.0,-0.33840947546531774,3
NATIONALUM,2022-03-29,2022-03-30,118.62,114.36,1111,closed below 200 EMA,-4732.860000000006,-3.591299949418314,1
HINDALCO,2022-03-16,2022-03-31,572.7,572.5605906471086,229,stop,-31.924741812141633,-0.02434247474968343,15
TATASTEEL,2022-03-30,2022-04-12,124.3,125.47,1054,failed a technical gate (trend/near-high/RSI) -- not in the top 20 at all,1233.1800000000019,0.9412711182622768,13
BSE,2022-04-12,2022-04-13,300.5,301.0,446,dropped out of top 20 rank (now #26 of 58),223.0,0.16638935108153063,1
TATAELXSI,2022-04-12,2022-04-18,8409.25,7815.95,15,failed a technical gate (trend/near-high/RSI) -- not in the top 20 at all,-8899.500000000004,-7.055325980319294,6
TATASTEEL,2022-04-19,2022-04-20,126.11,124.89,1058,failed a technical gate (trend/near-high/RSI) -- not in the top 20 at all,-1290.7599999999989,-0.9674094044881398,1
JSWSTEEL,2022-04-20,2022-04-22,738.85,723.4,179,failed a technical gate (trend/near-high/RSI) -- not in the top 20 at all,-2765.5500000000084,-2.0910875008459118,2
BANKBARODA,2022-04-21,2022-04-22,99.55,97.25,1335,failed a technical gate (trend/near-high/RSI) -- not in the top 20 at all,-3070.4999999999964,-2.3103967855349072,1
POWERGRID,2022-03-22,2022-04-25,152.95,163.6,855,failed a technical gate (trend/near-high/RSI) -- not in the top 20 at all,9105.750000000005,6.963059823471718,34
VEDL,2022-04-12,2022-04-25,190.75,183.55,703,failed a technical gate (trend/near-high/RSI) -- not in the top 20 at all,-5061.599999999992,-3.774574049803403,13
JINDALSTEL,2022-04-21,2022-04-25,540.75,526.2,245,failed a technical gate (trend/near-high/RSI) -- not in the top 20 at all,-3564.749999999989,-2.6907073509015222,4
360ONE,2022-04-25,2022-04-26,437.35,430.0,298,failed a technical gate (trend/near-high/RSI) -- not in the top 20 at all,-2190.3000000000065,-1.6805761975534517,1
COALINDIA,2022-04-26,2022-04-27,178.15,174.55,736,failed a technical gate (trend/near-high/RSI) -- not in the top 20 at all,-2649.599999999996,-2.020769014875101,1
APLAPOLLO,2022-04-27,2022-04-28,1022.7,1007.95,127,failed a technical gate (trend/near-high/RSI) -- not in the top 20 at all,-1873.25,-1.4422606825070905,1
HAL,2022-03-25,2022-04-29,697.4,797.55,188,failed a technical gate (trend/near-high/RSI) -- not in the top 20 at all,18828.199999999997,14.360481789503865,35
JINDALSTEL,2022-04-27,2022-05-02,539.85,532.85,241,failed a technical gate (trend/near-high/RSI) -- not in the top 20 at all,-1687.0,-1.2966564786514811,5
BDL,2022-04-28,2022-05-02,370.45,357.4,352,failed a technical gate (trend/near-high/RSI) -- not in the top 20 at all,-4593.600000000004,-3.5227426103387804,4
GODFRYPHLP,2022-04-25,2022-05-04,400.0,392.0,326,failed a technical gate (trend/near-high/RSI) -- not in the top 20 at all,-2608.0,-2.0000000000000018,9
ADANIPORTS,2022-04-29,2022-05-04,856.4,812.8,151,failed a technical gate (trend/near-high/RSI) -- not in the top 20 at all,-6583.600000000003,-5.091078935077064,5
APLAPOLLO,2022-04-29,2022-05-04,1023.3,977.75,127,failed a technical gate (trend/near-high/RSI) -- not in the top 20 at all,-5784.849999999994,-4.451285058145215,5
BLUESTARCO,2022-04-25,2022-05-05,563.35,545.95,231,failed a technical gate (trend/near-high/RSI) -- not in the top 20 at all,-4019.3999999999946,-3.088666015798347,10
KEI,2022-04-29,2022-05-05,1207.2,1204.3,107,failed a technical gate (trend/near-high/RSI) -- not in the top 20 at all,-310.30000000000973,-0.24022531477800868,6
TATACONSUM,2022-05-04,2022-05-05,793.45,766.8,161,failed a technical gate (trend/near-high/RSI) -- not in the top 20 at all,-4290.650000000014,-3.3587497636902275,1
RELIANCE,2022-05-04,2022-05-05,1283.8,1258.65,99,failed a technical gate (trend/near-high/RSI) -- not in the top 20 at all,-2489.8499999999867,-1.959027885963538,1
MARICO,2022-05-04,2022-05-06,519.55,503.65,246,closed below 200 EMA,-3911.399999999994,-3.060340679434126,2
PGEL,2022-05-05,2022-05-06,77.2,74.1,1651,closed below 200 EMA,-5118.100000000014,-4.0155440414507915,1
NHPC,2022-04-27,2022-05-10,32.9,31.95,3969,failed a technical gate (trend/near-high/RSI) -- not in the top 20 at all,-3770.549999999997,-2.8875379939209744,13
ITC,2022-05-04,2022-05-10,214.2,214.2,598,failed a technical gate (trend/near-high/RSI) -- not in the top 20 at all,0.0,0.0,6
ADANIGREEN,2022-05-04,2022-05-10,2671.35,2486.7,48,failed a technical gate (trend/near-high/RSI) -- not in the top 20 at all,-8863.200000000004,-6.912235386602283,6
PHOENIXLTD,2022-05-09,2022-05-10,529.0,508.5,240,closed below 200 EMA,-4920.0,-3.875236294896034,1
ADANIENSOL,2022-05-09,2022-05-10,2703.45,2482.55,46,closed below 200 EMA,-10161.399999999983,-8.171040707244437,1
TIINDIA,2022-05-09,2022-05-11,1811.75,1688.7167268648557,70,stop,-8612.329119460102,-6.790852663730885,2
COLPAL,2022-05-10,2022-05-11,1589.9,1576.0,77,failed a technical gate (trend/near-high/RSI) -- not in the top 20 at all,-1070.300000000007,-0.8742688219384953,1
ADANIPOWER,2022-05-10,2022-05-11,53.5,51.05,2315,failed a technical gate (trend/near-high/RSI) -- not in the top 20 at all,-5671.750000000006,-4.579439252336459,1
NTPC,2022-05-10,2022-05-11,155.45,152.55,796,failed a technical gate (trend/near-high/RSI) -- not in the top 20 at all,-2308.399999999982,-1.865551624316486,1
PHOENIXLTD,2022-05-11,2022-05-12,527.55,516.5,230,closed below 200 EMA,-2541.4999999999895,-2.0945881906928143,1
POWERGRID,2022-04-29,2022-05-18,167.25,167.35,778,failed a technical gate (trend/near-high/RSI) -- not in the top 20 at all,77.79999999999558,0.05979073243647104,19
VBL,2022-05-09,2022-05-19,141.2,141.5,899,failed a technical gate (trend/near-high/RSI) -- not in the top 20 at all,269.7000000000102,0.21246458923513956,10
VBL,2022-05-23,2022-05-25,143.9,141.8,863,failed a technical gate (trend/near-high/RSI) -- not in the top 20 at all,-1812.2999999999952,-1.459346768589298,2
KEI,2022-05-24,2022-05-25,1193.5,1114.0,103,closed below 200 EMA,-8188.5,-6.661080854629242,1
SUNPHARMA,2022-05-26,2022-05-30,899.95,888.3,136,closed below 200 EMA,-1584.4000000000124,-1.294516362020126,4
ADANIPOWER,2022-05-13,2022-06-02,50.95,59.05,2386,failed a technical gate (trend/near-high/RSI) -- not in the top 20 at all,19326.599999999988,15.897939156035324,20
EICHERMOT,2022-06-03,2022-06-06,2685.25,2653.1,45,failed a technical gate (trend/near-high/RSI) -- not in the top 20 at all,-1446.750000000004,-1.1972814449306424,3
CONCOR,2022-06-06,2022-06-07,509.1,500.95,240,closed below 200 EMA,-1956.0000000000082,-1.6008642702808995,1
SIEMENS,2022-06-06,2022-06-07,1800.15,1793.95,68,failed a technical gate (trend/near-high/RSI) -- not in the top 20 at all,-421.6000000000031,-0.3444157431325201,1
ADANIPOWER,2022-06-06,2022-06-07,59.65,58.3,2056,failed a technical gate (trend/near-high/RSI) -- not in the top 20 at all,-2775.600000000003,-2.2632020117351215,1
ITC,2022-05-26,2022-06-08,219.9,220.95,557,failed a technical gate (trend/near-high/RSI) -- not in the top 20 at all,584.8499999999905,0.4774897680764001,13
ICICIBANK,2022-06-07,2022-06-08,735.25,729.5,166,closed below 200 EMA,-954.5,-0.7820469228153715,1
PHOENIXLTD,2022-06-06,2022-06-09,554.6,552.4,221,failed a technical gate (trend/near-high/RSI) -- not in the top 20 at all,-486.20000000001005,-0.39668229354490325,3
INDIANB,2022-06-07,2022-06-09,155.0,154.75,787,dropped out of top 20 rank (now #22 of 26),-196.75,-0.1612903225806428,2
NHPC,2022-06-09,2022-06-10,33.1,32.9,3676,failed a technical gate (trend/near-high/RSI) -- not in the top 20 at all,-735.2000000000105,-0.6042296072507614,1
ITC,2022-06-10,2022-06-13,222.8,218.25,545,failed a technical gate (trend/near-high/RSI) -- not in the top 20 at all,-2479.7500000000064,-2.0421903052064705,3
KEI,2022-06-13,2022-06-14,1265.3,1247.2,95,failed a technical gate (trend/near-high/RSI) -- not in the top 20 at all,-1719.4999999999914,-1.4304907926973809,1
TATAELXSI,2022-05-30,2022-06-15,8076.7,8159.65,15,failed a technical gate (trend/near-high/RSI) -- not in the top 20 at all,1244.2499999999973,1.027028365545335,16
SBILIFE,2022-06-13,2022-06-15,1133.7,1125.75,106,failed a technical gate (trend/near-high/RSI) -- not in the top 20 at all,-842.7000000000048,-0.7012437152685957,2
PHOENIXLTD,2022-06-13,2022-06-15,555.5,535.75,217,closed below 200 EMA,-4285.75,-3.5553555355535504,2
COALINDIA,2022-06-13,2022-06-15,177.85,176.9,680,failed a technical gate (trend/near-high/RSI) -- not in the top 20 at all,-645.9999999999923,-0.5341579983131783,2
SIEMENS,2022-06-08,2022-06-16,1800.15,1783.85,67,closed below 200 EMA,-1092.1000000000122,-0.9054800988806622,8
BEL,2022-06-15,2022-06-16,80.05,77.45,1504,closed below 200 EMA,-3910.3999999999915,-3.2479700187382776,1
KEI,2022-06-15,2022-06-16,1258.65,1237.9,95,failed a technical gate (trend/near-high/RSI) -- not in the top 20 at all,-1971.25,-1.6485917451237397,1
OIL,2022-06-14,2022-06-17,178.75,169.75,677,failed a technical gate (trend/near-high/RSI) -- not in the top 20 at all,-6093.0,-5.034965034965033,3
BDL,2022-06-14,2022-06-20,391.3,348.4747378755162,309,stop,-13233.005996465494,-10.944355257982064,6
VBL,2022-06-17,2022-06-21,150.2,147.75,791,failed a technical gate (trend/near-high/RSI) -- not in the top 20 at all,-1937.949999999991,-1.6311584553928005,4
ASHOKLEY,2022-07-12,2022-07-14,69.2,68.4,1714,failed a technical gate (trend/near-high/RSI) -- not in the top 20 at all,-1371.199999999995,-1.1560693641618491,2
COLPAL,2022-07-25,2022-07-26,1565.1,1533.6,75,closed below 200 EMA,-2362.5,-2.0126509488211597,1
BAJAJ-AUTO,2022-07-26,2022-07-27,3828.5,3788.0,30,failed a technical gate (trend/near-high/RSI) -- not in the top 20 at all,-1215.0,-1.0578555570066595,1
HEROMOTOCO,2022-07-26,2022-07-27,2634.65,2616.9,45,failed a technical gate (trend/near-high/RSI) -- not in the top 20 at all,-798.75,-0.6737137760233769,1
BRITANNIA,2022-08-02,2022-08-03,3788.15,3770.0,31,failed a technical gate (trend/near-high/RSI) -- not in the top 20 at all,-562.6500000000028,-0.47912569460026866,1
CUMMINSIND,2022-08-03,2022-08-04,1181.05,1178.15,101,dropped out of top 20 rank (now #21 of 57),-292.8999999999862,-0.24554421912703628,1
BAJAJ-AUTO,2022-07-29,2022-08-05,3817.5,3914.0,31,dropped out of top 20 rank (now #21 of 53),2991.5,2.527832351015058,7
VBL,2022-06-22,2022-08-22,149.7,187.17200238682832,781,stop,29265.63386411293,25.03139771999221,61
TIINDIA,2022-08-01,2022-08-22,2023.0,2112.35,58,failed a technical gate (trend/near-high/RSI) -- not in the top 20 at all,5182.299999999995,4.416707859614433,21
BANKBARODA,2022-08-19,2022-08-22,105.6,103.6,1151,failed a technical gate (trend/near-high/RSI) -- not in the top 20 at all,-2302.0,-1.8939393939393923,3
HINDUNILVR,2022-08-12,2022-08-23,2594.95,2592.75,47,failed a technical gate (trend/near-high/RSI) -- not in the top 20 at all,-103.39999999999145,-0.08478005356556961,11
NESTLEIND,2022-08-22,2022-08-23,972.6,981.3,123,dropped out of top 20 rank (now #26 of 60),1070.0999999999917,0.8945095619987686,1
BDL,2022-08-23,2022-08-24,405.6,402.7,296,failed a technical gate (trend/near-high/RSI) -- not in the top 20 at all,-858.4000000000101,-0.7149901380670731,1
CGPOWER,2022-08-22,2022-08-26,229.9,227.1,523,failed a technical gate (trend/near-high/RSI) -- not in the top 20 at all,-1464.400000000006,-1.217920835145725,4
DABUR,2022-08-25,2022-08-26,579.7,572.0,208,failed a technical gate (trend/near-high/RSI) -- not in the top 20 at all,-1601.6000000000095,-1.3282732447817969,1
SIEMENS,2022-08-29,2022-08-30,2169.5,2196.75,55,dropped out of top 20 rank (now #25 of 69),1498.75,1.2560497810555349,1
BAJAJ-AUTO,2022-08-29,2022-08-30,3930.5,3984.0,30,dropped out of top 20 rank (now #27 of 69),1605.0,1.3611499809184524,1
HINDUNILVR,2022-09-02,2022-09-05,2603.6,2600.6,47,failed a technical gate (trend/near-high/RSI) -- not in the top 20 at all,-141.0,-0.11522507297587747,3
PIIND,2022-09-05,2022-09-06,3327.8,3265.15,37,failed a technical gate (trend/near-high/RSI) -- not in the top 20 at all,-2318.0500000000034,-1.8826251577618858,1
BDL,2022-08-30,2022-09-08,408.9,407.2,301,failed a technical gate (trend/near-high/RSI) -- not in the top 20 at all,-511.6999999999966,-0.41574957202249463,9
ADANIPOWER,2022-08-26,2022-09-14,75.1,76.9,1609,failed a technical gate (trend/near-high/RSI) -- not in the top 20 at all,2896.2000000000185,2.3968042609853635,19
UNOMINDA,2022-09-13,2022-09-14,571.45,563.6,219,failed a technical gate (trend/near-high/RSI) -- not in the top 20 at all,-1719.150000000005,-1.3736984863067625,1
JSWENERGY,2022-09-15,2022-09-16,340.45,329.35,369,failed a technical gate (trend/near-high/RSI) -- not in the top 20 at all,-4095.8999999999874,-3.2603906594213417,1
COALINDIA,2022-09-16,2022-09-19,215.05,214.0,581,dropped out of top 20 rank (now #21 of 50),-610.0500000000065,-0.48825854452453354,3
ADANIPOWER,2022-09-19,2022-09-21,78.35,78.1,1608,dropped out of top 20 rank (now #21 of 49),-402.0,-0.319081046585834,2
JSWENERGY,2022-09-20,2022-09-21,339.05,337.3,378,failed a technical gate (trend/near-high/RSI) -- not in the top 20 at all,-661.5,-0.5161480607580038,1
BEL,2022-09-21,2022-09-23,108.45,106.65,1174,failed a technical gate (trend/near-high/RSI) -- not in the top 20 at all,-2113.1999999999966,-1.6597510373443924,2
ADANIPORTS,2022-08-25,2022-09-26,816.0,892.9570373565793,148,stop,11389.641528773744,9.431009479972952,32
HAL,2022-09-21,2022-09-26,1227.3,1150.3467156134232,103,stop,-7926.188291817411,-6.27012828050002,5
INDIANB,2022-09-23,2022-09-26,188.25,175.6079763061959,676,stop,-8546.008017011576,-6.715550434955697,3
EICHERMOT,2022-08-29,2022-09-26,3291.6,3515.55,36,failed a technical gate (trend/near-high/RSI) -- not in the top 20 at all,8062.20000000001,6.80368209989064,28
ASTRAL,2022-09-16,2022-09-26,1758.5,1660.65,71,failed a technical gate (trend/near-high/RSI) -- not in the top 20 at all,-6947.349999999993,-5.564401478532832,10
BAJAJFINSV,2022-09-23,2022-09-26,1721.9,1676.8,73,failed a technical gate (trend/near-high/RSI) -- not in the top 20 at all,-3292.30000000001,-2.6191997212381746,3
VBL,2022-08-23,2022-09-27,192.7,209.56746304482184,624,stop,10525.296939968832,8.753224205927278,35
ITC,2022-08-11,2022-09-28,252.55,271.8126895211766,482,stop,9284.616349207114,7.627277577183356,48
MAXHEALTH,2022-09-26,2022-09-28,419.25,406.0,291,failed a technical gate (trend/near-high/RSI) -- not in the top 20 at all,-3855.75,-3.1604054859868835,2
PIDILITIND,2022-09-26,2022-09-28,1401.1,1384.9,87,failed a technical gate (trend/near-high/RSI) -- not in the top 20 at all,-1409.3999999999842,-1.15623438726713,2
CGPOWER,2022-09-27,2022-09-28,241.95,233.6,505,failed a technical gate (trend/near-high/RSI) -- not in the top 20 at all,-4216.749999999997,-3.451126265757387,1
BAJAJHLDNG,2022-09-28,2022-09-29,6637.0,6150.74557207513,18,stop,-8752.579702647652,-7.3264189833489475,1
AMBUJACEM,2022-09-26,2022-10-03,511.2,488.65,238,failed a technical gate (trend/near-high/RSI) -- not in the top 20 at all,-5366.900000000002,-4.411189358372458,7
MARICO,2022-09-26,2022-10-03,526.25,529.5,232,failed a technical gate (trend/near-high/RSI) -- not in the top 20 at all,754.0,0.6175771971496546,7
EICHERMOT,2022-09-27,2022-10-03,3570.55,3463.35,34,failed a technical gate (trend/near-high/RSI) -- not in the top 20 at all,-3644.8000000000093,-3.0023385752895315,6
ITC,2022-09-29,2022-10-03,274.65,267.5,443,failed a technical gate (trend/near-high/RSI) -- not in the top 20 at all,-3167.44999999999,-2.6033133078463444,4
BHARTIARTL,2022-09-29,2022-10-06,764.65,788.6,159,dropped out of top 20 rank (now #27 of 28),3808.0500000000075,3.132151964951291,7
POLYCAB,2022-10-03,2022-10-06,2542.85,2642.95,49,dropped out of top 20 rank (now #22 of 28),4904.899999999996,3.9365279115952445,3
EICHERMOT,2022-10-04,2022-10-06,3555.0,3531.35,35,failed a technical gate (trend/near-high/RSI) -- not in the top 20 at all,-827.7500000000032,-0.6652601969057703,2
360ONE,2022-09-28,2022-10-10,443.3,445.6,273,failed a technical gate (trend/near-high/RSI) -- not in the top 20 at all,627.900000000003,0.5188360027069683,12
BRITANNIA,2022-10-03,2022-10-11,3768.95,3727.9,33,failed a technical gate (trend/near-high/RSI) -- not in the top 20 at all,-1354.649999999991,-1.0891627641650747,8
VBL,2022-10-10,2022-10-11,217.9,209.05,597,failed a technical gate (trend/near-high/RSI) -- not in the top 20 at all,-5283.449999999996,-4.061496099128037,1
PHOENIXLTD,2022-10-11,2022-10-12,696.8,696.05,182,dropped out of top 20 rank (now #24 of 28),-136.5,-0.10763490241102458,1
TITAN,2022-10-11,2022-10-12,2624.5,2621.35,48,dropped out of top 20 rank (now #22 of 28),-151.20000000000437,-0.12002286149742636,1
BHARTIARTL,2022-10-11,2022-10-12,780.3,775.55,162,failed a technical gate (trend/near-high/RSI) -- not in the top 20 at all,-769.5,-0.6087402281173881,1
TRENT,2022-10-11,2022-10-13,948.7,934.4,134,failed a technical gate (trend/near-high/RSI) -- not in the top 20 at all,-1916.2000000000091,-1.5073258142721646,2
360ONE,2022-10-12,2022-10-13,450.45,440.45,286,failed a technical gate (trend/near-high/RSI) -- not in the top 20 at all,-2860.0,-2.220002220002215,1
AMBUJACEM,2022-10-12,2022-10-13,505.45,496.85,255,failed a technical gate (trend/near-high/RSI) -- not in the top 20 at all,-2192.9999999999914,-1.7014541497675228,1
TIINDIA,2022-09-29,2022-10-14,2583.95,2643.9,47,failed a technical gate (trend/near-high/RSI) -- not in the top 20 at all,2817.650000000013,2.3200913330366335,15
POLYCAB,2022-10-13,2022-10-14,2574.6,2570.45,50,dropped out of top 20 rank (now #22 of 23),-207.50000000000455,-0.16119008778062716,1
CIPLA,2022-10-13,2022-10-18,1103.65,1125.85,117,dropped out of top 20 rank (now #24 of 32),2597.3999999999787,2.011507271326951,5
KPITTECH,2022-10-11,2022-10-19,645.55,649.55,196,dropped out of top 20 rank (now #24 of 36),784.0,0.6196266749283641,8
NHPC,2022-10-12,2022-10-19,37.5,40.2,3444,dropped out of top 20 rank (now #21 of 36),9298.80000000001,7.200000000000006,7
INDUSINDBK,2022-10-13,2022-10-19,1184.25,1218.4,109,dropped out of top 20 rank (now #22 of 36),3722.35000000001,2.8836816550559474,6
BAJAJHLDNG,2022-10-03,2022-10-20,6507.25,6467.45,19,failed a technical gate (trend/near-high/RSI) -- not in the top 20 at all,-756.2000000000035,-0.6116254946405997,17
AMBUJACEM,2022-10-14,2022-10-25,501.85,513.1,256,dropped out of top 20 rank (now #24 of 46),2880.0,2.241705688950879,11
KPITTECH,2022-10-20,2022-10-27,652.9,733.75,201,dropped out of top 20 rank (now #22 of 51),16250.850000000004,12.383213355797217,7
TIINDIA,2022-10-17,2022-10-28,2669.3,2668.3,48,failed a technical gate (trend/near-high/RSI) -- not in the top 20 at all,-48.0,-0.03746300528227886,11
AXISBANK,2022-11-02,2022-11-04,863.55,868.1,158,dropped out of top 20 rank (now #21 of 63),718.9000000000108,0.5268947947426383,2
HAL,2022-10-21,2022-11-10,1201.3,1215.55,109,failed a technical gate (trend/near-high/RSI) -- not in the top 20 at all,1553.25,1.1862149338216943,20
EICHERMOT,2022-11-03,2022-11-11,3675.25,3519.65,37,closed below 200 EMA,-5757.199999999997,-4.2337255968981635,8
BEL,2022-11-10,2022-11-14,106.7,106.6,1292,failed a technical gate (trend/near-high/RSI) -- not in the top 20 at all,-129.20000000001102,-0.09372071227742307,4
VBL,2022-11-11,2022-11-14,221.3,216.85,630,failed a technical gate (trend/near-high/RSI) -- not in the top 20 at all,-2803.500000000011,-2.010845006778139,3
NHPC,2022-11-15,2022-11-17,42.95,41.95,3309,failed a technical gate (trend/near-high/RSI) -- not in the top 20 at all,-3309.0,-2.328288707799764,2
BDL,2022-11-16,2022-11-17,478.5,470.65,300,failed a technical gate (trend/near-high/RSI) -- not in the top 20 at all,-2355.000000000007,-1.6405433646813017,1
BEL,2022-11-15,2022-11-21,107.05,105.8,1327,failed a technical gate (trend/near-high/RSI) -- not in the top 20 at all,-1658.75,-1.1676786548341922,6
PHOENIXLTD,2022-11-18,2022-11-21,744.05,732.25,189,failed a technical gate (trend/near-high/RSI) -- not in the top 20 at all,-2230.1999999999916,-1.5859149250722293,3
MAZDOCK,2022-09-26,2022-11-22,209.8,377.9707646003949,581,stop,97707.21423282943,80.15765710219011,57
AXISBANK,2022-11-18,2022-11-22,859.2,870.05,164,dropped out of top 20 rank (now #21 of 37),1779.399999999985,1.262802607076341,4
SUPREMEIND,2022-11-21,2022-11-22,2282.5,2257.6,60,failed a technical gate (trend/near-high/RSI) -- not in the top 20 at all,-1494.0000000000055,-1.090909090909098,1
CUMMINSIND,2022-11-21,2022-11-22,1322.1,1330.05,104,dropped out of top 20 rank (now #22 of 37),826.8000000000047,0.6013160880417479,1
ADANIPORTS,2022-11-21,2022-11-25,871.6,879.6,158,dropped out of top 20 rank (now #23 of 43),1264.0,0.9178522257916377,4
COCHINSHIP,2022-09-15,2022-12-07,187.95,312.7,669,failed a technical gate (trend/near-high/RSI) -- not in the top 20 at all,83457.75,66.37403564777867,83
PIIND,2022-11-21,2022-12-07,3326.45,3467.65,41,dropped out of top 20 rank (now #23 of 57),5789.200000000012,4.244765440634923,16
INDIANB,2022-11-29,2022-12-09,255.8,260.3,547,failed a technical gate (trend/near-high/RSI) -- not in the top 20 at all,2461.5,1.7591868647380826,10
HAL,2022-11-11,2022-12-14,1239.55,1341.8,112,failed a technical gate (trend/near-high/RSI) -- not in the top 20 at all,11452.0,8.24896131660684,33
MAZDOCK,2022-12-07,2022-12-16,434.8,416.2,326,failed a technical gate (trend/near-high/RSI) -- not in the top 20 at all,-6063.600000000008,-4.277828886844537,9
DABUR,2022-12-15,2022-12-16,586.9,579.75,242,failed a technical gate (trend/near-high/RSI) -- not in the top 20 at all,-1730.2999999999945,-1.2182654626000988,1
BANKINDIA,2022-12-16,2022-12-21,85.08,80.93,1656,failed a technical gate (trend/near-high/RSI) -- not in the top 20 at all,-6872.399999999986,-4.877762106252925,5
UNIONBANK,2022-12-16,2022-12-21,76.19,72.91,1849,failed a technical gate (trend/near-high/RSI) -- not in the top 20 at all,-6064.720000000002,-4.305026906418163,5
PNB,2022-12-19,2022-12-21,52.93,50.19,2687,failed a technical gate (trend/near-high/RSI) -- not in the top 20 at all,-7362.380000000006,-5.176648403551864,2
NMDC,2022-12-20,2022-12-21,34.2,33.5,4202,failed a technical gate (trend/near-high/RSI) -- not in the top 20 at all,-2941.400000000012,-2.046783625730997,1
GODFRYPHLP,2022-11-25,2022-12-22,580.0,606.0,239,failed a technical gate (trend/near-high/RSI) -- not in the top 20 at all,6214.0,4.482758620689653,27
JINDALSTEL,2022-11-28,2022-12-22,507.2,539.85,276,failed a technical gate (trend/near-high/RSI) -- not in the top 20 at all,9011.400000000009,6.437302839116721,24
IRFC,2022-12-09,2022-12-22,31.05,31.25,4579,failed a technical gate (trend/near-high/RSI) -- not in the top 20 at all,915.7999999999968,0.6441223832528209,13
RVNL,2022-12-16,2022-12-22,70.15,66.45,2008,failed a technical gate (trend/near-high/RSI) -- not in the top 20 at all,-7429.600000000006,-5.274411974340698,6
LT,2022-12-21,2022-12-22,2146.3,2109.95,64,failed a technical gate (trend/near-high/RSI) -- not in the top 20 at all,-2326.4000000000233,-1.6936122629641837,1
HINDUNILVR,2022-12-21,2022-12-22,2666.2,2645.35,52,failed a technical gate (trend/near-high/RSI) -- not in the top 20 at all,-1084.1999999999953,-0.7820118520741048,1
INDIANB,2022-12-21,2022-12-22,272.85,267.75,510,failed a technical gate (trend/near-high/RSI) -- not in the top 20 at all,-2601.000000000012,-1.8691588785046842,1
BRITANNIA,2022-12-21,2022-12-23,4418.85,4331.9,31,failed a technical gate (trend/near-high/RSI) -- not in the top 20 at all,-2695.4500000000226,-1.9677065299795404,2
CUMMINSIND,2022-12-21,2022-12-23,1455.0,1388.05,95,failed a technical gate (trend/near-high/RSI) -- not in the top 20 at all,-6360.250000000005,-4.601374570446737,2
HDFCLIFE,2022-12-22,2022-12-23,577.85,565.45,235,failed a technical gate (trend/near-high/RSI) -- not in the top 20 at all,-2913.9999999999945,-2.145885610452536,1
JSWSTEEL,2022-12-22,2022-12-23,737.55,727.85,184,failed a technical gate (trend/near-high/RSI) -- not in the top 20 at all,-1784.7999999999874,-1.3151650735543252,1
AXISBANK,2022-12-22,2022-12-23,919.55,906.6,147,failed a technical gate (trend/near-high/RSI) -- not in the top 20 at all,-1903.64999999999,-1.4082975368386652,1
APOLLOHOSP,2022-12-26,2022-12-27,4684.05,4643.8,28,failed a technical gate (trend/near-high/RSI) -- not in the top 20 at all,-1127.0,-0.8592991108122283,1
PIIND,2022-12-26,2022-12-28,3482.95,3452.7,38,failed a technical gate (trend/near-high/RSI) -- not in the top 20 at all,-1149.5,-0.8685166310168135,2
MARICO,2022-12-23,2022-12-29,515.55,515.4,261,failed a technical gate (trend/near-high/RSI) -- not in the top 20 at all,-39.149999999994066,-0.029095141111434852,6
BRITANNIA,2022-12-26,2022-12-29,4375.35,4348.3,30,failed a technical gate (trend/near-high/RSI) -- not in the top 20 at all,-811.5000000000055,-0.6182362553852849,3
ZYDUSLIFE,2022-12-28,2022-12-30,415.25,419.95,323,dropped out of top 20 rank (now #26 of 26),1518.0999999999963,1.1318482841661703,2
VBL,2022-12-28,2022-12-30,264.7,264.5,508,failed a technical gate (trend/near-high/RSI) -- not in the top 20 at all,-101.59999999999422,-0.0755572346052058,2
GODREJCP,2022-12-29,2022-12-30,886.05,874.05,152,failed a technical gate (trend/near-high/RSI) -- not in the top 20 at all,-1824.0,-1.35432537667175,1
VBL,2023-01-02,2023-01-03,266.6,261.35,504,failed a technical gate (trend/near-high/RSI) -- not in the top 20 at all,-2646.0,-1.9692423105776458,1
AXISBANK,2022-12-28,2023-01-05,924.7,949.55,145,dropped out of top 20 rank (now #21 of 37),3603.249999999987,2.6873580620741855,8
SBIN,2023-01-04,2023-01-06,605.2,600.65,222,failed a technical gate (trend/near-high/RSI) -- not in the top 20 at all,-1010.1000000000151,-0.7518175809649863,2
JSWSTEEL,2023-01-05,2023-01-06,750.7,728.35,178,failed a technical gate (trend/near-high/RSI) -- not in the top 20 at all,-3978.300000000004,-2.9772212601571924,1
ABCAPITAL,2023-01-05,2023-01-06,149.6,145.3,898,failed a technical gate (trend/near-high/RSI) -- not in the top 20 at all,-3861.3999999999846,-2.8743315508021228,1
UNIONBANK,2023-01-06,2023-01-10,72.53,70.94,1840,failed a technical gate (trend/near-high/RSI) -- not in the top 20 at all,-2925.6000000000063,-2.1921963325520544,4
FEDERALBNK,2023-01-10,2023-01-11,135.25,134.65,984,failed a technical gate (trend/near-high/RSI) -- not in the top 20 at all,-590.3999999999944,-0.44362292051756125,1
INDIANB,2023-01-10,2023-01-11,275.9,274.85,482,failed a technical gate (trend/near-high/RSI) -- not in the top 20 at all,-506.0999999999781,-0.380572671257684,1
BANKBARODA,2023-01-12,2023-01-17,163.05,163.1,816,failed a technical gate (trend/near-high/RSI) -- not in the top 20 at all,40.799999999986085,0.030665440049060244,5
BANKINDIA,2023-01-17,2023-01-18,87.28,83.49,1529,failed a technical gate (trend/near-high/RSI) -- not in the top 20 at all,-5794.91000000001,-4.342346471127412,1
MAHABANK,2023-01-20,2023-01-23,31.3,30.9,4257,failed a technical gate (trend/near-high/RSI) -- not in the top 20 at all,-1702.800000000009,-1.2779552715655007,3
PNB,2023-01-12,2023-01-24,52.75,52.42,2522,failed a technical gate (trend/near-high/RSI) -- not in the top 20 at all,-832.2599999999957,-0.6255924170616045,12
IRFC,2023-01-17,2023-01-24,32.7,32.6,4082,failed a technical gate (trend/near-high/RSI) -- not in the top 20 at all,-408.2000000000058,-0.3058103975535187,7
BDL,2023-01-23,2023-01-24,465.1,464.3,286,failed a technical gate (trend/near-high/RSI) -- not in the top 20 at all,-228.80000000000325,-0.1720060202107132,1
NMDC,2023-01-23,2023-01-24,35.4,35.05,3759,failed a technical gate (trend/near-high/RSI) -- not in the top 20 at all,-1315.6500000000053,-0.9887005649717562,1
PFC,2023-01-12,2023-01-25,119.4,114.75,1114,failed a technical gate (trend/near-high/RSI) -- not in the top 20 at all,-5180.100000000007,-3.8944723618090538,13
JINDALSTEL,2023-01-16,2023-01-27,589.5,588.15,227,failed a technical gate (trend/near-high/RSI) -- not in the top 20 at all,-306.45000000000516,-0.22900763358778553,11
GODREJCP,2023-01-25,2023-01-27,914.2,907.1,144,failed a technical gate (trend/near-high/RSI) -- not in the top 20 at all,-1022.4000000000033,-0.7766353095602696,2
LT,2023-01-25,2023-01-27,2174.7,2159.85,60,failed a technical gate (trend/near-high/RSI) -- not in the top 20 at all,-890.9999999999945,-0.6828528072837625,2
360ONE,2023-01-27,2023-01-30,467.85,425.5,280,stop,-11858.000000000007,-9.052046596131246,3
HINDZINC,2023-01-23,2023-01-30,346.2,330.0,384,failed a technical gate (trend/near-high/RSI) -- not in the top 20 at all,-6220.799999999996,-4.679376083188902,7
IOC,2023-01-27,2023-02-01,62.68,61.54,2094,failed a technical gate (trend/near-high/RSI) -- not in the top 20 at all,-2387.160000000001,-1.8187619655392506,5
TATASTEEL,2023-01-30,2023-02-06,112.53,111.26,1153,failed a technical gate (trend/near-high/RSI) -- not in the top 20 at all,-1464.3099999999954,-1.1285879321069947,7
360ONE,2023-02-06,2023-02-07,465.4,459.95,278,failed a technical gate (trend/near-high/RSI) -- not in the top 20 at all,-1515.0999999999967,-1.1710356682423706,1
GODREJCP,2023-01-31,2023-02-13,913.25,923.85,142,failed a technical gate (trend/near-high/RSI) -- not in the top 20 at all,1505.2000000000032,1.160689843963869,13
KEI,2023-02-13,2023-02-14,1629.85,1605.75,80,dropped out of top 20 rank (now #22 of 28),-1927.9999999999927,-1.4786636807068043,1
HCLTECH,2023-02-14,2023-02-17,1125.45,1109.55,116,failed a technical gate (trend/near-high/RSI) -- not in the top 20 at all,-1844.4000000000106,-1.4127682260429264,3
GODREJCP,2023-02-14,2023-02-20,930.55,927.7,140,failed a technical gate (trend/near-high/RSI) -- not in the top 20 at all,-398.99999999998727,-0.30627048519691336,6
BRITANNIA,2023-02-17,2023-02-20,4533.25,4453.8,28,failed a technical gate (trend/near-high/RSI) -- not in the top 20 at all,-2224.599999999995,-1.752605746429159,3
CGPOWER,2023-01-27,2023-02-21,298.4,319.9,440,dropped out of top 20 rank (now #22 of 31),9460.0,7.205093833780163,25
TCS,2023-02-20,2023-02-21,3487.3,3451.0,37,failed a technical gate (trend/near-high/RSI) -- not in the top 20 at all,-1343.1000000000067,-1.0409199093854848,1
JINDALSTEL,2023-02-21,2023-02-22,589.3,573.25,219,closed below 200 EMA,-3514.94999999999,-2.7235703376887743,1
ULTRACEMCO,2023-02-22,2023-02-23,7062.0,7033.0,18,failed a technical gate (trend/near-high/RSI) -- not in the top 20 at all,-522.0,-0.41064854148966656,1
CHOLAFIN,2023-02-22,2023-02-23,765.4,751.5,168,failed a technical gate (trend/near-high/RSI) -- not in the top 20 at all,-2335.199999999996,-1.816043898615105,1
GODREJCP,2023-02-22,2023-02-24,929.9,927.8,138,failed a technical gate (trend/near-high/RSI) -- not in the top 20 at all,-289.80000000000314,-0.2258307344875865,2
UPL,2023-02-23,2023-02-24,714.8,708.2,180,closed below 200 EMA,-1187.9999999999836,-0.9233351986569494,1
BAJAJ-AUTO,2023-02-21,2023-02-27,3742.5,3602.3391910295795,34,stop,-4765.467504994296,-3.745111796136824,6
ZYDUSLIFE,2023-02-20,2023-02-27,464.45,456.05,278,failed a technical gate (trend/near-high/RSI) -- not in the top 20 at all,-2335.1999999999935,-1.8085908063300682,7
KEI,2023-02-23,2023-02-27,1649.25,1629.75,78,failed a technical gate (trend/near-high/RSI) -- not in the top 20 at all,-1521.0,-1.182355616189179,4
DRREDDY,2023-02-23,2023-02-27,889.9,884.2,144,failed a technical gate (trend/near-high/RSI) -- not in the top 20 at all,-820.7999999999902,-0.6405214068996412,4
CGPOWER,2023-02-23,2023-02-27,314.2,310.9,410,failed a technical gate (trend/near-high/RSI) -- not in the top 20 at all,-1353.0000000000045,-1.0502864417568425,4
CHOLAFIN,2023-02-24,2023-02-28,762.85,756.5,169,failed a technical gate (trend/near-high/RSI) -- not in the top 20 at all,-1073.1500000000037,-0.8324047977977367,4
APOLLOHOSP,2023-02-27,2023-02-28,4439.75,4401.65,28,closed below 200 EMA,-1066.8000000000102,-0.8581564277267972,1
COFORGE,2023-02-27,2023-03-02,855.0,850.0,149,failed a technical gate (trend/near-high/RSI) -- not in the top 20 at all,-745.0,-0.5847953216374324,3
ULTRACEMCO,2023-02-27,2023-03-06,7043.0,7057.0,18,failed a technical gate (trend/near-high/RSI) -- not in the top 20 at all,252.0,0.19877892943347408,7
POLYCAB,2023-02-27,2023-03-08,2995.95,3092.1,42,dropped out of top 20 rank (now #21 of 39),4038.300000000004,3.209332599008663,9
PERSISTENT,2023-02-27,2023-03-09,2410.75,2408.8,52,failed a technical gate (trend/near-high/RSI) -- not in the top 20 at all,-101.39999999999054,-0.08088769055272227,10
COFORGE,2023-03-08,2023-03-09,856.0,851.0,151,failed a technical gate (trend/near-high/RSI) -- not in the top 20 at all,-755.0,-0.5841121495327117,1
KPITTECH,2023-02-22,2023-03-13,811.35,792.7,158,failed a technical gate (trend/near-high/RSI) -- not in the top 20 at all,-2946.699999999996,-2.2986380723485467,19
SUPREMEIND,2023-03-02,2023-03-13,2702.15,2666.5,47,failed a technical gate (trend/near-high/RSI) -- not in the top 20 at all,-1675.5500000000043,-1.319319800899288,11
ULTRACEMCO,2023-03-10,2023-03-13,7082.0,6934.0,18,closed below 200 EMA,-2664.0,-2.0898051397910233,3
ITC,2023-02-28,2023-03-14,310.65,313.1,411,failed a technical gate (trend/near-high/RSI) -- not in the top 20 at all,1006.9500000000187,0.7886689200064634,14
OIL,2023-03-13,2023-03-14,170.75,166.45,748,failed a technical gate (trend/near-high/RSI) -- not in the top 20 at all,-3216.4000000000087,-2.518301610541729,1
COALINDIA,2023-03-13,2023-03-15,205.55,204.7,621,closed below 200 EMA,-527.8500000000141,-0.4135246898564926,2
BAJAJHLDNG,2023-03-14,2023-03-15,6128.65,6041.1,20,closed below 200 EMA,-1750.9999999999854,-1.4285364639847198,1
VBL,2023-03-13,2023-03-16,262.5,261.25,486,failed a technical gate (trend/near-high/RSI) -- not in the top 20 at all,-607.5,-0.4761904761904745,3
TIINDIA,2023-03-15,2023-03-16,2680.75,2667.55,47,failed a technical gate (trend/near-high/RSI) -- not in the top 20 at all,-620.3999999999915,-0.4923995150610816,1
COALINDIA,2023-03-16,2023-03-17,205.6,206.35,617,dropped out of top 20 rank (now #22 of 23),462.75,0.36478599221789754,1
ITC,2023-03-16,2023-03-17,314.6,309.7,403,failed a technical gate (trend/near-high/RSI) -- not in the top 20 at all,-1974.7000000000137,-1.5575333757152032,1
PFC,2023-03-16,2023-03-20,126.5,120.7,1003,failed a technical gate (trend/near-high/RSI) -- not in the top 20 at all,-5817.399999999997,-4.584980237154146,4
HAL,2023-03-16,2023-03-20,1361.4,1322.4,93,failed a technical gate (trend/near-high/RSI) -- not in the top 20 at all,-3627.0,-2.8646981048920273,4
VBL,2023-03-17,2023-03-20,263.25,260.6,484,failed a technical gate (trend/near-high/RSI) -- not in the top 20 at all,-1282.599999999989,-1.0066476733143315,3
GODFRYPHLP,2023-03-14,2023-03-21,623.0,621.0,204,failed a technical gate (trend/near-high/RSI) -- not in the top 20 at all,-408.0,-0.32102728731941976,7
CUMMINSIND,2023-02-24,2023-03-22,1571.2,1612.6,82,failed a technical gate (trend/near-high/RSI) -- not in the top 20 at all,3394.799999999989,2.6349287169042723,26
NTPC,2023-03-20,2023-03-22,176.0,174.35,714,failed a technical gate (trend/near-high/RSI) -- not in the top 20 at all,-1178.100000000004,-0.9375000000000022,2
GODFRYPHLP,2023-03-22,2023-03-23,626.0,614.0,199,closed below 200 EMA,-2388.0,-1.9169329073482455,1
POWERGRID,2023-03-22,2023-03-23,164.5,163.05,760,failed a technical gate (trend/near-high/RSI) -- not in the top 20 at all,-1101.9999999999914,-0.8814589665653405,1
CUMMINSIND,2023-03-23,2023-03-24,1630.5,1622.15,76,failed a technical gate (trend/near-high/RSI) -- not in the top 20 at all,-634.5999999999931,-0.5121128488193794,1
PETRONET,2023-03-23,2023-03-24,211.4,206.4,590,failed a technical gate (trend/near-high/RSI) -- not in the top 20 at all,-2950.0,-2.365184484389782,1
MCX,2023-03-24,2023-03-28,295.0,294.0,421,failed a technical gate (trend/near-high/RSI) -- not in the top 20 at all,-421.0,-0.3389830508474523,4
TRENT,2023-03-27,2023-03-28,885.6,860.8,140,closed below 200 EMA,-3472.0000000000095,-2.8003613369467106,1
SIEMENS,2023-03-28,2023-04-03,2493.15,2554.15,49,dropped out of top 20 rank (now #25 of 29),2989.0,2.4467039688747194,6
HAL,2023-04-20,2023-04-26,1388.1,1420.5,90,dropped out of top 20 rank (now #25 of 57),2916.000000000008,2.334125783445007,6
VBL,2023-04-21,2023-05-02,279.45,283.0,448,failed a technical gate (trend/near-high/RSI) -- not in the top 20 at all,1590.400000000005,1.2703524780819597,11
KPITTECH,2023-05-05,2023-05-08,884.55,883.15,144,dropped out of top 20 rank (now #26 of 71),-201.59999999999673,-0.1582725679724173,3
INDIANB,2023-04-10,2023-05-09,269.35,290.1987638561156,461,stop,9611.280137669277,7.740398684282734,29
ABCAPITAL,2023-04-21,2023-05-11,158.05,163.95,792,failed a technical gate (trend/near-high/RSI) -- not in the top 20 at all,4672.799999999982,3.7329958873773883,20
COLPAL,2023-05-05,2023-05-12,1567.45,1627.7,81,dropped out of top 20 rank (now #28 of 69),4880.25,3.843822769466332,7
ABCAPITAL,2023-05-15,2023-05-17,165.7,164.55,764,failed a technical gate (trend/near-high/RSI) -- not in the top 20 at all,-878.5999999999826,-0.6940253470126612,2
NESTLEIND,2023-05-25,2023-05-30,1073.8,1078.7,119,dropped out of top 20 rank (now #29 of 81),583.1000000000108,0.45632333767928746,5
ABCAPITAL,2023-05-26,2023-05-31,165.25,170.3,777,dropped out of top 20 rank (now #24 of 79),3923.850000000009,3.0559757942511423,5
MAXHEALTH,2023-06-02,2023-06-05,531.0,519.05,244,failed a technical gate (trend/near-high/RSI) -- not in the top 20 at all,-2915.800000000011,-2.2504708097928483,3
VBL,2023-06-07,2023-06-08,329.5,316.35,398,failed a technical gate (trend/near-high/RSI) -- not in the top 20 at all,-5233.699999999991,-3.9908952959028743,1
HINDUNILVR,2023-05-25,2023-06-09,2597.25,2636.2,49,failed a technical gate (trend/near-high/RSI) -- not in the top 20 at all,1908.549999999991,1.499663105207416,15
EICHERMOT,2023-06-08,2023-06-09,3657.4,3581.3,35,failed a technical gate (trend/near-high/RSI) -- not in the top 20 at all,-2663.499999999997,-2.0807130748619174,1
INDHOTEL,2023-06-09,2023-06-13,381.95,393.35,340,dropped out of top 20 rank (now #25 of 95),3876.000000000012,2.9846838591438773,4
SONACOMS,2023-06-01,2023-06-14,530.2,509.85,244,failed a technical gate (trend/near-high/RSI) -- not in the top 20 at all,-4965.400000000005,-3.8381742738589297,13
BAJAJ-AUTO,2023-05-19,2023-06-16,4372.5,4527.0,29,failed a technical gate (trend/near-high/RSI) -- not in the top 20 at all,4480.5,3.533447684391078,28
HEROMOTOCO,2023-06-15,2023-06-19,2675.9,2616.95,49,failed a technical gate (trend/near-high/RSI) -- not in the top 20 at all,-2888.5500000000134,-2.2029971224634792,4
SBICARD,2023-06-15,2023-06-20,912.7,893.8,144,failed a technical gate (trend/near-high/RSI) -- not in the top 20 at all,-2721.600000000013,-2.0707790073408616,5
BAJAJ-AUTO,2023-06-20,2023-06-21,4547.0,4535.0,28,failed a technical gate (trend/near-high/RSI) -- not in the top 20 at all,-336.0,-0.2639102705080276,1
ITC,2023-05-18,2023-06-26,346.1,367.6,365,dropped out of top 20 rank (now #22 of 77),7847.5,6.212077434267549,39
BEL,2023-06-23,2023-06-27,120.05,118.4,1092,failed a technical gate (trend/near-high/RSI) -- not in the top 20 at all,-1801.7999999999906,-1.3744273219491787,4
MAXHEALTH,2023-06-06,2023-06-28,523.9,603.3,247,dropped out of top 20 rank (now #35 of 85),19611.799999999996,15.155564038938717,22
KPITTECH,2023-06-15,2023-06-30,1063.65,1089.8,124,dropped out of top 20 rank (now #22 of 94),3242.599999999983,2.458515489117641,15
ASTRAL,2023-06-26,2023-07-04,1942.7,1924.4,68,failed a technical gate (trend/near-high/RSI) -- not in the top 20 at all,-1244.399999999997,-0.9419879549081189,8
KPITTECH,2023-07-03,2023-07-04,1076.35,1060.75,123,failed a technical gate (trend/near-high/RSI) -- not in the top 20 at all,-1918.7999999999888,-1.449342685929289,1
COFORGE,2023-06-09,2023-07-10,881.5,922.5,147,dropped out of top 20 rank (now #26 of 99),6027.0,4.651162790697683,31
ANGELONE,2023-07-14,2023-07-17,170.8,159.54259808923192,788,stop,-8870.83270568526,-6.590984725274063,3
BAJFINANCE,2023-07-12,2023-07-18,743.0,742.0,179,dropped out of top 20 rank (now #23 of 106),-179.0,-0.1345895020188448,6
RECLTD,2023-07-19,2023-07-20,162.35,161.75,827,failed a technical gate (trend/near-high/RSI) -- not in the top 20 at all,-496.19999999999527,-0.3695719125346386,1
COFORGE,2023-07-12,2023-07-21,930.0,928.0,143,failed a technical gate (trend/near-high/RSI) -- not in the top 20 at all,-286.0,-0.21505376344086446,9
TIINDIA,2023-07-19,2023-07-25,3194.2,3131.4,42,failed a technical gate (trend/near-high/RSI) -- not in the top 20 at all,-2637.5999999999885,-1.9660634900757534,6
ITC,2023-07-26,2023-07-27,389.45,383.5,340,failed a technical gate (trend/near-high/RSI) -- not in the top 20 at all,-2022.9999999999961,-1.5277956091924505,1
KEI,2023-05-18,2023-07-28,1920.8,2437.6,65,failed a technical gate (trend/near-high/RSI) -- not in the top 20 at all,33592.0,26.90545605997501,71
HAL,2023-06-23,2023-08-02,1820.3,1859.3551621014797,72,stop,2811.971671306539,2.145534368042612,40
BEL,2023-07-05,2023-08-02,121.75,125.35,1087,failed a technical gate (trend/near-high/RSI) -- not in the top 20 at all,3913.199999999994,2.9568788501026733,28
GODREJPROP,2023-08-02,2023-08-03,1659.8,1568.7400846670885,79,stop,-7193.733311300008,-5.486198055965263,1
BDL,2023-08-03,2023-08-04,595.05,557.0200665692615,220,stop,-8366.585354762454,-6.391048387654552,1
UNIONBANK,2023-08-03,2023-08-04,78.64,79.43,1666,dropped out of top 20 rank (now #25 of 86),1316.1400000000103,1.0045778229908597,1
FORTIS,2023-08-02,2023-08-07,335.0,323.9,392,failed a technical gate (trend/near-high/RSI) -- not in the top 20 at all,-4351.200000000009,-3.3134328358209064,5
KALYANKJIL,2023-08-02,2023-08-10,168.25,181.5,782,dropped out of top 20 rank (now #27 of 83),10361.5,7.875185735512624,8
PHOENIXLTD,2023-08-09,2023-08-10,842.55,831.0,155,failed a technical gate (trend/near-high/RSI) -- not in the top 20 at all,-1790.249999999993,-1.370838525903506,1
MAZDOCK,2023-08-07,2023-08-11,905.2,870.65,143,failed a technical gate (trend/near-high/RSI) -- not in the top 20 at all,-4940.65000000001,-3.8168360583296534,4
RBLBANK,2023-08-02,2023-08-18,220.4,215.8,597,failed a technical gate (trend/near-high/RSI) -- not in the top 20 at all,-2746.1999999999966,-2.0871143375680523,16
BEL,2023-08-17,2023-08-18,128.7,127.15,1016,failed a technical gate (trend/near-high/RSI) -- not in the top 20 at all,-1574.7999999999827,-1.204351204351195,1
ETERNAL,2023-08-18,2023-08-21,89.35,89.75,1469,dropped out of top 20 rank (now #22 of 67),587.6000000000083,0.44767767207611886,3
ZYDUSLIFE,2023-08-14,2023-08-23,641.65,645.35,203,dropped out of top 20 rank (now #22 of 68),751.1000000000092,0.5766383542429754,9
AUROPHARMA,2023-08-22,2023-08-24,842.65,833.65,156,failed a technical gate (trend/near-high/RSI) -- not in the top 20 at all,-1404.0,-1.0680590992701577,2
CAMS,2023-08-24,2023-08-25,487.5,482.9,272,failed a technical gate (trend/near-high/RSI) -- not in the top 20 at all,-1251.2000000000062,-0.9435897435897456,1
MANAPPURAM,2023-08-24,2023-08-25,142.25,139.6,934,failed a technical gate (trend/near-high/RSI) -- not in the top 20 at all,-2475.1000000000054,-1.8629173989455183,1
MOTILALOFS,2023-08-25,2023-08-28,220.7,216.35,598,failed a technical gate (trend/near-high/RSI) -- not in the top 20 at all,-2601.2999999999965,-1.9710013593112752,3
MAZDOCK,2023-08-25,2023-08-29,919.7,909.2,143,failed a technical gate (trend/near-high/RSI) -- not in the top 20 at all,-1501.5,-1.141676633684896,4
DRREDDY,2023-08-25,2023-08-29,1155.85,1144.75,114,failed a technical gate (trend/near-high/RSI) -- not in the top 20 at all,-1265.3999999999896,-0.9603322230393174,4
INDIANB,2023-08-29,2023-08-30,374.05,363.3,352,failed a technical gate (trend/near-high/RSI) -- not in the top 20 at all,-3784.0,-2.87394733324422,1
GODFRYPHLP,2023-08-14,2023-09-05,676.0,700.0,192,failed a technical gate (trend/near-high/RSI) -- not in the top 20 at all,4608.0,3.5502958579881616,22
PFC,2023-09-04,2023-09-05,211.35,209.7,643,failed a technical gate (trend/near-high/RSI) -- not in the top 20 at all,-1060.9500000000037,-0.7806955287437911,1
RBLBANK,2023-08-21,2023-09-07,218.6,235.65,603,dropped out of top 20 rank (now #24 of 107),10281.150000000007,7.7996340347667115,17
MOTILALOFS,2023-09-05,2023-09-07,223.6,224.85,609,dropped out of top 20 rank (now #21 of 107),761.25,0.5590339892665552,2
MANAPPURAM,2023-09-06,2023-09-07,146.95,144.8,928,failed a technical gate (trend/near-high/RSI) -- not in the top 20 at all,-1995.199999999979,-1.463082681184058,1
HAL,2023-08-21,2023-09-12,1910.4,1970.4,69,failed a technical gate (trend/near-high/RSI) -- not in the top 20 at all,4140.0,3.1407035175879505,22
RECLTD,2023-09-06,2023-09-13,234.65,241.963149986777,581,stop,4248.94014231744,3.1166204929797603,7
KALYANKJIL,2023-09-12,2023-09-13,229.1,223.3,605,failed a technical gate (trend/near-high/RSI) -- not in the top 20 at all,-3508.9999999999895,-2.5316455696202445,1
SUPREMEIND,2023-09-04,2023-09-14,4328.95,4294.9,31,failed a technical gate (trend/near-high/RSI) -- not in the top 20 at all,-1055.5500000000056,-0.7865648713891393,10
POLYCAB,2023-09-13,2023-09-14,5043.4,5167.95,27,dropped out of top 20 rank (now #21 of 113),3362.850000000005,2.469564182892503,1
HAL,2023-09-13,2023-09-15,1985.15,1973.8,69,failed a technical gate (trend/near-high/RSI) -- not in the top 20 at all,-783.1500000000094,-0.5717452081706709,2
BEL,2023-09-14,2023-09-15,136.8,135.7,1007,failed a technical gate (trend/near-high/RSI) -- not in the top 20 at all,-1107.700000000023,-0.8040935672514737,1
BSE,2023-08-16,2023-09-20,280.0,392.1247679625419,465,stop,52138.01710258199,40.044559986622104,35
OBEROIRLTY,2023-09-13,2023-09-20,1133.95,1142.95,121,dropped out of top 20 rank (now #25 of 103),1089.0,0.7936857886150284,7
KALYANKJIL,2023-09-18,2023-09-20,229.35,219.15,599,failed a technical gate (trend/near-high/RSI) -- not in the top 20 at all,-6109.799999999993,-4.4473512099411305,2
BEL,2023-09-20,2023-09-21,136.9,135.25,991,failed a technical gate (trend/near-high/RSI) -- not in the top 20 at all,-1635.1500000000055,-1.2052593133674239,1
360ONE,2023-09-20,2023-09-21,518.9,516.0,261,failed a technical gate (trend/near-high/RSI) -- not in the top 20 at all,-756.8999999999941,-0.5588745423010133,1
COFORGE,2023-09-20,2023-09-21,1083.5,1067.5,125,failed a technical gate (trend/near-high/RSI) -- not in the top 20 at all,-2000.0,-1.4766958929395502,1
CAMS,2023-09-21,2023-09-22,500.2,496.7,270,failed a technical gate (trend/near-high/RSI) -- not in the top 20 at all,-945.0,-0.6997201119552154,1
PHOENIXLTD,2023-09-13,2023-09-25,902.4,893.15,152,failed a technical gate (trend/near-high/RSI) -- not in the top 20 at all,-1406.0,-1.0250443262411313,12
PERSISTENT,2023-09-21,2023-09-26,2877.5,2929.5,46,dropped out of top 20 rank (now #21 of 73),2392.0,1.80712423979148,5
360ONE,2023-09-25,2023-09-26,520.4,514.65,262,failed a technical gate (trend/near-high/RSI) -- not in the top 20 at all,-1506.5,-1.1049192928516471,1
BEL,2023-09-25,2023-09-28,136.6,135.05,998,failed a technical gate (trend/near-high/RSI) -- not in the top 20 at all,-1546.899999999983,-1.1346998535871067,3
PHOENIXLTD,2023-10-03,2023-10-04,909.45,906.2,153,failed a technical gate (trend/near-high/RSI) -- not in the top 20 at all,-497.25,-0.35735884325691636,1
CDSL,2023-10-04,2023-10-05,658.4,662.6,209,dropped out of top 20 rank (now #23 of 60),877.8000000000095,0.6379100850546937,1
NBCC,2023-10-04,2023-10-05,38.43,38.5,3592,dropped out of top 20 rank (now #28 of 60),251.44000000000102,0.18214936247722413,1
POLYCAB,2023-09-22,2023-10-06,5130.0,5259.25,26,dropped out of top 20 rank (now #26 of 67),3360.5,2.5194931773879103,14
IRFC,2023-10-04,2023-10-09,75.05,71.15,1839,failed a technical gate (trend/near-high/RSI) -- not in the top 20 at all,-7172.099999999984,-5.1965356429047205,5
MAZDOCK,2023-10-04,2023-10-09,1064.45,1036.7,129,failed a technical gate (trend/near-high/RSI) -- not in the top 20 at all,-3579.75,-2.606980130583869,5
CDSL,2023-10-09,2023-10-10,654.3,661.2,210,dropped out of top 20 rank (now #24 of 62),1449.000000000019,1.0545621274644867,1
BANKBARODA,2023-10-09,2023-10-11,191.15,186.9,720,failed a technical gate (trend/near-high/RSI) -- not in the top 20 at all,-3060.0,-2.223384776353654,2
BANKINDIA,2023-10-11,2023-10-13,99.9,99.15,1420,dropped out of top 20 rank (now #25 of 80),-1065.0,-0.7507507507507505,2
BEL,2023-10-11,2023-10-13,137.75,137.45,1030,failed a technical gate (trend/near-high/RSI) -- not in the top 20 at all,-309.0000000000117,-0.21778584392014855,2
MAHABANK,2023-10-11,2023-10-18,46.55,46.55,3049,dropped out of top 20 rank (now #28 of 82),0.0,0.0,7
UNIONBANK,2023-10-13,2023-10-18,93.3,92.59,1531,dropped out of top 20 rank (now #23 of 82),-1087.0099999999904,-0.760986066452296,5
MAZDOCK,2023-10-18,2023-10-19,1070.65,1064.9,134,failed a technical gate (trend/near-high/RSI) -- not in the top 20 at all,-770.5,-0.537056928034374,1
BLUESTARCO,2023-10-10,2023-10-20,865.55,919.3,163,dropped out of top 20 rank (now #26 of 61),8761.25,6.209924325573346,10
PHOENIXLTD,2023-10-18,2023-10-20,938.2,928.3,153,failed a technical gate (trend/near-high/RSI) -- not in the top 20 at all,-1514.700000000014,-1.0552121082924804,2
UNIONBANK,2023-10-19,2023-10-20,92.92,91.64,1577,failed a technical gate (trend/near-high/RSI) -- not in the top 20 at all,-2018.5600000000018,-1.377529057253557,1
RECLTD,2023-09-13,2023-10-23,244.4,278.3,562,failed a technical gate (trend/near-high/RSI) -- not in the top 20 at all,19051.800000000003,13.87070376432078,40
NMDC,2023-09-28,2023-10-23,43.3,46.1,3180,failed a technical gate (trend/near-high/RSI) -- not in the top 20 at all,8904.000000000013,6.466512702078542,25
PFC,2023-10-09,2023-10-25,240.25,237.2,573,failed a technical gate (trend/near-high/RSI) -- not in the top 20 at all,-1747.6500000000065,-1.2695109261186333,16
PAYTM,2023-10-23,2023-10-25,923.7,916.5,155,failed a technical gate (trend/near-high/RSI) -- not in the top 20 at all,-1116.000000000007,-0.7794738551477831,2
NBCC,2023-10-09,2023-10-26,38.53,40.789137033415386,3573,stop,8071.89662039317,5.863319578031101,17
ETERNAL,2023-10-23,2023-10-26,108.9,101.33554484580556,1316,stop,-9954.822982919894,-6.946239811014188,3
BAJAJFINSV,2023-10-23,2023-10-26,1613.15,1560.0,88,closed below 200 EMA,-4677.200000000008,-3.2947958962278867,3
MARUTI,2023-10-23,2023-10-26,10553.65,10424.15,13,failed a technical gate (trend/near-high/RSI) -- not in the top 20 at all,-1683.5,-1.2270636225381715,3
360ONE,2023-10-25,2023-10-26,527.35,521.4,273,failed a technical gate (trend/near-high/RSI) -- not in the top 20 at all,-1624.3500000000124,-1.128282924054247,1
MOTILALOFS,2023-10-25,2023-10-26,237.45,231.7,606,failed a technical gate (trend/near-high/RSI) -- not in the top 20 at all,-3484.5,-2.421562434196678,1
NMDC,2023-10-25,2023-10-26,46.7,46.4,3083,failed a technical gate (trend/near-high/RSI) -- not in the top 20 at all,-924.9000000000132,-0.6423982869379063,1
AMBER,2023-10-26,2023-10-27,2938.6,2907.3,48,failed a technical gate (trend/near-high/RSI) -- not in the top 20 at all,-1502.399999999987,-1.0651330565575323,1
DIXON,2023-10-26,2023-10-30,5340.95,5081.969597597976,26,stop,-6733.490462452626,-4.848957627426287,4
MARUTI,2023-10-27,2023-10-30,10560.7,10397.7,13,failed a technical gate (trend/near-high/RSI) -- not in the top 20 at all,-2119.0,-1.5434582934843344,3
NESTLEIND,2023-10-26,2023-10-31,1177.3,1211.8,120,dropped out of top 20 rank (now #23 of 30),4140.0,2.930434043998975,5
HEROMOTOCO,2023-10-26,2023-10-31,2938.25,2915.2,48,failed a technical gate (trend/near-high/RSI) -- not in the top 20 at all,-1106.4000000000087,-0.784480558155376,5
ETERNAL,2023-10-30,2023-10-31,107.7,105.1,1322,failed a technical gate (trend/near-high/RSI) -- not in the top 20 at all,-3437.200000000011,-2.414113277623031,1
ICICIGI,2023-10-30,2023-11-01,1354.5,1357.8,105,dropped out of top 20 rank (now #21 of 35),346.4999999999952,0.24363233665558592,2
COALINDIA,2023-10-26,2023-11-02,284.15,287.5,497,dropped out of top 20 rank (now #21 of 48),1664.9500000000112,1.1789547774063047,7
NMDC,2023-10-27,2023-11-15,47.05,51.8,3033,dropped out of top 20 rank (now #21 of 104),14406.75,10.095642933049941,19
ETERNAL,2023-11-20,2023-11-21,118.15,116.5,1257,failed a technical gate (trend/near-high/RSI) -- not in the top 20 at all,-2074.050000000007,-1.3965298349555733,1
BSE,2023-09-20,2023-11-24,400.5,690.9133287809914,338,stop,98159.70512797509,72.512691331084,65
TATAELXSI,2023-11-01,2023-12-05,7483.4,8392.1,18,dropped out of top 20 rank (now #22 of 121),16356.600000000013,12.142876232728451,34
PHOENIXLTD,2023-12-05,2023-12-08,1141.8,1104.5,130,failed a technical gate (trend/near-high/RSI) -- not in the top 20 at all,-4848.9999999999945,-3.266771763881582,3
CAMS,2023-12-06,2023-12-11,551.1,541.2,272,failed a technical gate (trend/near-high/RSI) -- not in the top 20 at all,-2692.799999999994,-1.7964071856287345,5
BSE,2023-12-11,2023-12-20,784.5,770.5,189,failed a technical gate (trend/near-high/RSI) -- not in the top 20 at all,-2646.0,-1.7845761631612445,9
PHOENIXLTD,2023-12-12,2023-12-20,1122.85,1103.9,133,failed a technical gate (trend/near-high/RSI) -- not in the top 20 at all,-2520.349999999976,-1.687669768891642,8
OBEROIRLTY,2023-12-19,2023-12-20,1426.4,1381.15,107,failed a technical gate (trend/near-high/RSI) -- not in the top 20 at all,-4841.75,-3.172321929332589,1
CGPOWER,2023-12-20,2023-12-22,448.9,466.7,334,dropped out of top 20 rank (now #25 of 116),5945.2000000000035,3.965248384940967,2
RECLTD,2023-12-20,2023-12-26,404.45,419.0,371,dropped out of top 20 rank (now #21 of 118),5398.050000000004,3.597478056620096,6
MOTILALOFS,2023-11-22,2023-12-27,281.2,302.7,521,failed a technical gate (trend/near-high/RSI) -- not in the top 20 at all,11201.5,7.645803698435283,35
MCX,2023-12-26,2023-12-27,629.0,638.0,248,dropped out of top 20 rank (now #22 of 118),2232.0,1.4308426073131875,1
MANAPPURAM,2023-12-20,2023-12-28,164.15,172.5,914,dropped out of top 20 rank (now #22 of 119),7631.899999999995,5.086810843740475,8
TATAELXSI,2023-12-20,2023-12-28,8608.35,8757.95,17,dropped out of top 20 rank (now #21 of 119),2543.200000000006,1.737847554990224,8
PFC,2023-12-22,2023-12-28,386.9,384.9,400,dropped out of top 20 rank (now #26 of 119),-800.0,-0.5169294391315638,6
PHOENIXLTD,2024-01-01,2024-01-02,1127.05,1117.7,141,failed a technical gate (trend/near-high/RSI) -- not in the top 20 at all,-1318.3499999999872,-0.8295993966549786,1
360ONE,2023-12-20,2024-01-03,641.35,655.25,234,dropped out of top 20 rank (now #37 of 113),3252.599999999995,2.167303344507676,14
PFC,2024-01-09,2024-01-10,393.8,390.5,409,dropped out of top 20 rank (now #23 of 110),-1349.7000000000046,-0.8379888268156499,1
ANGELONE,2023-12-05,2024-01-16,293.8,345.99950090866196,506,stop,26412.947459782943,17.76701868912931,42
MOTILALOFS,2023-12-28,2024-01-18,304.1,345.3708156967986,517,stop,21337.011715244873,13.571461919368154,21
COALINDIA,2024-01-17,2024-01-18,356.5,352.75,454,dropped out of top 20 rank (now #23 of 79),-1702.5,-1.051893408134641,1
PRESTIGE,2024-01-17,2024-01-23,1288.9,1152.3906698457895,125,stop,-17063.666269276324,-10.591149829638502,6
OBEROIRLTY,2024-01-18,2024-01-23,1512.95,1422.1246795701973,106,stop,-9627.483965559095,-6.003193788942318,5
HAL,2023-12-20,2024-01-23,2665.9,2890.5,56,failed a technical gate (trend/near-high/RSI) -- not in the top 20 at all,12577.599999999995,8.424922165122473,34
PHOENIXLTD,2024-01-17,2024-01-23,1209.2,1198.1,134,failed a technical gate (trend/near-high/RSI) -- not in the top 20 at all,-1487.4000000000183,-0.9179622891167805,6
BANKBARODA,2024-01-18,2024-01-23,206.1,201.15,780,failed a technical gate (trend/near-high/RSI) -- not in the top 20 at all,-3860.999999999991,-2.4017467248908297,5
WIPRO,2024-01-23,2024-01-25,224.55,224.6,695,dropped out of top 20 rank (now #23 of 83),34.74999999998815,0.022266755733690857,2
BDL,2024-01-24,2024-01-25,850.85,834.5,185,failed a technical gate (trend/near-high/RSI) -- not in the top 20 at all,-3024.750000000004,-1.9216078039607454,1
HAL,2024-01-24,2024-01-25,2931.45,2903.8,53,failed a technical gate (trend/near-high/RSI) -- not in the top 20 at all,-1465.4499999999807,-0.9432192259803074,1
MAZDOCK,2024-01-08,2024-01-30,1109.8,1143.2,144,failed a technical gate (trend/near-high/RSI) -- not in the top 20 at all,4809.600000000013,3.0095512704992,22
BEL,2023-11-24,2024-02-01,140.35,183.4,1043,failed a technical gate (trend/near-high/RSI) -- not in the top 20 at all,44901.15000000001,30.673316708229436,69
MAZDOCK,2024-01-31,2024-02-01,1145.5,1117.3,139,failed a technical gate (trend/near-high/RSI) -- not in the top 20 at all,-3919.8000000000065,-2.46180707114797,1
BDL,2024-01-29,2024-02-06,837.5,876.3,190,dropped out of top 20 rank (now #21 of 102),7371.999999999991,4.632835820895509,8
GODREJPROP,2024-02-05,2024-02-08,2322.85,2216.75,70,failed a technical gate (trend/near-high/RSI) -- not in the top 20 at all,-7426.999999999994,-4.567664722216236,3
RVNL,2024-02-07,2024-02-09,280.85,259.25,585,failed a technical gate (trend/near-high/RSI) -- not in the top 20 at all,-12636.000000000013,-7.690938223250853,2
HAL,2024-02-06,2024-02-12,2958.45,2829.8151722319003,55,stop,-7074.915527245474,-4.348048057871501,6
IRFC,2024-02-09,2024-02-12,153.7,133.0678219993238,1063,stop,-21932.005214718793,-13.423668185215476,3
BHEL,2024-01-23,2024-02-12,202.95,216.7,769,failed a technical gate (trend/near-high/RSI) -- not in the top 20 at all,10573.75,6.77506775067751,20
IRFC,2024-02-13,2024-02-14,153.45,154.3,1032,failed a technical gate (trend/near-high/RSI) -- not in the top 20 at all,877.2000000000235,0.5539263603779876,1
GODREJPROP,2024-02-15,2024-02-19,2283.6,2280.15,71,failed a technical gate (trend/near-high/RSI) -- not in the top 20 at all,-244.94999999998709,-0.1510772464529575,4
MOTILALOFS,2024-02-19,2024-02-21,438.85,420.1,375,failed a technical gate (trend/near-high/RSI) -- not in the top 20 at all,-7031.25,-4.272530477384073,2
COALINDIA,2024-02-20,2024-02-21,419.3,406.55,392,failed a technical gate (trend/near-high/RSI) -- not in the top 20 at all,-4998.0,-3.0407822561411835,1
IRFC,2024-02-21,2024-02-22,154.2,152.2,1059,failed a technical gate (trend/near-high/RSI) -- not in the top 20 at all,-2118.0,-1.2970168612191912,1
IOC,2024-01-23,2024-02-27,125.32,157.89,1245,failed a technical gate (trend/near-high/RSI) -- not in the top 20 at all,40549.649999999994,25.989466964570695,35
NHPC,2024-02-14,2024-02-27,88.55,90.2,1813,failed a technical gate (trend/near-high/RSI) -- not in the top 20 at all,2991.4500000000103,1.8633540372670954,13
UNIONBANK,2024-02-19,2024-02-28,129.22,128.94,1275,failed a technical gate (trend/near-high/RSI) -- not in the top 20 at all,-357.0000000000015,-0.21668472372697867,9
COALINDIA,2024-02-22,2024-02-28,418.0,407.7,390,failed a technical gate (trend/near-high/RSI) -- not in the top 20 at all,-4017.0000000000045,-2.464114832535891,6
BAJAJ-AUTO,2024-02-28,2024-02-29,7986.0,7714.0,19,failed a technical gate (trend/near-high/RSI) -- not in the top 20 at all,-5168.0,-3.4059604307538183,1
INDIANB,2024-02-29,2024-03-01,501.35,502.35,316,dropped out of top 20 rank (now #22 of 90),316.0,0.1994614540739903,1
OFSS,2024-02-28,2024-03-02,6979.0,7083.0,22,dropped out of top 20 rank (now #25 of 96),2288.0,1.4901848402349982,3
PHOENIXLTD,2024-02-13,2024-03-04,1282.35,1350.9,123,failed a technical gate (trend/near-high/RSI) -- not in the top 20 at all,8431.650000000023,5.345654462510252,20
POWERGRID,2024-02-28,2024-03-06,279.55,293.7,567,dropped out of top 20 rank (now #22 of 94),8023.049999999987,5.061706313718473,7
PHOENIXLTD,2024-03-05,2024-03-06,1376.95,1353.65,119,failed a technical gate (trend/near-high/RSI) -- not in the top 20 at all,-2772.6999999999944,-1.6921456843022598,1
GODREJPROP,2024-02-28,2024-03-11,2353.55,2421.15,67,dropped out of top 20 rank (now #22 of 86),4529.199999999993,2.8722568035520757,12
PETRONET,2024-02-13,2024-03-12,254.1,263.3,623,failed a technical gate (trend/near-high/RSI) -- not in the top 20 at all,5731.60000000001,3.6206218024399828,28
IOC,2024-03-07,2024-03-12,159.17,157.56,1029,failed a technical gate (trend/near-high/RSI) -- not in the top 20 at all,-1656.6899999999848,-1.0114971414211138,5
ONGC,2024-02-28,2024-03-13,247.4,242.6261059499985,641,stop,-3060.066086050963,-1.9296257275672968,14
COALINDIA,2024-03-12,2024-03-13,421.9,396.64518613628456,382,stop,-9647.338895939287,-5.9859715249384715,1
BEL,2024-03-12,2024-03-13,204.25,192.0668123523592,789,stop,-9612.535053988597,-5.9648409535573155,1
BANKBARODA,2024-01-25,2024-03-13,205.5,237.2,770,failed a technical gate (trend/near-high/RSI) -- not in the top 20 at all,24408.999999999993,15.425790754257896,48
BPCL,2024-02-28,2024-03-13,281.15,275.8,564,failed a technical gate (trend/near-high/RSI) -- not in the top 20 at all,-3017.3999999999805,-1.9028988084652254,14
BHEL,2024-03-12,2024-03-13,244.1,225.3,660,failed a technical gate (trend/near-high/RSI) -- not in the top 20 at all,-12407.999999999989,-7.701761573125765,1
SBIN,2024-03-12,2024-03-13,759.7,747.25,212,failed a technical gate (trend/near-high/RSI) -- not in the top 20 at all,-2639.4000000000096,-1.6388047913650228,1
KALYANKJIL,2024-03-13,2024-03-14,390.1,385.8,399,failed a technical gate (trend/near-high/RSI) -- not in the top 20 at all,-1715.7000000000046,-1.1022814662907,1
MARUTI,2024-03-13,2024-03-14,11390.15,11404.6,13,dropped out of top 20 rank (now #23 of 39),187.85000000000946,0.12686400091308503,1
ICICIGI,2024-03-13,2024-03-14,1643.25,1661.9,94,dropped out of top 20 rank (now #24 of 39),1753.1000000000085,1.1349459911760285,1
BAJAJ-AUTO,2024-03-02,2024-03-15,7842.5,7984.9271085712335,20,stop,2848.5421714246695,1.8160931918550727,13
M&M,2024-03-14,2024-03-15,1890.55,1791.0142216299425,83,stop,-8261.469604714766,-5.264911182992115,1
DRREDDY,2024-03-13,2024-03-15,1260.75,1257.0,123,failed a technical gate (trend/near-high/RSI) -- not in the top 20 at all,-461.25,-0.2974419988102328,2
SUNPHARMA,2024-03-13,2024-03-15,1558.6,1548.2,99,failed a technical gate (trend/near-high/RSI) -- not in the top 20 at all,-1029.5999999999865,-0.6672654946746959,2
INDHOTEL,2024-03-14,2024-03-15,565.35,562.3,278,failed a technical gate (trend/near-high/RSI) -- not in the top 20 at all,-847.900000000019,-0.5394888122402186,1
ICICIGI,2024-03-15,2024-03-18,1651.35,1656.35,94,dropped out of top 20 rank (now #24 of 35),470.0,0.30278257183515844,3
HEROMOTOCO,2024-03-15,2024-03-18,4473.05,4442.75,34,failed a technical gate (trend/near-high/RSI) -- not in the top 20 at all,-1030.2000000000062,-0.6773901476621158,3
CIPLA,2024-03-13,2024-03-19,1471.25,1435.7,105,failed a technical gate (trend/near-high/RSI) -- not in the top 20 at all,-3732.7499999999955,-2.41631265930331,6
BLUESTARCO,2024-03-15,2024-03-20,1280.0,1231.6,121,failed a technical gate (trend/near-high/RSI) -- not in the top 20 at all,-5856.400000000011,-3.7812500000000027,5
GLENMARK,2024-03-19,2024-03-21,920.65,946.7,168,dropped out of top 20 rank (now #26 of 33),4376.4000000000115,2.8295226198881362,2
TRENT,2024-03-19,2024-03-22,2637.1,2632.4,58,dropped out of top 20 rank (now #25 of 44),-272.59999999998945,-0.17822608168063248,3
PIIND,2024-03-20,2024-03-22,3635.3,3791.15,43,dropped out of top 20 rank (now #21 of 44),6701.549999999996,4.2871289852281835,2
POLICYBZR,2024-03-13,2024-03-26,1075.65,1143.5,144,dropped out of top 20 rank (now #25 of 46),9770.399999999987,6.30781387997954,13
UNIONBANK,2024-03-22,2024-04-08,135.76,142.24,1189,dropped out of top 20 rank (now #38 of 116),7704.720000000021,4.773129051266944,17
ZYDUSLIFE,2024-04-04,2024-04-09,983.2,989.15,167,dropped out of top 20 rank (now #25 of 103),993.6499999999886,0.6051668022782675,5
OFSS,2024-04-08,2024-04-09,7840.0,7677.0,20,failed a technical gate (trend/near-high/RSI) -- not in the top 20 at all,-3260.0,-2.079081632653057,1
GODFRYPHLP,2024-04-09,2024-04-10,1042.0,1031.0,156,failed a technical gate (trend/near-high/RSI) -- not in the top 20 at all,-1716.0,-1.055662188099804,1
CGPOWER,2024-03-12,2024-04-12,455.65,492.42525828571684,353,stop,12981.666174858052,8.070944427897908,31
OIL,2024-04-12,2024-04-18,407.35,402.1,400,failed a technical gate (trend/near-high/RSI) -- not in the top 20 at all,-2100.0,-1.288817969804834,6
BAJAJ-AUTO,2024-03-15,2024-04-19,8144.5,8587.0,19,failed a technical gate (trend/near-high/RSI) -- not in the top 20 at all,8407.5,5.433114371661851,35
ABB,2024-04-18,2024-04-19,6369.5,6292.6,25,failed a technical gate (trend/near-high/RSI) -- not in the top 20 at all,-1922.499999999991,-1.207316115864665,1
ETERNAL,2024-04-18,2024-04-23,185.2,187.45,881,dropped out of top 20 rank (now #24 of 76),1982.25,1.2149028077753865,5
GODREJPROP,2024-04-19,2024-05-02,2500.9,2532.7,64,failed a technical gate (trend/near-high/RSI) -- not in the top 20 at all,2035.1999999999825,1.2715422447918678,13
PHOENIXLTD,2024-04-29,2024-05-07,1521.4,1487.5,108,failed a technical gate (trend/near-high/RSI) -- not in the top 20 at all,-3661.20000000001,-2.2282108584198768,8
BEL,2024-05-06,2024-05-07,231.85,227.4,725,failed a technical gate (trend/near-high/RSI) -- not in the top 20 at all,-3226.249999999992,-1.9193444037092888,1
HAL,2024-05-06,2024-05-07,3816.4,3715.0,44,failed a technical gate (trend/near-high/RSI) -- not in the top 20 at all,-4461.600000000004,-2.6569541976732003,1
MAZDOCK,2024-05-06,2024-05-07,1128.0,1081.8,149,closed below 200 EMA,-6883.800000000007,-4.095744680851066,1
KEI,2024-05-07,2024-05-08,3834.75,3773.35,43,failed a technical gate (trend/near-high/RSI) -- not in the top 20 at all,-2640.200000000004,-1.6011474020470762,1
ABCAPITAL,2024-05-07,2024-05-08,219.75,217.85,753,dropped out of top 20 rank (now #30 of 83),-1430.7000000000044,-0.8646188850967018,1
BEL,2024-05-08,2024-05-09,231.6,226.2,722,failed a technical gate (trend/near-high/RSI) -- not in the top 20 at all,-3898.8000000000043,-2.3316062176165775,1
MAZDOCK,2024-05-08,2024-05-09,1130.8,1106.1,148,failed a technical gate (trend/near-high/RSI) -- not in the top 20 at all,-3655.6000000000067,-2.1842943049168784,1
NAM-INDIA,2024-05-10,2024-05-13,572.45,563.05,290,failed a technical gate (trend/near-high/RSI) -- not in the top 20 at all,-2726.0000000000264,-1.6420648091536538,3
PETRONET,2024-05-10,2024-05-13,286.25,284.3,580,failed a technical gate (trend/near-high/RSI) -- not in the top 20 at all,-1130.9999999999934,-0.6812227074235788,3
MOTILALOFS,2024-05-13,2024-05-15,567.1,571.3,299,failed a technical gate (trend/near-high/RSI) -- not in the top 20 at all,1255.7999999999797,0.7406101216716587,2
OIL,2024-05-14,2024-05-15,413.05,422.05,418,failed a technical gate (trend/near-high/RSI) -- not in the top 20 at all,3762.0,2.1789129645321426,1
JINDALSTEL,2024-05-07,2024-05-16,924.05,1005.25,179,dropped out of top 20 rank (now #24 of 82),14534.800000000008,8.78740327904335,9
KEI,2024-05-09,2024-05-21,3841.65,4133.5,42,dropped out of top 20 rank (now #25 of 94),12257.699999999997,7.5969960824125105,12
MOTILALOFS,2024-05-21,2024-05-22,572.65,557.95,314,failed a technical gate (trend/near-high/RSI) -- not in the top 20 at all,-4615.799999999978,-2.5670130096917765,1
MOTILALOFS,2024-05-23,2024-05-24,567.6,562.4,317,failed a technical gate (trend/near-high/RSI) -- not in the top 20 at all,-1648.4000000000144,-0.9161381254404577,1
PETRONET,2024-05-24,2024-05-27,291.75,288.25,615,failed a technical gate (trend/near-high/RSI) -- not in the top 20 at all,-2152.5,-1.1996572407883432,3
CUMMINSIND,2024-03-15,2024-05-30,2707.65,3596.8,57,failed a technical gate (trend/near-high/RSI) -- not in the top 20 at all,50681.55,32.83843923697671,76
SIEMENS,2024-03-13,2024-06-04,3542.45,5197.305693169137,43,stop,71158.79480627291,46.71500495897296,83
ABB,2024-04-24,2024-06-04,6343.85,8045.552932333119,25,stop,42542.57330832798,26.824450961689173,41
ADANIPOWER,2024-05-13,2024-06-04,119.0,151.62232058072635,1427,stop,46552.0514686965,27.413714773719633,22
SBIN,2024-05-29,2024-06-04,822.65,840.1388066688405,216,stop,3777.5822404695564,2.1259109790118025,6
LODHA,2024-06-04,2024-06-05,1303.8,1296.85,137,dropped out of top 20 rank (now #26 of 49),-952.1500000000062,-0.5330572173646297,1
CROMPTON,2024-06-04,2024-06-07,376.8,397.35,474,dropped out of top 20 rank (now #22 of 94),9740.700000000006,5.45382165605095,3
POLYCAB,2024-06-04,2024-06-07,6456.2,6846.45,27,dropped out of top 20 rank (now #23 of 94),10536.75,6.044577305535759,3
BHARATFORG,2024-06-05,2024-06-07,1501.4,1583.2,121,dropped out of top 20 rank (now #24 of 94),9897.799999999994,5.44824830158519,2
CGPOWER,2024-06-04,2024-06-10,627.0,654.75,285,dropped out of top 20 rank (now #25 of 87),7908.75,4.425837320574155,6
HAL,2024-06-06,2024-06-10,4666.6,4812.7,39,failed a technical gate (trend/near-high/RSI) -- not in the top 20 at all,5697.899999999979,3.1307590108430094,4
ABB,2024-06-07,2024-06-10,8073.25,8061.95,23,failed a technical gate (trend/near-high/RSI) -- not in the top 20 at all,-259.9000000000042,-0.13996841420741424,3
OBEROIRLTY,2024-06-04,2024-06-25,1745.25,1829.3,102,failed a technical gate (trend/near-high/RSI) -- not in the top 20 at all,8573.099999999995,4.815928950007153,21
SUPREMEIND,2024-06-25,2024-06-26,5887.95,5767.85,33,failed a technical gate (trend/near-high/RSI) -- not in the top 20 at all,-3963.299999999982,-2.0397591691505457,1
LODHA,2024-06-25,2024-06-26,1480.3,1434.85,131,failed a technical gate (trend/near-high/RSI) -- not in the top 20 at all,-5953.950000000006,-3.070323583057488,1
GVT&D,2024-06-27,2024-06-28,1499.4,1491.7,130,dropped out of top 20 rank (now #28 of 112),-1001.0000000000059,-0.5135387488328647,1
CROMPTON,2024-06-27,2024-06-28,417.55,405.3,467,failed a technical gate (trend/near-high/RSI) -- not in the top 20 at all,-5720.75,-2.933780385582563,1
PRESTIGE,2024-06-27,2024-07-01,1855.1,1840.4,105,dropped out of top 20 rank (now #36 of 117),-1543.499999999981,-0.7924101126623784,4
LODHA,2024-07-02,2024-07-04,1493.05,1509.65,132,dropped out of top 20 rank (now #22 of 117),2191.200000000018,1.1118180904859276,2
PHOENIXLTD,2024-05-31,2024-07-12,1549.8,1951.4,115,dropped out of top 20 rank (now #28 of 115),46184.000000000015,25.91302103497226,42
TIINDIA,2024-07-11,2024-07-12,4248.7,4153.7,49,failed a technical gate (trend/near-high/RSI) -- not in the top 20 at all,-4655.0,-2.2359780638783633,1
BDL,2024-07-15,2024-07-18,1628.75,1546.45,128,failed a technical gate (trend/near-high/RSI) -- not in the top 20 at all,-10534.399999999994,-5.052954719877201,3
PGEL,2024-06-04,2024-07-19,246.65,350.3,725,failed a technical gate (trend/near-high/RSI) -- not in the top 20 at all,75146.25,42.02310966957228,45
MOTHERSON,2024-07-12,2024-07-19,131.21,128.13,1593,failed a technical gate (trend/near-high/RSI) -- not in the top 20 at all,-4906.44000000002,-2.3473820592942674,7
KAYNES,2024-07-15,2024-07-19,4047.5,3901.85,51,failed a technical gate (trend/near-high/RSI) -- not in the top 20 at all,-7428.150000000005,-3.5985176034589283,4
NBCC,2024-07-18,2024-07-19,119.05,114.57,1726,failed a technical gate (trend/near-high/RSI) -- not in the top 20 at all,-7732.480000000007,-3.7631247375052523,1
RECLTD,2024-07-19,2024-07-24,598.4,604.55,339,dropped out of top 20 rank (now #22 of 82),2084.849999999992,1.0277406417112278,5
OIL,2024-07-23,2024-07-24,548.35,543.5,369,dropped out of top 20 rank (now #24 of 82),-1789.6500000000083,-0.8844715966080052,1
COCHINSHIP,2024-07-18,2024-07-25,2622.45,2461.75,78,failed a technical gate (trend/near-high/RSI) -- not in the top 20 at all,-12534.599999999986,-6.12785753779862,7
MAZDOCK,2024-07-19,2024-07-25,2565.35,2428.25,79,failed a technical gate (trend/near-high/RSI) -- not in the top 20 at all,-10830.899999999992,-5.34429999805095,6
NBCC,2024-07-23,2024-07-25,118.17,116.9,1716,failed a technical gate (trend/near-high/RSI) -- not in the top 20 at all,-2179.3199999999933,-1.074722856901067,2
SONACOMS,2024-07-19,2024-07-29,693.5,685.05,292,failed a technical gate (trend/near-high/RSI) -- not in the top 20 at all,-2467.4000000000133,-1.2184571016582657,10
KPITTECH,2024-07-25,2024-07-29,1773.95,1799.5,113,dropped out of top 20 rank (now #27 of 102),2887.149999999995,1.440288621438035,4
ZYDUSLIFE,2024-07-23,2024-07-30,1148.85,1219.4,176,dropped out of top 20 rank (now #25 of 105),12416.800000000032,6.140923532227904,7
PERSISTENT,2024-07-19,2024-08-02,4583.45,4636.35,44,failed a technical gate (trend/near-high/RSI) -- not in the top 20 at all,2327.600000000024,1.1541524397560954,14
MOTHERSON,2024-07-30,2024-08-02,129.41,128.83,1569,failed a technical gate (trend/near-high/RSI) -- not in the top 20 at all,-910.019999999975,-0.44818792983539746,3
COCHINSHIP,2024-08-01,2024-08-02,2580.3,2537.9,78,failed a technical gate (trend/near-high/RSI) -- not in the top 20 at all,-3307.200000000007,-1.643219780645666,1
RVNL,2024-06-04,2024-08-05,351.5,550.8,509,failed a technical gate (trend/near-high/RSI) -- not in the top 20 at all,101443.69999999998,56.699857752489315,62
MAZDOCK,2024-08-01,2024-08-05,2553.8,2399.75,79,failed a technical gate (trend/near-high/RSI) -- not in the top 20 at all,-12169.950000000015,-6.032187328686667,4
CROMPTON,2024-08-02,2024-08-05,437.55,428.5,458,failed a technical gate (trend/near-high/RSI) -- not in the top 20 at all,-4144.900000000005,-2.068335047423153,3
NAUKRI,2024-08-05,2024-08-06,1395.0,1361.0,141,failed a technical gate (trend/near-high/RSI) -- not in the top 20 at all,-4794.0,-2.437275985663079,1
360ONE,2024-08-05,2024-08-06,1016.3,994.2,194,failed a technical gate (trend/near-high/RSI) -- not in the top 20 at all,-4287.399999999982,-2.174554757453495,1
KALYANKJIL,2024-08-05,2024-08-08,544.6,536.55,362,failed a technical gate (trend/near-high/RSI) -- not in the top 20 at all,-2914.100000000025,-1.4781491002570868,3
RVNL,2024-08-07,2024-08-08,565.8,538.45,351,failed a technical gate (trend/near-high/RSI) -- not in the top 20 at all,-9599.849999999968,-4.833863556026852,1
PETRONET,2024-08-05,2024-08-13,339.65,351.6,580,dropped out of top 20 rank (now #21 of 57),6931.000000000026,3.518327690269407,8
CAMS,2024-08-07,2024-08-13,826.8,824.8,240,failed a technical gate (trend/near-high/RSI) -- not in the top 20 at all,-480.0,-0.2418964683115643,6
KALYANKJIL,2024-08-09,2024-08-20,538.8,541.9,371,failed a technical gate (trend/near-high/RSI) -- not in the top 20 at all,1150.1000000000085,0.5753526354862704,11
PIIND,2024-08-19,2024-08-20,4323.6,4327.25,48,dropped out of top 20 rank (now #21 of 85),175.19999999998254,0.08442039041538507,1
OIL,2024-08-06,2024-08-21,571.3,671.3,344,dropped out of top 20 rank (now #23 of 95),34400.0,17.503938386136888,15
CAMS,2024-08-14,2024-08-22,833.8,877.6,244,dropped out of top 20 rank (now #23 of 113),10687.200000000017,5.253058287359091,8
KAYNES,2024-08-05,2024-08-28,4252.4,4881.6,46,dropped out of top 20 rank (now #23 of 114),28943.200000000033,14.796350296303284,23
ETERNAL,2024-08-27,2024-08-29,256.05,252.34,813,failed a technical gate (trend/near-high/RSI) -- not in the top 20 at all,-3016.2300000000064,-1.4489357547354031,2
KAYNES,2024-08-30,2024-09-02,4753.8,4662.65,43,failed a technical gate (trend/near-high/RSI) -- not in the top 20 at all,-3919.4500000000235,-1.9174134376709229,3
DIXON,2024-09-02,2024-09-05,12614.45,12412.2,16,failed a technical gate (trend/near-high/RSI) -- not in the top 20 at all,-3236.0,-1.603320002061126,3
KFINTECH,2024-09-03,2024-09-06,1013.4,989.6,207,failed a technical gate (trend/near-high/RSI) -- not in the top 20 at all,-4926.59999999999,-2.348529701993285,3
AUROPHARMA,2024-09-05,2024-09-06,1533.55,1537.4,138,dropped out of top 20 rank (now #22 of 78),531.3000000000188,0.25105148185582404,1
NAM-INDIA,2024-09-02,2024-09-09,684.05,672.35,303,failed a technical gate (trend/near-high/RSI) -- not in the top 20 at all,-3545.0999999999794,-1.710401286455654,7
CDSL,2024-09-02,2024-09-09,1416.4,1372.6,146,failed a technical gate (trend/near-high/RSI) -- not in the top 20 at all,-6394.800000000027,-3.092346794690781,7
KFINTECH,2024-09-09,2024-09-11,996.9,986.0,212,failed a technical gate (trend/near-high/RSI) -- not in the top 20 at all,-2310.799999999995,-1.0933895074731637,2
NYKAA,2024-08-30,2024-09-12,207.7,207.69,1003,failed a technical gate (trend/near-high/RSI) -- not in the top 20 at all,-10.029999999990878,-0.00481463649494307,13
LUPIN,2024-09-18,2024-09-19,2224.95,2171.9,96,failed a technical gate (trend/near-high/RSI) -- not in the top 20 at all,-5092.799999999974,-2.384323243218933,1
PNBHOUSING,2024-09-19,2024-09-24,1015.3,995.7,209,failed a technical gate (trend/near-high/RSI) -- not in the top 20 at all,-4096.399999999981,-1.9304639022948766,5
KFINTECH,2024-09-12,2024-09-26,999.5,1037.75,211,dropped out of top 20 rank (now #22 of 99),8070.75,3.8269134567283647,14
GODFRYPHLP,2024-09-25,2024-09-27,2371.0,2333.0,91,failed a technical gate (trend/near-high/RSI) -- not in the top 20 at all,-3458.0,-1.6026992830029507,2
CDSL,2024-09-26,2024-09-27,1468.8,1463.05,146,dropped out of top 20 rank (now #26 of 107),-839.5,-0.39147603485838456,1
ETERNAL,2024-09-27,2024-09-30,278.15,273.3,773,failed a technical gate (trend/near-high/RSI) -- not in the top 20 at all,-3749.049999999974,-1.7436634909221538,3
MOTILALOFS,2024-09-09,2024-10-01,727.3,742.8,290,failed a technical gate (trend/near-high/RSI) -- not in the top 20 at all,4495.0,2.131170081121958,22
SONACOMS,2024-10-01,2024-10-03,731.05,706.6,292,closed below 200 EMA,-7139.39999999998,-3.344504479857735,2
PGEL,2024-08-05,2024-10-04,410.45,609.85,480,failed a technical gate (trend/near-high/RSI) -- not in the top 20 at all,95712.00000000001,48.580825922767715,60
VOLTAS,2024-09-26,2024-10-04,1857.55,1809.6,115,failed a technical gate (trend/near-high/RSI) -- not in the top 20 at all,-5514.2500000000055,-2.5813571640063593,8
TRENT,2024-10-03,2024-10-04,4991.9,4902.2,42,failed a technical gate (trend/near-high/RSI) -- not in the top 20 at all,-3767.3999999999924,-1.7969109958132168,1
BAJAJFINSV,2024-10-03,2024-10-04,1913.4,1884.55,110,failed a technical gate (trend/near-high/RSI) -- not in the top 20 at all,-3173.500000000015,-1.5077871851155056,1
BAJAJ-AUTO,2024-10-03,2024-10-04,11514.5,11483.5,18,failed a technical gate (trend/near-high/RSI) -- not in the top 20 at all,-558.0,-0.26922575882583066,1
KALYANKJIL,2024-09-27,2024-10-07,706.7,702.2,304,failed a technical gate (trend/near-high/RSI) -- not in the top 20 at all,-1368.0,-0.6367624168671315,10
DIXON,2024-10-03,2024-10-07,13619.95,13509.75,15,failed a technical gate (trend/near-high/RSI) -- not in the top 20 at all,-1653.000000000011,-0.8091072287343293,4
LUPIN,2024-10-04,2024-10-07,2198.25,2174.9,95,failed a technical gate (trend/near-high/RSI) -- not in the top 20 at all,-2218.2499999999914,-1.0622085750028432,3
BRITANNIA,2024-10-04,2024-10-07,6206.0,6120.3,33,failed a technical gate (trend/near-high/RSI) -- not in the top 20 at all,-2828.099999999994,-1.3809216886883635,3
BAJAJ-AUTO,2024-10-08,2024-10-09,11595.0,11526.0,18,failed a technical gate (trend/near-high/RSI) -- not in the top 20 at all,-1242.0,-0.5950840879689556,1
COLPAL,2024-10-07,2024-10-10,3695.25,3641.4,56,failed a technical gate (trend/near-high/RSI) -- not in the top 20 at all,-3015.599999999995,-1.4572762330018252,3
CIPLA,2024-10-08,2024-10-10,1640.7,1618.9,129,failed a technical gate (trend/near-high/RSI) -- not in the top 20 at all,-2812.1999999999944,-1.3287011641372581,2
TORNTPHARM,2024-10-10,2024-10-11,3443.25,3497.05,61,dropped out of top 20 rank (now #21 of 46),3281.800000000011,1.5624773106803325,1
M&M,2024-10-04,2024-10-14,3017.45,3154.9,69,dropped out of top 20 rank (now #23 of 55),9484.05000000002,4.555170756764837,10
INFY,2024-10-10,2024-10-15,1878.4,1917.8,112,dropped out of top 20 rank (now #25 of 61),4412.799999999985,2.097529812606469,5
BAJAJ-AUTO,2024-10-10,2024-10-15,11539.5,11236.5,18,failed a technical gate (trend/near-high/RSI) -- not in the top 20 at all,-5454.0,-2.625763681268689,5
ETERNAL,2024-10-10,2024-10-16,275.35,274.25,769,failed a technical gate (trend/near-high/RSI) -- not in the top 20 at all,-845.9000000000175,-0.3994915562012036,6
PGEL,2024-10-15,2024-10-16,614.5,591.3,348,failed a technical gate (trend/near-high/RSI) -- not in the top 20 at all,-8073.600000000016,-3.775427176566326,1
NAUKRI,2024-09-03,2024-10-17,1489.0,1596.0,140,failed a technical gate (trend/near-high/RSI) -- not in the top 20 at all,14980.0,7.1860308932169215,44
TRENT,2024-10-07,2024-10-17,4966.3,5146.4,42,failed a technical gate (trend/near-high/RSI) -- not in the top 20 at all,7564.199999999977,3.626442220566606,10
KALYANKJIL,2024-10-08,2024-10-18,709.95,718.95,298,failed a technical gate (trend/near-high/RSI) -- not in the top 20 at all,2682.0,1.2676949080921096,10
NAUKRI,2024-10-18,2024-10-21,1618.0,1590.0,129,failed a technical gate (trend/near-high/RSI) -- not in the top 20 at all,-3612.0,-1.7305315203955507,3
TRENT,2024-10-18,2024-10-21,5178.7,5071.0,40,failed a technical gate (trend/near-high/RSI) -- not in the top 20 at all,-4307.999999999993,-2.079672504682639,3
SUNPHARMA,2024-10-15,2024-10-22,1898.45,1887.55,112,failed a technical gate (trend/near-high/RSI) -- not in the top 20 at all,-1220.8000000000102,-0.5741525981721951,7
BLUESTARCO,2024-10-16,2024-10-22,2012.2,1910.05,105,failed a technical gate (trend/near-high/RSI) -- not in the top 20 at all,-10725.75000000001,-5.076533147798434,6
BHARTIARTL,2024-10-22,2024-10-23,1692.25,1685.8,122,dropped out of top 20 rank (now #23 of 23),-786.9000000000055,-0.3811493573644631,1
DIVISLAB,2024-10-22,2024-10-23,5817.95,5727.6,35,failed a technical gate (trend/near-high/RSI) -- not in the top 20 at all,-3162.249999999981,-1.5529525004511768,1
HDFCAMC,2024-10-22,2024-10-24,2166.6,2129.9,95,failed a technical gate (trend/near-high/RSI) -- not in the top 20 at all,-3486.4999999999827,-1.6938982737930264,2
CAMS,2024-10-23,2024-10-24,912.0,900.1,227,failed a technical gate (trend/near-high/RSI) -- not in the top 20 at all,-2701.2999999999947,-1.304824561403506,1
KAYNES,2024-10-23,2024-10-25,5469.35,5301.6,37,failed a technical gate (trend/near-high/RSI) -- not in the top 20 at all,-6206.75,-3.067092067613153,2
NAM-INDIA,2024-10-25,2024-10-28,681.55,677.8,302,failed a technical gate (trend/near-high/RSI) -- not in the top 20 at all,-1132.5,-0.5502164184579272,3
MPHASIS,2024-10-28,2024-10-30,2876.7,2871.1,71,failed a technical gate (trend/near-high/RSI) -- not in the top 20 at all,-397.59999999999354,-0.19466750095595842,2
HCLTECH,2024-10-03,2024-10-31,1778.55,1759.5912395806506,118,stop,-2237.133729483223,-1.0659672440667567,28
TECHM,2024-10-30,2024-10-31,1612.8,1532.0600725027903,128,stop,-10334.71071964284,-5.006195901364685,1
TIINDIA,2024-10-30,2024-11-01,4463.45,4473.9,46,dropped out of top 20 rank (now #21 of 31),480.69999999999163,0.2341238279806035,2
DIVISLAB,2024-10-25,2024-11-05,5780.75,5811.25,35,failed a technical gate (trend/near-high/RSI) -- not in the top 20 at all,1067.5,0.527613198979382,11
NATIONALUM,2024-10-25,2024-11-07,214.3,233.64,962,dropped out of top 20 rank (now #22 of 39),18605.079999999976,9.024731684554354,13
MCX,2024-10-30,2024-11-12,1278.0,1221.0,162,failed a technical gate (trend/near-high/RSI) -- not in the top 20 at all,-9234.0,-4.460093896713612,13
NAM-INDIA,2024-11-08,2024-11-12,703.2,692.0,296,failed a technical gate (trend/near-high/RSI) -- not in the top 20 at all,-3315.2000000000135,-1.5927189988623525,4
RADICO,2024-11-12,2024-11-13,2296.1,2257.5,90,failed a technical gate (trend/near-high/RSI) -- not in the top 20 at all,-3473.999999999992,-1.681111449849737,1
PGEL,2024-11-13,2024-11-18,629.55,624.3,327,failed a technical gate (trend/near-high/RSI) -- not in the top 20 at all,-1716.75,-0.8339289969025443,5
MAXHEALTH,2024-11-14,2024-11-18,1006.25,999.85,205,failed a technical gate (trend/near-high/RSI) -- not in the top 20 at all,-1311.9999999999955,-0.6360248447204953,4
HCLTECH,2024-11-18,2024-11-19,1835.0,1820.55,113,failed a technical gate (trend/near-high/RSI) -- not in the top 20 at all,-1632.8500000000051,-0.7874659400544992,1
BAJAJHLDNG,2024-11-13,2024-11-21,10528.65,10420.95,19,failed a technical gate (trend/near-high/RSI) -- not in the top 20 at all,-2046.2999999999793,-1.0229231667877592,8
DIXON,2024-11-19,2024-11-21,14876.4,14995.45,14,failed a technical gate (trend/near-high/RSI) -- not in the top 20 at all,1666.7000000000153,0.800260815788767,2
KAYNES,2024-11-14,2024-11-25,5538.15,5895.85,37,dropped out of top 20 rank (now #25 of 39),13234.900000000027,6.458835531720886,11
FEDERALBNK,2024-11-18,2024-11-25,200.25,212.88,1037,dropped out of top 20 rank (now #21 of 39),13097.309999999996,6.307116104868915,7
BSE,2024-10-28,2024-11-26,1388.5,1477.0,148,failed a technical gate (trend/near-high/RSI) -- not in the top 20 at all,13098.0,6.3737846597047065,29
AMBER,2024-11-11,2024-11-28,6047.75,5992.25,34,failed a technical gate (trend/near-high/RSI) -- not in the top 20 at all,-1887.0,-0.9176966640486173,17
HCLTECH,2024-11-21,2024-11-28,1836.35,1840.9,114,failed a technical gate (trend/near-high/RSI) -- not in the top 20 at all,518.7000000000207,0.2477741171345471,7
BSE,2024-11-28,2024-12-03,1524.5,1504.5,136,failed a technical gate (trend/near-high/RSI) -- not in the top 20 at all,-2720.0,-1.3119055428009174,5
TCS,2024-12-18,2024-12-19,4347.85,4271.9,49,closed below 200 EMA,-3721.5500000000357,-1.7468403923778575,1
TECHM,2024-12-19,2024-12-20,1679.3,1610.2696387175608,128,stop,-8835.886244152207,-4.110662852524216,1
ETERNAL,2024-12-12,2024-12-20,284.9,282.1,752,failed a technical gate (trend/near-high/RSI) -- not in the top 20 at all,-2105.599999999966,-0.9828009828009687,8
CAMS,2024-12-19,2024-12-20,1022.7,990.2,210,failed a technical gate (trend/near-high/RSI) -- not in the top 20 at all,-6825.0,-3.1778625207783295,1
INFY,2024-12-19,2024-12-20,1905.0,1881.4,113,failed a technical gate (trend/near-high/RSI) -- not in the top 20 at all,-2666.7999999999897,-1.2388451443569481,1
CDSL,2024-12-20,2024-12-24,1860.75,1815.5,113,failed a technical gate (trend/near-high/RSI) -- not in the top 20 at all,-5113.25,-2.431815128308479,4
BSE,2024-12-04,2024-12-27,1524.0,1759.5,136,failed a technical gate (trend/near-high/RSI) -- not in the top 20 at all,32028.0,15.452755905511806,23
NAM-INDIA,2024-12-23,2024-12-27,745.8,731.25,284,failed a technical gate (trend/near-high/RSI) -- not in the top 20 at all,-4132.199999999987,-1.950925181013674,4
WIPRO,2024-11-21,2024-12-31,266.3,288.5,789,failed a technical gate (trend/near-high/RSI) -- not in the top 20 at all,17515.799999999992,8.336462636124665,40
OFSS,2024-12-20,2024-12-31,11536.5,12047.0,18,dropped out of top 20 rank (now #22 of 44),9189.0,4.42508559788497,11
PAYTM,2024-12-20,2025-01-03,945.25,982.8,223,dropped out of top 20 rank (now #26 of 53),8373.64999999999,3.9724940491933314,14
PERSISTENT,2024-12-24,2025-01-03,6350.9,6405.95,33,dropped out of top 20 rank (now #21 of 53),1816.650000000006,0.8668062794249698,10
BSE,2024-12-31,2025-01-06,1775.0,1696.5,119,failed a technical gate (trend/near-high/RSI) -- not in the top 20 at all,-9341.5,-4.422535211267609,6
NAUKRI,2024-12-20,2025-01-07,1699.0,1687.5,124,failed a technical gate (trend/near-high/RSI) -- not in the top 20 at all,-1426.0,-0.6768687463213685,18
POLICYBZR,2024-12-24,2025-01-07,2058.5,2079.55,102,failed a technical gate (trend/near-high/RSI) -- not in the top 20 at all,2147.1000000000186,1.0225892640272072,14
DIXON,2025-01-06,2025-01-08,18037.25,17016.089584185265,11,stop,-11232.764573962082,-5.661397473643348,2
PAYTM,2025-01-07,2025-01-08,983.2,910.5734079376024,216,stop,-15687.343885477894,-7.386756719121001,1
SUNPHARMA,2025-01-06,2025-01-08,1847.4,1837.75,114,failed a technical gate (trend/near-high/RSI) -- not in the top 20 at all,-1100.1000000000104,-0.5223557432066706,2
KAYNES,2025-01-06,2025-01-08,7166.0,6970.65,29,failed a technical gate (trend/near-high/RSI) -- not in the top 20 at all,-5665.150000000011,-2.7260675411666213,2
BLUESTARCO,2025-01-07,2025-01-08,2153.4,2105.65,98,failed a technical gate (trend/near-high/RSI) -- not in the top 20 at all,-4679.5,-2.2174236091761834,1
VOLTAS,2025-01-08,2025-01-09,1764.45,1727.9,117,closed below 200 EMA,-4276.349999999995,-2.0714670293859205,1
PGEL,2025-01-08,2025-01-09,950.5,922.2,218,failed a technical gate (trend/near-high/RSI) -- not in the top 20 at all,-6169.3999999999905,-2.97738032614413,1
MAXHEALTH,2024-12-23,2025-01-10,1141.1,1149.9,185,failed a technical gate (trend/near-high/RSI) -- not in the top 20 at all,1628.0000000000337,0.7711856980107124,18
KFINTECH,2025-01-06,2025-01-10,1436.15,1377.7,147,failed a technical gate (trend/near-high/RSI) -- not in the top 20 at all,-8592.150000000007,-4.06990913205445,4
LUPIN,2025-01-08,2025-01-10,2252.15,2191.1,92,failed a technical gate (trend/near-high/RSI) -- not in the top 20 at all,-5616.600000000017,-2.7107430677352884,2
OBEROIRLTY,2025-01-09,2025-01-10,2246.4,2128.3,91,closed below 200 EMA,-10747.099999999991,-5.25730056980056,1
COFORGE,2025-01-10,2025-01-13,1881.0,1784.5703187180081,107,stop,-10317.97589717313,-5.126511498245179,3
MUTHOOTFIN,2025-01-09,2025-01-13,2135.1,2096.5,96,failed a technical gate (trend/near-high/RSI) -- not in the top 20 at all,-3705.5999999999913,-1.8078778511545046,4
DRREDDY,2025-01-14,2025-01-16,1337.55,1302.75,150,closed below 200 EMA,-5219.999999999993,-2.6017718963777026,2
EICHERMOT,2025-01-14,2025-01-21,5029.55,4969.95,40,failed a technical gate (trend/near-high/RSI) -- not in the top 20 at all,-2384.0000000000146,-1.1849966696821812,7
MUTHOOTFIN,2025-01-14,2025-01-27,2123.85,2139.0,95,failed a technical gate (trend/near-high/RSI) -- not in the top 20 at all,1439.2500000000086,0.71332721237376,13
ITC,2025-01-16,2025-01-29,412.7,413.2,489,failed a technical gate (trend/near-high/RSI) -- not in the top 20 at all,244.5,0.12115338017930632,13
BHARTIARTL,2025-01-28,2025-01-29,1618.35,1600.45,125,closed below 200 EMA,-2237.4999999999827,-1.1060648191058675,1
MARICO,2025-01-16,2025-02-04,652.6,677.05,309,dropped out of top 20 rank (now #23 of 26),7555.049999999979,3.7465522525283346,19
ITC,2025-01-30,2025-02-05,415.9,427.3,490,dropped out of top 20 rank (now #24 of 32),5586.000000000016,2.741043520076958,6
BAJAJHLDNG,2025-02-05,2025-02-07,11381.9,11271.15,18,failed a technical gate (trend/near-high/RSI) -- not in the top 20 at all,-1993.5,-0.9730361363217033,2
EICHERMOT,2025-01-22,2025-02-11,5009.7,5107.941305355118,40,stop,3929.652214204725,1.961021724955958,20
MUTHOOTFIN,2025-02-01,2025-02-11,2182.45,2188.2,94,failed a technical gate (trend/near-high/RSI) -- not in the top 20 at all,540.5,0.2634653714861823,10
BIOCON,2025-02-10,2025-02-11,377.15,362.0,547,closed below 200 EMA,-8287.049999999988,-4.016969375580004,1
MANAPPURAM,2025-02-11,2025-02-12,197.5,191.42,1034,failed a technical gate (trend/near-high/RSI) -- not in the top 20 at all,-6286.720000000013,-3.0784810126582296,1
INDIGO,2025-02-11,2025-02-14,4316.85,4223.3,47,closed below 200 EMA,-4396.850000000009,-2.1670894286343056,3
WIPRO,2025-02-12,2025-02-14,302.4,300.35,676,failed a technical gate (trend/near-high/RSI) -- not in the top 20 at all,-1385.7999999999693,-0.6779100529100357,2
DIVISLAB,2025-02-17,2025-02-18,5923.75,5839.7,34,closed below 200 EMA,-2857.700000000006,-1.418864739396497,1
BHARTIARTL,2025-02-17,2025-02-19,1675.55,1645.2,122,failed a technical gate (trend/near-high/RSI) -- not in the top 20 at all,-3702.699999999989,-1.811345528333974,2
MARUTI,2025-02-12,2025-02-20,12655.55,12440.65,16,failed a technical gate (trend/near-high/RSI) -- not in the top 20 at all,-3438.399999999994,-1.6980692265448738,8
BAJAJHLDNG,2025-02-19,2025-02-25,11732.1,11642.05,17,failed a technical gate (trend/near-high/RSI) -- not in the top 20 at all,-1530.8500000000186,-0.7675522711194205,6
KOTAKBANK,2025-02-27,2025-02-28,389.5,380.6,528,failed a technical gate (trend/near-high/RSI) -- not in the top 20 at all,-4699.199999999988,-2.284980744544285,1
MANAPPURAM,2025-03-03,2025-03-04,199.1,197.58,1025,failed a technical gate (trend/near-high/RSI) -- not in the top 20 at all,-1557.9999999999814,-0.7634354595680515,1
BAJAJFINSV,2025-03-03,2025-03-04,1838.55,1790.3,111,failed a technical gate (trend/near-high/RSI) -- not in the top 20 at all,-5355.75,-2.624350711158252,1
BAJFINANCE,2025-01-13,2025-03-05,715.0,830.0,281,failed a technical gate (trend/near-high/RSI) -- not in the top 20 at all,32315.0,16.083916083916083,51
BAJFINANCE,2025-03-06,2025-03-10,841.0,834.0,241,failed a technical gate (trend/near-high/RSI) -- not in the top 20 at all,-1687.0,-0.8323424494649179,4
SBICARD,2025-02-11,2025-03-13,784.35,829.85,260,failed a technical gate (trend/near-high/RSI) -- not in the top 20 at all,11830.0,5.800981704596153,30
BLUESTARCO,2025-03-11,2025-03-21,2021.4,2152.7,100,dropped out of top 20 rank (now #26 of 37),13129.999999999973,6.495498169585412,10
SRF,2025-02-21,2025-03-25,2778.9,2945.65,73,dropped out of top 20 rank (now #21 of 41),12172.75,6.000575767389971,32
SHRIRAMFIN,2025-03-28,2025-04-01,656.0,637.45,318,failed a technical gate (trend/near-high/RSI) -- not in the top 20 at all,-5898.899999999985,-2.827743902439017,4
SRF,2025-03-28,2025-04-01,2939.15,2879.5,71,failed a technical gate (trend/near-high/RSI) -- not in the top 20 at all,-4235.150000000007,-2.02949832434548,4
BAJFINANCE,2025-03-13,2025-04-02,842.0,867.0,242,failed a technical gate (trend/near-high/RSI) -- not in the top 20 at all,6050.0,2.9691211401425166,20
SBICARD,2025-04-02,2025-04-03,857.0,850.3,243,failed a technical gate (trend/near-high/RSI) -- not in the top 20 at all,-1628.100000000011,-0.7817969661610302,1
BEL,2025-04-03,2025-04-04,287.5,280.0,728,closed below 200 EMA,-5460.0,-2.608695652173909,1
INDHOTEL,2025-03-27,2025-04-07,790.55,744.0,264,stop,-12289.199999999988,-5.888305610018341,11
MAZDOCK,2025-04-04,2025-04-07,2542.2,2221.05,82,stop,-26334.29999999997,-12.63275902761386,3
MAXHEALTH,2025-04-01,2025-04-07,1083.6,1075.5,191,failed a technical gate (trend/near-high/RSI) -- not in the top 20 at all,-1547.0999999999826,-0.7475083056478371,6
HDFCBANK,2025-04-01,2025-04-07,883.9,878.8,235,failed a technical gate (trend/near-high/RSI) -- not in the top 20 at all,-1198.5000000000055,-0.5769883470980952,6
BAJFINANCE,2025-04-04,2025-04-07,872.0,857.0,239,failed a technical gate (trend/near-high/RSI) -- not in the top 20 at all,-3585.0,-1.7201834862385357,3
BAJAJFINSV,2025-04-04,2025-04-07,1912.3,1852.65,109,failed a technical gate (trend/near-high/RSI) -- not in the top 20 at all,-6501.849999999985,-3.119280447628503,3
ULTRACEMCO,2025-04-07,2025-04-09,10968.0,11169.0,18,dropped out of top 20 rank (now #21 of 23),3618.0,1.832603938730859,2
HDFCBANK,2025-04-08,2025-04-09,884.6,882.5,228,failed a technical gate (trend/near-high/RSI) -- not in the top 20 at all,-478.8000000000052,-0.2373954329640493,1
FEDERALBNK,2025-04-07,2025-04-11,190.81,190.44,1052,dropped out of top 20 rank (now #24 of 30),-389.2400000000048,-0.1939101724228287,4
EICHERMOT,2025-04-08,2025-04-11,5231.35,5350.9,38,dropped out of top 20 rank (now #28 of 30),4542.899999999972,2.285260974700587,3
MAXHEALTH,2025-04-11,2025-04-15,1089.3,1074.1,187,failed a technical gate (trend/near-high/RSI) -- not in the top 20 at all,-2842.4000000000087,-1.3953915358487112,4
GRASIM,2025-04-09,2025-04-16,2557.75,2702.8,79,dropped out of top 20 rank (now #31 of 43),11458.950000000015,5.670999902257856,7
MFSL,2025-04-07,2025-04-17,1128.45,1218.0,177,dropped out of top 20 rank (now #22 of 47),15850.349999999991,7.935663963844197,10
HDFCLIFE,2025-04-07,2025-04-17,665.95,720.05,301,failed a technical gate (trend/near-high/RSI) -- not in the top 20 at all,16284.099999999973,8.123733012988943,10
MANAPPURAM,2025-03-11,2025-04-25,201.42,226.93,1009,failed a technical gate (trend/near-high/RSI) -- not in the top 20 at all,25739.59000000002,12.665077946579295,45
CHOLAFIN,2025-04-28,2025-04-29,1525.8,1484.5,137,failed a technical gate (trend/near-high/RSI) -- not in the top 20 at all,-5658.099999999994,-2.706776772840469,1
BAJAJFINSV,2025-04-08,2025-04-30,1903.2,1939.7321172983345,106,stop,3872.4044336234538,1.9195101564908779,22
SBIN,2025-04-30,2025-05-05,788.65,790.0,264,dropped out of top 20 rank (now #24 of 50),356.400000000006,0.17117859633550836,5
MANAPPURAM,2025-05-05,2025-05-06,229.97,227.78,912,failed a technical gate (trend/near-high/RSI) -- not in the top 20 at all,-1997.279999999998,-0.952298125842499,1
MCX,2025-05-06,2025-05-07,1200.0,1211.0,173,dropped out of top 20 rank (now #21 of 48),1903.0,0.9166666666666767,1
INDIGO,2025-04-07,2025-05-08,4988.7,5109.429907986336,40,stop,4829.19631945344,2.4200675123045245,31
LTF,2025-04-30,2025-05-08,164.17,163.53,1269,failed a technical gate (trend/near-high/RSI) -- not in the top 20 at all,-812.1599999999827,-0.3898398002070924,8
ICICIBANK,2025-04-11,2025-05-09,1311.65,1388.9,155,failed a technical gate (trend/near-high/RSI) -- not in the top 20 at all,11973.75,5.889528456524218,28
HDFCAMC,2025-05-06,2025-05-09,2083.4,2051.6,100,failed a technical gate (trend/near-high/RSI) -- not in the top 20 at all,-3180.000000000018,-1.526351156762995,3
AXISBANK,2025-05-06,2025-05-09,1161.4,1151.1,179,failed a technical gate (trend/near-high/RSI) -- not in the top 20 at all,-1843.7000000000326,-0.8868606853797312,3
CHOLAFIN,2025-05-08,2025-05-09,1531.5,1513.6,135,failed a technical gate (trend/near-high/RSI) -- not in the top 20 at all,-2416.5000000000123,-1.168788769180551,1
MCX,2025-05-08,2025-05-09,1201.0,1134.0,173,closed below 200 EMA,-11591.0,-5.578684429641967,1
BAJAJFINSV,2025-05-08,2025-05-09,2006.0,1970.0,103,failed a technical gate (trend/near-high/RSI) -- not in the top 20 at all,-3708.0,-1.7946161515453585,1
HINDPETRO,2025-05-08,2025-05-12,359.65,360.3,577,dropped out of top 20 rank (now #33 of 50),375.0500000000197,0.18073126650912652,4
MANAPPURAM,2025-05-09,2025-05-12,228.62,230.73,899,dropped out of top 20 rank (now #21 of 50),1896.8899999999867,0.9229288776134936,3
PIDILITIND,2025-05-09,2025-05-12,1490.0,1538.2,137,dropped out of top 20 rank (now #30 of 50),6603.400000000006,3.2348993288590533,3
BHARTIARTL,2025-05-09,2025-05-12,1848.4,1870.8,111,dropped out of top 20 rank (now #31 of 50),2486.399999999985,1.2118589049989081,3
RADICO,2025-05-09,2025-05-12,2448.8,2529.9,83,dropped out of top 20 rank (now #28 of 50),6731.299999999992,3.3118262005880306,3
HDFCBANK,2025-05-14,2025-05-15,955.3,966.9,218,dropped out of top 20 rank (now #22 of 69),2528.8000000000047,1.2142782372029703,1
GODFRYPHLP,2025-05-19,2025-05-21,2799.0,2851.0,75,dropped out of top 20 rank (now #25 of 59),3900.0,1.8578063594140826,2
SHRIRAMFIN,2025-05-22,2025-05-29,649.75,652.25,326,failed a technical gate (trend/near-high/RSI) -- not in the top 20 at all,815.0,0.3847633705271303,7
BAJAJFINSV,2025-05-28,2025-05-29,2022.4,2010.9,106,failed a technical gate (trend/near-high/RSI) -- not in the top 20 at all,-1219.0,-0.5686313291139222,1
BAJFINANCE,2025-06-02,2025-06-03,912.0,898.0,237,failed a technical gate (trend/near-high/RSI) -- not in the top 20 at all,-3318.0,-1.5350877192982448,1
GODFRYPHLP,2025-06-02,2025-06-05,2792.0,2740.0,77,failed a technical gate (trend/near-high/RSI) -- not in the top 20 at all,-4004.0,-1.862464183381085,3
MAZDOCK,2025-05-07,2025-06-11,2816.2,3322.8157328919056,74,stop,37489.56423400102,17.98933786279049,35
BDL,2025-06-11,2025-06-12,1894.4,1871.0,119,failed a technical gate (trend/near-high/RSI) -- not in the top 20 at all,-2784.600000000011,-1.2352195945945943,1
BSE,2025-05-22,2025-06-13,2332.0,2653.0,91,stop,29211.0,13.76500857632934,22
PNBHOUSING,2025-05-20,2025-06-13,1041.5,1055.6,202,failed a technical gate (trend/near-high/RSI) -- not in the top 20 at all,2848.1999999999816,1.3538166106576988,24
HDFCAMC,2025-06-04,2025-06-16,2276.2,2299.7,95,stop,2232.5,1.0324224584834285,12
APLAPOLLO,2025-06-13,2025-06-16,1846.0,1852.9,121,dropped out of top 20 rank (now #25 of 60),834.900000000011,0.373781148429031,3
SHRIRAMFIN,2025-06-12,2025-06-17,668.05,665.0,336,failed a technical gate (trend/near-high/RSI) -- not in the top 20 at all,-1024.7999999999847,-0.456552653244513,5
BSE,2025-06-16,2025-06-18,2697.4,2633.2,83,failed a technical gate (trend/near-high/RSI) -- not in the top 20 at all,-5328.600000000022,-2.380069696745024,2
NBCC,2025-06-12,2025-06-19,120.69,114.29,1862,failed a technical gate (trend/near-high/RSI) -- not in the top 20 at all,-11916.799999999985,-5.302841991880014,7
HAL,2025-06-12,2025-06-19,4956.0,4902.3,45,failed a technical gate (trend/near-high/RSI) -- not in the top 20 at all,-2416.499999999992,-1.083535108958833,7
NAM-INDIA,2025-06-16,2025-06-19,745.7,734.75,300,failed a technical gate (trend/near-high/RSI) -- not in the top 20 at all,-3285.0000000000136,-1.4684189352286547,3
FORTIS,2025-06-19,2025-06-20,748.1,755.25,292,dropped out of top 20 rank (now #24 of 52),2087.7999999999934,0.9557545782649335,1
BDL,2025-06-13,2025-06-24,1900.0,1851.7,117,failed a technical gate (trend/near-high/RSI) -- not in the top 20 at all,-5651.099999999995,-2.54210526315789,11
HAL,2025-06-20,2025-06-24,4973.1,4886.5,44,failed a technical gate (trend/near-high/RSI) -- not in the top 20 at all,-3810.400000000016,-1.7413685628682396,4
INDIANB,2025-06-19,2025-06-27,602.3,613.75,363,dropped out of top 20 rank (now #25 of 82),4156.350000000017,1.9010459903702648,8
PNBHOUSING,2025-07-02,2025-07-03,1084.6,1084.4,206,dropped out of top 20 rank (now #24 of 76),-41.19999999996253,-0.018439977872009017,1
BSE,2025-07-02,2025-07-04,2752.4,2635.2,81,failed a technical gate (trend/near-high/RSI) -- not in the top 20 at all,-9493.200000000023,-4.258102020055232,2
HDFCAMC,2025-06-19,2025-07-07,2386.8,2446.0,91,failed a technical gate (trend/near-high/RSI) -- not in the top 20 at all,5387.199999999983,2.4803083626612876,18
MFSL,2025-07-04,2025-07-07,1589.9,1568.5,140,failed a technical gate (trend/near-high/RSI) -- not in the top 20 at all,-2996.0000000000127,-1.3459966035599735,3
MANAPPURAM,2025-06-04,2025-07-09,232.37,261.5,935,failed a technical gate (trend/near-high/RSI) -- not in the top 20 at all,27236.549999999996,12.53604165770108,35
GVT&D,2025-06-27,2025-07-11,2335.8,2332.9,95,failed a technical gate (trend/near-high/RSI) -- not in the top 20 at all,-275.50000000000864,-0.12415446527956897,14
CDSL,2025-07-08,2025-07-11,1754.1,1688.7,126,failed a technical gate (trend/near-high/RSI) -- not in the top 20 at all,-8240.399999999983,-3.7284077304600594,3
MCX,2025-07-08,2025-07-11,1699.0,1610.0,131,failed a technical gate (trend/near-high/RSI) -- not in the top 20 at all,-11659.0,-5.238375515008831,3
BEL,2025-07-09,2025-07-11,417.65,409.3,533,failed a technical gate (trend/near-high/RSI) -- not in the top 20 at all,-4450.549999999982,-1.9992816951993175,2
COFORGE,2025-07-10,2025-07-11,1887.7,1867.8,117,failed a technical gate (trend/near-high/RSI) -- not in the top 20 at all,-2328.3000000000106,-1.0541929331991384,1
BAJAJFINSV,2025-07-11,2025-07-14,2017.2,2003.6,108,failed a technical gate (trend/near-high/RSI) -- not in the top 20 at all,-1468.8000000000147,-0.6742018639698699,3
IDFCFIRSTB,2025-07-11,2025-07-14,75.23,74.27,2909,failed a technical gate (trend/near-high/RSI) -- not in the top 20 at all,-2792.640000000023,-1.2760866675528448,3
RELIANCE,2025-07-11,2025-07-14,1495.2,1483.7,146,failed a technical gate (trend/near-high/RSI) -- not in the top 20 at all,-1679.0,-0.7691278758694464,3
HDFCBANK,2025-07-11,2025-07-15,991.8,997.8,220,dropped out of top 20 rank (now #24 of 58),1320.0,0.6049606775559546,4
INDIANB,2025-07-14,2025-07-15,621.85,620.5,350,dropped out of top 20 rank (now #22 of 58),-472.50000000000796,-0.21709415453887715,1
AUBANK,2025-05-30,2025-07-16,693.05,797.75,310,failed a technical gate (trend/near-high/RSI) -- not in the top 20 at all,32457.000000000015,15.107135127335702,47
ICICIGI,2025-07-11,2025-07-16,2012.2,1970.8,108,failed a technical gate (trend/near-high/RSI) -- not in the top 20 at all,-4471.20000000001,-2.0574495576980434,5
BAJFINANCE,2025-07-15,2025-07-16,928.4,921.75,236,failed a technical gate (trend/near-high/RSI) -- not in the top 20 at all,-1569.3999999999946,-0.7162860835846607,1
LTF,2025-05-27,2025-07-17,172.3,199.78,1243,failed a technical gate (trend/near-high/RSI) -- not in the top 20 at all,34157.639999999985,15.948926291352294,51
COFORGE,2025-07-15,2025-07-17,1893.9,1865.3,115,failed a technical gate (trend/near-high/RSI) -- not in the top 20 at all,-3289.0000000000155,-1.5101114103173385,2
ABCAPITAL,2025-07-11,2025-07-18,269.45,264.35,812,failed a technical gate (trend/near-high/RSI) -- not in the top 20 at all,-4141.1999999999725,-1.8927444794952564,7
JIOFIN,2025-07-14,2025-07-21,319.1,317.25,683,dropped out of top 20 rank (now #22 of 56),-1263.5500000000156,-0.5797555625195905,7
360ONE,2025-07-14,2025-07-22,1188.2,1144.1,183,failed a technical gate (trend/near-high/RSI) -- not in the top 20 at all,-8070.300000000025,-3.7114963810806367,8
PNBHOUSING,2025-07-22,2025-07-23,1086.6,1063.6,200,closed below 200 EMA,-4600.0,-2.1166942757224416,1
MOTILALOFS,2025-07-18,2025-07-24,911.6,904.9,237,failed a technical gate (trend/near-high/RSI) -- not in the top 20 at all,-1587.9000000000108,-0.7349714787187378,6
BAJAJFINSV,2025-07-24,2025-07-25,2032.3,1958.7735898698236,106,stop,-7793.7994737986955,-3.6178915578495507,1
NAM-INDIA,2025-07-07,2025-07-25,779.2,809.7,284,failed a technical gate (trend/near-high/RSI) -- not in the top 20 at all,8662.0,3.914271047227924,18
ABCAPITAL,2025-07-22,2025-07-25,268.55,260.35,809,failed a technical gate (trend/near-high/RSI) -- not in the top 20 at all,-6633.799999999991,-3.0534351145038108,3
LTF,2025-07-18,2025-07-28,203.15,201.99,1067,failed a technical gate (trend/near-high/RSI) -- not in the top 20 at all,-1237.7199999999964,-0.5710066453359586,10
RBLBANK,2025-07-22,2025-07-28,255.48,253.26,851,failed a technical gate (trend/near-high/RSI) -- not in the top 20 at all,-1889.2199999999991,-0.8689525598872705,6
NYKAA,2025-07-25,2025-07-28,212.23,208.75,1003,failed a technical gate (trend/near-high/RSI) -- not in the top 20 at all,-3490.4399999999896,-1.6397304810818358,3
M&M,2025-07-28,2025-07-29,3209.8,3199.4,66,dropped out of top 20 rank (now #26 of 33),-686.400000000006,-0.3240077263380936,1
MUTHOOTFIN,2025-07-28,2025-07-29,2648.0,2617.1,80,failed a technical gate (trend/near-high/RSI) -- not in the top 20 at all,-2472.0000000000073,-1.1669184290030277,1
DELHIVERY,2025-07-29,2025-07-30,421.95,409.15,505,failed a technical gate (trend/near-high/RSI) -- not in the top 20 at all,-6464.0000000000055,-3.033534779002256,1
BIOCON,2025-07-28,2025-08-01,387.45,383.1,547,failed a technical gate (trend/near-high/RSI) -- not in the top 20 at all,-2379.449999999981,-1.1227255129694025,4
GODFRYPHLP,2025-07-29,2025-08-01,2981.0,2926.0,71,failed a technical gate (trend/near-high/RSI) -- not in the top 20 at all,-3905.0,-1.845018450184499,3
POLYCAB,2025-07-31,2025-08-01,6821.0,6698.0,31,failed a technical gate (trend/near-high/RSI) -- not in the top 20 at all,-3813.0,-1.803254654742703,1
NMDC,2025-07-31,2025-08-01,68.7,68.38,3141,failed a technical gate (trend/near-high/RSI) -- not in the top 20 at all,-1005.1200000000232,-0.4657933042212625,1
MOTILALOFS,2025-07-31,2025-08-05,911.0,910.75,236,failed a technical gate (trend/near-high/RSI) -- not in the top 20 at all,-59.0,-0.027442371020858225,5
GLENMARK,2025-08-01,2025-08-05,2067.8,2052.6,103,failed a technical gate (trend/near-high/RSI) -- not in the top 20 at all,-1565.600000000028,-0.7350807621626987,4
ICICIBANK,2025-08-04,2025-08-05,1463.2,1444.4,147,failed a technical gate (trend/near-high/RSI) -- not in the top 20 at all,-2763.599999999993,-1.2848551120831053,1
MANKIND,2025-07-29,2025-08-06,2554.7,2556.2,83,failed a technical gate (trend/near-high/RSI) -- not in the top 20 at all,124.5,0.05871530903824862,8
AMBUJACEM,2025-08-04,2025-08-06,605.25,589.9,356,failed a technical gate (trend/near-high/RSI) -- not in the top 20 at all,-5464.600000000008,-2.5361420900454346,2
TORNTPHARM,2025-08-05,2025-08-06,3589.2,3524.1,60,failed a technical gate (trend/near-high/RSI) -- not in the top 20 at all,-3905.9999999999945,-1.813774657305245,1
DIXON,2025-08-06,2025-08-07,16513.0,16663.0,13,dropped out of top 20 rank (now #23 of 31),1950.0,0.9083752195240047,1
POLYCAB,2025-08-06,2025-08-08,6825.0,6741.0,31,failed a technical gate (trend/near-high/RSI) -- not in the top 20 at all,-2604.0,-1.2307692307692353,2
AMBER,2025-08-06,2025-08-08,7628.0,7354.5,28,failed a technical gate (trend/near-high/RSI) -- not in the top 20 at all,-7658.0,-3.585474567383329,2
MOTILALOFS,2025-08-07,2025-08-08,917.8,905.6,236,failed a technical gate (trend/near-high/RSI) -- not in the top 20 at all,-2879.199999999984,-1.3292656352146381,1
RBLBANK,2025-07-29,2025-08-11,255.75,258.5,833,failed a technical gate (trend/near-high/RSI) -- not in the top 20 at all,2290.75,1.0752688172043001,13
NMDC,2025-08-08,2025-08-11,68.97,68.57,3128,failed a technical gate (trend/near-high/RSI) -- not in the top 20 at all,-1251.2000000000178,-0.5799623024503542,3
HDFCAMC,2025-08-08,2025-08-11,2721.5,2691.6,79,failed a technical gate (trend/near-high/RSI) -- not in the top 20 at all,-2362.100000000007,-1.0986588278522946,3
SBILIFE,2025-08-08,2025-08-12,1833.6,1838.0,117,dropped out of top 20 rank (now #23 of 26),514.8000000000106,0.23996509598604998,4
TORNTPHARM,2025-08-08,2025-08-18,3573.2,3651.6,60,dropped out of top 20 rank (now #21 of 40),4704.0000000000055,2.194111720586589,10
MOTILALOFS,2025-08-22,2025-08-25,929.25,925.7,240,failed a technical gate (trend/near-high/RSI) -- not in the top 20 at all,-851.9999999999891,-0.3820285176217353,3
GVT&D,2025-07-28,2025-08-26,2398.6,2690.1,88,failed a technical gate (trend/near-high/RSI) -- not in the top 20 at all,25652.0,12.152922538147259,29
M&M,2025-08-28,2025-08-29,3295.3,3199.5,66,closed below 200 EMA,-6322.800000000012,-2.9071708190453127,1
RADICO,2025-08-28,2025-09-01,2840.0,2856.7,77,dropped out of top 20 rank (now #29 of 42),1285.899999999986,0.5880281690140876,4
ULTRACEMCO,2025-08-28,2025-09-01,12271.0,12569.0,17,dropped out of top 20 rank (now #26 of 42),5066.0,2.4284899356205703,4
GODFRYPHLP,2025-08-04,2025-09-02,2994.0,3353.0,71,failed a technical gate (trend/near-high/RSI) -- not in the top 20 at all,25489.0,11.990647962591861,29
ABCAPITAL,2025-08-12,2025-09-02,268.05,274.85,804,failed a technical gate (trend/near-high/RSI) -- not in the top 20 at all,5467.200000000009,2.536840141764607,21
MFSL,2025-08-28,2025-09-04,1608.7,1566.0,137,failed a technical gate (trend/near-high/RSI) -- not in the top 20 at all,-5849.900000000006,-2.65431715049419,7
GVT&D,2025-09-02,2025-09-04,2752.9,2712.2,80,failed a technical gate (trend/near-high/RSI) -- not in the top 20 at all,-3256.000000000022,-1.4784409168513313,2
GVT&D,2025-09-05,2025-09-09,2748.9,2718.0,80,failed a technical gate (trend/near-high/RSI) -- not in the top 20 at all,-2472.0000000000073,-1.1240859980355844,4
FORTIS,2025-08-25,2025-09-12,915.15,970.0,244,dropped out of top 20 rank (now #21 of 66),13383.400000000005,5.99355296945856,18
ASHOKLEY,2025-09-04,2025-09-16,128.01,134.54,1723,dropped out of top 20 rank (now #22 of 78),11251.190000000002,5.101163971564726,12
PAYTM,2025-08-05,2025-09-17,1053.0,1222.1,206,dropped out of top 20 rank (now #21 of 79),34834.599999999984,16.05887939221271,43
GODFRYPHLP,2025-09-18,2025-09-19,3491.0,3525.0,64,dropped out of top 20 rank (now #23 of 86),2176.0,0.9739329704955502,1
CUMMINSIND,2025-07-25,2025-09-23,3535.1,4005.2,60,dropped out of top 20 rank (now #21 of 64),28205.999999999993,13.298067947158486,60
MANAPPURAM,2025-09-19,2025-09-25,286.5,281.2,782,failed a technical gate (trend/near-high/RSI) -- not in the top 20 at all,-4144.600000000009,-1.8499127399650983,6
TVSMOTOR,2025-09-24,2025-09-25,3453.0,3408.4,64,failed a technical gate (trend/near-high/RSI) -- not in the top 20 at all,-2854.399999999994,-1.2916304662612177,1
ETERNAL,2025-08-29,2025-09-26,313.95,322.27622414754416,702,stop,5845.009351576005,2.6520860479516406,28
UNOMINDA,2025-09-10,2025-09-26,1269.8,1268.9,174,failed a technical gate (trend/near-high/RSI) -- not in the top 20 at all,-156.59999999997626,-0.07087730351235111,16
CUMMINSIND,2025-09-24,2025-09-26,3988.9,3947.6,56,failed a technical gate (trend/near-high/RSI) -- not in the top 20 at all,-2312.80000000001,-1.0353731605204475,2
POLYCAB,2025-09-25,2025-09-26,7407.5,7322.5,30,failed a technical gate (trend/near-high/RSI) -- not in the top 20 at all,-2550.0,-1.1474856564292923,1
HDFCAMC,2025-09-25,2025-09-26,2814.0,2750.3,79,failed a technical gate (trend/near-high/RSI) -- not in the top 20 at all,-5032.299999999986,-2.26368159203979,1
M&M,2025-09-25,2025-09-26,3530.0,3396.5,63,closed below 200 EMA,-8410.5,-3.7818696883852643,1
CHOLAFIN,2025-09-26,2025-09-29,1569.9,1591.7,139,dropped out of top 20 rank (now #24 of 39),3030.1999999999935,1.3886234792024998,3
GVT&D,2025-09-26,2025-09-30,2906.7,2960.5,75,dropped out of top 20 rank (now #21 of 41),4035.0000000000136,1.8508962053187528,4
CUMMINSIND,2025-09-29,2025-09-30,3994.2,3926.5,55,failed a technical gate (trend/near-high/RSI) -- not in the top 20 at all,-3723.49999999999,-1.6949576886485351,1
KAYNES,2025-09-30,2025-10-01,7052.0,7157.0,31,dropped out of top 20 rank (now #23 of 46),3255.0,1.4889393079977387,1
TVSMOTOR,2025-09-29,2025-10-06,3439.6,3510.9,64,dropped out of top 20 rank (now #22 of 57),4563.200000000012,2.0729154552854956,7
ASHOKLEY,2025-10-03,2025-10-06,139.79,137.78,1616,failed a technical gate (trend/near-high/RSI) -- not in the top 20 at all,-3248.1599999999853,-1.4378710923528049,3
UNOMINDA,2025-09-29,2025-10-09,1285.3,1263.5024958915442,172,stop,-3749.1707066543922,-1.6959078898666324,10
HAL,2025-09-24,2025-10-13,4723.9,4745.4,47,failed a technical gate (trend/near-high/RSI) -- not in the top 20 at all,1010.5,0.4551324117784139,19
BEL,2025-09-26,2025-10-13,395.9,409.4,554,dropped out of top 20 rank (now #22 of 67),7479.0,3.4099520080828505,17
NMDC,2025-10-14,2025-10-16,73.88,73.64,3063,failed a technical gate (trend/near-high/RSI) -- not in the top 20 at all,-735.1199999999843,-0.3248511099079532,2
EICHERMOT,2025-10-06,2025-10-23,6880.0,6884.5,32,failed a technical gate (trend/near-high/RSI) -- not in the top 20 at all,144.0,0.06540697674417562,17
MUTHOOTFIN,2025-10-23,2025-10-24,3182.1,3163.1,72,failed a technical gate (trend/near-high/RSI) -- not in the top 20 at all,-1368.0,-0.5970899720310507,1
HAL,2025-10-23,2025-10-27,4810.2,4756.8,47,failed a technical gate (trend/near-high/RSI) -- not in the top 20 at all,-2509.799999999983,-1.1101409504802207,4
MARUTI,2025-10-03,2025-10-28,15806.0,16311.0,14,dropped out of top 20 rank (now #24 of 77),7070.0,3.1949892445906514,25
NAM-INDIA,2025-10-08,2025-10-29,860.9,870.0,261,stop,2375.100000000006,1.0570333372052598,21
MUTHOOTFIN,2025-10-28,2025-10-29,3182.0,3183.2,71,failed a technical gate (trend/near-high/RSI) -- not in the top 20 at all,85.19999999998709,0.037712130735378935,1
HEROMOTOCO,2025-09-24,2025-10-30,5277.0,5515.0,42,failed a technical gate (trend/near-high/RSI) -- not in the top 20 at all,9996.0,4.510138336175862,36
EICHERMOT,2025-10-27,2025-10-30,6906.5,6889.0,33,failed a technical gate (trend/near-high/RSI) -- not in the top 20 at all,-577.5,-0.2533844928690354,3
MOTILALOFS,2025-10-29,2025-10-31,1007.8,944.5994571911702,225,stop,-14220.122131986685,-6.27113939361279,2
BAJFINANCE,2025-09-26,2025-10-31,985.1,1042.8,223,failed a technical gate (trend/near-high/RSI) -- not in the top 20 at all,12867.099999999984,5.8572733732615845,35
HEROMOTOCO,2025-10-31,2025-11-03,5544.0,5539.0,40,dropped out of top 20 rank (now #24 of 69),-200.0,-0.09018759018758482,3
ADANIPOWER,2025-10-31,2025-11-03,157.85,156.73,1426,failed a technical gate (trend/near-high/RSI) -- not in the top 20 at all,-1597.1200000000065,-0.709534368070952,3
MOTILALOFS,2025-11-03,2025-11-04,1008.9,986.0,223,failed a technical gate (trend/near-high/RSI) -- not in the top 20 at all,-5106.699999999995,-2.269798790762212,1
ADANIPOWER,2025-11-04,2025-11-06,158.39,153.17,1422,failed a technical gate (trend/near-high/RSI) -- not in the top 20 at all,-7422.839999999998,-3.295662604962435,2
POLYCAB,2025-11-06,2025-11-07,7591.5,7542.0,29,failed a technical gate (trend/near-high/RSI) -- not in the top 20 at all,-1435.5,-0.652045050385297,1
RBLBANK,2025-11-11,2025-11-18,320.4,314.05,720,failed a technical gate (trend/near-high/RSI) -- not in the top 20 at all,-4571.999999999975,-1.9818976279650347,7
POLYCAB,2025-11-14,2025-11-18,7632.0,7661.0,30,dropped out of top 20 rank (now #22 of 65),870.0,0.3799790356394217,4
CUMMINSIND,2025-11-14,2025-11-18,4283.2,4252.4,54,failed a technical gate (trend/near-high/RSI) -- not in the top 20 at all,-1663.2000000000098,-0.7190885319387386,4
IDFCFIRSTB,2025-11-18,2025-11-20,80.11,78.93,2895,failed a technical gate (trend/near-high/RSI) -- not in the top 20 at all,-3416.0999999999785,-1.4729746598427074,2
BANKBARODA,2025-11-21,2025-11-24,275.25,273.05,834,failed a technical gate (trend/near-high/RSI) -- not in the top 20 at all,-1834.7999999999906,-0.7992733878292468,3
CUMMINSIND,2025-11-24,2025-11-25,4299.0,4311.3,53,dropped out of top 20 rank (now #21 of 55),651.9000000000096,0.28611304954642147,1
UNIONBANK,2025-11-21,2025-11-28,146.56,148.87,1567,dropped out of top 20 rank (now #21 of 65),3619.7700000000036,1.5761462882096122,7
INDIANB,2025-11-27,2025-12-02,847.85,841.5,276,failed a technical gate (trend/near-high/RSI) -- not in the top 20 at all,-1752.6000000000063,-0.7489532346523609,5
BANKINDIA,2025-12-02,2025-12-03,141.12,134.91828387656219,1661,stop,-10301.050481030217,-4.394640110145842,1
PNB,2025-11-13,2025-12-03,117.65,116.41,1958,failed a technical gate (trend/near-high/RSI) -- not in the top 20 at all,-2427.920000000018,-1.053973650658746,20
SBIN,2025-12-02,2025-12-03,967.3,951.05,242,failed a technical gate (trend/near-high/RSI) -- not in the top 20 at all,-3932.5,-1.6799338364519745,1
ADANIPORTS,2025-12-03,2025-12-04,1497.7,1505.6,154,dropped out of top 20 rank (now #21 of 49),1216.599999999979,0.5274754623756372,1
BHARATFORG,2025-12-03,2025-12-08,1406.7,1373.6,164,failed a technical gate (trend/near-high/RSI) -- not in the top 20 at all,-5428.400000000022,-2.353024809838644,5
BANKBARODA,2025-12-03,2025-12-08,278.0,276.25,833,failed a technical gate (trend/near-high/RSI) -- not in the top 20 at all,-1457.75,-0.6294964028776939,5
CANBK,2025-12-03,2025-12-08,141.42,138.28,1638,failed a technical gate (trend/near-high/RSI) -- not in the top 20 at all,-5143.319999999978,-2.2203365860557156,5
BSE,2025-12-08,2025-12-09,2798.8,2634.114493698545,82,stop,-13504.211516719311,-5.88414700233868,1
BAJAJ-AUTO,2025-12-08,2025-12-09,9026.0,8961.0,25,failed a technical gate (trend/near-high/RSI) -- not in the top 20 at all,-1625.0,-0.7201418125415415,1
PERSISTENT,2025-12-08,2025-12-10,6347.0,6086.847348443727,36,stop,-9365.49545602582,-4.098828604951521,2
CANBK,2025-12-09,2025-12-10,141.52,140.91,1622,failed a technical gate (trend/near-high/RSI) -- not in the top 20 at all,-989.4200000000221,-0.4310344827586299,1
MARUTI,2025-12-10,2025-12-11,16019.0,16248.0,14,dropped out of top 20 rank (now #22 of 44),3206.0,1.4295524065172538,1
SUNPHARMA,2025-12-10,2025-12-11,1785.5,1807.2,127,dropped out of top 20 rank (now #21 of 44),2755.900000000006,1.215345841500981,1
SBIN,2025-12-11,2025-12-12,963.25,963.15,237,failed a technical gate (trend/near-high/RSI) -- not in the top 20 at all,-23.70000000000539,-0.010381520892810414,1
CANBK,2025-12-11,2025-12-12,142.11,141.95,1609,failed a technical gate (trend/near-high/RSI) -- not in the top 20 at all,-257.44000000004024,-0.11258883963128907,1
BAJAJ-AUTO,2025-12-12,2025-12-15,9015.0,8940.0,25,closed below 200 EMA,-1875.0,-0.8319467554076532,3
EICHERMOT,2025-12-15,2025-12-16,7121.5,7061.5,32,failed a technical gate (trend/near-high/RSI) -- not in the top 20 at all,-1920.0,-0.8425191322052883,1
ABCAPITAL,2025-12-15,2025-12-16,351.8,348.05,658,failed a technical gate (trend/near-high/RSI) -- not in the top 20 at all,-2467.5,-1.0659465605457608,1
ADANIPORTS,2025-12-09,2025-12-17,1497.2,1486.3,153,failed a technical gate (trend/near-high/RSI) -- not in the top 20 at all,-1667.700000000014,-0.7280256478760405,8
360ONE,2025-12-16,2025-12-17,1133.4,1126.1,202,failed a technical gate (trend/near-high/RSI) -- not in the top 20 at all,-1474.6000000000367,-0.6440797600141379,1
LTF,2025-09-26,2025-12-18,236.29,299.85,929,failed a technical gate (trend/near-high/RSI) -- not in the top 20 at all,59047.24000000003,26.899149350374564,83
CUMMINSIND,2025-12-16,2025-12-18,4494.3,4385.4,51,failed a technical gate (trend/near-high/RSI) -- not in the top 20 at all,-5553.900000000028,-2.4230692210132965,2
LTM,2025-12-19,2025-12-22,6197.5,6191.5,37,dropped out of top 20 rank (now #22 of 57),-222.0,-0.09681323114159035,3
MUTHOOTFIN,2025-10-30,2025-12-29,3191.4,3736.5,71,failed a technical gate (trend/near-high/RSI) -- not in the top 20 at all,38702.09999999999,17.080278247790925,60
MOTHERSON,2025-12-18,2025-12-30,117.15,119.75,1958,dropped out of top 20 rank (now #21 of 57),5090.799999999989,2.219376867264189,12
NMDC,2025-12-19,2026-01-09,74.05,77.92451096293601,3139,stop,12162.089912656149,5.232290294309272,21
MCX,2025-12-17,2026-01-09,2005.0,2191.0,114,dropped out of top 20 rank (now #21 of 42),21204.0,9.276807980049885,23
BHARATFORG,2025-12-18,2026-01-09,1407.5,1444.5,163,failed a technical gate (trend/near-high/RSI) -- not in the top 20 at all,6031.0,2.628774422735347,22
PNB,2026-01-09,2026-01-12,119.43,119.68,2051,dropped out of top 20 rank (now #22 of 53),512.75,0.2093276396215371,3
AUBANK,2025-12-24,2026-01-13,974.05,962.3143977396953,245,stop,-2875.2225537746344,-1.2048254463636,20
BHARATFORG,2026-01-12,2026-01-14,1456.6,1447.2,169,failed a technical gate (trend/near-high/RSI) -- not in the top 20 at all,-1588.599999999977,-0.6453384594260481,2
EICHERMOT,2025-12-18,2026-01-16,7106.5,7315.0,32,failed a technical gate (trend/near-high/RSI) -- not in the top 20 at all,6672.0,2.9339337226482742,29
PNBHOUSING,2026-01-13,2026-01-19,970.05,961.05,254,failed a technical gate (trend/near-high/RSI) -- not in the top 20 at all,-2286.0,-0.9277872274625065,6
BAJAJ-AUTO,2026-01-19,2026-01-20,9429.5,9180.0,26,closed below 200 EMA,-6487.0,-2.6459515350760965,1
APLAPOLLO,2026-01-09,2026-01-21,1890.1,1878.6,129,failed a technical gate (trend/near-high/RSI) -- not in the top 20 at all,-1483.5,-0.6084334162213656,12
BANKBARODA,2026-01-20,2026-01-21,292.6,289.7,854,failed a technical gate (trend/near-high/RSI) -- not in the top 20 at all,-2476.600000000029,-0.9911141490088982,1
MUTHOOTFIN,2026-01-09,2026-01-22,3821.0,3861.9,64,failed a technical gate (trend/near-high/RSI) -- not in the top 20 at all,2617.600000000006,1.0704004187385596,13
AUBANK,2026-01-21,2026-01-23,994.9,966.1,251,failed a technical gate (trend/near-high/RSI) -- not in the top 20 at all,-7228.799999999988,-2.8947632927932454,2
PNB,2026-01-22,2026-01-23,121.62,116.75,2073,closed below 200 EMA,-10095.51000000001,-4.004275612563724,1
NESTLEIND,2026-01-23,2026-01-27,1293.8,1303.3,194,dropped out of top 20 rank (now #25 of 30),1843.0,0.7342711392796408,4
NATIONALUM,2025-11-06,2026-01-30,230.59,386.7146736057631,972,stop,151753.1827448017,67.70661069680519,85
HINDZINC,2026-01-09,2026-01-30,606.45,647.2246923040271,404,stop,16472.97569082695,6.7235043786012305,21
MUTHOOTFIN,2026-01-27,2026-01-30,3867.4,3829.6,66,failed a technical gate (trend/near-high/RSI) -- not in the top 20 at all,-2494.800000000012,-0.9774008377721466,3
BANKINDIA,2026-01-09,2026-02-01,141.4,147.07184702545635,1732,stop,9823.639048090388,4.0112072315815706,23
COALINDIA,2026-01-23,2026-02-01,418.4,421.985738557902,600,stop,2151.443134741203,0.8570120836285833,9
MCX,2026-01-23,2026-02-01,2282.0,2300.0,110,stop,1980.0,0.7887817703768674,9
SHRIRAMFIN,2025-12-03,2026-02-02,828.1,951.4016966590506,279,stop,34401.173367875104,14.889710984065996,61
ULTRACEMCO,2026-02-01,2026-02-03,12038.0,12338.0,20,dropped out of top 20 rank (now #33 of 43),6000.0,2.492108323641795,2
AXISBANK,2026-02-02,2026-02-03,1311.5,1356.2,189,dropped out of top 20 rank (now #29 of 43),8448.300000000008,3.4083110941669936,1
NATIONALUM,2026-02-02,2026-02-05,369.7,363.85,673,failed a technical gate (trend/near-high/RSI) -- not in the top 20 at all,-3937.049999999977,-1.5823640789829452,3
BAJAJ-AUTO,2026-02-06,2026-02-09,9518.5,9590.0,26,dropped out of top 20 rank (now #23 of 78),1859.0,0.7511687765929587,3
MCX,2026-02-05,2026-02-11,2410.4,2372.8,104,failed a technical gate (trend/near-high/RSI) -- not in the top 20 at all,-3910.3999999999905,-1.5599070693660733,6
HINDALCO,2026-02-06,2026-02-13,942.55,909.0,267,closed below 200 EMA,-8957.849999999988,-3.559492865099989,7
NATIONALUM,2026-02-09,2026-02-13,365.2,349.3,699,failed a technical gate (trend/near-high/RSI) -- not in the top 20 at all,-11114.099999999984,-4.353778751369108,4
NMDC,2026-02-16,2026-02-17,80.46,79.03,3166,failed a technical gate (trend/near-high/RSI) -- not in the top 20 at all,-4527.3799999999765,-1.7772806363410276,1
FEDERALBNK,2026-02-10,2026-02-19,282.25,288.3,907,dropped out of top 20 rank (now #23 of 63),5487.35000000001,2.143489813994681,9
HDFCAMC,2026-02-19,2026-02-20,2673.7,2657.6,95,failed a technical gate (trend/near-high/RSI) -- not in the top 20 at all,-1529.4999999999914,-0.6021617982570948,1
HDFCAMC,2026-02-23,2026-02-24,2668.4,2624.0,97,failed a technical gate (trend/near-high/RSI) -- not in the top 20 at all,-4306.800000000008,-1.6639184530055529,1
NAM-INDIA,2026-02-26,2026-02-27,943.65,931.2,280,failed a technical gate (trend/near-high/RSI) -- not in the top 20 at all,-3485.999999999981,-1.3193450961691222,1
SHRIRAMFIN,2026-02-05,2026-03-02,992.0,1052.5,253,failed a technical gate (trend/near-high/RSI) -- not in the top 20 at all,15306.5,6.0987903225806495,25
BANKINDIA,2026-02-13,2026-03-04,156.67,157.94769555088027,1611,stop,2058.3675324681335,0.8155329998597471,19
ASHOKLEY,2026-01-20,2026-03-04,180.79,200.46,1383,failed a technical gate (trend/near-high/RSI) -- not in the top 20 at all,27203.610000000022,10.880026550141064,43
APLAPOLLO,2026-02-20,2026-03-04,2187.5,2119.7,118,failed a technical gate (trend/near-high/RSI) -- not in the top 20 at all,-8000.4000000000215,-3.099428571428575,12
CANBK,2026-03-02,2026-03-04,148.66,142.24,1750,closed below 200 EMA,-11234.999999999978,-4.318579308489157,2
EICHERMOT,2026-03-02,2026-03-04,7826.0,7626.5,33,failed a technical gate (trend/near-high/RSI) -- not in the top 20 at all,-6583.5,-2.549194991055459,2
SBIN,2026-03-02,2026-03-06,1189.9,1141.8837652640932,218,stop,-10467.539172427703,-4.035316811152779,4
UNIONBANK,2026-02-02,2026-03-06,166.22,183.24,1498,failed a technical gate (trend/near-high/RSI) -- not in the top 20 at all,25495.960000000014,10.239441703766094,32
INDIANB,2026-02-13,2026-03-09,855.5,891.708604135213,295,stop,10681.538219887841,4.232449343683586,24
BAJAJ-AUTO,2026-03-05,2026-03-09,9804.5,9353.474491385632,25,stop,-11275.637715359198,-4.60018877672873,4
MAHABANK,2026-03-06,2026-03-09,70.13,64.82517886972809,3604,stop,-19118.575353499942,-7.564267974150729,3
PFC,2026-03-06,2026-03-09,407.85,392.8,619,closed below 200 EMA,-9315.950000000006,-3.690082138040951,3
POLYCAB,2026-03-09,2026-03-10,8228.5,7775.5212084448485,30,stop,-13589.363746654544,-5.5049983782603285,1
KEI,2026-03-09,2026-03-10,4789.5,4449.865993361927,51,stop,-17321.334338541703,-7.091220516506369,1
CUMMINSIND,2026-03-09,2026-03-11,4691.3,4630.7,52,failed a technical gate (trend/near-high/RSI) -- not in the top 20 at all,-3151.200000000019,-1.291752819048031,2
APOLLOHOSP,2026-03-11,2026-03-12,7684.0,7574.5,32,failed a technical gate (trend/near-high/RSI) -- not in the top 20 at all,-3504.0,-1.4250390421655434,1
BHARATFORG,2026-03-11,2026-03-12,1797.1,1779.6,137,failed a technical gate (trend/near-high/RSI) -- not in the top 20 at all,-2397.5,-0.9737911078960493,1
GVT&D,2026-03-04,2026-03-13,3682.6,3604.3,68,failed a technical gate (trend/near-high/RSI) -- not in the top 20 at all,-5324.399999999981,-2.1262151740617963,9
PFC,2026-03-11,2026-03-13,406.9,405.6,606,failed a technical gate (trend/near-high/RSI) -- not in the top 20 at all,-787.7999999999724,-0.31948881789136685,2
DRREDDY,2026-03-09,2026-03-16,1287.0,1276.9,191,failed a technical gate (trend/near-high/RSI) -- not in the top 20 at all,-1929.0999999999826,-0.784770784770783,7
CGPOWER,2026-03-09,2026-03-16,697.55,698.65,354,failed a technical gate (trend/near-high/RSI) -- not in the top 20 at all,389.40000000000805,0.157694788904017,7
TORNTPHARM,2026-03-17,2026-03-18,4305.5,4289.3,56,failed a technical gate (trend/near-high/RSI) -- not in the top 20 at all,-907.1999999999898,-0.37626291952154167,1
SUNPHARMA,2026-03-16,2026-03-19,1783.2,1744.4,136,failed a technical gate (trend/near-high/RSI) -- not in the top 20 at all,-5276.799999999994,-2.175863615971285,3
LUPIN,2026-03-16,2026-03-19,2290.4,2251.5,106,failed a technical gate (trend/near-high/RSI) -- not in the top 20 at all,-4123.40000000001,-1.698393293747824,3
CGPOWER,2026-03-17,2026-03-19,708.4,686.7,345,failed a technical gate (trend/near-high/RSI) -- not in the top 20 at all,-7486.499999999976,-3.063241106719361,2
GLENMARK,2026-03-17,2026-03-19,2145.9,2097.5,114,failed a technical gate (trend/near-high/RSI) -- not in the top 20 at all,-5517.60000000001,-2.255463907917432,2
DRREDDY,2026-03-18,2026-03-19,1294.8,1274.5,188,failed a technical gate (trend/near-high/RSI) -- not in the top 20 at all,-3816.3999999999915,-1.5678097003398173,1
MCX,2026-03-13,2026-03-20,2498.8,2414.5,97,failed a technical gate (trend/near-high/RSI) -- not in the top 20 at all,-8177.100000000018,-3.373619337281908,7
ASTRAL,2026-03-19,2026-03-20,1640.4,1631.8,146,failed a technical gate (trend/near-high/RSI) -- not in the top 20 at all,-1255.60000000002,-0.5242623750304931,1
ABB,2026-02-19,2026-03-23,5719.5,6041.5,44,failed a technical gate (trend/near-high/RSI) -- not in the top 20 at all,14168.0,5.6298627502404,32
PFC,2026-03-19,2026-03-23,411.85,398.0,583,closed below 200 EMA,-8074.550000000013,-3.362874833070295,4
SUNPHARMA,2026-03-20,2026-03-23,1777.1,1758.4,135,failed a technical gate (trend/near-high/RSI) -- not in the top 20 at all,-2524.4999999999754,-1.052276180293732,3
TATAPOWER,2026-03-23,2026-03-24,386.95,384.75,614,failed a technical gate (trend/near-high/RSI) -- not in the top 20 at all,-1350.799999999993,-0.568548908127664,1
ABB,2026-03-24,2026-03-27,6162.0,6105.0,38,failed a technical gate (trend/near-high/RSI) -- not in the top 20 at all,-2166.0,-0.9250243427458615,3
LUPIN,2026-03-23,2026-04-01,2296.7,2274.9,103,failed a technical gate (trend/near-high/RSI) -- not in the top 20 at all,-2245.399999999972,-0.9491879653415691,9
COALINDIA,2026-04-02,2026-04-08,449.35,449.25,534,failed a technical gate (trend/near-high/RSI) -- not in the top 20 at all,-53.40000000001214,-0.022254367419616283,6
AUROPHARMA,2026-03-19,2026-04-15,1247.5,1373.9,192,dropped out of top 20 rank (now #21 of 65),24268.800000000017,10.132264529058133,27
ABB,2026-05-06,2026-05-08,7182.5,7012.5,35,failed a technical gate (trend/near-high/RSI) -- not in the top 20 at all,-5950.0,-2.3668639053254448,2
NMDC,2026-05-08,2026-05-11,88.8,86.79,2824,failed a technical gate (trend/near-high/RSI) -- not in the top 20 at all,-5676.239999999974,-2.2635135135135043,3
ADANIENSOL,2026-05-11,2026-05-12,1340.4,1284.3,186,failed a technical gate (trend/near-high/RSI) -- not in the top 20 at all,-10434.600000000026,-4.1853178155774495,1
GVT&D,2026-05-11,2026-05-12,4432.9,4282.4,56,failed a technical gate (trend/near-high/RSI) -- not in the top 20 at all,-8428.0,-3.395068690924674,1
COALINDIA,2026-05-12,2026-05-14,463.05,454.05,530,failed a technical gate (trend/near-high/RSI) -- not in the top 20 at all,-4770.0,-1.9436345966958202,2
ADANIENSOL,2026-05-13,2026-05-15,1318.2,1303.6,187,failed a technical gate (trend/near-high/RSI) -- not in the top 20 at all,-2730.2000000000253,-1.1075709300561454,2
ANGELONE,2026-05-15,2026-05-18,306.85,303.95,820,failed a technical gate (trend/near-high/RSI) -- not in the top 20 at all,-2378.000000000028,-0.9450871761447099,3
CAMS,2026-05-15,2026-05-21,784.0,769.1,320,failed a technical gate (trend/near-high/RSI) -- not in the top 20 at all,-4767.999999999993,-1.900510204081629,6
ADANIENSOL,2026-05-18,2026-05-21,1328.3,1342.2,189,dropped out of top 20 rank (now #21 of 55),2627.100000000017,1.0464503500715372,3
MANKIND,2026-05-26,2026-05-27,2423.6,2420.4,108,dropped out of top 20 rank (now #23 of 67),-345.59999999998035,-0.13203498927214508,1
PNBHOUSING,2026-05-18,2026-05-29,1045.2,1030.5,240,failed a technical gate (trend/near-high/RSI) -- not in the top 20 at all,-3528.000000000011,-1.4064293915040271,11
HINDZINC,2026-05-19,2026-06-01,632.6,626.25,399,failed a technical gate (trend/near-high/RSI) -- not in the top 20 at all,-2533.650000000009,-1.0037938665823587,13
BSE,2026-06-01,2026-06-02,4066.6,3931.9,63,failed a technical gate (trend/near-high/RSI) -- not in the top 20 at all,-8486.099999999988,-3.312349382776758,1
BHEL,2026-06-01,2026-06-04,404.8,389.2,640,failed a technical gate (trend/near-high/RSI) -- not in the top 20 at all,-9984.000000000015,-3.8537549407114735,3
SIEMENS,2026-06-03,2026-06-04,3709.6,3686.9,69,failed a technical gate (trend/near-high/RSI) -- not in the top 20 at all,-1566.2999999999874,-0.6119258141039419,1
BSE,2026-06-04,2026-06-05,4033.4,3880.0,64,failed a technical gate (trend/near-high/RSI) -- not in the top 20 at all,-9817.600000000006,-3.8032429216045993,1
SAIL,2026-06-04,2026-06-05,197.31,190.56,1318,failed a technical gate (trend/near-high/RSI) -- not in the top 20 at all,-8896.5,-3.421012619735442,1
ADANIPOWER,2026-03-23,2026-06-08,147.85,225.85,1607,failed a technical gate (trend/near-high/RSI) -- not in the top 20 at all,125346.0,52.75617179573893,77
NAM-INDIA,2026-05-12,2026-06-08,1038.1,1055.2,236,failed a technical gate (trend/near-high/RSI) -- not in the top 20 at all,4035.600000000032,1.6472401502745537,27
GVT&D,2026-05-19,2026-06-08,4385.3,4744.0,57,failed a technical gate (trend/near-high/RSI) -- not in the top 20 at all,20445.89999999999,8.179600027364152,20
ANGELONE,2026-06-05,2026-06-08,332.6,325.7,777,failed a technical gate (trend/near-high/RSI) -- not in the top 20 at all,-5361.300000000027,-2.07456404088997,3
SIEMENS,2026-06-05,2026-06-08,3700.8,3624.0,69,failed a technical gate (trend/near-high/RSI) -- not in the top 20 at all,-5299.200000000013,-2.075226977950717,3
OFSS,2026-05-12,2026-06-09,9010.5,9639.5,27,failed a technical gate (trend/near-high/RSI) -- not in the top 20 at all,16983.0,6.980744686754337,28
RADICO,2026-06-08,2026-06-09,3484.9,3500.7,72,dropped out of top 20 rank (now #28 of 40),1137.5999999999804,0.4533846021406607,1
ABB,2026-06-08,2026-06-09,6958.0,6931.0,36,failed a technical gate (trend/near-high/RSI) -- not in the top 20 at all,-972.0,-0.388042540960043,1
VBL,2026-06-08,2026-06-09,522.15,529.75,482,dropped out of top 20 rank (now #22 of 40),3663.2000000000107,1.4555204443167824,1
COALINDIA,2026-06-09,2026-06-10,466.9,451.0,540,closed below 200 EMA,-8585.999999999987,-3.4054401370743115,1
NAM-INDIA,2026-06-09,2026-06-10,1084.8,1061.5,232,failed a technical gate (trend/near-high/RSI) -- not in the top 20 at all,-5405.599999999989,-2.147861356932146,1
ANGELONE,2026-06-10,2026-06-11,329.85,323.75,760,failed a technical gate (trend/near-high/RSI) -- not in the top 20 at all,-4636.000000000017,-1.849325450962569,1
BIOCON,2026-06-09,2026-06-12,416.35,419.0,606,dropped out of top 20 rank (now #24 of 38),1605.8999999999862,0.636483727632986,3
PREMIERENE,2026-06-11,2026-06-12,1058.0,1034.6,236,failed a technical gate (trend/near-high/RSI) -- not in the top 20 at all,-5522.4000000000215,-2.2117202268431058,1
KEI,2026-06-11,2026-06-16,5181.5,5386.5,48,dropped out of top 20 rank (now #25 of 57),9840.0,3.9563832866930326,5
ADANIENSOL,2026-06-11,2026-06-17,1466.7,1491.0,170,dropped out of top 20 rank (now #24 of 65),4130.999999999993,1.6567805277152736,6
ZYDUSLIFE,2026-06-16,2026-06-17,1078.7,1061.4,236,failed a technical gate (trend/near-high/RSI) -- not in the top 20 at all,-4082.7999999999893,-1.6037823305831034,1
PREMIERENE,2026-06-15,2026-06-18,1045.4,1057.7,243,dropped out of top 20 rank (now #29 of 78),2988.8999999999887,1.1765831260761361,3
PIDILITIND,2026-06-08,2026-06-22,1459.8,1572.2,172,dropped out of top 20 rank (now #25 of 85),19332.800000000017,7.699684888340874,14
BSE,2026-06-18,2026-06-23,4014.5,3941.8,64,failed a technical gate (trend/near-high/RSI) -- not in the top 20 at all,-4652.799999999988,-1.810935359322452,5
CUMMINSIND,2026-06-08,2026-06-24,5610.5,5555.5,44,failed a technical gate (trend/near-high/RSI) -- not in the top 20 at all,-2420.0,-0.9803047856697278,16
SIEMENS,2026-06-23,2026-06-24,3685.9,3561.5,70,closed below 200 EMA,-8708.000000000007,-3.375023739113925,1
POLYCAB,2026-06-11,2026-06-25,9372.0,9531.0,26,failed a technical gate (trend/near-high/RSI) -- not in the top 20 at all,4134.0,1.696542893725983,14
ANGELONE,2026-06-23,2026-06-25,342.1,335.25,761,failed a technical gate (trend/near-high/RSI) -- not in the top 20 at all,-5212.850000000018,-2.0023384975153546,2
GVT&D,2026-06-15,2026-06-29,4805.5,4826.673115213523,53,stop,1122.1751063166967,0.44060171082140887,14
NBCC,2026-06-25,2026-06-29,107.17,104.35,2388,failed a technical gate (trend/near-high/RSI) -- not in the top 20 at all,-6734.160000000018,-2.6313333955398033,4
ADANIGREEN,2026-06-11,2026-06-30,1454.5,1492.2,171,dropped out of top 20 rank (now #22 of 66),6446.700000000008,2.591955998624962,19
CAMS,2026-06-29,2026-06-30,788.65,796.85,322,dropped out of top 20 rank (now #23 of 66),2640.4000000000146,1.03975147403792,1
RBLBANK,2026-06-29,2026-07-01,363.8,361.8,699,failed a technical gate (trend/near-high/RSI) -- not in the top 20 at all,-1398.0,-0.5497526113249052,2
ABB,2026-06-30,2026-07-01,7031.0,6937.0,36,failed a technical gate (trend/near-high/RSI) -- not in the top 20 at all,-3384.0,-1.3369364244061988,1
POLYCAB,2026-07-01,2026-07-02,9713.5,9635.0,26,failed a technical gate (trend/near-high/RSI) -- not in the top 20 at all,-2041.0,-0.8081536006588785,1
BHEL,2026-07-02,2026-07-03,401.95,383.6,641,failed a technical gate (trend/near-high/RSI) -- not in the top 20 at all,-11762.349999999979,-4.565244433387228,1
ADANIENT,2026-05-12,2026-07-09,2405.2,3083.6,102,dropped out of top 20 rank (now #26 of 51),69196.8,28.20555463163148,58
PIDILITIND,2026-07-08,2026-07-13,1570.4,1580.7,161,dropped out of top 20 rank (now #22 of 57),1658.2999999999927,0.6558838512480847,5
NAM-INDIA,2026-06-25,2026-07-16,1139.0,1151.5,224,failed a technical gate (trend/near-high/RSI) -- not in the top 20 at all,2800.0,1.097453906935919,21
AUROPHARMA,2026-07-13,2026-07-17,1549.3,1533.4,165,failed a technical gate (trend/near-high/RSI) -- not in the top 20 at all,-2623.4999999999773,-1.0262699283547283,4
LTF,2026-07-14,2026-07-20,315.3,305.85,811,failed a technical gate (trend/near-high/RSI) -- not in the top 20 at all,-7663.949999999991,-2.997145575642246,6
RBLBANK,2026-07-17,2026-07-20,368.1,368.45,689,dropped out of top 20 rank (now #25 of 64),241.1499999999765,0.0950828579190377,3
NAM-INDIA,2026-07-20,2026-07-21,1183.2,1166.9,215,failed a technical gate (trend/near-high/RSI) -- not in the top 20 at all,-3504.49999999999,-1.3776200135226513,1
MOTILALOFS,2026-07-16,2026-07-22,954.9,943.05,266,failed a technical gate (trend/near-high/RSI) -- not in the top 20 at all,-3152.100000000006,-1.24096764059064,6
LICI,2026-07-17,2026-07-22,433.1,423.3,586,failed a technical gate (trend/near-high/RSI) -- not in the top 20 at all,-5742.800000000007,-2.26275686908336,5
LUPIN,2026-07-17,2026-07-22,2443.2,2406.9,103,failed a technical gate (trend/near-high/RSI) -- not in the top 20 at all,-3738.899999999972,-1.4857563850687483,5
OBEROIRLTY,2026-07-22,2026-07-23,1851.5,1818.1,136,failed a technical gate (trend/near-high/RSI) -- not in the top 20 at all,-4542.400000000012,-1.8039427491223337,1
PHOENIXLTD,2026-07-22,2026-07-24,2055.6,2010.7,122,failed a technical gate (trend/near-high/RSI) -- not in the top 20 at all,-5477.799999999983,-2.184277096711418,2
INDHOTEL,2026-07-23,2026-07-27,724.05,733.75,347,dropped out of top 20 rank (now #22 of 53),3365.900000000016,1.3396864857399438,4
APOLLOHOSP,2026-07-24,2026-07-27,8805.5,8843.5,28,dropped out of top 20 rank (now #23 of 53),1064.0,0.43154846402817526,3
BHEL,2026-07-23,2026-07-28,409.6,405.75,615,failed a technical gate (trend/near-high/RSI) -- not in the top 20 at all,-2367.750000000014,-0.93994140625,5
PHOENIXLTD,2026-07-27,2026-07-28,2036.6,2023.2,125,failed a technical gate (trend/near-high/RSI) -- not in the top 20 at all,-1674.999999999983,-0.6579593440047105,1
TORNTPHARM,2026-07-28,2026-07-29,4898.3,4878.5,52,failed a technical gate (trend/near-high/RSI) -- not in the top 20 at all,-1029.6000000000095,-0.40422187289468337,1
BIOCON,2026-07-29,2026-07-30,431.1,425.35,595,failed a technical gate (trend/near-high/RSI) -- not in the top 20 at all,-3421.25,-1.33379726281605,1
ALKEM,2026-07-17,2026-08-04,5563.0,5608.0,45,failed a technical gate (trend/near-high/RSI) -- not in the top 20 at all,2025.0,0.8089160524896721,18
GODREJPROP,2026-08-03,2026-08-04,2089.7,2033.6,124,failed a technical gate (trend/near-high/RSI) -- not in the top 20 at all,-6956.399999999989,-2.6845958750059795,1
SUNPHARMA,2026-08-03,2026-08-05,1963.5,1940.0,132,failed a technical gate (trend/near-high/RSI) -- not in the top 20 at all,-3102.0,-1.1968423733129563,2
OFSS,2026-07-30,2026-08-13,11136.0,11420.0,23,failed a technical gate (trend/near-high/RSI) -- not in the top 20 at all,6532.0,2.5502873563218342,14
BAJFINANCE,2026-08-07,2026-08-13,1078.0,1090.8,242,dropped out of top 20 rank (now #23 of 67),3097.599999999989,1.1873840445268957,6
LODHA,2026-08-06,2026-08-21,1214.0,1242.0,214,dropped out of top 20 rank (now #21 of 60),5992.0,2.3064250411861664,15
OFSS,2026-08-18,2026-08-21,11623.0,11724.0,22,dropped out of top 20 rank (now #24 of 60),2222.0,0.86896670394907,3
PIDILITIND,2026-08-19,2026-08-21,1650.0,1649.0,159,failed a technical gate (trend/near-high/RSI) -- not in the top 20 at all,-159.0,-0.060606060606060996,2
AUROPHARMA,2026-08-21,2026-08-24,1621.3,1608.0,163,failed a technical gate (trend/near-high/RSI) -- not in the top 20 at all,-2167.8999999999924,-0.8203293653241239,3
